c_personid,c_name,c_name_chn,c_index_year,c_index_year_type_code,c_index_year_source_id,c_female,c_index_addr_id,c_index_addr_type_code,c_ethnicity_code,c_household_status_code,c_tribe,c_birthyear,c_by_nh_code,c_by_nh_year,c_by_range,c_deathyear,c_dy_nh_code,c_dy_nh_year,c_dy_range,c_death_age,c_death_age_range,c_fl_earliest_year,c_fl_ey_nh_code,c_fl_ey_nh_year,c_fl_ey_notes,c_fl_latest_year,c_fl_ly_nh_code,c_fl_ly_nh_year,c_fl_ly_notes,c_surname,c_surname_chn,c_mingzi,c_mingzi_chn,c_dy,c_choronym_code,c_notes,c_by_intercalary,c_dy_intercalary,c_by_month,c_dy_month,c_by_day,c_dy_day,c_by_day_gz,c_dy_day_gz,c_surname_proper,c_mingzi_proper,c_name_proper,c_surname_rm,c_mingzi_rm,c_name_rm,c_created_by,c_modified_by,c_self_bio,c_created_date,c_modified_date
594,Fang Zhi,方知,,,,0.0,,,0.0,0.0,,0.0,0.0,,,0.0,0.0,,,0.0,,,0.0,,,,0.0,,,Fang,方,Zhi,知,15.0,0.0,"Fang(1) Zhi [594] XNYL, 129.5a.",0.0,0.0,,,,,,,,,,,,,TTS,,0.0,2007-03-12 00:00:00,
595,Fang Zhou,方宙,1043.0,5.0,,0.0,100531.0,1.0,0.0,0.0,,0.0,0.0,,,0.0,0.0,,,0.0,,1073.0,528.0,6.0,熙寧六年進士。,,0.0,,,Fang,方,Zhou,宙,15.0,62.0,"Fang(1) Zhou [595] Fujian TZ, 147.26b; SHY:ZG, 67.30b. CBD, 1, 52.",0.0,0.0,,,,,,,,,,,,,TTS,BDQKH,1.0,2007-03-12 00:00:00,2008-10-17 00:00:00
596,Fang Zhongxun,方仲荀,970.0,5.0,,0.0,12852.0,1.0,0.0,0.0,,0.0,0.0,,,0.0,0.0,,,0.0,,998.0,513.0,1.0,咸平進士。,1008.0,515.0,1.0,祥符中，知蘇州。,Fang,方,Zhongxun,仲荀,15.0,62.0,"Fang(1) Zhongxun [596] Huizhou FZ, 6.4a. XCB, 89.22b, 94.6a, 103.9b. CBD, 1, 75.",0.0,0.0,,,,,,,,,,,,,TTS,BDQKH,1.0,2007-03-12 00:00:00,2008-10-18 00:00:00
597,Fang Xie,方偕,992.0,1.0,,0.0,100531.0,1.0,0.0,0.0,,992.0,511.0,3.0,,1055.0,525.0,2.0,,64.0,,,0.0,,,,0.0,,,Fang,方,Xie,偕,15.0,62.0,"Fang(1) Xie [597] His ancestors were Shejun Fang(1), descended from Hong (-200) [16931]. Xie's sixth generation ancestor, Qushu [3291], moved his lineage branch of the clan from Yanzhou, [Chunan ?] to Quanzhou, Xinghua xian in Fujian to avoid the disorder at the end of the Tang. Xie's great grandfather, Jing [3293], served in the administration of the Southern Tang kingdom and grandfather, Shouyin [16974], in the administration of the kingdom of Shu. His father, Ding [3303], moved to Putian xian when the Song established Xinghua jun from the territory of Quanzhou and the Chen returned to allegiance. Xie was the father of Ze [602] and Wo [604], who were Chen(1) Jing(5)'s [37] grandsons-in-law. SS, 304.15b-16a; Cai Xiang, WJ, 37.1a-6a; YLDD, 12400.7a, 23a. CBD, 1, 56.",0.0,0.0,,,,,,,,,,,,,TTS,BDQKH,1.0,2007-03-12 00:00:00,2008-10-17 00:00:00
598,Fang Lue,方略,1076.0,5.0,,0.0,100531.0,1.0,0.0,0.0,,0.0,0.0,,,0.0,0.0,,,0.0,,1107.0,535.0,1.0,大觀中由崇德尉召除刪定官。,1127.0,540.0,1.0,建炎中告歸。,Fang,方,Lue,略,15.0,62.0,"Fang(1) Lue [598] SHY:ZG, 69.24b. Fujian TZ, 148.6a. CBD, 1, 55.",0.0,0.0,,,,,,,,,,,,,TTS,BDQKH,1.0,2007-03-12 00:00:00,2008-10-17 00:00:00
599,Fang Mengqing,方孟卿,1076.0,5.0,,0.0,12881.0,1.0,0.0,0.0,,0.0,0.0,,,0.0,0.0,,,0.0,,1102.0,534.0,1.0,崇寧進士。,1135.0,541.0,5.0,紹興五年知湖州。,Fang,方,Mengqing,孟卿,15.0,0.0,"Fang(1) Mengqing [599] See documentation in 1148 jinshi list, sijia #88, for son, Yan(4) [23497]. Jiangxi TZ, 21.33b; XNYL, 39.6a, 47.4a; Xianchun Linan zhi, 50.4a; SHY:ZG, 42.52a; SHY:SH, 49.37a. CBD, 1, 77.",0.0,0.0,,,,,,,,,,,,,TTS,BDQKH,1.0,2007-03-12 00:00:00,2008-10-18 00:00:00
600,Fang Shenyan,方慎言,970.0,5.0,,0.0,100531.0,1.0,0.0,0.0,,0.0,0.0,,,0.0,0.0,,,0.0,,,0.0,,,,0.0,,,Fang,方,Shenyan,慎言,15.0,62.0,"Fang(1) Shenyan [600] According to his uncle Yi's [3297] biography, their ancestors were Shejun Fang(1). Yi's grandfather, who was probably a lineal descendant of Hong [16931], moved to Xinghua jun, Putian xian, probably from Yanzhou, Chunan county. Yi and Shenyan both earned the jinshi in 1000. Fang(1) Shide [3300], the son-in-law of Ye(1) Yong's [2058] fourth generation ancestor, Ye(1) Bin [4072], was probably a member of the same generation of a cadet branch of Shenyan's lineage. Jiangxi TZ, 13.3a; Fujian TZ, 147.6a; Guangdong TZ, 14.24b. CBD, 1, 84.",0.0,0.0,,,,,,,,,,,,,TTS,BDQKH,1.0,2007-03-12 00:00:00,2008-10-18 00:00:00
601,Fang Shiyin,方師尹,1100.0,1.0,,0.0,12887.0,1.0,0.0,0.0,,1100.0,532.0,3.0,,0.0,0.0,,,0.0,,,0.0,,,,0.0,,,Fang,方,Shiyin,師尹,15.0,0.0,"Fang(1) Shiyin [601] Jiangxi TZ, 22.11b; XNYL, 177.12b, 184.16a; SHY:ZG, 41.48a, 72.19b. CBD, 1, 80.From Hartwell's ACTIVITY table:1178:  New GUangnan Dong tiju dismissed (fangba) for actions as Huaixi zongling (in 1157 !!).see also 宋人傳記資料索引(電子版) 433 方思尹",0.0,0.0,10.0,,16.0,,,,,,,,,,TTS,HURX,1.0,2007-03-12 00:00:00,2013-07-24 00:00:00
602,Fang Ze,方澤,1022.0,11.0,597.0,0.0,100531.0,1.0,0.0,0.0,,,0.0,,,,0.0,,,,,1075.0,528.0,8.0,大理寺丞（拜命 宋神宗煕寧8）,1101.0,533.0,1.0,守鄂州（拜命 宋徽宗建中靖國1）,Fang,方,Ze,澤,15.0,62.0,"Fang(1) Ze [602] Xie's [597] son and Wo's [604] brother. Lu(9) Huiqing's [1309] affinal kin. XCB, 267.9b, 285.5b.",0.0,0.0,,,,,,,,,,,,,TTS,BDQKH,1.0,2007-03-12 00:00:00,2008-10-18 00:00:00
603,Fang Zi,方滋,1102.0,1.0,,0.0,12672.0,1.0,0.0,0.0,,1102.0,534.0,1.0,0.0,1172.0,543.0,8.0,,71.0,0.0,,0.0,,,,0.0,,,Fang,方,Zi,滋,15.0,62.0,"Fang(1) Zi [603] Meng's [7220] grandson, Li(2) Wenyuan's [7043] son-in-law, Wang(2) Mingqing's [7085] father-in-law, Chang(2) Tong's [7001] grandfather-in-law. His maternal grandfather was Wang(2) Anli [1760]. His son, Dao [3302], was Chang(2) Tong's [7001] son-in-law. Zi was the brother of Su(1) Shide's [1504] wife. Both Zi and his son, Dao, were buried in Hangxian, therefore, I assume that Zi moved to Hangzhou. His son's eldest daughter became a buddhist nun. Han Yuanji, WJ, 21.1a-9a; XNYL, 46.15b, 157.9b, 188.13a; Xianchun Linan zhi, 50.7b; Guangxi TZ, 21.16a; Lou Yue, WJ, 106.12a; SHY:ZG, 70.27a, 71.17a. CBD, 1, 58.",0.0,0.0,,,,,,,,,,,,,TTS,BDQKH,1.0,2007-03-12 00:00:00,2008-10-17 00:00:00
604,Fang Wo,方沃,1022.0,11.0,597.0,0.0,100531.0,1.0,0.0,0.0,,0.0,0.0,,,0.0,0.0,,,0.0,,,0.0,,,,0.0,,,Fang,方,Wo,沃,15.0,62.0,"Fang(1) Wo [604] Xie's [597] son, Ze's [602] brother. XCB, 266.13a.",0.0,0.0,,,,,,,,,,,,,TTS,,0.0,2007-03-12 00:00:00,
3291,Fang Qushu,方取述,,,,0.0,16035.0,1.0,0.0,0.0,,0.0,0.0,,,0.0,0.0,,,0.0,,,0.0,,,,0.0,,,Fang,方,Qushu,取述,6.0,62.0,"Fang(1) Qushu [3291] See documentation for 6th generation descendant, Xie [597].",0.0,0.0,,,,,,,,,,,,,TTS,,0.0,2007-03-12 00:00:00,
3292,Fang Tingfan,方廷範,910.0,14.0,,0.0,16035.0,1.0,0.0,0.0,,0.0,0.0,,,0.0,0.0,,,0.0,,,0.0,,,,0.0,,,Fang,方,Tingfan,廷範,7.0,62.0,"Fang(1) Tingfan [3292] Fang Dacong, 35.3a; Liu Kezhuang, WJ, 166.6a. The ancestry is slightly confused. According to Lin(1) Guangchao's [10612] funerary inscription for descendant, Gang [11255] (q.v.), Tingfan held posts as county magistrate of Changle, Youqi and Gutian counties and had six sons, all of whom became illustrious. Guangchao only names #6, Renzai, who was the grandfather of Shenyan [600]. Liu Kezhuang, WJ, 149.1a names Bishu shaojian Renyue as a son whose descendants were particularly illustrious. Shaojian is the office held, according to Lin(1) Guangchao, by Tingfan's son #2. The biographical data cited in CBD for Yi [3297], Shenyan's [600] uncle and Songqing's [7110] 6th generation ancestor, has the lineage originally Shejun people and Yi's grandfather, which would seem to be Tingfan, moving to Putian. Fang(1) Dacong [11328] also has Tingfan moving to Putian. Liu Kezhuang, however, in his funerary inscription for Fang(1) Xinru [7029], Songqing's #2 son, has an ancestor, Shu [16988], moving from Gushi county to Putian and the six sons of Tingfan all being illustrious and Xinru being the 8th generation descendant of one of these sons, Renyue [16989]. In Liu Kezhuang, WJ, 149.1a, Tingfan is identified as a father of Renyue, who was the #2 son of Tingfan, whereas Renzai was the #6 son of Tingfan (or Tingfan). A Shejun origin would make the lineage descendants of Hong [16931] (-200) and originally Yanzhou residents, whereas the other version would make them Henan Fang and new to Southeast China with the fall of Tang. For the time being, I am accepting the Shejun origin, but identifying a great grandfather of Tingfan, Shu, as the person who moved from Yanzhou, Chunan county to Putian at end of Tang. Renyue was the #2 son of Tingfan and father of Yi and Yi the grandfather of Zao(2) [16990], the great grandfather of Songqing. Using my standard for counting generations, the result is consistent with the sources except, of course, for the geographical origin of the lineage. The probable answer would seem to be that Shu moved to Fujian, whereas Tingfan moved to Putian.",0.0,0.0,,,,,,,,,,,,,TTS,,0.0,2007-03-12 00:00:00,
3293,Fang Jing,方京,902.0,14.0,3291.0,0.0,16035.0,1.0,0.0,0.0,,0.0,0.0,,,0.0,0.0,,,0.0,,,0.0,,,,0.0,,,Fang,方,Jing,京,10.0,62.0,"Fang(1) Jing [3293] See documentation for great grandson, Xie [597].",0.0,0.0,,,,,,,,,,,,,TTS,,0.0,2007-03-12 00:00:00,
3294,Fang Fengchen,方逢辰,1221.0,1.0,,0.0,12736.0,1.0,0.0,0.0,,1221.0,549.0,14.0,,1291.0,623.0,28.0,,71.0,,,0.0,,,,0.0,,,Fang,方,Fengchen,逢辰,15.0,62.0,"Fang(1) Fengchen [3294]  Fengchen, who died in 1291 and was Jiangxi yunfu during the reign of Lizong [3205], traced his ancestry to the Shejun Fang(1). Jiangxi TZ, 11.3a; Fang Fengchen, WJ, 7.45b-46a (wife, born Shao, who died in 1256 at age 34), WJ, waiji, 3.5a-20a; Liu Kezhuang, WJ, 153.3b, 158.10b. CBD, 1, 81-83; WDY, 1, 69-70.",0.0,0.0,,,,,,,,,,,,,TTS,BDQKH,1.0,2007-03-12 00:00:00,2008-10-18 00:00:00
3295,Fang Fengji,方逢吉,1193.0,5.0,,0.0,100531.0,1.0,0.0,0.0,,0.0,0.0,,,0.0,0.0,,,0.0,,,0.0,,,,0.0,,,Fang,方,Fengji,逢吉,15.0,62.0,"Fang(1) Fengji [3295] Fujian TZ, 149.53a.",0.0,0.0,,,,,,,,,,,,,TTS,,0.0,2007-03-12 00:00:00,
3296,Fang Xijue,方希覺,1035.0,12.0,11281.0,0.0,100531.0,1.0,0.0,0.0,,0.0,0.0,,,0.0,0.0,,,0.0,,,0.0,,,,0.0,,,Fang,方,Xijue,希覺,15.0,62.0,"Fang(1) Xijue [3296] See documentation for brother-in-law, Lu(9) Huiqing [1309]. CBD, 1, 75.",0.0,0.0,,,,,,,,,,,,,TTS,BDQKH,1.0,2007-03-12 00:00:00,2008-10-18 00:00:00
3297,Fang Yi,方儀,970.0,5.0,,0.0,100531.0,1.0,0.0,0.0,,0.0,0.0,,,0.0,0.0,,,0.0,,1000.0,513.0,3.0,咸平三年登第。,,0.0,,,Fang,方,Yi,儀,15.0,62.0,"Fang(1) Yi [3297] Fujian TZ, 147.6a. His 6th generation descendant is Fang(1) Songqing [7110] according to Fujian TZ, 149.2b. CBD, 1, 64.",0.0,0.0,,,,,,,,,,,,,TTS,BDQKH,1.0,2007-03-12 00:00:00,2008-10-18 00:00:00
3298,Fang La,方臘,,,,0.0,12734.0,1.0,0.0,0.0,,0.0,0.0,,,0.0,0.0,,,0.0,,1120.0,538.0,2.0,宣和二年方臘起義。,,0.0,,,Fang,方,La,臘,15.0,62.0,"Fang(1) La [3298] Hong [16931] was the lineal ancestor of the Chunan county Fang. CBD, 1, 66.",0.0,0.0,,,,,,,,,,,,,TTS,BDQKH,1.0,2007-03-12 00:00:00,2008-10-18 00:00:00
3299,Fang Shencong,方慎從,975.0,5.0,,0.0,100531.0,1.0,0.0,0.0,,0.0,0.0,,,0.0,0.0,,,0.0,,,0.0,,,,0.0,,,Fang,方,Shencong,慎從,15.0,62.0,"Fang(1) Shencong [3299] CBD, 1, 84.",0.0,0.0,,,,,,,,,,,,,TTS,,0.0,2007-03-12 00:00:00,
3300,Fang Shende,方慎德,,,,0.0,100531.0,1.0,0.0,0.0,,0.0,0.0,,,0.0,0.0,,,0.0,,,0.0,,,,0.0,,,Fang,方,Shende,慎德,15.0,62.0,"Fang(1) Shende [3300] Kinship with Shenyan [600] based on generational name, chronological logic and address of affinal kin. See documentation for father-in-law, Ye Bin [4072].",0.0,0.0,,,,,,,,,,,,,TTS,,0.0,2007-03-12 00:00:00,
3301,Fang Tian,方恬,1139.0,5.0,,0.0,12852.0,1.0,0.0,0.0,,0.0,0.0,,,0.0,0.0,,,0.0,,,0.0,,,,0.0,,,Fang,方,Tian,恬,15.0,0.0,"Fang(1) Tian [3301] Huizhou FZ, 6.11b. CBD, 1, 54.",0.0,0.0,,,,,,,,,,,,,TTS,BDQKH,1.0,2007-03-12 00:00:00,2008-10-17 00:00:00
3302,Fang Dao,方導,1133.0,1.0,,0.0,100352.0,1.0,0.0,0.0,,1133.0,541.0,3.0,0.0,1201.0,547.0,1.0,,69.0,0.0,,0.0,,,,0.0,,,Fang,方,Dao,導,15.0,62.0,"Fang(1) Dao [3302] His eldest daughter became a buddhist nun. Lou Yue, WJ, 106.12a-19b. CBD, 1, 65.",0.0,0.0,,,,,,,,,,,,,TTS,BDQKH,1.0,2007-03-12 00:00:00,2008-10-18 00:00:00
3303,Fang Ding,方鼎,962.0,13.0,,0.0,100531.0,1.0,0.0,0.0,,0.0,0.0,,,0.0,0.0,,,0.0,,,0.0,,,,0.0,,,Fang,方,Ding,鼎,15.0,62.0,"Fang(1) Ding [3303] See documentation for son, Xie [597].",0.0,0.0,,,,,,,,,,,,,TTS,,0.0,2007-03-12 00:00:00,
5075,Fang Shi(Wife of Liu Ke Xun ),方氏(劉克遜妻),1190.0,1.0,,1.0,100531.0,1.0,0.0,0.0,,1190.0,0.0,,,1259.0,556.0,1.0,,70.0,,,0.0,,,,0.0,,,Fang,方,Shi(Wife of Liu Ke Xun ),氏（劉克遜妻）,15.0,62.0,"Fang(1) Yiren [5075] Liu Kezhuang, WJ, 158.10b-12a. CBD, 5, 3951.",0.0,0.0,,,,,,,,,,,,,TTS,BDZHOUJIA,0.0,2007-03-12 00:00:00,2008-12-27 00:00:00
5086,Fang Shi(Wife of Lv Da Tong ),方氏(呂大同妻),1128.0,1.0,,1.0,100352.0,1.0,0.0,0.0,,1128.0,540.0,2.0,,1176.0,544.0,3.0,,49.0,,,0.0,,,,0.0,,,Fang,方,Shi(Wife of Lv Da Tong ),氏（呂大同妻）,15.0,62.0,"Fang(1) Furen [5086] Lu You, WJ, 36.1a-1b. CBD, 2, 1186.",0.0,0.0,,,,,,,,,,,,,TTS,BDSYX,0.0,2007-03-12 00:00:00,2008-07-01 00:00:00
5120,Fang Daojian,方道堅,1115.0,1.0,,1.0,100531.0,1.0,0.0,0.0,,1115.0,0.0,,,1191.0,545.0,2.0,,77.0,,,0.0,,,,0.0,,,Fang,方,Daojian,道堅,15.0,62.0,"Fang(1) Daojian [5120] Yang Wanli, WJ, 129.12a-14b. CBD, 5, 3792.",0.0,0.0,,,,,,,,,,,,,TTS,BDZWZ,1.0,2007-03-12 00:00:00,2008-11-15 00:00:00
5232,Fang Shi(Mother of Chen Que),方氏(陳確母),987.0,1.0,,1.0,12786.0,1.0,0.0,0.0,,987.0,0.0,,,1056.0,526.0,1.0,,70.0,,,0.0,,,,0.0,,,Fang,方,Shi(Mother of Chen Que),氏（陳確母）,15.0,0.0,"Fang(1) Furen(2) [5232] Shen sanshi (Shen Gou), 10.56a-57b. CBD, 3, 2509 (son's entry).",0.0,0.0,,,,,,,,,,,,,TTS,BDLYH,0.0,2007-03-12 00:00:00,2008-12-06 00:00:00
5340,Fang Shi(Wife of Liu Wen Li ),方氏（劉文禮妻）,1216.0,1.0,,1.0,100531.0,1.0,0.0,0.0,,1216.0,0.0,,,1246.0,0.0,,,31.0,-1.0,,0.0,,,,0.0,,,Fang,方,Shi(Wife of Liu Wen Li ),氏（劉文禮妻）,15.0,62.0,"Fang(1) Shi(7) [5340] Liu Kezhuang, WJ, 152.1a-1b. CBD, 5, 3927.",0.0,0.0,,,,,,,,, ,,, ,TTS,Hongsu Wang,0.0,2007-03-12 00:00:00,2022-10-25 00:00:00
5341,Fang Shi(Wife of Liu Hui Shu ),方氏(劉煇叔妻),1193.0,1.0,,1.0,100531.0,1.0,0.0,0.0,,1193.0,0.0,,,1249.0,554.0,9.0,,57.0,,,0.0,,,,0.0,,,Fang,方,Shi(Wife of Liu Hui Shu ),氏（劉煇叔妻）,15.0,62.0,"Fang(1) Anren(2) [5341] Liu Kezhuang, WJ, 153.10b-11b. CBD, 5, 3985.",0.0,0.0,,,,,,,,,,,,,TTS,BDLYH,0.0,2007-03-12 00:00:00,2008-12-13 00:00:00
7029,Fang Xinru,方信孺,1177.0,1.0,,0.0,100531.0,1.0,0.0,0.0,,1177.0,544.0,4.0,,1222.0,549.0,15.0,,46.0,,,0.0,,,,0.0,,,Fang,方,Xinru,信孺,15.0,62.0,"Fang(1) Xinru [7029] Songqing's [7110] son, Ye(1) Yong's [2058] grandson-in-law. Guangxi TZ, 20.14a; Liu Kezhuang, WJ, 148.5b, 166.5b-15b; SS, 395.14a. CBD, 1, 79-80.",0.0,0.0,,,,,,,,,,,,,TTS,BDQKH,1.0,2007-03-12 00:00:00,2008-10-18 00:00:00
7110,Fang Songqing,方崧卿,1135.0,1.0,,0.0,100531.0,1.0,0.0,0.0,,1135.0,541.0,5.0,,1194.0,545.0,5.0,,60.0,,,0.0,,,,0.0,,,Fang,方,Songqing,崧卿,15.0,62.0,"Chen(1) Fangzhong [25392] Chen Fuliang, WJ, 50.5b-6a. Wife, born Zhu(1), died in 1195 at age 76. Not indexed in CBD.From Hartwell's ACTIVITY table:1192:  Apt. Guangnan Xi yunpan1193:  Apt. Jingxi yunpan",0.0,0.0,,,,,,,,,,,,,TTS,BDQKH,1.0,2007-03-12 00:00:00,2008-10-18 00:00:00
7220,Fang Meng,方蒙,1037.0,5.0,,0.0,100352.0,1.0,0.0,0.0,,0.0,0.0,,,0.0,0.0,,,0.0,,,0.0,,,,0.0,,,Fang,方,Meng,蒙,15.0,62.0,"Fang(1) Meng [7220] Zi's [603] grandfather, Fu(5) Liangyou's [7227] father-in-law, Chen(1) Xiang(3)'s [7005] son-in-law, L?1) Zuqian's [7055] maternal great grandfather, and grandfather of the wife of Lu(9) Zuqian's uncle, Datong [3653]. Zhejiang TZ, 123.31b; Lu You, WJ, 36.1a; L?Zuqian, WJ, 'waiji, 5.4a.",0.0,0.0,,,,,,,,,,,,,TTS,,0.0,2007-03-12 00:00:00,
7653,Fang Mu,方木,,,,0.0,,,,,,,,,,,,,,,-1.0,,,,,,,,,Fang,方,Mu,木,15.0,,,0.0,0.0,,,,,,,,, ,,, ,Ho Ho Hin,Ho Ho Hin,,2022-12-20 00:00:00,2022-12-20 00:00:00
11210,Fang Shenjiao,方慎交,,,,0.0,100531.0,1.0,0.0,0.0,,0.0,0.0,,,0.0,0.0,,,0.0,,,0.0,,,,0.0,,,Fang,方,Shenjiao,慎交,15.0,62.0,"Fang(1) Shenjiao [11210] Fujian TZ, 147.19a.",0.0,0.0,,,,,,,,,,,,,TTS,,0.0,2007-03-12 00:00:00,
11211,Fang Zhen,方蓁,1016.0,5.0,,0.0,100531.0,1.0,0.0,0.0,,0.0,0.0,,,0.0,0.0,,,0.0,,,0.0,,,,0.0,,,Fang,方,Zhen,蓁,15.0,62.0,"Fang(1) Zhen [11211] Fujian TZ, 147.16b.",0.0,0.0,,,,,,,,,,,,,TTS,,0.0,2007-03-12 00:00:00,
11212,Fang Xigao,方希皋,1035.0,5.0,,0.0,100531.0,1.0,0.0,0.0,,0.0,0.0,,,0.0,0.0,,,0.0,,,0.0,,,,0.0,,,Fang,方,Xigao,希皋,15.0,62.0,"Fang(1) Xigao [11212] Fujian TZ, 147.23a.",0.0,0.0,,,,,,,,,,,,,TTS,,0.0,2007-03-12 00:00:00,
11213,Fang Jia,方价,1043.0,5.0,,0.0,100531.0,1.0,0.0,0.0,,0.0,0.0,,,0.0,0.0,,,0.0,,1073.0,528.0,6.0,熙寧六年進士。,1127.0,540.0,1.0,大觀初知安豐縣，後復知侯官縣。尋乞歸，里居二十年。,Fang,方,Jia,价,15.0,62.0,"Fang(1) Jie [11213] Fujian TZ, 147.26b. CBD, 1, 51.",0.0,0.0,,,,,,,,,,,,,TTS,BDQKH,1.0,2007-03-12 00:00:00,2008-10-11 00:00:00
11214,Fang Tong,方通,1043.0,5.0,,0.0,100531.0,1.0,0.0,0.0,,0.0,0.0,,,0.0,0.0,,,0.0,,1073.0,528.0,6.0,,,0.0,,,Fang,方,Tong,通,15.0,62.0,"Fang(1) Tong [11214] Fujian TZ, 147.26b. CBD, 1, 55.",0.0,0.0,,,,,,,,,,,,,TTS,BDQKH,1.0,2007-03-12 00:00:00,2008-10-17 00:00:00
11215,Fang Yan,方演,1037.0,5.0,,0.0,100531.0,1.0,0.0,0.0,,0.0,0.0,,,0.0,0.0,,,0.0,,1067.0,527.0,4.0,治平四年進士。,,0.0,,,Fang,方,Yan,演,15.0,62.0,"Fang(1) Yan [11215] Fujian TZ, 147.25b. CBD has jinshi in 1067. I use TZ notice. CBD, 1, 60.",0.0,0.0,,,,,,,,,,,,,TTS,BDQKH,1.0,2007-03-12 00:00:00,2008-10-17 00:00:00
11216,Fang Jian,方瀣,1039.0,20.0,,0.0,100531.0,1.0,0.0,0.0,,0.0,0.0,,,0.0,0.0,,,0.0,,,0.0,,,,0.0,,,Fang,方,Jian,瀣,15.0,62.0,"Fang(1) Jian [11216] Fujian TZ, 147.27a.",0.0,0.0,,,,,,,,,,,,,TTS,HVDJCHEN,0.0,2007-03-12 00:00:00,2009-10-13 00:00:00
11217,Fang Zhen(2),方溱,1039.0,20.0,,0.0,100531.0,1.0,0.0,0.0,,0.0,0.0,,,0.0,0.0,,,0.0,,,0.0,,,,0.0,,,Fang,方,Zhen(2),溱,15.0,62.0,"Fang(1) Zhen(2) [11217] Fujian TZ, 147.28a.",0.0,0.0,,,,,,,,,,,,,TTS,,0.0,2007-03-12 00:00:00,
11218,Fang Jun,方濬,1041.0,20.0,,0.0,100531.0,1.0,0.0,0.0,,0.0,0.0,,,0.0,0.0,,,0.0,,,0.0,,,,0.0,,,Fang,方,Jun,濬,15.0,62.0,"Fang(1) Jun [11218] Fujian TZ, 147.29b.",0.0,0.0,,,,,,,,,,,,,TTS,,0.0,2007-03-12 00:00:00,
11219,Fang Xipu,方希樸,1055.0,5.0,,0.0,100531.0,1.0,0.0,0.0,,0.0,0.0,,,0.0,0.0,,,0.0,,,0.0,,,,0.0,,,Fang,方,Xipu,希樸,15.0,62.0,"Fang(1) Xipu [11219] Fujian TZ, 147.32a.",0.0,0.0,,,,,,,,,,,,,TTS,,0.0,2007-03-12 00:00:00,
11220,Fang Yue,方禴,,,,0.0,100531.0,1.0,0.0,0.0,,0.0,0.0,,,0.0,0.0,,,0.0,,,0.0,,,,0.0,,,Fang,方,Yue,禴,15.0,62.0,"Fang(1) Yue [11220] Fujian TZ, 147.34a.",0.0,0.0,,,,,,,,,,,,,TTS,,0.0,2007-03-12 00:00:00,
11221,Fang Lin,方臨,1061.0,5.0,,0.0,100531.0,1.0,0.0,0.0,,0.0,0.0,,,0.0,0.0,,,0.0,,,0.0,,,,0.0,,,Fang,方,Lin,臨,15.0,62.0,"Fang(1) Lin [11221] Fujian TZ, 147.35a.",0.0,0.0,,,,,,,,,,,,,TTS,,0.0,2007-03-12 00:00:00,
11222,Fang Pei,方佩,1064.0,5.0,,0.0,100531.0,1.0,0.0,0.0,,0.0,0.0,,,0.0,0.0,,,0.0,,,0.0,,,,0.0,,,Fang,方,Pei,佩,15.0,62.0,"Fang(1) Pei [11222] Fujian TZ, 147.36b.",0.0,0.0,,,,,,,,,,,,,TTS,,0.0,2007-03-12 00:00:00,
11223,Fang Ren,方任,1000.0,5.0,,0.0,100531.0,1.0,0.0,0.0,,0.0,0.0,,,0.0,0.0,,,0.0,,,0.0,,,,0.0,,,Fang,方,Ren,任,15.0,62.0,"Fang(1) Ren [11223] He moved to Song Xinghua xian, which was reconsolidated later into modern Putian xian. Treated as branch b of this lineage. Fujian TZ, 147.12a.",0.0,0.0,,,,,,,,,,,,,TTS,,0.0,2007-03-12 00:00:00,
11224,Fang Ni,方倪,1004.0,5.0,,0.0,100531.0,1.0,0.0,0.0,,0.0,0.0,,,0.0,0.0,,,0.0,,,0.0,,,,0.0,,,Fang,方,Ni,倪,15.0,62.0,"Fang(1) Ni [11224] Fujian TZ, 147.13a.",0.0,0.0,,,,,,,,,,,,,TTS,,0.0,2007-03-12 00:00:00,
11225,Fang Shiyan,方師顏,1049.0,5.0,,0.0,100531.0,1.0,0.0,0.0,,0.0,0.0,,,0.0,0.0,,,0.0,,,0.0,,,,0.0,,,Fang,方,Shiyan,師顏,15.0,62.0,"Fang(1) Shiyan [11225] Fujian TZ, 147.29a.",0.0,0.0,,,,,,,,,,,,,TTS,,0.0,2007-03-12 00:00:00,
11226,Fang Dong,方洞,,,,0.0,100531.0,1.0,0.0,0.0,,0.0,0.0,,,0.0,0.0,,,0.0,,,0.0,,,,0.0,,,Fang,方,Dong,洞,15.0,62.0,"Fang(1) Dong [11226] Fujian TZ, 147.20b.",0.0,0.0,,,,,,,,,,,,,TTS,,0.0,2007-03-12 00:00:00,
11227,Fang Cikui,方次夔,1040.0,5.0,,0.0,100531.0,1.0,0.0,0.0,,0.0,0.0,,,0.0,0.0,,,0.0,,,0.0,,,,0.0,,,Fang,方,Cikui,次夔,15.0,62.0,"Fang(1) Cikui [11227] Fujian TZ, 147.25a.",0.0,0.0,,,,,,,,,,,,,TTS,,0.0,2007-03-12 00:00:00,
11228,Fang Cipeng,方次彭,1019.0,5.0,,0.0,100531.0,1.0,0.0,0.0,,0.0,0.0,,,0.0,0.0,,,0.0,,1049.0,524.0,1.0,皇祐元年進士。,1086.0,530.0,1.0,元祐初賜三品服。,Fang,方,Cipeng,次彭,15.0,62.0,"Fang(1) Cipeng [11228] Fujian TZ, 147.17b. CBD, 1, 74.",0.0,0.0,,,,,,,,,,,,,TTS,BDQKH,1.0,2007-03-12 00:00:00,2008-10-18 00:00:00
11229,Fang Cigao,方次皋,1021.0,20.0,,0.0,100531.0,1.0,0.0,0.0,,0.0,0.0,,,0.0,0.0,,,0.0,,,0.0,,,,0.0,,,Fang,方,Cigao,次皋,15.0,62.0,"Fang(1) Cigao [11229] Fujian TZ, 147.29b.",0.0,0.0,,,,,,,,,,,,,TTS,,0.0,2007-03-12 00:00:00,
11230,Fang Gonggun,方公袞,1049.0,5.0,,0.0,100531.0,1.0,0.0,0.0,,,0.0,,,,0.0,,,50.0,,1079.0,529.0,2.0,元豐二年進士。,,0.0,,,Fang,方,Gonggun,公袞,15.0,62.0,"Fang(1) Gonggun [11230] Fujian TZ, 147.29b. CBD, 1, 73.",0.0,0.0,,,,,,,,,,,,,TTS,BDQKH,1.0,2007-03-12 00:00:00,2008-10-18 00:00:00
11231,Fang Shuzhen,方叔震,1061.0,5.0,,0.0,100531.0,1.0,0.0,0.0,,0.0,0.0,,,0.0,0.0,,,0.0,,1086.0,530.0,1.0,元祐六年中乙科。,1097.0,531.0,4.0,紹聖四年中宏詞。,Fang,方,Shuzhen,叔震,15.0,62.0,"Fang(1) Shuzhen [11231] He passed the decree exam in 1097. Fujian TZ, 147.35a, 39a. CBD has a Fang(1) Zhen jinshi this year as son of Cipeng [11228]. One or the other source probably in error rather than these being 2 different people. CBD, 1, 64",0.0,0.0,,,,,,,,,,,,,TTS,BDQKH,1.0,2007-03-12 00:00:00,2008-10-18 00:00:00
11232,Fang Xidao,方晞道,1037.0,5.0,,0.0,100531.0,1.0,0.0,0.0,,0.0,0.0,,,0.0,0.0,,,0.0,,,0.0,,,,0.0,,,Fang,方,Xidao,晞道,15.0,62.0,"Fang(1) Xidao [11232] Fujian TZ, 147.24a.",0.0,0.0,,,,,,,,,,,,,TTS,,0.0,2007-03-12 00:00:00,
11233,Fang Andao,方安道,1049.0,5.0,,0.0,100531.0,1.0,0.0,0.0,,0.0,0.0,,,0.0,0.0,,,0.0,,,0.0,,,,0.0,,,Fang,方,Andao,安道,15.0,62.0,"Fang(1) Andao [11233] Fujian TZ, 147.29b.",0.0,0.0,,,,,,,,,,,,,TTS,,0.0,2007-03-12 00:00:00,
11234,Fang Yuandao,方原道,1049.0,5.0,,0.0,100531.0,1.0,0.0,0.0,,0.0,0.0,,,0.0,0.0,,,0.0,,,0.0,,,,0.0,,,Fang,方,Yuandao,原道,15.0,62.0,"Fang(1) Yuandao [11234] Fujian TZ, 147.29b.",0.0,0.0,,,,,,,,,,,,,TTS,,0.0,2007-03-12 00:00:00,
11235,Fang Zhengzhong,方正中,1000.0,12.0,3297.0,0.0,100531.0,1.0,0.0,0.0,,0.0,0.0,,,0.0,0.0,,,0.0,,,0.0,,,,0.0,,,Fang,方,Zhengzhong,正中,15.0,62.0,"Fang(1) Zhengzhong [11235] Fujian TZ, 147.13a.",0.0,0.0,,,,,,,,,,,,,TTS,,0.0,2007-03-12 00:00:00,
11236,Fang Guinian,方龜年,1004.0,5.0,,0.0,100677.0,1.0,0.0,0.0,,0.0,0.0,,,0.0,0.0,,,0.0,,,0.0,,,,0.0,,,Fang,方,Guinian,龜年,15.0,62.0,"Fang(1) Guinian [11236] For identification of wives, #1 born Zhao(1) and #2 born Wang(2), see documentation for son, Weishen [11247]. Fujian TZ, 147.13a. CBD, 1, 87.",0.0,0.0,,,,,,,,,,,,,TTS,BDQKH,1.0,2007-03-12 00:00:00,2008-10-18 00:00:00
11237,Fang Qiqing,方齊卿,1023.0,5.0,,0.0,100531.0,1.0,0.0,0.0,,0.0,0.0,,,0.0,0.0,,,0.0,,,0.0,,,,0.0,,,Fang,方,Qiqing,齊卿,15.0,62.0,"Fang(1) Qiqing [11237] Fujian TZ, 147.19a.",0.0,0.0,,,,,,,,,,,,,TTS,,0.0,2007-03-12 00:00:00,
11238,Fang Gu,方穀,1043.0,5.0,,0.0,100531.0,1.0,0.0,0.0,,0.0,0.0,,,0.0,0.0,,,0.0,,,0.0,,,,0.0,,,Fang,方,Gu,穀,15.0,62.0,"Fang(1) Gu [11238] Fujian TZ, 147.26b.",0.0,0.0,,,,,,,,,,,,,TTS,,0.0,2007-03-12 00:00:00,
11239,Fang Tianruo,方天若,1067.0,5.0,,0.0,100531.0,1.0,0.0,0.0,,0.0,0.0,,,0.0,0.0,,,0.0,,1097.0,531.0,4.0,紹聖四年進士。,,0.0,,,Fang,方,Tianruo,天若,15.0,62.0,"Fang(1) Tianruo [11239] Jinshi # 2. Must be grandson of Zhengzhong [11235]. Fujian TZ, 147.38b has as son of Zhengzhong, but this is chronologically immpossible. CBD, 1, 72-73.",0.0,0.0,,,,,,,,,,,,,TTS,BDQKH,1.0,2007-03-12 00:00:00,2008-10-18 00:00:00
11240,Fang Ji(6),方奇,1030.0,12.0,11235.0,0.0,100531.0,1.0,0.0,0.0,,0.0,0.0,,,0.0,0.0,,,0.0,,,0.0,,,,0.0,,,Fang,方,Ji(6),奇,15.0,62.0,"Fang(1) Ji(6) [11240] Fujian TZ, 147.35a.",0.0,0.0,,,,,,,,,,,,,TTS,,0.0,2007-03-12 00:00:00,
11241,Fang Yannian,方延年,,,,0.0,100531.0,1.0,0.0,0.0,,0.0,0.0,,,0.0,0.0,,,0.0,,,0.0,,,,0.0,,,Fang,方,Yannian,延年,15.0,62.0,"Fang(1) Yannian [11241] Fujian TZ, 147.29b.",0.0,0.0,,,,,,,,,,,,,TTS,,0.0,2007-03-12 00:00:00,
11242,Fang Li,方里,1076.0,5.0,,0.0,100531.0,1.0,0.0,0.0,,0.0,0.0,,,0.0,0.0,,,0.0,,,0.0,,,,0.0,,,Fang,方,Li,里,15.0,62.0,"Fang(1) Li [11242] Fujian TZ, 148.5b.",0.0,0.0,,,,,,,,,,,,,TTS,,0.0,2007-03-12 00:00:00,
11243,Fang Yan(2),方綖,1070.0,5.0,,0.0,100531.0,1.0,0.0,0.0,,0.0,0.0,,,0.0,0.0,,,0.0,,,0.0,,,,0.0,,,Fang,方,Yan(2),綖,15.0,62.0,"Fang(1) Yan(2) [11243] Fujian TZ, 148.2a.",0.0,0.0,,,,,,,,,,,,,TTS,,0.0,2007-03-12 00:00:00,
11244,Fang Zhen(3),方振,1070.0,5.0,,0.0,100677.0,1.0,0.0,0.0,,0.0,0.0,,,0.0,0.0,,,0.0,,,0.0,,,,0.0,,,Fang,方,Zhen(3),振,15.0,62.0,"Fang(1) Zhen(3) [11244] Still listed as a Putian zhishi in Fujian TZ, 148.2a. YLDD, 2368.4b.",0.0,0.0,,,,,,,,,,,,,TTS,,0.0,2007-03-12 00:00:00,
11245,Fang Xi,方禧,1070.0,5.0,,0.0,100531.0,1.0,0.0,0.0,,0.0,0.0,,,0.0,0.0,,,0.0,,,0.0,,,,0.0,,,Fang,方,Xi,禧,15.0,62.0,"Fang(1) Xi [11245] Fujian TZ, 148.2a.",0.0,0.0,,,,,,,,,,,,,TTS,,0.0,2007-03-12 00:00:00,
11246,Fang Kuo,方适,1070.0,5.0,,0.0,100531.0,1.0,0.0,0.0,,0.0,0.0,,,0.0,0.0,,,0.0,,1100.0,532.0,3.0,元符三年進士。,,0.0,,,Fang,方,Kuo,适,15.0,62.0,"Fang(1) Kuo [11246] Yuanfu coalition. Fujian TZ, 148.2b. CBD, 1, 54-55.",0.0,0.0,,,,,,,,,,,,,TTS,BDQKH,1.0,2007-03-12 00:00:00,2008-10-17 00:00:00
11247,Fang Weishen,方惟深,1040.0,1.0,,0.0,100677.0,1.0,0.0,0.0,,1040.0,522.0,1.0,,1122.0,538.0,4.0,,83.0,,,0.0,,,,0.0,,,Fang,方,Weishen,惟深,15.0,62.0,"Fang(1) Weishen [11247] Cheng Ju, 33.7b-10b; Wuzhun zhi, 25.11b; Fujian TZ, 148.6a. CBD, 1, 80-81.",0.0,0.0,,,,,,,,,,,,,TTS,BDQKH,1.0,2007-03-12 00:00:00,2008-10-18 00:00:00
11248,Fang Xilu,方希呂,1053.0,22.0,,0.0,100531.0,1.0,0.0,0.0,,0.0,0.0,,,0.0,0.0,,,0.0,,,0.0,,,,0.0,,,Fang,方,Xilu,希呂,15.0,62.0,"Fang(1) Xilu [11248] Fujian TZ, 148.8b.",0.0,0.0,,,,,,,,,,,,,TTS,,0.0,2007-03-12 00:00:00,
11249,Fang Tianren,方天任,1082.0,5.0,,0.0,100531.0,1.0,0.0,0.0,,0.0,0.0,,,0.0,0.0,,,0.0,,,0.0,,,,0.0,,,Fang,方,Tianren,天任,15.0,62.0,"Fang(1) Tianren [11249] Fujian TZ, 148.10b.",0.0,0.0,,,,,,,,,,,,,TTS,,0.0,2007-03-12 00:00:00,
11250,Fang Yu,方俁,1082.0,5.0,,0.0,100531.0,1.0,0.0,0.0,,0.0,0.0,,,0.0,0.0,,,0.0,,,0.0,,,,0.0,,,Fang,方,Yu,俁,15.0,62.0,"Fang(1) Yu [11250] Fujian TZ, 148.10b.",0.0,0.0,,,,,,,,,,,,,TTS,,0.0,2007-03-12 00:00:00,
11251,Fang Shi,方時,1088.0,5.0,,0.0,100531.0,1.0,0.0,0.0,,0.0,0.0,,,0.0,0.0,,,0.0,,,0.0,,,,0.0,,,Fang,方,Shi,時,15.0,62.0,"Fang(1) Shi [11251] Fujian TZ, 148.15b.",0.0,0.0,,,,,,,,,,,,,TTS,,0.0,2007-03-12 00:00:00,
11252,Fang Xizhe,方希哲,1058.0,14.0,,0.0,100531.0,1.0,0.0,0.0,,0.0,0.0,,,0.0,0.0,,,0.0,,,0.0,,,,0.0,,,Fang,方,Xizhe,希哲,15.0,62.0,"Fang(1) Xizhe [11252] See documentation for son, Shi [11251]. There should be a TZ entry for him. (Fujian TZ, 148.15b).",0.0,0.0,,,,,,,,,,,,,TTS,,0.0,2007-03-12 00:00:00,
11253,Fang Bing,方柄,1076.0,28.0,11211.0,0.0,100531.0,1.0,0.0,0.0,,0.0,0.0,,,0.0,0.0,,,0.0,,,0.0,,,,0.0,,,Fang,方,Bing,柄,15.0,62.0,"Fang(1) Bing [11253] Fujian TZ, 148.16a.",0.0,0.0,,,,,,,,,,,,,TTS,,0.0,2007-03-12 00:00:00,
11254,Fang Zhi(2),方秩,,,,0.0,100531.0,1.0,0.0,0.0,,0.0,0.0,,,0.0,0.0,,,0.0,,,0.0,,,,0.0,,,Fang,方,Zhi(2),秩,15.0,62.0,"Fang(1) Zhi(2) [11254] Fujian TZ, 148.19b.",0.0,0.0,,,,,,,,,,,,,TTS,,0.0,2007-03-12 00:00:00,
11255,Fang Gang,方岡,1072.0,29.0,,0.0,100531.0,1.0,0.0,0.0,,,0.0,,,1135.0,541.0,5.0,,,,1125.0,538.0,7.0,徽宗末舉進士。,,0.0,,,Fang,方,Gang,岡,15.0,62.0,"Fang(1) Gang [11255] Fujian TZ, 148.19b; Lin Guangchao, WJ, 9.12a-14a. CBD, 1, 52.",0.0,0.0,,,,,,,,,,,,,TTS,BDQKH,1.0,2007-03-12 00:00:00,2008-10-17 00:00:00
11256,Fang Ke,方可,1098.0,5.0,,0.0,100531.0,1.0,0.0,0.0,,0.0,0.0,,,0.0,0.0,,,0.0,,,0.0,,,,0.0,,,Fang,方,Ke,可,15.0,62.0,"Fang(1) Ke [11256] Fujian TZ, 148.21b.",0.0,0.0,,,,,,,,,,,,,TTS,,0.0,2007-03-12 00:00:00,
11257,Fang Zhuan,方僎,1098.0,5.0,,0.0,100531.0,1.0,0.0,0.0,,0.0,0.0,,,0.0,0.0,,,0.0,,,0.0,,,,0.0,,,Fang,方,Zhuan,僎,15.0,62.0,"Fang(1) Zhuan [11257] Fujian TZ, 148.22a.",0.0,0.0,,,,,,,,,,,,,TTS,,0.0,2007-03-12 00:00:00,
11258,Fang Dian,方典,1115.0,5.0,,0.0,100531.0,1.0,0.0,0.0,,0.0,0.0,,,0.0,0.0,,,0.0,,,0.0,,,,0.0,,,Fang,方,Dian,典,15.0,62.0,"Fang(1) Dian [11258] Fujian TZ, 148.30b.",0.0,0.0,,,,,,,,,,,,,TTS,,0.0,2007-03-12 00:00:00,
11259,Fang Kuo,方擴,1107.0,1.0,,0.0,100531.0,1.0,0.0,0.0,,1107.0,535.0,1.0,0.0,1166.0,543.0,2.0,,60.0,0.0,,0.0,,,,0.0,,,Fang,方,Kuo,擴,15.0,62.0,"Fang(1) Kuo(2) [11259] Fujian TZ, 148.23b. Lin Guangchao, WJ, 9.4b-7a.",0.0,0.0,,,,,,,,,,,,,TTS,HVDCS,1.0,2007-03-12 00:00:00,2009-02-03 00:00:00
11260,Fang Kui,方夔,,,,0.0,100531.0,1.0,0.0,0.0,,0.0,0.0,,,0.0,0.0,,,0.0,,,0.0,,,,0.0,,,Fang,方,Kui,夔,15.0,62.0,"Fang(1) Kui [11260] Fujian TZ, 148.29b.",0.0,0.0,,,,,,,,,,,,,TTS,,0.0,2007-03-12 00:00:00,
11261,Fang Hu,方琥,1135.0,14.0,,0.0,100531.0,1.0,0.0,0.0,,,0.0,,,,0.0,,,,,,0.0,,,,0.0,,dead by 1256 according to the 1256 degreeholder list,Fang,方,Hu,琥,15.0,0.0,"方義夫, one of his kins, is on the 寶祐四年登科錄; Fang(1) Hu [11261] Fujian TZ, WJ, 148.34b.",0.0,0.0,,,,,,,,,,,,,TTS,TTS,0.0,2007-03-12 00:00:00,2008-04-20 00:00:00
11262,Fang Changchao,方昌朝,1076.0,28.0,11211.0,0.0,100531.0,1.0,0.0,0.0,,0.0,0.0,,,0.0,0.0,,,0.0,,,0.0,,,,0.0,,,Fang,方,Changchao,昌朝,15.0,62.0,"Fang(1) Changchao [11262] Fujian TZ, 148.36a.",0.0,0.0,,,,,,,,,,,,,TTS,,0.0,2007-03-12 00:00:00,
11263,Fang Tangqing,方唐卿,,,,0.0,100531.0,1.0,0.0,0.0,,0.0,0.0,,,0.0,0.0,,,0.0,,,0.0,,,,0.0,,,Fang,方,Tangqing,唐卿,15.0,62.0,"Fang(1) Tangqing [11263] Fujian TZ, 148.38a.",0.0,0.0,,,,,,,,,,,,,TTS,,0.0,2007-03-12 00:00:00,
11264,Fang Tingxiu,方庭秀,1099.0,28.0,11216.0,0.0,100531.0,1.0,0.0,0.0,,0.0,0.0,,,0.0,0.0,,,0.0,,,0.0,,,,0.0,,,Fang,方,Tingxiu,庭秀,15.0,62.0,"Fang(1) Tingxiu [11264] Fujian TZ, 148.36a.",0.0,0.0,,,,,,,,,,,,,TTS,,0.0,2007-03-12 00:00:00,
11265,Fang Yuanlao,方元老,,,,0.0,100531.0,1.0,0.0,0.0,,0.0,0.0,,,0.0,0.0,,,0.0,,,0.0,,,,0.0,,,Fang,方,Yuanlao,元老,15.0,62.0,"Fang(1) Yuanlao [11265] Fujian TZ, 148.39b.",0.0,0.0,,,,,,,,,,,,,TTS,,0.0,2007-03-12 00:00:00,
11266,Fang Wan,方萬,1122.0,1.0,,0.0,100531.0,1.0,0.0,0.0,,1122.0,538.0,4.0,0.0,1162.0,541.0,32.0,,41.0,0.0,,0.0,,,,0.0,,,Fang,方,Wan,萬,15.0,62.0,"Fang(1) Wan [11266] Fujian TZ, 148.39a. Fang Dacong, WJ, 35.1a-2b (wife, born Zheng, who died in 1202 at age 79). His highest office was in the Heji ju (medical office). CBD, 1, 59.",0.0,0.0,,,,,,,,,,,,,TTS,BDQKH,1.0,2007-03-12 00:00:00,2008-10-17 00:00:00
11267,Fang Fu,方符,1073.0,5.0,,0.0,100531.0,1.0,0.0,0.0,,0.0,0.0,,,0.0,0.0,,,0.0,,,0.0,,,,0.0,,,Fang,方,Fu,符,15.0,62.0,"Fang(1) Fu [11267] Fujian TZ, 148.3b.",0.0,0.0,,,,,,,,,,,,,TTS,,0.0,2007-03-12 00:00:00,
11268,Fang Che,方車,1075.0,5.0,,0.0,100531.0,1.0,0.0,0.0,,0.0,0.0,,,0.0,0.0,,,0.0,,,0.0,,,,0.0,,,Fang,方,Che,車,15.0,62.0,"Fang(1) Che [11268] Fujian TZ, 148.4b.",0.0,0.0,,,,,,,,,,,,,TTS,,0.0,2007-03-12 00:00:00,
11269,Fang Yi(3),方翼,1076.0,5.0,,0.0,100531.0,1.0,0.0,0.0,,0.0,0.0,,,0.0,0.0,,,0.0,,,0.0,,,,0.0,,,Fang,方,Yi(3),翼,15.0,62.0,"Fang(1) Yi(3) [11269] Fujian TZ, 148.6a.",0.0,0.0,,,,,,,,,,,,,TTS,,0.0,2007-03-12 00:00:00,
11270,Fang Yafu,方亞夫,1079.0,5.0,,0.0,100531.0,1.0,0.0,0.0,,0.0,0.0,,,0.0,0.0,,,0.0,,,0.0,,,,0.0,,,Fang,方,Yafu,亞夫,15.0,62.0,"Fang(1) Yafu [11270] Baxing in 1108. Fujian TZ, 148.6b, 8b. CBD, 1, 77.",0.0,0.0,,,,,,,,,,,,,TTS,BDQKH,1.0,2007-03-12 00:00:00,2008-10-18 00:00:00
11271,Fang Yanhui,方彥回,1079.0,5.0,,0.0,100531.0,1.0,0.0,0.0,,0.0,0.0,,,0.0,0.0,,,0.0,,,0.0,,,,0.0,,,Fang,方,Yanhui,彥回,15.0,62.0,"Fang(1) Yanhui [11271] Fujian TZ, 148.8b. See CBD for correct relation with Yafu [11270]. CBD, 1, 77.",0.0,0.0,,,,,,,,,,,,,TTS,BDLJG,0.0,2007-03-12 00:00:00,2008-12-13 00:00:00
11272,Fang Bin,方賓,1088.0,5.0,,0.0,13947.0,1.0,0.0,0.0,,0.0,0.0,,,0.0,0.0,,,0.0,,1118.0,537.0,1.0,重和元年進士。,,0.0,,,Fang,方,Bin,賓,15.0,62.0,"Fang(1) Bin [11272] Fujian TZ, 148.16a. CBD, 1, 62.",0.0,0.0,,,,,,,,,,,,,TTS,BDQKH,1.0,2007-03-12 00:00:00,2008-10-18 00:00:00
11273,Fang Shendao,方深道,1094.0,5.0,,0.0,100531.0,1.0,0.0,0.0,,0.0,0.0,,,0.0,0.0,,,0.0,,,0.0,,,,0.0,,,Fang,方,Shendao,深道,15.0,62.0,"Fang(1) Shendao [11273] Fujian TZ, 148.19b.",0.0,0.0,,,,,,,,,,,,,TTS,,0.0,2007-03-12 00:00:00,
11274,Fang Mu,方牧,1098.0,5.0,,0.0,100531.0,1.0,0.0,0.0,,0.0,0.0,,,0.0,0.0,,,0.0,,,0.0,,,,0.0,,,Fang,方,Mu,牧,15.0,62.0,"Fang(1) Mu [11274] Fujian TZ, 148.21b.",0.0,0.0,,,,,,,,,,,,,TTS,,0.0,2007-03-12 00:00:00,
11275,Fang Ye,方曄,1079.0,28.0,11228.0,0.0,100531.0,1.0,0.0,0.0,,0.0,0.0,,,0.0,0.0,,,0.0,,1142.0,541.0,12.0,紹興十二年特科。,,0.0,,,Fang,方,Ye,曄,15.0,0.0,,0.0,0.0,,,,,,,,,,,,,TTS,,1.0,2007-03-12 00:00:00,
11276,Fang Huan,方渙,1121.0,5.0,,0.0,100531.0,1.0,0.0,0.0,,0.0,0.0,,,0.0,0.0,,,0.0,,,0.0,,,,0.0,,,Fang,方,Huan,渙,15.0,62.0,"Fang(1) Huan [11276] Fujian TZ, 148.34a.",0.0,0.0,,,,,,,,,,,,,TTS,,0.0,2007-03-12 00:00:00,
11277,Fang Chundao,方醇道,1049.0,12.0,11228.0,0.0,100531.0,1.0,0.0,0.0,,0.0,0.0,,,0.0,0.0,,,0.0,,,0.0,,,,0.0,,,Fang,方,Chundao,醇道,15.0,62.0,"Fang(1) Chundao [11277] There should be a missed notice in Fujian TZ for him. See documentation for son, Huan [11276]. Held official office, but no notice of jinshi in CBD. CBD, 2, 86.",0.0,0.0,,,,,,,,,,,,,TTS,BDQKH,1.0,2007-03-12 00:00:00,2008-10-18 00:00:00
11278,Fang Xiong,方雄,1124.0,5.0,,0.0,100531.0,1.0,0.0,0.0,,0.0,0.0,,,0.0,0.0,,,0.0,,,0.0,,,,0.0,,,Fang,方,Xiong,雄,15.0,62.0,"Fang(1) Xiong [11278] Fujian TZ, 148.35b.",0.0,0.0,,,,,,,,,,,,,TTS,,0.0,2007-03-12 00:00:00,
11279,Fang Shiju,方士舉,1127.0,5.0,,0.0,100531.0,1.0,0.0,0.0,,0.0,0.0,,,0.0,0.0,,,0.0,,,0.0,,,,0.0,,,Fang,方,Shiju,士舉,15.0,62.0,"Fang(1) Shiju [11279] Fujian TZ, 148.37b. CBD, 1, 71.",0.0,0.0,,,,,,,,,,,,,TTS,BDQKH,1.0,2007-03-12 00:00:00,2008-10-18 00:00:00
11280,Fang Wan(2),方綰,1110.0,1.0,,0.0,100531.0,1.0,0.0,0.0,,1110.0,535.0,4.0,,0.0,0.0,,,0.0,,,0.0,,,1148.0,541.0,18.0,紹興十八年進士。,Fang,方,Wan(2),綰,15.0,62.0,"Fang(1) Wan(2) [11280] Fujian TZ, 148.32b. He moved back to the Song Xinghua county part of modern Putian county and established the 'c' branch of this lineage. No age for degree listed. CBD, 1, 62.",0.0,0.0,2.0,,7.0,,,,,,,,,,TTS,NEUZZY,1.0,2007-03-12 00:00:00,2012-09-11 00:00:00
11281,Fang Pin,方蘋,1005.0,23.0,,0.0,100531.0,1.0,0.0,0.0,,0.0,0.0,,,0.0,0.0,,,0.0,,1056.0,526.0,1.0,嘉祐間知鉛山縣事。,,0.0,,,Fang,方,Pin,蘋,15.0,62.0,"Fang(1) Pin [11281] See also documentation for great grandson, Gang [11255]. CBD, 1, 67.",0.0,0.0,,,,,,,,,,,,,TTS,BDQKH,1.0,2007-03-12 00:00:00,2008-10-18 00:00:00
11282,Fang Xiyi,方希益,1035.0,12.0,11281.0,0.0,100531.0,1.0,0.0,0.0,,0.0,0.0,,,0.0,0.0,,,0.0,,,0.0,,,,0.0,,,Fang,方,Xiyi,希益,15.0,62.0,"Fang(1) Xiyi [11282] See documentation for grandson, Gang [11255].",0.0,0.0,,,,,,,,,,,,,TTS,,0.0,2007-03-12 00:00:00,
11283,Fang Tao,方燾,1042.0,14.0,,0.0,100531.0,1.0,0.0,0.0,,0.0,0.0,,,0.0,0.0,,,0.0,,,0.0,,,,0.0,,,Fang,方,Tao,燾,15.0,62.0,"Fang(1) Tao [11283] See documentation for son, Gang [11255].",0.0,0.0,,,,,,,,,,,,,TTS,,0.0,2007-03-12 00:00:00,
11284,Fang Xun,方旬,1067.0,5.0,,0.0,100531.0,1.0,0.0,0.0,,0.0,0.0,,,0.0,0.0,,,0.0,,1097.0,531.0,4.0,,,0.0,,,Fang,方,Xun,旬,15.0,62.0,"Fang(1) Xun [11284] CBD, 1, 51.",0.0,0.0,,,,,,,,,,,,,TTS,BDQKH,1.0,2007-03-12 00:00:00,2008-10-11 00:00:00
11285,Fang Shao,方劭,1079.0,5.0,,0.0,100531.0,1.0,0.0,0.0,,0.0,0.0,,,0.0,0.0,,,0.0,,1109.0,535.0,3.0,大觀三年進士。,,0.0,,,Fang,方,Shao,劭,15.0,62.0,"Fang(1) Shao [11285] CBD, 1, 51.",0.0,0.0,,,,,,,,,,,,,TTS,BDQKH,1.0,2007-03-12 00:00:00,2008-10-11 00:00:00
11286,Fang Zhen(4),方軫,1070.0,5.0,,0.0,100584.0,1.0,0.0,0.0,,0.0,0.0,,,0.0,0.0,,,0.0,,,0.0,,,,0.0,,,Fang,方,Zhen(4),軫,15.0,62.0,"Fang(1) Zhen(4) [11286] CBD, 1, 57.",0.0,0.0,,,,,,,,,,,,,TTS,BDQKH,1.0,2007-03-12 00:00:00,2008-10-17 00:00:00
11288,Fang Xian,方暹,,,,0.0,13193.0,1.0,0.0,0.0,,0.0,0.0,,,0.0,0.0,,,0.0,,,0.0,,,,0.0,,,Fang,方,Xian,暹,15.0,0.0,,0.0,0.0,,,,,,,,,,,,,TTS,,1.0,2007-03-12 00:00:00,
11289,Fang Rong,方鎔,1140.0,11.0,11280.0,0.0,100531.0,1.0,0.0,0.0,,0.0,0.0,,,0.0,0.0,,,0.0,,,0.0,,,,0.0,,,Fang,方,Rong,鎔,15.0,62.0,"Fang(1) Rong [11289] See documentation for son, Zhuo [11290].",0.0,0.0,,,,,,,,,,,,,TTS,,0.0,2007-03-12 00:00:00,
11290,Fang Zhuo,方濯,1184.0,1.0,,0.0,100531.0,1.0,0.0,0.0,,1184.0,544.0,11.0,0.0,1263.0,557.0,4.0,,80.0,0.0,,0.0,,,,0.0,,,Fang,方,Zhuo,濯,15.0,62.0,"Fang(1) Zhuo [11290] Liu Kezhuang, WJ, 160.8a-10a. CBD, 1, 65-66.",0.0,0.0,,,,,,,,,,,,,TTS,BDQKH,1.0,2007-03-12 00:00:00,2008-10-18 00:00:00
11291,Fang Rongbo,方榮伯,1214.0,11.0,11290.0,0.0,100531.0,1.0,0.0,0.0,,0.0,0.0,,,0.0,0.0,,,0.0,,,0.0,,,,0.0,,,Fang,方,Rongbo,榮伯,15.0,62.0,"Fang(1) Rongbo [11291] See documentation for father, Zhuo [11290].",0.0,0.0,,,,,,,,,,,,,TTS,,0.0,2007-03-12 00:00:00,
11292,Fang Ji,方濟,1186.0,19.0,,0.0,100531.0,1.0,0.0,0.0,,0.0,0.0,,,0.0,0.0,,,0.0,,,0.0,,,,0.0,,,Fang,方,Ji,濟,15.0,62.0,"Fang(1) Ji [11292] See documentation for brother, Zhuo [11290].",0.0,0.0,,,,,,,,,,,,,TTS,,0.0,2007-03-12 00:00:00,
11293,Fang Guizhong,方桂仲,1214.0,11.0,11290.0,0.0,100531.0,1.0,0.0,0.0,,0.0,0.0,,,0.0,0.0,,,0.0,,,0.0,,,,0.0,,,Fang,方,Guizhong,桂仲,15.0,62.0,"Fang(1) Guizhong [11293] See documentation for father, Zhuo [11290].",0.0,0.0,,,,,,,,,,,,,TTS,,0.0,2007-03-12 00:00:00,
11294,Fang Jinwei,方謹微,1017.0,14.0,,0.0,100531.0,1.0,0.0,0.0,,0.0,0.0,,,0.0,0.0,,,0.0,,,0.0,,,,0.0,,,Fang,方,Jinwei,謹微,15.0,62.0,"Fang(1) Jinwei [11294] See documentation for great grandson, Kuo [11259].",0.0,0.0,,,,,,,,,,,,,TTS,,0.0,2007-03-12 00:00:00,
11295,Fang Ge,方革,1047.0,14.0,,0.0,100531.0,1.0,0.0,0.0,,0.0,0.0,,,0.0,0.0,,,0.0,,,0.0,,,,0.0,,,Fang,方,Ge,革,15.0,62.0,"Fang(1) Ge [11295] See documentation for grandson, Kuo [11259].",0.0,0.0,,,,,,,,,,,,,TTS,,0.0,2007-03-12 00:00:00,
11296,Fang Xishu,方希叔,1077.0,13.0,,0.0,100531.0,1.0,0.0,0.0,,0.0,0.0,,,0.0,0.0,,,0.0,,,0.0,,,,0.0,,,Fang,方,Xishu,希叔,15.0,62.0,"Fang(1) Xishu [11296] See documentation for son, Kuo [11259].",0.0,0.0,,,,,,,,,,,,,TTS,,0.0,2007-03-12 00:00:00,
11297,Fang Boda,方伯達,1137.0,11.0,11259.0,0.0,100531.0,1.0,0.0,0.0,,0.0,0.0,,,0.0,0.0,,,0.0,,,0.0,,,,0.0,,,Fang,方,Boda,伯達,15.0,62.0,"Fang(1) Boda [11297] See documentation for father, Kuo [11259].",0.0,0.0,,,,,,,,,,,,,TTS,HVDCS,0.0,2007-03-12 00:00:00,2009-02-18 00:00:00
11298,Fang Zhonghu,方仲忽,1137.0,11.0,11259.0,0.0,100531.0,1.0,0.0,0.0,,0.0,0.0,,,0.0,0.0,,,0.0,,,0.0,,,,0.0,,,Fang,方,Zhonghu,仲忽,15.0,62.0,"Fang(1) Zhonghu [11298] See documentation for father, Kuo [11259].",0.0,0.0,,,,,,,,,,,,,TTS,,0.0,2007-03-12 00:00:00,
11299,Fang Jisui,方季隨,1137.0,11.0,11259.0,0.0,100531.0,1.0,0.0,0.0,,0.0,0.0,,,0.0,0.0,,,0.0,,,0.0,,,,0.0,,,Fang,方,Jisui,季隨,15.0,62.0,"Fang(1) Jisui [11299] See documentation for father, Kuo [11259].",0.0,0.0,,,,,,,,,,,,,TTS,,0.0,2007-03-12 00:00:00,
11300,Fang Tinghui,方庭輝,,,,0.0,100531.0,1.0,0.0,0.0,,0.0,0.0,,,0.0,0.0,,,0.0,,,0.0,,,,0.0,,,Fang,方,Tinghui,庭輝,15.0,62.0,"Fang(1) Tinghui [11300] See documentation for grandsons, Dadong [11304] and Dazhuang [11303].",0.0,0.0,,,,,,,,,,,,,TTS,,0.0,2007-03-12 00:00:00,
11301,Fang Xian,方獻,,,,0.0,100531.0,1.0,0.0,0.0,,0.0,0.0,,,0.0,0.0,,,0.0,,,0.0,,,,0.0,,,Fang,方,Xian,獻,15.0,62.0,"Fang(1) Xian [11301] See documentation for great grandson, Dadong [11304].",0.0,0.0,,,,,,,,,,,,,TTS,,0.0,2007-03-12 00:00:00,
11302,Fang Yuanzhong,方元中,,,,0.0,,,0.0,0.0,,0.0,0.0,,,0.0,0.0,,,0.0,,,0.0,,,,0.0,,,Fang,方,Yuanzhong,元中,15.0,0.0,,0.0,0.0,,,,,,,,,,,,,TTS,,1.0,2007-03-12 00:00:00,
11303,Fang Dazhuang,方大壯,1183.0,21.0,,0.0,100531.0,1.0,0.0,0.0,,0.0,0.0,,,0.0,0.0,,,0.0,,,0.0,,,,0.0,,,Fang,方,Dazhuang,大壯,15.0,62.0,"Fang(1) Dazhuang [11303] CBD, 1, 68.",0.0,0.0,,,,,,,,,,,,,TTS,BDQKH,1.0,2007-03-12 00:00:00,2008-10-18 00:00:00
11304,Fang Dadong,方大東,1185.0,1.0,,0.0,100531.0,1.0,0.0,0.0,,1185.0,544.0,12.0,0.0,1236.0,552.0,3.0,,52.0,0.0,,0.0,,,,0.0,,,Fang,方,Dadong,大東,15.0,62.0,"Fang(1) Dadong [11304] Fujian TZ, 150.12a; Liu Kezhuang, WJ, 149.16b. See documentation for son, Fang(1) Mengzhong [11305], for identification of wife. CBD, 1, 68.",0.0,0.0,,2.0,,,,,,,,,,,TTS,BDQKH,1.0,2007-03-12 00:00:00,2008-10-18 00:00:00
11305,Fang Mengzhong,方蒙仲,1214.0,1.0,,0.0,100531.0,1.0,0.0,0.0,,1214.0,549.0,7.0,,1261.0,557.0,2.0,,48.0,,,0.0,,,,0.0,,,Fang,方,Mengzhong,蒙仲,15.0,62.0,"Fang(1) Mengzhong [11305] See documentation or father, Dadong [11304]. He used his zi, Mengzhong instead of his minzi Chengsun, as his mingzi later in life. He served as Tiju Fujian shibo in ca. 1250. Fujian TZ, 32.18a; Liu Kezhuang, WJ, 162.3a-6a. CBD, 1, 85-86.From Hartwell's ACTIVITY table:1250:  In office ca. 1250 as Tiju Fujian shibo.",0.0,0.0,,9.0,,,,,,,,,,,TTS,BDQKH,1.0,2007-03-12 00:00:00,2008-10-18 00:00:00
11306,Fang Qingsun,方清孫,1218.0,1.0,,0.0,100531.0,1.0,0.0,0.0,,1218.0,549.0,11.0,,1249.0,554.0,9.0,,32.0,,,0.0,,,,0.0,,,Fang,方,Qingsun,清孫,15.0,62.0,"Fang(1) Qingsun [11306] Liu Kezhuang, WJ, 152.10a-11a. CBD, 1, 80.",0.0,0.0,,1.0,,,,,,,,,,,TTS,BDQKH,1.0,2007-03-12 00:00:00,2008-10-18 00:00:00
11307,Fang Tingshi,方廷實,1087.0,29.0,,0.0,100531.0,1.0,0.0,0.0,,,0.0,,,1150.0,541.0,20.0,,,,,0.0,,,,0.0,,,Fang,方,Tingshi,廷實,15.0,62.0,"Fang(1) Tingshi [11307] XNYL, pp. 2410, 5101. CBD, 1, 75-6.From Hartwell's ACTIVITY table:1134:  Out of office as Ganban Xingzai zhusi shenji si.",0.0,0.0,,,,,,,,,,,,,TTS,BDQKH,1.0,2007-03-12 00:00:00,2008-10-18 00:00:00
11308,Fang Jian(2),方監,1067.0,5.0,,0.0,100531.0,1.0,0.0,0.0,,0.0,0.0,,,0.0,0.0,,,0.0,,1097.0,531.0,4.0,紹聖四年進士。紹聖四年進士。,,0.0,,,Fang,方,Jian(2),監,15.0,62.0,"Fang(1) Jian(2) [11308] Fujian TZ, 147.38b. CBD, 1, 61.",0.0,0.0,,,,,,,,,,,,,TTS,BDQKH,1.0,2007-03-12 00:00:00,2008-10-18 00:00:00
11309,Fang Sheng,方盛,1151.0,13.0,,0.0,100531.0,1.0,0.0,0.0,,0.0,0.0,,,0.0,0.0,,,0.0,,,0.0,,,,0.0,,,Fang,方,Sheng,盛,15.0,62.0,"Fang(1) Sheng [11309] See documentation for son, Shijing [11310].",0.0,0.0,,,,,,,,,,,,,TTS,,0.0,2007-03-12 00:00:00,
11310,Fang Shijing,方世京,1181.0,1.0,,0.0,100531.0,1.0,0.0,0.0,,1181.0,544.0,8.0,,1229.0,551.0,2.0,,49.0,,,0.0,,,,0.0,,,Fang,方,Shijing,世京,15.0,62.0,"Fang(1) Shijing [11310] Liu Kezhuang, WJ, 149.1a-3a. CBD, 1, 73-4.",0.0,0.0,,,,,,,,,,,,,TTS,BDQKH,1.0,2007-03-12 00:00:00,2008-10-18 00:00:00
11325,Fang You,方祐,1062.0,14.0,,0.0,100531.0,1.0,0.0,0.0,,0.0,0.0,,,0.0,0.0,,,0.0,,,0.0,,,,0.0,,,Fang,方,You,祐,15.0,62.0,"Fang(1) You [11325] See documentation for great great grandson, Dacong [11328].",0.0,0.0,,,,,,,,,,,,,TTS,,0.0,2007-03-12 00:00:00,
11326,Fang Zhong,方中,1092.0,13.0,,0.0,100531.0,1.0,0.0,0.0,,0.0,0.0,,,0.0,0.0,,,0.0,,,0.0,,,,0.0,,,Fang,方,Zhong,中,15.0,62.0,"Fang(1) Zhong [11326] See documentation for great grandson,  Dacong [11328].",0.0,0.0,,,,,,,,,,,,,TTS,,0.0,2007-03-12 00:00:00,
11327,Fang Kui,方逵,1156.0,1.0,,0.0,100531.0,1.0,0.0,0.0,,1156.0,541.0,26.0,0.0,1227.0,550.0,3.0,,72.0,0.0,,0.0,,,,0.0,,,Fang,方,Kui,逵,15.0,62.0,"Fang(1) Kui(2) [11327] Fang Dacong, WJ, 35.2b-5b, 35.5b-7a (wife, born Lin, who died in 1231 at age 75). CBD, 1, 69.《宋人傳記資料索引》（電子版）作方達，茲據所引《鐵菴集》卷35/2下〈考致政制參宣義方公墓誌〉從Hartwell教授作方逵。",0.0,0.0,,,,,,,,,,,,,TTS,HVDCS,0.0,2007-03-12 00:00:00,2009-02-03 00:00:00
11328,Fang Dacong,方大琮,1183.0,1.0,,0.0,100531.0,1.0,0.0,0.0,,1183.0,544.0,10.0,0.0,1247.0,554.0,7.0,,65.0,0.0,,0.0,,,,0.0,,,Fang,方,Dacong,大琮,15.0,62.0,"Fang(1) Dacong [11328] Fujian TZ, 149.37a. Liu Kezhuang, WJ, 151.12a-20a. CBD, 1, 68-70.",0.0,0.0,,5.0,,,,,,,,,,,TTS,BDQKH,1.0,2007-03-12 00:00:00,2008-10-18 00:00:00
11329,Fang Yansun,方演孫,1213.0,1.0,,0.0,100531.0,1.0,0.0,0.0,,1213.0,549.0,6.0,,1276.0,560.0,1.0,,64.0,,,0.0,,,,0.0,,,Fang,方,Yansun,演孫,15.0,62.0,"Fang(1) Yansun [11329] See also documentation for father-in-law,  Chen(1) Wei(5) [15034]. CBD, 1, 84-85.",0.0,0.0,,,,,,,,,,,,,TTS,BDQKH,1.0,2007-03-12 00:00:00,2008-10-18 00:00:00
11332,Fang Dayu,方大輿,1181.0,1.0,,0.0,100531.0,1.0,0.0,0.0,,1181.0,544.0,8.0,0.0,1234.0,552.0,1.0,,54.0,0.0,,0.0,,,,0.0,,,Fang,方,Dayu,大輿,15.0,62.0,"Fang(1) Dayu [11332] Liu Kezhuang, WJ, 151.11a-12a, 158.13b (wife, born Zhao Bishan [1188-1260]). CBD, 1, 70.",0.0,0.0,,5.0,,,,,,,,,,,TTS,BDQKH,1.0,2007-03-12 00:00:00,2008-10-18 00:00:00
11334,Fang Xuansun,方選孫,1211.0,11.0,11332.0,0.0,100531.0,1.0,0.0,0.0,,0.0,0.0,,,0.0,0.0,,,0.0,,,0.0,,,,0.0,,,Fang,方,Xuansun,選孫,15.0,62.0,"Fang(1) Xuansun [11334] See documentation for father, Dayu [11332].",0.0,0.0,,,,,,,,,,,,,TTS,,0.0,2007-03-12 00:00:00,
11350,Fang Dayong,方大鏞,1185.0,1.0,,0.0,100531.0,1.0,0.0,0.0,,1185.0,544.0,12.0,0.0,1223.0,549.0,16.0,,39.0,0.0,,0.0,,,,0.0,,,Fang,方,Dayong,大鏞,15.0,62.0,"Fang(1) Dayong [11350] Liu Kezhuang, WJ, 157.5a-6a (including wife, born Xue, who died in 1255 at age 57). CBD, 1, 70.",0.0,0.0,,,,,,,,,,,,,TTS,BDQKH,1.0,2007-03-12 00:00:00,2008-10-18 00:00:00
11381,Fang Gongquan,方公權,1235.0,5.0,,0.0,100531.0,1.0,0.0,0.0,,0.0,0.0,,,0.0,0.0,,,0.0,,1265.0,558.0,1.0,咸淳元年進士。,1276.0,560.0,1.0,景炎間興化被兵，公權見元帥，責以大義。,Fang,方,Gongquan,公權,15.0,62.0,"Fang(1) Gongquan [11381] CBD, 1, 73.",0.0,0.0,,,,,,,,,,,,,TTS,BDQKH,1.0,2007-03-12 00:00:00,2008-10-18 00:00:00
11382,Fang Yong,方詠,989.0,14.0,,0.0,100531.0,1.0,0.0,0.0,,0.0,0.0,,,0.0,0.0,,,0.0,,1017.0,516.0,1.0,天禧間置義齋於壽峰。,,0.0,,,Fang,方,Yong,詠,15.0,62.0,"Fang(1) Yong [11382] In ca. 1019, he built a Yizhai in Shou peak (shoupeng) and the wise and virtuous of the four regions considered it not distant and arrived. See documentation in 1148 jinshi list, sijia #74, for great grandson, Wan(2) [11280], which indicates that Yong held office (or at least had the title of Chaoqing dafu). CBD, 1, 74.",0.0,0.0,,,,,,,,,,,,,TTS,BDQKH,1.0,2007-03-12 00:00:00,2008-10-18 00:00:00
11392,Fang Shi(2),方史,1150.0,1.0,,0.0,100531.0,1.0,0.0,0.0,,1150.0,541.0,20.0,,1212.0,549.0,5.0,,63.0,,,0.0,,,,0.0,,,Fang,方,Shi(2),史,15.0,62.0,"Fang(1) Shi(2) [11392] Fang Dacong, WJ, 35.7a-9a. CBD, 1, 50.",0.0,0.0,,,,,,,,,,,,,TTS,BDQKH,1.0,2007-03-12 00:00:00,2008-10-11 00:00:00
11393,Fang Hui,方恢,1090.0,14.0,,0.0,100531.0,1.0,0.0,0.0,,0.0,0.0,,,0.0,0.0,,,0.0,,,0.0,,,,0.0,,,Fang,方,Hui,恢,15.0,62.0,"Fang(1) Hui [11393] See documentation for grandson, Shi(2) [11392].",0.0,0.0,,,,,,,,,,,,,TTS,,0.0,2007-03-12 00:00:00,
11394,Fang Shao(2),方紹,1120.0,13.0,,0.0,100531.0,1.0,0.0,0.0,,0.0,0.0,,,0.0,0.0,,,0.0,,,0.0,,,,0.0,,,Fang,方,Shao(2),紹,15.0,62.0,"Fang(1) Shao(2) [11394] See documentation for son, Shi(2) [11392].",0.0,0.0,,,,,,,,,,,,,TTS,,0.0,2007-03-12 00:00:00,
11395,Fang Yaoqing,方耀卿,1128.0,12.0,11257.0,0.0,100531.0,1.0,0.0,0.0,,0.0,0.0,,,0.0,0.0,,,0.0,,,0.0,,,,0.0,,,Fang,方,Yaoqing,耀卿,15.0,62.0,"Fang(1) Yaoqing [11395] See documentation for grandson, Fu(2) [11397].",0.0,0.0,,,,,,,,,,,,,TTS,,0.0,2007-03-12 00:00:00,
11396,Fang Youzhi,方由之,1146.0,13.0,,0.0,100531.0,1.0,0.0,0.0,,0.0,0.0,,,0.0,0.0,,,0.0,,,0.0,,,,0.0,,,Fang,方,Youzhi,由之,15.0,62.0,"Fang Youzhi [11396] See documentation for son, Fu [11397]. Liu Kezhuang, WJ, 149.11b-13a (wife, born Chen, who died in 1230 at age 74--her grandfather, Yizhi, was once Chayang county magistrate and has a generational name shared by Fuzhou Chen lineages, but not entered in the dataset as yet) because no address cited in funerary inscription). CBD, 1, 56.",0.0,0.0,,,,,,,,,,,,,TTS,BDLYH,0.0,2007-03-12 00:00:00,2007-11-03 00:00:00
11397,Fang Fu,方符,1176.0,1.0,,0.0,100531.0,1.0,0.0,0.0,,1176.0,544.0,3.0,,1233.0,551.0,6.0,,58.0,0.0,,0.0,,,,0.0,,,Fang,方,Fu,符,15.0,62.0,"Fang Fu [11397] Liu Kezhuang, 149.14b-15b. Fujian TZ, 149.31b has jinshi in 1199 instead of 1195 (no exam this year). CBD, 1, 55-6.",0.0,0.0,,,,,,,,,,,,,TTS,BDQKH,1.0,2007-03-12 00:00:00,2008-10-17 00:00:00
11398,Fang Yue(2),方籥,1178.0,19.0,,0.0,100531.0,1.0,0.0,0.0,,0.0,0.0,,,0.0,0.0,,,0.0,,,0.0,,,,0.0,,,Fang,方,Yue(2),籥,15.0,62.0,"Fang(1) Yue(2) [11398] See documentation for elder brother, Fu(2) [11397].",0.0,0.0,,,,,,,,,,,,,TTS,,0.0,2007-03-12 00:00:00,
11399,Fang Dousun,方斗孫,1208.0,12.0,11398.0,0.0,100531.0,1.0,0.0,0.0,,0.0,0.0,,,0.0,0.0,,,0.0,,,0.0,,,,0.0,,,Fang,方,Dousun,斗孫,15.0,62.0,"Fang(1) Dousun [11399] See documentation for uncle and adopted father, Fu(2) [11397].",0.0,0.0,,,,,,,,,,,,,TTS,,0.0,2007-03-12 00:00:00,
11409,Fang Dunyun,方敦允,1091.0,5.0,,0.0,100531.0,1.0,0.0,0.0,,0.0,0.0,,,0.0,0.0,,,0.0,,,0.0,,,,0.0,,,Fang,方,Dunyun,敦允,15.0,62.0,"Fang(1) Dunyun [11409] Younger brother of Jian(2) [11308], he has the same generational name as Hui(2)'s [11428] nephew, which would then link the this lineage with that of Jiao [11412] and Jun(2) [11411] and their descendants. Fujian TZ, 148.17b.",0.0,0.0,,,,,,,,,,,,,TTS,,0.0,2007-03-12 00:00:00,
11410,Fang Bi,方必,,,,0.0,100531.0,1.0,0.0,0.0,,0.0,0.0,,,0.0,0.0,,,0.0,,,0.0,,,,0.0,,,Fang,方,Bi,必,15.0,62.0,"Fang(1) Bi [11410] Fujian TZ, 148.33a.",0.0,0.0,,,,,,,,,,,,,TTS,,0.0,2007-03-12 00:00:00,
11411,Fang Jun(2),方峻,1000.0,5.0,,0.0,100531.0,1.0,0.0,0.0,,0.0,0.0,,,0.0,0.0,,,0.0,,1030.0,518.0,8.0,天聖八年進士。,,0.0,,,Fang,方,Jun(2),峻,15.0,62.0,"Fang(1) Jun(2) [11411] A Fang(1) Quan [12484] (with same characters) as the great grandson of Jun's brother, Jiao [11412], was jinshi in 1175 and was identified as the great grandson of Cipeng [11228] in Fujian TZ, 147.12a [see funerary inscription for this Quan's son, Shenquan [11427]]. A son of the Quan identified as the great grandson of Cipeng, Chuang [12623], has the same generational name as a son of another son of Quan, Shen(2) [20297], whose ancestor is identified as Jiao. In addition, a lineage decendant of Cipeng, Rong [11289] of the same generation of both Quan and a Hao [11425] has the same generational name. I conclude that this Fang(1) lineage was a branch of lineage 150 and thereby a Shejun Fang(1), and that Fujian TZ means that Quan was a great grandnephew of Cipeng. In other words, Cipeng was a lineage cousin of Jun(2) and Jiao, and, therefore, Jun(2) and Jiao were lineage nephews of Yong [11382]. CBD, 1, 54.",0.0,0.0,,,,,,,,,,,,,TTS,BDQKH,1.0,2007-03-12 00:00:00,2008-10-17 00:00:00
11412,Fang Qiao,方嶠,1004.0,5.0,,0.0,100531.0,1.0,0.0,0.0,,0.0,0.0,,,0.0,0.0,,,0.0,,1034.0,520.0,1.0,景祐元年進士。,,0.0,,,Fang,方,Qiao,嶠,15.0,62.0,"Fang(1) Jiao [11412] Fujian TZ, 147.13a. See brother Jun(2)'s [11411] documentation. CBD, I, 64.",0.0,0.0,,,,,,,,,,,,,TTS,BDQKH,1.0,2007-03-12 00:00:00,2008-10-18 00:00:00
11413,Fang Shining,方士寧,1016.0,5.0,,0.0,100531.0,1.0,0.0,0.0,,0.0,0.0,,,0.0,0.0,,,0.0,,1046.0,523.0,6.0,登慶曆六年進士。,,0.0,,,Fang,方,Shining,士寧,15.0,62.0,"Fang(1) Shining [11413] Fujian TZ, 147.16b. CBD, 1, 70.",0.0,0.0,,,,,,,,,,,,,TTS,BDQKH,1.0,2007-03-12 00:00:00,2008-10-18 00:00:00
11414,Fang Ji(2),方楫,1088.0,5.0,,0.0,100531.0,1.0,0.0,0.0,,0.0,0.0,,,0.0,0.0,,,0.0,,,0.0,,,,0.0,,,Fang,方,Ji(2),楫,15.0,62.0,"Fang(1) Ji(2) [11414] Fujian TZ, 148.16a.",0.0,0.0,,,,,,,,,,,,,TTS,,0.0,2007-03-12 00:00:00,
11415,Fang Zirong,方子容,1023.0,5.0,,0.0,100531.0,1.0,0.0,0.0,,0.0,0.0,,,0.0,0.0,,,0.0,,1053.0,524.0,5.0,皇祐五年進士。,,0.0,,,Fang,方,Zirong,子容,15.0,62.0,"Fang(1) Zirong [11415] Fujian TZ, 147.18b. CBD, 1, 67-68.",0.0,0.0,,,,,,,,,,,,,TTS,BDQKH,1.0,2007-03-12 00:00:00,2008-10-18 00:00:00
11416,Fang Jianyu,方簡輿,1099.0,1.0,,0.0,100531.0,1.0,0.0,0.0,,1099.0,532.0,2.0,,0.0,0.0,,,0.0,,,0.0,,,,0.0,,,Fang,方,Jianyu,簡輿,15.0,62.0,"Fang(1) Jianyu [11416] Fujian TZ, 148.32b. CBD, 1, 88.",0.0,0.0,3.0,,4.0,,,,,,,,,,TTS,NEUZZY,1.0,2007-03-12 00:00:00,2012-09-18 00:00:00
11418,Fang Ming,方命,1078.0,14.0,,0.0,100531.0,1.0,0.0,0.0,,0.0,0.0,,,0.0,0.0,,,0.0,,,0.0,,,,0.0,,,Fang,方,Ming,命,15.0,62.0,"Fang(1) Ming [11418] See documentation for son, Zhu [11419]",0.0,0.0,,,,,,,,,,,,,TTS,,0.0,2007-03-12 00:00:00,
11419,Fang Zhu,方翥,1108.0,5.0,,0.0,100531.0,1.0,0.0,0.0,,0.0,0.0,,,0.0,0.0,,,0.0,,1138.0,541.0,8.0,紹興八年進士。,,0.0,,,Fang,方,Zhu,翥,15.0,62.0,"Fang(1) Zhu [11419] (zi = Ciyun). Lin Guangchao, WJ, 9.7a-9a; Fujian TZ, 148.27a. He did not take office during the 18 years following his jinshi. CBD, 1, 63.",0.0,0.0,,,,,,,,,,,,,TTS,BDQKH,1.0,2007-03-12 00:00:00,2008-10-18 00:00:00
11420,Fang Jingyan,方景嚴,1138.0,12.0,11419.0,0.0,100531.0,1.0,0.0,0.0,,0.0,0.0,,,0.0,0.0,,,0.0,,,0.0,,,,0.0,,,Fang,方,Jingyan,景嚴,15.0,62.0,"Fang(1) Jingyan [11420] See also documentation for father, Zhu [11419]. CBD, 1, 63.",0.0,0.0,,,,,,,,,,,,,TTS,BDQKH,1.0,2007-03-12 00:00:00,2008-10-18 00:00:00
11421,Fang Xin,方昕,,,,0.0,100531.0,1.0,0.0,0.0,,0.0,0.0,,,0.0,0.0,,,0.0,,,0.0,,,,0.0,,,Fang,方,Xin,昕,15.0,62.0,"Fang(1) Xin [11421] Fujian TZ, 148.39b.",0.0,0.0,,,,,,,,,,,,,TTS,,0.0,2007-03-12 00:00:00,
11422,Fang Zhongyu,方仲宇,1037.0,5.0,,0.0,100531.0,1.0,0.0,0.0,,0.0,0.0,,,0.0,0.0,,,0.0,,,0.0,,,,0.0,,,Fang,方,Zhongyu,仲宇,15.0,62.0,"Fang(1) Zhongyu [11422] Fujian TZ, 147.24a. CBD, 1, 75.",0.0,0.0,,,,,,,,,,,,,TTS,BDQKH,1.0,2007-03-12 00:00:00,2008-10-18 00:00:00
11423,Fang Shuwan,方叔完,1034.0,12.0,11412.0,0.0,100531.0,1.0,0.0,0.0,,0.0,0.0,,,0.0,0.0,,,0.0,,,0.0,,,,0.0,,,Fang,方,Shuwan,叔完,15.0,62.0,"Fang(1) Shuwan [11423] CBD, 1, 77.",0.0,0.0,,,,,,,,,,,,,TTS,BDQKH,1.0,2007-03-12 00:00:00,2008-10-18 00:00:00
11424,Fang Cheng,方程,1101.0,13.0,,0.0,100531.0,1.0,0.0,0.0,,0.0,0.0,,,0.0,0.0,,,0.0,,,0.0,,,,0.0,,,Fang,方,Cheng,程,15.0,62.0,"Fang(1) Cheng [11424] See documentation for grandson, Shenquan [11427].",0.0,0.0,,,,,,,,,,,,,TTS,,0.0,2007-03-12 00:00:00,
11425,Fang Hao,方鎬,1131.0,1.0,,0.0,100531.0,1.0,0.0,0.0,,1131.0,541.0,1.0,0.0,1214.0,549.0,7.0,,84.0,0.0,,0.0,,,,0.0,,,Fang,方,Hao,鎬,15.0,62.0,"Fang(1) Hao [11425] Fujian TZ, 149.21a has him awarded the equivalent to the jinshi in this year because he passed the facilitated exam as #1. CBD, 1, 66.",0.0,0.0,,,,,,,,,,,,,TTS,BDQKH,1.0,2007-03-12 00:00:00,2008-10-18 00:00:00
11427,Fang Shenquan,方審權,1180.0,1.0,,0.0,100531.0,1.0,0.0,0.0,,1180.0,544.0,7.0,,1264.0,557.0,5.0,,85.0,,,0.0,,,,0.0,,,Fang,方,Shenquan,審權,15.0,62.0,"Fang(1) Shenquan [11427] According to Liu Kezhuang, 10 li north of the city walls there are cultivated fields of level land, fresh springs and old forests where this Fang(1) lineage all live together. Liu Kezhuang, 161.16a-17b. CBD, 1, 86.",0.0,0.0,,,,,,,,,,,,,TTS,BDQKH,1.0,2007-03-12 00:00:00,2008-10-18 00:00:00
11428,Fang Hui(2),方會,1046.0,5.0,,0.0,100531.0,1.0,0.0,0.0,,0.0,0.0,,,0.0,0.0,,,0.0,,1076.0,528.0,9.0,熙寧九年進士。,1111.0,536.0,1.0,政和中歷太子詹事。,Fang,方,Hui(2),會,15.0,62.0,"Fang(1) Hui(2) [11428] Fujian TZ, 147.27b. CBD, 1, 59-60.",0.0,0.0,,,,,,,,,,,,,TTS,BDQKH,1.0,2007-03-12 00:00:00,2008-10-17 00:00:00
11429,Fang Dunfu,方敦夫,1079.0,5.0,,0.0,100531.0,1.0,0.0,0.0,,0.0,0.0,,,0.0,0.0,,,0.0,,,0.0,,,,0.0,,,Fang,方,Dunfu,敦夫,15.0,62.0,"Fang(1) Dunfu [11429] Fujian TZ, 148.8a.",0.0,0.0,,,,,,,,,,,,,TTS,,0.0,2007-03-12 00:00:00,
11430,Fang Zhao,方昭,1075.0,5.0,,0.0,100531.0,1.0,0.0,0.0,,0.0,0.0,,,0.0,0.0,,,0.0,,,0.0,,,,0.0,,,Fang,方,Zhao,昭,15.0,62.0,"Fang(1) Zhao [11430] Fujian TZ, 148.4b.",0.0,0.0,,,,,,,,,,,,,TTS,,0.0,2007-03-12 00:00:00,
11431,Fang Shengzhi,方升之,1102.0,5.0,,0.0,100531.0,1.0,0.0,0.0,,0.0,0.0,,,0.0,0.0,,,0.0,,,0.0,,,,0.0,,,Fang,方,Shengzhi,升之,15.0,62.0,"Fang(1) Shengzhi [11431] Fujian TZ, 148.23a.",0.0,0.0,,,,,,,,,,,,,TTS,,0.0,2007-03-12 00:00:00,
11432,Fang Fengzhi,方豐之,1118.0,13.0,,0.0,100531.0,1.0,0.0,0.0,,0.0,0.0,,,0.0,0.0,,,0.0,,,0.0,,,,0.0,,,Fang,方,Fengzhi,豐之,15.0,62.0,"Fang(1) Fengzhi [11432] CBD, 1, 87-88.",0.0,0.0,,,,,,,,,,,,,TTS,BDQKH,1.0,2007-03-12 00:00:00,2008-10-18 00:00:00
11433,Fang Shiyao,方士繇,1148.0,1.0,,0.0,13894.0,1.0,0.0,0.0,,1148.0,541.0,18.0,0.0,1199.0,546.0,5.0,,52.0,0.0,,0.0,,,,0.0,,,Fang,方,Shiyao,士繇,15.0,62.0,"Fang(1) Shiyao [11433] Lu You, WJ, 36.5b-7a. CBD, 1, 70-71.",0.0,0.0,,,,,,,,,,,,,TTS,BDQKH,1.0,2007-03-12 00:00:00,2008-10-18 00:00:00
11436,Fang Yu(3),方遇,1152.0,11.0,11266.0,0.0,100531.0,1.0,0.0,0.0,,0.0,0.0,,,0.0,0.0,,,0.0,,,0.0,,,,0.0,,,Fang,方,Yu(3),遇,15.0,62.0,"Fang(1) Yu(3) [11436] See father documentation for father, Wan [11266].",0.0,0.0,,,,,,,,,,,,,TTS,,0.0,2007-03-12 00:00:00,
11440,Fang Guo,方過,1169.0,29.0,,0.0,100531.0,1.0,0.0,0.0,,,0.0,,,1232.0,551.0,5.0,,,,,0.0,,,,0.0,,,Fang,方,Guo,過,15.0,62.0,"Fang(1) Guo [11440] Fang Dacong, WJ, 35.11a-12b. The # 3 of his five daughters was a taoist nun. CBD, 1, 59.",0.0,0.0,,,,,,,,,,,,,TTS,BDQKH,1.0,2007-03-12 00:00:00,2008-10-17 00:00:00
11441,Fang Shi(3),方適,1152.0,11.0,11266.0,0.0,100531.0,1.0,0.0,0.0,,0.0,0.0,,,0.0,0.0,,,0.0,,,0.0,,,,0.0,,,Fang,方,Shi(3),適,15.0,62.0,"Fang(1) Shi(3) [11441] See documentation for father, Wan [11266].",0.0,0.0,,,,,,,,,,,,,TTS,,0.0,2007-03-12 00:00:00,
12028,Fang Su,方宿,993.0,14.0,,0.0,100531.0,1.0,0.0,0.0,,0.0,0.0,,,0.0,0.0,,,0.0,,,0.0,,,,0.0,,,Fang,方,Su,宿,15.0,62.0,"Fang(1) Su [12028] See documentation for great grandson-in-law, Cai(1) Tuan [7354].",0.0,0.0,,,,,,,,,,,,,TTS,,0.0,2007-03-12 00:00:00,
12029,Fang Song,方松,1085.0,13.0,,0.0,100531.0,1.0,0.0,0.0,,0.0,0.0,,,0.0,0.0,,,0.0,,,0.0,,,,0.0,,,Fang,方,Song,松,15.0,62.0,"Fang(1) Song [12029] According to Yang(2) Wanli's funerary inscription for his daughter (1115-1191), the Putian Fang were a great lineage (dazu) of Putian. See documentation for son-in-law, Cai(1) Tuan [7354].",0.0,0.0,,,,,,,,,,,,,TTS,,0.0,2007-03-12 00:00:00,
12456,Fang Lie,方烈,1136.0,5.0,,0.0,100531.0,1.0,0.0,0.0,,0.0,0.0,,,0.0,0.0,,,0.0,,,0.0,,,,0.0,,,Fang,方,Lie,烈,15.0,62.0,"Fang(1) Lie [12456] Fujian TZ, 149.5a.",0.0,0.0,,,,,,,,,,,,,TTS,,0.0,2007-03-12 00:00:00,
12457,Fang Lei,方耒,1136.0,5.0,,0.0,100531.0,1.0,0.0,0.0,,0.0,0.0,,,0.0,0.0,,,0.0,,1166.0,543.0,2.0,乾道二年進士。,,0.0,,,Fang,方,Lei,耒,15.0,62.0,"Fang(1) Lei [12457] Fujian TZ, 149.5a. CBD, 1, 50-51.",0.0,0.0,,,,,,,,,,,,,TTS,BDQKH,1.0,2007-03-12 00:00:00,2008-10-11 00:00:00
12458,Fang Wei,方渭,1136.0,5.0,,0.0,100531.0,1.0,0.0,0.0,,0.0,0.0,,,0.0,0.0,,,0.0,,,0.0,,,,0.0,,,Fang,方,Wei,渭,15.0,62.0,"Fang(1) Wei [12458] Fujian TZ, 149.5a.",0.0,0.0,,,,,,,,,,,,,TTS,,0.0,2007-03-12 00:00:00,
12461,Fang Yiliang,方翼亮,1127.0,28.0,11239.0,0.0,100531.0,1.0,0.0,0.0,,0.0,0.0,,,0.0,0.0,,,0.0,,,0.0,,,,0.0,,,Fang,方,Yiliang,翼亮,15.0,62.0,"Fang(1) Yiliang [12461] Fujian TZ, 149.5b.",0.0,0.0,,,,,,,,,,,,,TTS,,0.0,2007-03-12 00:00:00,
12464,Fang Zheng,方烝,1139.0,5.0,,0.0,100531.0,1.0,0.0,0.0,,0.0,0.0,,,0.0,0.0,,,0.0,,,0.0,,,,0.0,,,Fang,方,Zheng,烝,15.0,62.0,"Fang(1) Zheng [12464] Fujian TZ, 149.8a.",0.0,0.0,,,,,,,,,,,,,TTS,,0.0,2007-03-12 00:00:00,
12470,Fang Gongchen,方拱辰,1127.0,28.0,11239.0,0.0,100531.0,1.0,0.0,0.0,,0.0,0.0,,,0.0,0.0,,,0.0,,,0.0,,,,0.0,,,Fang,方,Gongchen,拱辰,15.0,62.0,"Fang(1) Gongchen [12470] Fujian TZ, 149.10b.",0.0,0.0,,,,,,,,,,,,,TTS,,0.0,2007-03-12 00:00:00,
12473,Fang Lu,方鹿,1125.0,22.0,,0.0,100531.0,1.0,0.0,0.0,,0.0,0.0,,,0.0,0.0,,,0.0,,,0.0,,,,0.0,,,Fang,方,Lu,鹿,15.0,62.0,"Fang(1) Lu [12473] Fujian TZ, 149.10b.",0.0,0.0,,,,,,,,,,,,,TTS,,0.0,2007-03-12 00:00:00,
12480,Fang Xiong,方夐,1145.0,5.0,,0.0,100531.0,1.0,0.0,0.0,,0.0,0.0,,,0.0,0.0,,,0.0,,,0.0,,,,0.0,,,Fang,方,Xiong,夐,15.0,62.0,"Fang(1) Xiong [12480] Fujian TZ, 149.12a.",0.0,0.0,,,,,,,,,,,,,TTS,HVDJCHEN,0.0,2007-03-12 00:00:00,2009-10-13 00:00:00
12483,Fang Shixue,方,1145.0,5.0,,0.0,100531.0,1.0,0.0,0.0,,0.0,0.0,,,0.0,0.0,,,0.0,,,0.0,,,,0.0,,,Fang,方,Shixue,,15.0,62.0,"Fang(1) Shixue [12483] Fujian TZ, 149.12a.",0.0,0.0,,,,,,,,,,,,,TTS,,0.0,2007-03-12 00:00:00,
12484,Fang Quan,方銓,1145.0,5.0,,0.0,100531.0,1.0,0.0,0.0,,0.0,0.0,,,0.0,0.0,,,0.0,,,0.0,,,,0.0,,,Fang,方,Quan,銓,15.0,62.0,"Fang(1) Quan [12484] Fujian TZ, 149.12a-12b. See also documentation for great granduncle, Jun(2) [11411], and son, Shenquan [11427].",0.0,0.0,,,,,,,,,,,,,TTS,,0.0,2007-03-12 00:00:00,
12489,Fang Che(2),方畟,1148.0,5.0,,0.0,100531.0,1.0,0.0,0.0,,0.0,0.0,,,0.0,0.0,,,0.0,,,0.0,,,,0.0,,,Fang,方,Che(2),畟,15.0,62.0,"Fang(1) Che(2) [12489] Fujian TZ, 149.14b.",0.0,0.0,,,,,,,,,,,,,TTS,HVDJCHEN,0.0,2007-03-12 00:00:00,2009-10-13 00:00:00
12490,Fang Tong(2),方同,1148.0,5.0,,0.0,100531.0,1.0,0.0,0.0,,0.0,0.0,,,0.0,0.0,,,0.0,,,0.0,,,,0.0,,,Fang,方,Tong(2),同,15.0,62.0,"Fang(1) Tong(2) [12490] Fujian TZ, 149.14b.",0.0,0.0,,,,,,,,,,,,,TTS,,0.0,2007-03-12 00:00:00,
12499,Fang Keda,方可達,1154.0,5.0,,0.0,100531.0,1.0,0.0,0.0,,0.0,0.0,,,0.0,0.0,,,0.0,,,0.0,,,,0.0,,,Fang,方,Keda,可達,15.0,62.0,"Fang(1) Keda [12499] Fujian TZ, 149.18b.",0.0,0.0,,,,,,,,,,,,,TTS,,0.0,2007-03-12 00:00:00,
12505,Fang Guan(?),方,1097.0,28.0,11215.0,0.0,100531.0,1.0,0.0,0.0,,0.0,0.0,,,0.0,0.0,,,0.0,,,0.0,,,,0.0,,,Fang,方,Guan(?),,15.0,62.0,"Fang(1) Guan(?) [12505] Fujian TZ, 149.19a.",0.0,0.0,,,,,,,,,,,,,TTS,,0.0,2007-03-12 00:00:00,
12507,Fang Yinggeng,方應庚,1099.0,28.0,11217.0,0.0,100531.0,1.0,0.0,0.0,,0.0,0.0,,,0.0,0.0,,,0.0,,,0.0,,,,0.0,,,Fang,方,Yinggeng,應庚,15.0,62.0,"Fang(1) Yinggeng [12507] Fujian TZ, 149.19a.",0.0,0.0,,,,,,,,,,,,,TTS,,0.0,2007-03-12 00:00:00,
12510,Fang Yongzhi,方泳之,1156.0,1.0,,0.0,100531.0,1.0,0.0,0.0,,1156.0,541.0,26.0,,1214.0,549.0,7.0,,59.0,,,0.0,,,,0.0,,,Fang,方,Yongzhi,泳之,15.0,62.0,"Fang(1) Yongzhi [12510] Fujian TZ, 149.20b.",0.0,0.0,,,,,,,,,,,,,TTS,BDQKH,1.0,2007-03-12 00:00:00,2008-10-18 00:00:00
12511,Fang Ren(2),方壬,1147.0,1.0,,0.0,100531.0,1.0,0.0,0.0,,1147.0,541.0,17.0,,1196.0,546.0,2.0,,50.0,0.0,,0.0,,,,0.0,,,Fang,方,Ren(2),壬,15.0,62.0,"Fang(1) Ren(2) [12511] Fujian TZ, 149.20b. Liu Kezhuang, WJ, 151.9a-11a. CBD, 1, 49.",0.0,0.0,,,,,,,,,,,,,TTS,BDQKH,1.0,2007-03-12 00:00:00,2008-10-11 00:00:00
12532,Fang Shihuang,方士璜,,,,0.0,100531.0,1.0,0.0,0.0,,0.0,0.0,,,0.0,0.0,,,0.0,,,0.0,,,,0.0,,,Fang,方,Shihuang,士璜,15.0,62.0,"Fang(1) Shihuang [12532] Fujian TZ, 149.23b.",0.0,0.0,,,,,,,,,,,,,TTS,,0.0,2007-03-12 00:00:00,
12533,Fang Ji(3),方稷,,,,0.0,100531.0,1.0,0.0,0.0,,0.0,0.0,,,0.0,0.0,,,0.0,,,0.0,,,,0.0,,,Fang,方,Ji(3),稷,15.0,62.0,"Fang(1) Ji(3) [12533] Fujian TZ, 149.23b.",0.0,0.0,,,,,,,,,,,,,TTS,,0.0,2007-03-12 00:00:00,
12538,Fang Jiang,方將,,,,0.0,100531.0,1.0,0.0,0.0,,0.0,0.0,,,0.0,0.0,,,0.0,,,0.0,,,,0.0,,,Fang,方,Jiang,將,15.0,62.0,"Fang(1) Jiang [12538] Fujian TZ, 149.23b.",0.0,0.0,,,,,,,,,,,,,TTS,,0.0,2007-03-12 00:00:00,
12541,Fang Ying,方鷹,1109.0,28.0,11234.0,0.0,100531.0,1.0,0.0,0.0,,0.0,0.0,,,0.0,0.0,,,0.0,,,0.0,,,,0.0,,,Fang,方,Ying,鷹,15.0,62.0,"Fang(1) Ying [12541] Fujian TZ, 149.24a.",0.0,0.0,,,,,,,,,,,,,TTS,,0.0,2007-03-12 00:00:00,
12555,Fang Ruliang,方孺良,1166.0,5.0,,0.0,100531.0,1.0,0.0,0.0,,0.0,0.0,,,0.0,0.0,,,0.0,,,0.0,,,,0.0,,,Fang,方,Ruliang,孺良,15.0,62.0,"Fang(1) Ruliang [12555] Fujian TZ, 149.28b.",0.0,0.0,,,,,,,,,,,,,TTS,,0.0,2007-03-12 00:00:00,
12578,Fang Lai,方來,1147.0,12.0,25812.0,0.0,100531.0,1.0,0.0,0.0,,0.0,0.0,,,0.0,0.0,,,0.0,,,0.0,,,,0.0,,,Fang,方,Lai,來,15.0,62.0,"Fang(1) Lai [12578] Fujian TZ, 149.32a.",0.0,0.0,,,,,,,,,,,,,TTS,,0.0,2007-03-12 00:00:00,
12581,Fang Shen,方申,1149.0,19.0,,0.0,100531.0,1.0,0.0,0.0,,0.0,0.0,,,0.0,0.0,,,0.0,,,0.0,,,,0.0,,,Fang,方,Shen,申,15.0,62.0,"Fang(1) Shen [12581] Fujian TZ, 149.32a.",0.0,0.0,,,,,,,,,,,,,TTS,,0.0,2007-03-12 00:00:00,
12583,Fang Shijie,方士玠,,,,0.0,100531.0,1.0,0.0,0.0,,0.0,0.0,,,0.0,0.0,,,0.0,,,0.0,,,,0.0,,,Fang,方,Shijie,士玠,15.0,62.0,"Fang(1) Shijie [12583] Fujian TZ, 149.32a.",0.0,0.0,,,,,,,,,,,,,TTS,,0.0,2007-03-12 00:00:00,
12584,Fang Ben,方賁,1097.0,28.0,11215.0,0.0,100531.0,1.0,0.0,0.0,,0.0,0.0,,,0.0,0.0,,,0.0,,,0.0,,,,0.0,,,Fang,方,Ben,賁,15.0,62.0,"Fang(1) Ben [12584] Fujian TZ, 149.32a.",0.0,0.0,,,,,,,,,,,,,TTS,,0.0,2007-03-12 00:00:00,
12623,Fang Zong,方淙,1172.0,5.0,,0.0,13949.0,1.0,0.0,0.0,,0.0,0.0,,,0.0,0.0,,,0.0,,,0.0,,,,0.0,,,Fang,方,Zong,淙,15.0,62.0,"Fang(1) Zong [12623] Fujian TZ, 149.34a.",0.0,0.0,,,,,,,,,,,,,TTS,BDQKH,1.0,2007-03-12 00:00:00,2008-10-17 00:00:00
12642,Fang Cai(2),方蔡,,,,0.0,100531.0,1.0,0.0,0.0,,0.0,0.0,,,0.0,0.0,,,0.0,,,0.0,,,,0.0,,,Fang,方,Cai(2),蔡,15.0,62.0,"Fang(1) Cai(2) [12642] Fujian TZ, 149.37b.",0.0,0.0,,,,,,,,,,,,,TTS,,0.0,2007-03-12 00:00:00,
12664,Fang Yong(2),方雍,,,,0.0,100531.0,1.0,0.0,0.0,,0.0,0.0,,,0.0,0.0,,,0.0,,,0.0,,,,0.0,,,Fang,方,Yong(2),雍,15.0,62.0,"Fang(1) Yong(2) [12664] Fujian TZ, 149.43a.",0.0,0.0,,,,,,,,,,,,,TTS,,0.0,2007-03-12 00:00:00,
12676,Fang Leizhen,方雷震,1184.0,5.0,,0.0,100531.0,1.0,0.0,0.0,,0.0,0.0,,,0.0,0.0,,,0.0,,,0.0,,,,0.0,,,Fang,方,Leizhen,雷震,15.0,62.0,"Fang(1) Leizhen [12676] Fujian TZ, 149.45a.",0.0,0.0,,,,,,,,,,,,,TTS,,0.0,2007-03-12 00:00:00,
12679,Fang Ji(4),方汲,,,,0.0,100531.0,1.0,0.0,0.0,,0.0,0.0,,,0.0,0.0,,,0.0,,,0.0,,,,0.0,,,Fang,方,Ji(4),汲,15.0,62.0,"Fang(1) Ji(4) [12679] Fujian TZ, 149.45b.",0.0,0.0,,,,,,,,,,,,,TTS,,0.0,2007-03-12 00:00:00,
12688,Fang Qixue,方起學,,,,0.0,100531.0,1.0,0.0,0.0,,0.0,0.0,,,0.0,0.0,,,0.0,,,0.0,,,,0.0,,,Fang,方,Qixue,起學,15.0,62.0,"Fang(1) Qixue [12688] Fujian TZ, 149.48a.",0.0,0.0,,,,,,,,,,,,,TTS,,0.0,2007-03-12 00:00:00,
12713,Fang Xuan,方萱,1127.0,28.0,11239.0,0.0,100531.0,1.0,0.0,0.0,,0.0,0.0,,,0.0,0.0,,,0.0,,,0.0,,,,0.0,,,Fang,方,Xuan,萱,15.0,62.0,"Fang(1) Xuan [12713] Fujian TZ, 149.50b.",0.0,0.0,,,,,,,,,,,,,TTS,,0.0,2007-03-12 00:00:00,
12714,Fang Linxiu,方林秀,,,,0.0,100531.0,1.0,0.0,0.0,,0.0,0.0,,,0.0,0.0,,,0.0,,,0.0,,,,0.0,,,Fang,方,Linxiu,林秀,15.0,62.0,"Fang(1) Linxiu [12714] Fujian TZ, 149.50b.",0.0,0.0,,,,,,,,,,,,,TTS,,0.0,2007-03-12 00:00:00,
12774,Fang Dongshu,方洞叔,1196.0,5.0,,0.0,100531.0,1.0,0.0,0.0,,0.0,0.0,,,0.0,0.0,,,0.0,,,0.0,,,,0.0,,,Fang,方,Dongshu,洞叔,15.0,62.0,"Fang(1) Dongshu [12774] Fujian TZ, 150.2b.",0.0,0.0,,,,,,,,,,,,,TTS,,0.0,2007-03-12 00:00:00,
12801,Fang Leizuo,方雷作,1196.0,5.0,,0.0,100531.0,1.0,0.0,0.0,,0.0,0.0,,,0.0,0.0,,,0.0,,,0.0,,,,0.0,,,Fang,方,Leizuo,雷作,15.0,62.0,"Fang(1) Leizuo [12801] Fujian TZ, 150.3a.",0.0,0.0,,,,,,,,,,,,,TTS,,0.0,2007-03-12 00:00:00,
12806,Fang Leihuan,方雷渙,1199.0,5.0,,0.0,100531.0,1.0,0.0,0.0,,0.0,0.0,,,0.0,0.0,,,0.0,,,0.0,,,,0.0,,,Fang,方,Leihuan,雷渙,15.0,62.0,"Fang(1) Leihuan [12806] Fujian TZ, 150.6b.",0.0,0.0,,,,,,,,,,,,,TTS,,0.0,2007-03-12 00:00:00,
12817,Fang Zhitai,方之泰,1204.0,1.0,,0.0,100531.0,1.0,0.0,0.0,,1204.0,547.0,4.0,0.0,1254.0,555.0,2.0,,51.0,0.0,,0.0,,,,0.0,,,Fang,方,Zhitai,之泰,15.0,62.0,"Fang(1) Zhitai [12817] He is indexed in both Aoyama and CBD under zi, Yanzhong, and again in CBD, under mingzi. Fujian TZ, 150.9b. Liu Kezhuang, WJ, 157.15a-16b. CBD, 1, 49, 71.",0.0,0.0,,,,,,,,,,,,,TTS,BDQKH,1.0,2007-03-12 00:00:00,2008-10-18 00:00:00
12832,Fang Yuanjun,方元鈞,1179.0,12.0,12581.0,0.0,100531.0,1.0,0.0,0.0,,0.0,0.0,,,0.0,0.0,,,0.0,,,0.0,,,,0.0,,,Fang,方,Yuanjun,元鈞,15.0,62.0,"Fang(1) Yuanjun [12832] Fujian TZ, 150.10b.",0.0,0.0,,,,,,,,,,,,,TTS,,0.0,2007-03-12 00:00:00,
12859,Fang Kechang,方克昌,1207.0,5.0,,0.0,100531.0,1.0,0.0,0.0,,0.0,0.0,,,0.0,0.0,,,0.0,,,0.0,,,,0.0,,,Fang,方,Kechang,克昌,15.0,62.0,"Fang(1) Kechang [12859] Fujian TZ, 150.14b.",0.0,0.0,,,,,,,,,,,,,TTS,,0.0,2007-03-12 00:00:00,
12860,Fang Kesi,方克嗣,1207.0,5.0,,0.0,100531.0,1.0,0.0,0.0,,0.0,0.0,,,0.0,0.0,,,0.0,,,0.0,,,,0.0,,,Fang,方,Kesi,克嗣,15.0,62.0,"Fang(1) Kesi [12860] Fujian TZ, 150.14b has 8th generation descendant of Shencong [3299], but if the generation name is the same as Kechang [12859], as seems most probable, then Kesi would be a 7th generation descendant.",0.0,0.0,,,,,,,,,,,,,TTS,,0.0,2007-03-12 00:00:00,
12874,Fang Zao,方藻,,,,0.0,100531.0,1.0,0.0,0.0,,0.0,0.0,,,0.0,0.0,,,0.0,,,0.0,,,,0.0,,,Fang,方,Zao,藻,15.0,62.0,"Fang(1) Zao [12874] Fujian TZ, 150.18a.",0.0,0.0,,,,,,,,,,,,,TTS,,0.0,2007-03-12 00:00:00,
12892,Fang Huchen,方虎臣,1217.0,5.0,,0.0,100531.0,1.0,0.0,0.0,,0.0,0.0,,,0.0,0.0,,,0.0,,,0.0,,,,0.0,,,Fang,方,Huchen,虎臣,15.0,62.0,"Fang(1) Huchen [12892] Fujian TZ, 150.22a.",0.0,0.0,,,,,,,,,,,,,TTS,,0.0,2007-03-12 00:00:00,
12901,Fang Dajun,方大鈞,1182.0,27.0,11266.0,0.0,100531.0,1.0,0.0,0.0,,0.0,0.0,,,0.0,0.0,,,0.0,,,0.0,,,,0.0,,,Fang,方,Dajun,大鈞,15.0,62.0,"Fang(1) Dajun [12901] Fujian TZ, 150.24a.",0.0,0.0,,,,,,,,,,,,,TTS,,0.0,2007-03-12 00:00:00,
12908,Fang Yifu,方義夫,1225.0,1.0,,0.0,100531.0,1.0,0.0,0.0,,1225.0,550.0,1.0,,,0.0,,,,,,0.0,,,,0.0,,,Fang,方,Yifu,義夫,15.0,62.0,"Index year algorithmically generated: Rule 3; 本貫興化軍莆田縣; Fang(1) Yifu [12908] Fujian TZ, 150.28a. CBD, 1, 83.",0.0,0.0,2.0,,29.0,,,,,,,,,,TTS,BDQKH,1.0,2007-03-12 00:00:00,2008-10-18 00:00:00
12909,Fang Linsun,方霖孫,1215.0,1.0,,0.0,100531.0,1.0,0.0,0.0,,1215.0,549.0,8.0,,,0.0,,,,,,0.0,,,,0.0,,,Fang,方,Linsun,霖孫,15.0,62.0,"Index year algorithmically generated: Rule 3; 本貫興化軍莆田縣; Fang(1) Linsun [12909] Fujian TZ, 150.28a. CBD, 1, 87.",0.0,0.0,11.0,,6.0,,,,,,,,,,TTS,BDQKH,1.0,2007-03-12 00:00:00,2008-10-18 00:00:00
12913,Fang Daheng,方大亨,,,,0.0,100531.0,1.0,0.0,0.0,,0.0,0.0,,,0.0,0.0,,,0.0,,,0.0,,,,0.0,,,Fang,方,Daheng,大亨,15.0,62.0,"Fang(1) Daheng [12913] Fujian TZ, 150.29a.",0.0,0.0,,,,,,,,,,,,,TTS,,0.0,2007-03-12 00:00:00,
12915,Fang Shiwu,方時戊,,,,0.0,100531.0,1.0,0.0,0.0,,0.0,0.0,,,0.0,0.0,,,0.0,,,0.0,,,,0.0,,,Fang,方,Shiwu,時戊,15.0,62.0,"Fang(1) Shiwu [12915] Fujian TZ, 150.29a.",0.0,0.0,,,,,,,,,,,,,TTS,,0.0,2007-03-12 00:00:00,
12916,Fang Chensun,方辰孫,1229.0,5.0,,0.0,100531.0,1.0,0.0,0.0,,0.0,0.0,,,0.0,0.0,,,0.0,,,0.0,,,,0.0,,,Fang,方,Chensun,辰孫,15.0,62.0,"Fang(1) Chensun [12916] Fujian TZ, 150.29b.",0.0,0.0,,,,,,,,,,,,,TTS,,0.0,2007-03-12 00:00:00,
12917,Fang Zhongli,方仲立,,,,0.0,100531.0,1.0,0.0,0.0,,0.0,0.0,,,0.0,0.0,,,0.0,,,0.0,,,,0.0,,,Fang,方,Zhongli,仲立,15.0,62.0,"Fang(1) Zhongli [12917] Fujian TZ, 150.30a.",0.0,0.0,,,,,,,,,,,,,TTS,,0.0,2007-03-12 00:00:00,
12918,Fang Yingji,方應箕,,,,0.0,100531.0,1.0,0.0,0.0,,0.0,0.0,,,0.0,0.0,,,0.0,,,0.0,,,,0.0,,,Fang,方,Yingji,應箕,15.0,62.0,"Fang(1) Yingji [12918] Fujian TZ, 150.30a.",0.0,0.0,,,,,,,,,,,,,TTS,,0.0,2007-03-12 00:00:00,
12919,Fang Junzhi,方鈞之,1199.0,28.0,12464.0,0.0,100531.0,1.0,0.0,0.0,,0.0,0.0,,,0.0,0.0,,,0.0,,,0.0,,,,0.0,,,Fang,方,Junzhi,鈞之,15.0,62.0,"Fang(1) Junzhi [12919] Fujian TZ, 150.30a.",0.0,0.0,,,,,,,,,,,,,TTS,,0.0,2007-03-12 00:00:00,
12924,Fang Yande,方巖得,1238.0,5.0,,0.0,100531.0,1.0,0.0,0.0,,0.0,0.0,,,0.0,0.0,,,0.0,,,0.0,,,,0.0,,,Fang,方,Yande,巖得,15.0,62.0,"Fang(1) Yande [12924] Fujian TZ, 150.34a.",0.0,0.0,,,,,,,,,,,,,TTS,,0.0,2007-03-12 00:00:00,
16930,Fang Zhonggong,方仲弓,978.0,5.0,,0.0,12852.0,1.0,0.0,0.0,,0.0,0.0,,,0.0,0.0,,,0.0,,,0.0,,,,0.0,,,Fang,方,Zhonggong,仲弓,15.0,62.0,"Fang(1) Zhonggong [16930] Huizhou FZ, 6.4a. Kinship based on address, generational name and chronological logic. CBD, 1, 75.",0.0,0.0,,,,,,,,,,,,,TTS,BDQKH,1.0,2007-03-12 00:00:00,2008-10-18 00:00:00
16931,Fang Hong,方紘,0.0,1.0,,0.0,15786.0,1.0,0.0,0.0,,0.0,0.0,,,0.0,0.0,,,0.0,,,0.0,,,,0.0,,,Fang,方,Hong,紘,29.0,62.0,"Fang(1) Hong [16931] He held office in Danyang jun and settled in She's most eastern xiang, which was Song Chunan county, which may mean that the the Shejun Fang all descend from residents of modern Zhejiang rather than Anhui. See documentation for descendant, Fengchen [3294].",0.0,0.0,,,,,,,,,,,,,TTS,,0.0,2007-03-12 00:00:00,
16932,Fang Qi(2),方,0.0,1.0,,0.0,15786.0,1.0,0.0,0.0,,0.0,0.0,,,0.0,0.0,,,0.0,,,0.0,,,,0.0,,,Fang,方,Qi(2),,29.0,62.0,"Fang(1) Qi(2) [16932] Both he and his younger brother, Chu [16933], were students and lecturers on the Meng shi version of the Yijing. Renming Da cidian, p. 64.",0.0,0.0,,,,,,,,,,,,,TTS,,0.0,2007-03-12 00:00:00,
16933,Fang Chu,方儲,0.0,1.0,,0.0,15786.0,1.0,0.0,0.0,,0.0,0.0,,,0.0,0.0,,,0.0,,,0.0,,,,0.0,,,Fang,方,Chu,儲,29.0,62.0,"Fang(1) Chu [16933] See also documentation for elder brother, Qi(2) [16932], and descendant, Fengchen [3294]. Renming Da cidian, p. 65.",0.0,0.0,,,,,,,,,,,,,TTS,,0.0,2007-03-12 00:00:00,
16934,Fang Ruyi,方汝翼,1131.0,14.0,,0.0,12736.0,1.0,0.0,0.0,,0.0,0.0,,,0.0,0.0,,,0.0,,,0.0,,,,0.0,,,Fang,方,Ruyi,汝翼,15.0,62.0,"Fang(1) Ruyi [16934] See documentation for great grandson, Fengchen [3294].",0.0,0.0,,,,,,,,,,,,,TTS,,0.0,2007-03-12 00:00:00,
16935,Fang Qian,方謙,1161.0,14.0,,0.0,12736.0,1.0,0.0,0.0,,0.0,0.0,,,0.0,0.0,,,0.0,,,0.0,,,,0.0,,,Fang,方,Qian,謙,15.0,62.0,"Fang(1) Qian [16935] See documentation for grandson, Fengchen [3294].",0.0,0.0,,,,,,,,,,,,,TTS,,0.0,2007-03-12 00:00:00,
16936,Fang Rong(2),方鎔,1191.0,13.0,,0.0,12736.0,1.0,0.0,0.0,,0.0,0.0,,,0.0,0.0,,,0.0,,,0.0,,,,0.0,,,Fang,方,Rong(2),鎔,15.0,62.0,"Fang(1) Rong(2) [16936] CBD, 1, 66.",0.0,0.0,,,,,,,,,,,,,TTS,BDQKH,1.0,2007-03-12 00:00:00,2008-10-18 00:00:00
16937,Fang Fengzhen,方逢振,1232.0,5.0,,0.0,12736.0,1.0,0.0,0.0,,0.0,0.0,,,0.0,0.0,,,0.0,,,0.0,,,,0.0,,,Fang,方,Fengzhen,逢振,15.0,62.0,"Fang(1) Fengzhen [16937] Zhejiang TZ, 128.30a. CBD, 1, 83; WDY, 1, 69-70.",0.0,0.0,,,,,,,,,,,,,TTS,BDQKH,1.0,2007-03-12 00:00:00,2008-10-18 00:00:00
16938,Fang Fengjia,方逢嘉,1223.0,19.0,,0.0,18318.0,1.0,0.0,0.0,,0.0,0.0,,,0.0,0.0,,,0.0,,,0.0,,,,0.0,,,Fang,方,Fengjia,逢嘉,18.0,62.0,"Fang(1) Fengjia [16938] CBD, 1, 83.",0.0,0.0,,,,,,,,,,,,,TTS,BDQKH,1.0,2007-03-12 00:00:00,2008-10-18 00:00:00
16939,Fang Yikui,方一夔,1281.0,27.0,3294.0,0.0,18318.0,1.0,0.0,0.0,,,0.0,,,,0.0,,,,,1270.0,0.0,,auto-generated from date mentioned in bio,,0.0,,,Fang,方,Yikui,一夔,18.0,62.0,"Fang(1) Yikui [16939] CBD, 1, 67; WDY, 1, 64.亦據元人傳記資料索引電子版328",0.0,0.0,,,,,,,,,,,,,TTS,BDQKH,1.0,2007-03-12 00:00:00,2008-10-18 00:00:00
16940,Fang Daorui,方道叡,1300.0,5.0,,0.0,18318.0,1.0,0.0,0.0,,,0.0,,,,0.0,,,,,1348.0,636.0,8.0,至正八年調嘉興路推官,,0.0,,,Fang,方,Daorui,道叡,18.0,62.0,"Fang(1) Daorui [16940] Zhejiang TZ, 129.36b (juren in 1329). He refused to take office under Ming. WDY, 1, 70.登至順元年進士",0.0,0.0,,,,,,,,,,,,,TTS,,1.0,2007-03-12 00:00:00,
16941,Fang Fengbing,方逢炳,1238.0,5.0,,0.0,12734.0,1.0,0.0,0.0,,0.0,0.0,,,0.0,0.0,,,0.0,,,0.0,,,,0.0,,,Fang,方,Fengbing,逢炳,15.0,62.0,"Fang(1) Fengbing [16941] Zhejiang TZ, 129.7a. Kinship based on generational name, address and chronological logic.",0.0,0.0,,,,,,,,,,,,,TTS,,0.0,2007-03-12 00:00:00,
16942,Fang Fengchang,方逢昌,1244.0,5.0,,0.0,12734.0,1.0,0.0,0.0,,0.0,0.0,,,0.0,0.0,,,0.0,,,0.0,,,,0.0,,,Fang,方,Fengchang,逢昌,15.0,62.0,"Fang(1) Fengchang [16942] Zhejiang TZ, 129.14b. Kinship based on generational name, address and chronological logic.",0.0,0.0,,,,,,,,,,,,,TTS,,0.0,2007-03-12 00:00:00,
16943,Fang Huai,方槐,1232.0,5.0,,0.0,12690.0,1.0,0.0,0.0,,0.0,0.0,,,0.0,0.0,,,0.0,,,0.0,,,,0.0,,,Fang,方,Huai,槐,15.0,62.0,"Fang(1) Huai(2) [17029] YLDD, 2368.10a. Also listed as a Yanzhou jinshi in Zhejiang TZ, 128.30a. He has the same generational indicator as the sons and nephews of Fang(1) Fengchen [3294].",0.0,0.0,,,,,,,,,,,,,TTS,,0.0,2007-03-12 00:00:00,
16944,Fang Youkai,方有開,1124.0,1.0,,0.0,12852.0,1.0,0.0,0.0,,1124.0,540.0,1.0,,1186.0,544.0,13.0,,63.0,,,0.0,,,,0.0,,,Fang,方,Youkai,有開,15.0,62.0,"Fang(1) Youkai [16944] Sun Yingshi, WJ, 11.13b-26b; SHY:ZG, 72.8a, 50b. His three sons were students of Lu(9) Zuqian [7055], who was Yanzhou prefectural school superintendant in 1169-70 (Jingding Yanzhou Xinding xuzhi). CBD, 1, 74-5.From Hartwell's ACTIVITY table:1184:  Dismissed to a provincial post from Sinong sicheng1189:  Demoted 5 ranks (guan) and dismissed as Huainan yinpan concurrnetly tiju",0.0,0.0,,,,,,,,,,,,,TTS,BDQKH,1.0,2007-03-12 00:00:00,2008-10-18 00:00:00
16945,Fang Zhongmou,方仲謀,1027.0,5.0,,0.0,12734.0,1.0,0.0,0.0,,0.0,0.0,,,0.0,0.0,,,0.0,,,0.0,,,,0.0,,,Fang,方,Zhongmou,仲謀,15.0,62.0,"Fang(1) Zhongmou [16945] Zhejiang TZ, 123.28b. CBD, 1, 75.",0.0,0.0,,,,,,,,,,,,,TTS,BDQKH,1.0,2007-03-12 00:00:00,2008-10-18 00:00:00
16946,Fang Yin,方誾,1073.0,5.0,,0.0,12736.0,1.0,0.0,0.0,,0.0,0.0,,,0.0,0.0,,,0.0,,,0.0,,,,0.0,,,Fang,方,Yin,誾,15.0,62.0,"Fang(1) Yin [16946] Zhejiang TZ, 124.15b. Entered the imperial university at age 18. CBD, 1, 63.",0.0,0.0,,,,,,,,,,,,,TTS,BDQKH,1.0,2007-03-12 00:00:00,2008-10-18 00:00:00
16947,Fang Wen,方聞,1074.0,5.0,,0.0,12736.0,1.0,0.0,0.0,,0.0,0.0,,,0.0,0.0,,,0.0,,,0.0,,,,0.0,,,Fang,方,Wen,聞,15.0,62.0,"Fang(1) Wen [16947] Zhejiang TZ, 124.16a (see Fujian TZ for jinshi by grace in this year). CBD, 1, 63.",0.0,0.0,,,,,,,,,,,,,TTS,BDQKH,1.0,2007-03-12 00:00:00,2008-10-18 00:00:00
16948,Fang Hong(2),方閎,1079.0,5.0,,0.0,12736.0,1.0,0.0,0.0,,0.0,0.0,,,0.0,0.0,,,0.0,,,0.0,,,,0.0,,,Fang,方,Hong(2),閎,15.0,62.0,"Fang(1) Hong(2) [16948] Zhejiang TZ, 124.20a. CBD, 1, 63.",0.0,0.0,,,,,,,,,,,,,TTS,,0.0,2007-03-12 00:00:00,
16949,Fang Yan(3),方顏,1034.0,14.0,,0.0,12734.0,1.0,0.0,0.0,,0.0,0.0,,,0.0,0.0,,,0.0,,,0.0,,,,0.0,,,Fang,方,Yan(3),顏,15.0,62.0,"Fang(1) Yan(3) [16949] See documentation for great grandson, Youkai [16944].",0.0,0.0,,,,,,,,,,,,,TTS,,0.0,2007-03-12 00:00:00,
16950,Fang Liang,方良,1064.0,14.0,,0.0,12736.0,1.0,0.0,0.0,,0.0,0.0,,,0.0,0.0,,,0.0,,,0.0,,,,0.0,,,Fang,方,Liang,良,15.0,62.0,"Fang(1) Liang [16950] See documentation for grandson, Youkai [16944].",0.0,0.0,,,,,,,,,,,,,TTS,,0.0,2007-03-12 00:00:00,
16951,Fang Gang(2),方綱,1094.0,13.0,,0.0,12852.0,1.0,0.0,0.0,,0.0,0.0,,,0.0,0.0,,,0.0,,,0.0,,,,0.0,,,Fang,方,Gang(2),綱,15.0,62.0,"Fang(1) Gang(2) [16951] First to educate his sons.See documentation for son, Youkai [16944]. CBD, 1, 62.",0.0,0.0,,,,,,,,,,,,,TTS,BDQKH,1.0,2007-03-12 00:00:00,2008-10-18 00:00:00
16952,Fang Jing(2),方璟,1154.0,11.0,16944.0,0.0,12736.0,1.0,0.0,0.0,,0.0,0.0,,,0.0,0.0,,,0.0,,,0.0,,,,0.0,,,Fang,方,Jing(2),璟,15.0,62.0,"Fang(1) Jing(2) [16952] See also documentation for father, Youkai [16944]. CBD, 1, 74.",0.0,0.0,,,,,,,,,,,,,TTS,,0.0,2007-03-12 00:00:00,
16953,Fang Ju,方琚,1154.0,11.0,16944.0,0.0,12736.0,1.0,0.0,0.0,,0.0,0.0,,,0.0,0.0,,,0.0,,,0.0,,,,0.0,,,Fang,方,Ju,琚,15.0,62.0,"Fang(1) Ju [16953] See also documentation for father, Youkai [16944]. CBD, 1, 75.",0.0,0.0,,,,,,,,,,,,,TTS,BDQKH,1.0,2007-03-12 00:00:00,2008-10-18 00:00:00
16954,Fang Hu(3),方琥,1154.0,11.0,16944.0,0.0,12736.0,1.0,0.0,0.0,,0.0,0.0,,,0.0,0.0,,,0.0,,,0.0,,,,0.0,,,Fang,方,Hu(3),琥,15.0,62.0,"Fang(1) Hu(3) [16954] Third and youngest son of Youkai [16944] (q.v.), who became the heir of a member of the Zhong(3) lineage: a true uxorilocal marriage. CBD, 1, 75.",0.0,0.0,,,,,,,,,,,,,TTS,BDQKH,1.0,2007-03-12 00:00:00,2008-10-18 00:00:00
16973,Fang Tianji,方天驥,1195.0,1.0,,0.0,12736.0,1.0,0.0,0.0,,1195.0,546.0,1.0,,1256.0,555.0,4.0,,62.0,,,0.0,,,,0.0,,,Fang,方,Tianji,天驥,15.0,62.0,"Fang(1) Tianji [16973] Fang Fengchen, WJ, 7.46a-47b (including wife, born Pan, who died in 1270 at age of 75). CBD, 1, 73.",0.0,0.0,,,,,,,,,,,,,TTS,BDQKH,1.0,2007-03-12 00:00:00,2008-10-18 00:00:00
16974,Fang Shouyin,方守禋,932.0,14.0,,0.0,16035.0,1.0,0.0,0.0,,0.0,0.0,,,0.0,0.0,,,0.0,,,0.0,,,,0.0,,,Fang,方,Shouyin,守禋,12.0,62.0,"Fang(1) Shouyin [16974] See documentation for grandson, Xie [597].",0.0,0.0,,,,,,,,,,,,,TTS,,0.0,2007-03-12 00:00:00,
16987,Fang Xichun,方希純,,,,0.0,100531.0,1.0,0.0,0.0,,0.0,0.0,,,0.0,0.0,,,0.0,,,0.0,,,,0.0,,,Fang,方,Xichun,希純,15.0,62.0,"Fang(1) Xichun [16987] See documentation for father-in-law, Zhang(1) Ciyuan [7016]. Agnatic kinship based on generational name and chronological logic.",0.0,0.0,,,,,,,,,,,,,TTS,,0.0,2007-03-12 00:00:00,
16988,Fang Shu,方淑,,,,0.0,16035.0,1.0,0.0,0.0,,0.0,0.0,,,0.0,0.0,,,0.0,,,0.0,,,,0.0,,,Fang,方,Shu,淑,6.0,62.0,"Fang(1) Shu [16988] See documentation for descendant, Yanfan [3292].",0.0,0.0,,,,,,,,,,,,,TTS,,0.0,2007-03-12 00:00:00,
16989,Fang Renyue,方仁岳,940.0,14.0,,0.0,100531.0,1.0,0.0,0.0,,0.0,0.0,,,0.0,0.0,,,0.0,,,0.0,,,,0.0,,,Fang,方,Renyue,仁岳,15.0,62.0,"Fang(1) Renyue [16989] See documentation for father, Tingfan [3292].",0.0,0.0,,,,,,,,,,,,,TTS,,0.0,2007-03-12 00:00:00,
16990,Fang Zao(2),方早,1030.0,28.0,3297.0,0.0,100531.0,1.0,0.0,0.0,,0.0,0.0,,,0.0,0.0,,,0.0,,,0.0,,,,0.0,,,Fang,方,Zao(2),早,15.0,62.0,"Fang(1) Zao(2) [16990] See documentation for great grandson, Songqing [7110].",0.0,0.0,,,,,,,,,,,,,TTS,,0.0,2007-03-12 00:00:00,
16991,Fang Yuan,方淵,1075.0,14.0,,0.0,100531.0,1.0,0.0,0.0,,0.0,0.0,,,0.0,0.0,,,0.0,,,0.0,,,,0.0,,,Fang,方,Yuan,淵,15.0,62.0,"Fang(1) Yuan [16991] See documentation for grandson, Songqing [7110].",0.0,0.0,,,,,,,,,,,,,TTS,,0.0,2007-03-12 00:00:00,
16992,Fang Xian(2),方憲,1105.0,13.0,,0.0,100531.0,1.0,0.0,0.0,,0.0,0.0,,,0.0,0.0,,,0.0,,,0.0,,,,0.0,,,Fang,方,Xian(2),憲,15.0,62.0,"Fang(1) Xian(2) [16992] He died young. CBD, 1, 65.",0.0,0.0,,,,,,,,,,,,,TTS,BDQKH,1.0,2007-03-12 00:00:00,2008-10-18 00:00:00
16993,Fang Zuoyue,方左鉞,1199.0,1.0,,0.0,100531.0,1.0,0.0,0.0,,1199.0,546.0,5.0,,1223.0,549.0,16.0,,25.0,,,0.0,,,,0.0,,,Fang,方,Zuoyue,左鉞,15.0,62.0,"Fang(1) Zuoyue [16993] Liu Kezhuang, WJ, 148.5b-6b. CBD, 1, 80.",0.0,0.0,,,,,,,,,,,,,TTS,BDQKH,1.0,2007-03-12 00:00:00,2008-10-18 00:00:00
17026,Fang Cifu,方賜復,1172.0,5.0,,0.0,12690.0,1.0,0.0,0.0,,0.0,0.0,,,0.0,0.0,,,0.0,,,0.0,,,,0.0,,,Fang,方,Cifu,賜復,15.0,62.0,"Fang(1) Cifu [17026] His younger brother, Wanli [17027], is listed as both a Yanzhou, Jiande county and Suzhou jinshi in 1211. When Wanli was 4 years old, their father died and they moved to the residence of their mother, born Gao(1), in Suzhou. The only Suzhou Gao(1) of note are the Bohai Gao, who moved from Wenzhou. These Fang(1) are probably descendants of Hong(3) [17028], who was the ancestor of the Yanzhou, Shejun, Fang(1). Jiangsu jin. 11.9b (juren in 1201); YLDD, 2368.8a.",0.0,0.0,,,,,,,,,,,,,TTS,,0.0,2007-03-12 00:00:00,
17027,Fang Wanli,方萬里,1181.0,5.0,,0.0,101093.0,1.0,0.0,0.0,,0.0,0.0,,,0.0,0.0,,,0.0,,,0.0,,,,0.0,,,Fang,方,Wanli,萬里,15.0,62.0,"Fang(1) Wanli [17027] Jiangsu jin, 11.9b (juren in 1201); YLDD, 2368.8b; Zhejiang TZ, 127.5a. CBD, 1, 84.",0.0,0.0,,,,,,,,,,,,,TTS,BDQKH,1.0,2007-03-12 00:00:00,2008-10-18 00:00:00
17028,Fang Hong,方洪,1207.0,5.0,,0.0,12690.0,1.0,0.0,0.0,,0.0,0.0,,,0.0,0.0,,,0.0,,,0.0,,,,0.0,,,Fang,方,Hong,洪,15.0,62.0,"Fang(1) Hong [17028] Jiangsu jin, 11.11b (juren in 1237); YLDD, 2368.9b.",0.0,0.0,,,,,,,,,,,,,TTS,BDYJF,0.0,2007-03-12 00:00:00,2013-06-17 00:00:00
17029,Fang Gan,方干,809.0,1.0,,0.0,15784.0,1.0,0.0,0.0,,809.0,388.0,4.0,,888.0,400.0,1.0,2.0,80.0,,,0.0,,,,0.0,,,Fang,方,Gan,干,6.0,62.0,"Fang(1) Gan [17029] See Han Yuanji, WJ, 21.1a-1b for the ancestry of this lineage. Gan was a poet, who spent most of his life as a recluse in Shaoxing. The Tang zaixiang, Zhang(1) Wenwei (not in dataset), who served Zhaozong, memorialized for jinshi by grace for several people including Gan. He was privately given the posthumous name of Yuanying xiansheng. Renming Da cidian, p. 58. He was the Five Dynasty ancestor of the Taizhou, Linhai county Fang(1), and I am providing him with a son who moved there. See documentation for descendant, Congli (zi) [26104]. 《唐代人物知識ベース》記其生卒年為：809 - 888？.",0.0,0.0,,,,,,,,,,,,,TTS,,0.0,2007-03-12 00:00:00,
17030,Fang Weizheng,方惟正,970.0,14.0,,0.0,100352.0,1.0,0.0,0.0,,0.0,0.0,,,0.0,0.0,,,0.0,,,0.0,,,,0.0,,,Fang,方,Weizheng,惟正,15.0,62.0,"Fang(1) Weizheng [17030] See documentation for descendant, Zi [603].",0.0,0.0,,,,,,,,,,,,,TTS,,0.0,2007-03-12 00:00:00,
17031,Fang Kai,方楷,1000.0,5.0,,0.0,100352.0,1.0,0.0,0.0,,0.0,0.0,,,0.0,0.0,,,0.0,,1034.0,520.0,1.0,景祐釋褐。,,0.0,,,Fang,方,Kai,楷,15.0,62.0,"Fang(1) Kai [17031] Zhejiang TZ, 123.22a. CBD, 1, 59.",0.0,0.0,,,,,,,,,,,,,TTS,BDQKH,1.0,2007-03-12 00:00:00,2008-10-17 00:00:00
17032,Fang Yuanxiu,方元修,1072.0,13.0,,0.0,100352.0,1.0,0.0,0.0,,0.0,0.0,,,0.0,0.0,,,0.0,,1111.0,536.0,1.0,政和初監察大觀庫。,,0.0,,,Fang,方,Yuanxiu,元修,15.0,62.0,"Fang(1) Yuanxiu [17032] See documentation for son, Zi [603]. CBD, 1, 72.",0.0,0.0,,,,,,,,,,,,,TTS,BDQKH,1.0,2007-03-12 00:00:00,2008-10-18 00:00:00
17033,Fang Yuanju,方元矩,1098.0,13.0,,0.0,100352.0,1.0,0.0,0.0,,0.0,0.0,,,0.0,0.0,,,0.0,,,0.0,,,,0.0,,,Fang,方,Yuanju,元矩,15.0,62.0,"Fang(1) Yuanju [17033] See documentation for sons-in-law, Lu(9) Daqi [3652] and Lu(9) Datong [3653].",0.0,0.0,,,,,,,,,,,,,TTS,,0.0,2007-03-12 00:00:00,
17034,Fang Yanchang,方延昌,952.0,14.0,,0.0,100352.0,1.0,0.0,0.0,,0.0,0.0,,,0.0,0.0,,,0.0,,,0.0,,,,0.0,,,Fang,方,Yanchang,延昌,15.0,62.0,"Fang(1) Yanchang [17034] See documentation for great grandson, Shou [17037].",0.0,0.0,,,,,,,,,,,,,TTS,,0.0,2007-03-12 00:00:00,
17035,Fang Ji(5),方輯,982.0,14.0,,0.0,100352.0,1.0,0.0,0.0,,0.0,0.0,,,0.0,0.0,,,0.0,,,0.0,,,,0.0,,,Fang,方,Ji(5),輯,15.0,62.0,"Fang(1) Ji(5) [17035] See documentation for grandson, Shou [17037].",0.0,0.0,,,,,,,,,,,,,TTS,,0.0,2007-03-12 00:00:00,
17036,Fang Zai,方載,1012.0,5.0,,0.0,100352.0,1.0,0.0,0.0,,0.0,0.0,,,0.0,0.0,,,0.0,,,0.0,,,,0.0,,,Fang,方,Zai,載,15.0,62.0,"Fang(1) Zai [17036] Zhejiang TZ, 123.24a. See also documentation for son, Shou [17037].",0.0,0.0,,,,,,,,,,,,,TTS,,0.0,2007-03-12 00:00:00,
17037,Fang Shou,方壽,1050.0,1.0,,0.0,100352.0,1.0,0.0,0.0,,1050.0,524.0,2.0,0.0,1096.0,531.0,3.0,,47.0,0.0,,0.0,,,,0.0,,,Fang,方,Shou,壽,15.0,62.0,"Fang(1) Shou [17037] Recommended (xiangju) three times and failed each time. Huang Shang, WJ, 34.8a-9a. CBD, 1, 60.",0.0,0.0,,,,,,,,,,,,,TTS,BDQKH,1.0,2007-03-12 00:00:00,2008-10-18 00:00:00
17038,Fang Lie(2),方烈,1045.0,1.0,,0.0,100352.0,1.0,0.0,0.0,,1045.0,0.0,,,1085.0,529.0,8.0,,41.0,,,0.0,,,,0.0,,,Fang,方,Lie(2),烈,15.0,62.0,"Fang(1) Lie(2) [17038] See also documentation for brother, Shou [17037]. Huang Shang, WJ, 34.1a-1b (wife, born Wang(2), who married him at age 19, and died in 1085 at age 41). Not indexed in CBD.",0.0,0.0,,,,,,,,,,,,,TTS,BDQKH,1.0,2007-03-12 00:00:00,2008-10-17 00:00:00
17039,Fang Yuanruo,方元若,1085.0,5.0,,0.0,100352.0,1.0,0.0,0.0,,0.0,0.0,,,0.0,0.0,,,0.0,,,0.0,,,,0.0,,,Fang,方,Yuanruo,元若,15.0,62.0,"Fang(1) Yuanruo [17039] Zhejiang TZ, 124.24a. Kinship based on address, generational name and chronological logic.",0.0,0.0,,,,,,,,,,,,,TTS,,0.0,2007-03-12 00:00:00,
17043,Fang Yuanzhao,方元昭,1098.0,5.0,,0.0,100352.0,1.0,0.0,0.0,,0.0,0.0,,,0.0,0.0,,,0.0,,,0.0,,,,0.0,,,Fang,方,Yuanzhao,元昭,15.0,62.0,"Fang(1) Yuanzhao [17043] Zhejiang TZ, 125.2a. Kinship based on generational nane, address and chronological logic.",0.0,0.0,,,,,,,,,,,,,TTS,,0.0,2007-03-12 00:00:00,
17114,Fang Yi(4),方誼,1132.0,11.0,603.0,0.0,12708.0,1.0,0.0,0.0,,0.0,0.0,,,0.0,0.0,,,0.0,,,0.0,,,,0.0,,,Fang,方,Yi(4),誼,15.0,62.0,"Fang(1) Yi(4) [17114] CBD, 1, 62.",0.0,0.0,,,,,,,,,,,,,TTS,BDQKH,1.0,2007-03-12 00:00:00,2008-10-18 00:00:00
17115,Fang Shumin,方叔敏,1163.0,11.0,3302.0,0.0,12709.0,1.0,0.0,0.0,,0.0,0.0,,,0.0,0.0,,,0.0,,,0.0,,,,0.0,,,Fang,方,Shumin,叔敏,15.0,62.0,"Fang(1) Shumin [17115] See documentation for father, Dao [3302].",0.0,0.0,,,,,,,,,,,,,TTS,,0.0,2007-03-12 00:00:00,
17543,Fang Chun,方淳,1184.0,5.0,,0.0,12736.0,1.0,0.0,0.0,,0.0,0.0,,,0.0,0.0,,,0.0,,,0.0,,,,0.0,,,Fang,方,Chun,淳,15.0,62.0,"Fang(1) Chun [17543] No clues as to which branch of the Song Chunan Fang(1) he belonged to. See documentation for father-in-law, Hong(1) Tian [17542]. Zhejiang TZ, 127.8a.",0.0,0.0,,,,,,,,,,,,,TTS,,0.0,2007-03-12 00:00:00,
20058,Fang Zhiren,方志仁,,,,0.0,12791.0,1.0,0.0,0.0,,0.0,0.0,,,0.0,0.0,,,0.0,,,0.0,,,,0.0,,,Fang,方,Zhiren,志仁,15.0,0.0,"Fang(1) Zhiren [20058] CHECK funerary inscription for son, Feng [20059].",0.0,0.0,,,,,,,,,,,,,TTS,,0.0,2007-03-12 00:00:00,
20059,Fang Feng,方鳳,1240.0,1.0,,0.0,18344.0,1.0,0.0,0.0,,1240.0,553.0,4.0,0.0,1321.0,629.0,1.0,0.0,82.0,0.0,,0.0,,,,0.0,,,Fang,方,Feng,鳳,18.0,0.0,"Fang(1) Feng [20059] CHECK funerary inscription. CBD, 1, 61-2; WDY, 1, 61-2.",0.0,0.0,,,,,,,,,,,,,TTS,PBOL,0.0,2007-03-12 00:00:00,2016-02-28 00:00:00
20060,Fang Shu(2),方樗,1289.0,29.0,,0.0,18344.0,1.0,0.0,0.0,,0.0,0.0,,,1352.0,0.0,,,0.0,,,0.0,,,,0.0,,,Fang,方,Shu(2),樗,18.0,0.0,"Fang(1) Shu(2) [20060] CBD, 1, 62; WDY, 1, 62.",0.0,0.0,,,,,,,,,,,,,TTS,BDQKH,1.0,2007-03-12 00:00:00,2008-10-18 00:00:00
20061,Fang Zi(2),方梓,1270.0,11.0,20059.0,0.0,18344.0,1.0,0.0,0.0,,0.0,0.0,,,0.0,0.0,,,0.0,,,0.0,,,,0.0,,,Fang,方,Zi(2),梓,18.0,0.0,"Fang(1) Zi(2) [20061] CBD, 1, 62; WDY, 1, 62.",0.0,0.0,,,,,,,,,,,,,TTS,BDQKH,1.0,2007-03-12 00:00:00,2008-10-18 00:00:00
20110,Fang Zhang,方暲,1079.0,28.0,11228.0,0.0,100531.0,1.0,0.0,0.0,,0.0,0.0,,,0.0,0.0,,,0.0,,,0.0,,,,0.0,,,Fang,方,Zhang,暲,15.0,62.0,"Fang(1) Zhang [20110] See documentation for father-in-law, Lin(1) Jiren [1154]. Agnatic kinship based on generational name, address of affinal kin and chronological logic.",0.0,0.0,,,,,,,,,,,,,TTS,,0.0,2007-03-12 00:00:00,
20287,Fang Xuan(2),方絢,1069.0,13.0,,0.0,100531.0,1.0,0.0,0.0,,0.0,0.0,,,0.0,0.0,,,0.0,,,0.0,,,,0.0,,,Fang,方,Xuan(2),絢,15.0,62.0,"Fang(1) Xuan(2) [20287] CBD, 1, 57.",0.0,0.0,,,,,,,,,,,,,TTS,BDQKH,1.0,2007-03-12 00:00:00,2008-10-17 00:00:00
20289,Fang Run,方潤,1107.0,14.0,,0.0,100531.0,1.0,0.0,0.0,,0.0,0.0,,,0.0,0.0,,,0.0,,,0.0,,,,0.0,,,Fang,方,Run,潤,15.0,62.0,"Fang(1) Run [20289] According to Liu(2) Kezhuang's [3595] funerary inscription for Run's great grandson, Cai [20292] (q.v.), these Fang(1) were intermarried with other distinguished Putian lineages from the time of Cai(1) Xiang [1651] and including Chen(1) Mi's [10892] relationship with Cai's lineage uncle, the scholar (chushi) Yun [not in dataset], who was active in 1163-1173. Yun has the same generational indicator in his mingzi as Wan(2) [11280], who was active during the same period. This would make Run a lineage nephew of Yong [11382], who was active during the 11th century--i.e. Run was a member of a cadet branch of the lineage. Even if this analysis is incorrect, Run and his descendants were certainly members of one or another of the Shejun Fang(1) lineage (i.e. tsu # 150 or 151).",0.0,0.0,,,,,,,,,,,,,TTS,,0.0,2007-03-12 00:00:00,
20290,Fang Shi(4),方駛,1137.0,14.0,,0.0,100531.0,1.0,0.0,0.0,,0.0,0.0,,,0.0,0.0,,,0.0,,,0.0,,,,0.0,,,Fang,方,Shi(4),駛,15.0,62.0,"Fang(1) Shi(4) [20290] Liu(2) Kezhuang [3595] identifies him as a man who earned a facilitated degree although I cannot find his name in the Tongzhi lists. See also documentation for grandson, Cai [20292].",0.0,0.0,,,,,,,,,,,,,TTS,,0.0,2007-03-12 00:00:00,
20291,Fang Siqi,方思齊,1167.0,13.0,,0.0,100531.0,1.0,0.0,0.0,,0.0,0.0,,,0.0,0.0,,,0.0,,,0.0,,,,0.0,,,Fang,方,Siqi,思齊,15.0,62.0,"Fang(1) Siqi [20291] See documentation for son, Cai [20292]. His father-in-law was Zhao(1) Bokuo [20305].",0.0,0.0,,,,,,,,,,,,,TTS,,0.0,2007-03-12 00:00:00,
20292,Fang Cai,方采,1197.0,1.0,,0.0,100531.0,1.0,0.0,0.0,,1197.0,546.0,3.0,,1256.0,555.0,4.0,,60.0,,,0.0,,,,0.0,,,Fang,方,Cai,采,15.0,62.0,"Fang(1) Cai [20292] He was recommended by the community (xiangju) three times, but failed the jinshi exams each time and finally became a retired scholar (jushi) in Putian. Liu Kezhuang, WJ, 157.1a-2b, 2b-4a (wife, surname Liu(2), who died in 1249 at age 58). CBD, 1, 51-2.",0.0,0.0,,7.0,,,,,,,,,,,TTS,BDQKH,1.0,2007-03-12 00:00:00,2008-10-11 00:00:00
20293,Fang Deyi,方得一,1192.0,29.0,,0.0,100531.0,1.0,0.0,0.0,,,552.0,3.0,1.0,1255.0,555.0,3.0,,,-1.0,,0.0,1.0,,,0.0,,,Fang,方,Deyi,得一,15.0,62.0,"Fang(1) Deyi [20293] He died before reaching 20 sui, which I take to mean that he died at age 19. He was betrothed to the daughter of Zhu(1) Feng (also a juren [not in dataset]), but he also had a son, Huaisun (not in dataset), which must be the progeny of a concubine. Liu Kezhuang, WJ, 160.15a-15b. CBD, 1, 52.",0.0,0.0,,,,,,,,,,,,,TTS,BDQKH,1.0,2007-03-12 00:00:00,2008-10-17 00:00:00
20294,Fang Pifu,方丕父,1178.0,11.0,11433.0,0.0,100531.0,1.0,0.0,0.0,,0.0,0.0,,,0.0,0.0,,,0.0,,,0.0,,,,0.0,,,Fang,方,Pifu,丕父,15.0,62.0,"Fang(1) Pifu [20294] CBD, 1, 71.",0.0,0.0,,,,,,,,,,,,,TTS,BDQKH,1.0,2007-03-12 00:00:00,2008-10-18 00:00:00
20297,Fang Shen(2),方深,,,12484.0,0.0,100531.0,1.0,0.0,0.0,,0.0,0.0,,,0.0,0.0,,,0.0,,,0.0,,,,0.0,,,Fang,方,Shen(2),深,15.0,62.0,"Fang(1) Shen(2) [20297] See documentation for sister's husband, Liu(2) Huishu [20299].",0.0,0.0,,,,,,,,,,,,,TTS,,0.0,2007-03-12 00:00:00,
20298,Fang Kai(2),方楷,,,20297.0,0.0,100531.0,1.0,0.0,0.0,,0.0,0.0,,,0.0,0.0,,,0.0,,,0.0,,,,0.0,,,Fang,方,Kai(2),楷,15.0,62.0,"Fang(1) Kai(2) [20298] See documentation for father-in-law, Liu(2) Huishu [20299].",0.0,0.0,,,,,,,,,,,,,TTS,,0.0,2007-03-12 00:00:00,
20436,Fang Shisun,方實孫,1169.0,5.0,,0.0,100531.0,1.0,0.0,0.0,,0.0,0.0,,,0.0,0.0,,,0.0,,,0.0,,,,0.0,,,Fang,方,Shisun,實孫,15.0,62.0,"Fang(1) Shisun [20436] See documentation for father-in-law, Liu(2) Guangshu [20437]. Fujian TZ, 149.31b. CBD, 1, 85.",0.0,0.0,,,,,,,,,,,,,TTS,BDQKH,1.0,2007-03-12 00:00:00,2008-10-18 00:00:00
21179,Fang Qinzu,方欽祖,1169.0,13.0,,0.0,12854.0,1.0,0.0,0.0,,0.0,0.0,,,0.0,0.0,,,0.0,,,0.0,,,,0.0,,,Fang,方,Qinzu,欽祖,15.0,0.0,"Fang(1) Qinzu [21179] Huizhou FZ, 7.57b. CBD, 1, 53.",0.0,0.0,,,,,,,,,,,,,TTS,BDQKH,1.0,2007-03-12 00:00:00,2008-10-17 00:00:00
21180,Fang Yue(3),方岳,1199.0,1.0,,0.0,12852.0,1.0,0.0,0.0,,1199.0,546.0,5.0,0.0,1262.0,557.0,3.0,,64.0,,,0.0,,,,0.0,,,Fang,方,Yue(3),岳,15.0,0.0,"Fang(1) Yue(3) [21180] CHECK biography. Huizhou FZ, 6.15b, 7.57b. CBD, 1, 52-3.",0.0,0.0,,,,,,,,,,,,,TTS,BDQKH,1.0,2007-03-12 00:00:00,2008-10-17 00:00:00
21181,Fang Shi(5),方石,1259.0,27.0,21180.0,0.0,12854.0,1.0,0.0,0.0,,0.0,0.0,,,0.0,0.0,,,0.0,,,0.0,,,,0.0,,,Fang,方,Shi(5),石,15.0,0.0,"Fang(1) Shi(5) [21181] Huizhou FZ, 6.17b.",0.0,0.0,,,,,,,,,,,,,TTS,,0.0,2007-03-12 00:00:00,
21182,Fang Gongsun,方貢孫,1231.0,1.0,,0.0,18390.0,1.0,0.0,0.0,,1231.0,0.0,,,1295.0,0.0,,,65.0,,1276.0,623.0,13.0,至元10三年為縣尹,,0.0,,,Fang,方,Gongsun,貢孫,18.0,0.0,"Fang(1) Gongsun [21182] Fang(1) Hui [27727] identifies him as a tongnian jinshi (1262) and lineage cousin (zongxiong). The FZ date for his jinshi is given as 1265, which is the one I use. I am making him a FFFBSSS (1.4) or fourth cousin of Hui, but the kinship distance could be less or greater. Huizhou FZ, 6.18b, 8.35b. WDY, 1, pp. 66-7.景定三年進士",0.0,0.0,,,,,,,,,,,,,TTS,,1.0,2007-03-12 00:00:00,
23495,Fang Weigong,方惟珙,1016.0,14.0,,0.0,12881.0,1.0,0.0,0.0,,0.0,0.0,,,0.0,0.0,,,0.0,,,0.0,,,,0.0,,,Fang,方,Weigong,惟珙,15.0,0.0,"Fang(1) Weigong [23495] See documentation in 1148 jinshi list, sijia #88, for great grandson, Yan(4) [23497]. Since Wegong held office and his grandson, Mengqing [599], is designated as family-maker (weihu), Mengqing probably moved to Rao from elsewhere.",0.0,0.0,,,,,,,,,,,,,TTS,,0.0,2007-03-12 00:00:00,
23496,Fang Jingxian,方景賢,1046.0,14.0,,0.0,12881.0,1.0,0.0,0.0,,0.0,0.0,,,0.0,0.0,,,0.0,,,0.0,,,,0.0,,,Fang,方,Jingxian,景賢,15.0,0.0,"Fang(1) Jingxian [23496] See documentation in 1148 jinshi list, sijia #88, for grandson, Yan(4) [23497].",0.0,0.0,,,,,,,,,,,,,TTS,,0.0,2007-03-12 00:00:00,
23497,Fang Yan(4),方顏,1115.0,1.0,,0.0,12881.0,1.0,0.0,0.0,,1115.0,536.0,5.0,0.0,0.0,0.0,,,0.0,,,0.0,,,1148.0,541.0,18.0,中紹興十八年進士。,Fang,方,Yan(4),顏,15.0,0.0,"Fang(1) Yan(4) [23497] CBD, 1, 66.",0.0,0.0,7.0,,,,,,,,,,,,TTS,NEUZZY,1.0,2007-03-12 00:00:00,2013-04-23 00:00:00
23966,Fang Yuanqing,方元卿,1010.0,14.0,,0.0,12887.0,1.0,0.0,0.0,,0.0,0.0,,,0.0,0.0,,,0.0,,,0.0,,,,0.0,,,Fang,方,Yuanqing,元卿,15.0,0.0,"Fang(1) Yuanqing [23966] See documentation in 1148 jinshi list, wujia #93, for great grandson, Shiyin [601].",0.0,0.0,,,,,,,,,,,,,TTS,,0.0,2007-03-12 00:00:00,
23967,Fang Renxu,方仁緒,1040.0,14.0,,0.0,12887.0,1.0,0.0,0.0,,0.0,0.0,,,0.0,0.0,,,0.0,,,0.0,,,,0.0,,,Fang,方,Renxu,仁緒,15.0,0.0,"Fang(1) Renxu [23967] See documentation in 1148 jinshi list, wujia #93, for grandson, Shiyin [601].",0.0,0.0,,,,,,,,,,,,,TTS,,0.0,2007-03-12 00:00:00,
23968,Fang Yun,方勻,1070.0,13.0,,0.0,12887.0,1.0,0.0,0.0,,0.0,0.0,,,0.0,0.0,,,0.0,,,0.0,,,,0.0,,,Fang,方,Yun,勻,15.0,0.0,"Fang(1) Yun [23968] See documentation in 1148 jinshi list, wujia #93, for son, Shiyin [601].",0.0,0.0,,,,,,,,,,,,,TTS,,0.0,2007-03-12 00:00:00,
23969,Fang Chou,方疇,1098.0,5.0,,0.0,12887.0,1.0,0.0,0.0,,0.0,0.0,,,0.0,0.0,,,0.0,,1128.0,540.0,2.0,建炎二年進士。,1131.0,541.0,,紹興改元，上書言事。,Fang,方,Chou,疇,15.0,0.0,"Fang(1) Chou [23969] Chou is the first Xinzhou Fang jinshi. Shiyin [601] held a title when he earned the jinshi in 1148 at age 49 and, according to Jiangxi TZ, moved to Yushan. Chou vilified Qin(1) Gui [8008] and, as a result, was purged and exiled. Shiyin appears in executive finance in 1156, after Qin(1) Gui's death. All the evidence points to a kinship relationship between Chou and Shiyin. They may even be brothers, but I am making Chou a nephew of Shiyin's father, Yun [23968]. CBD, 1, 67.",0.0,0.0,,,,,,,,,,,,,TTS,BDQKH,1.0,2007-03-12 00:00:00,2008-10-18 00:00:00
24534,Fang Zheng,方徵,1349.0,1.0,,0.0,6034.0,1.0,0.0,0.0,,1349.0,636.0,9.0,2.0,1380.0,639.0,13.0,,32.0,,,0.0,,,,0.0,,,Fang,方,Zheng,徵,19.0,62.0,"Fang(1) Zheng(3) [24534] Fujian TZ, 152.1b, 153.2b (juren in 1372); MS, 139(PRC).3997-8.",0.0,0.0,,,,,,,,,,,,,TTS,HVDCS,0.0,2007-03-12 00:00:00,2010-06-26 00:00:00
24535,Fang Xi(2),方熙,1400.0,5.0,,0.0,6034.0,1.0,0.0,0.0,,0.0,0.0,,,0.0,0.0,,,0.0,,,0.0,,,,0.0,,,Fang,方,Xi(2),熙,19.0,62.0,"Fang(1) Xi(2) [24535] Fujian TZ, 153.23a.",0.0,0.0,,,,,,,,,,,,,TTS,,0.0,2007-03-12 00:00:00,
24536,Fang Jie(2),方傑,1426.0,7.0,,0.0,6034.0,1.0,0.0,0.0,,0.0,0.0,,,0.0,0.0,,,0.0,,,0.0,,,,0.0,,,Fang,方,Jie(2),傑,19.0,62.0,"Fang(1) Jie(2) [24536] Fujian TZ, 153.34a.",0.0,0.0,,,,,,,,,,,,,TTS,,0.0,2007-03-12 00:00:00,
24537,Fang Xuan(3),方璿,1417.0,7.0,,0.0,6034.0,1.0,0.0,0.0,,0.0,0.0,,,0.0,0.0,,,0.0,,,0.0,,,,0.0,,,Fang,方,Xuan(3),璿,19.0,62.0,"Fang(1) Xuan(3) [24537] Fujian TZ, 153.29b.",0.0,0.0,,,,,,,,,,,,,TTS,,0.0,2007-03-12 00:00:00,
24538,Fang Zhaonan,方召南,1469.0,29.0,,0.0,6034.0,1.0,0.0,0.0,,0.0,0.0,,,1532.0,0.0,,,0.0,,,0.0,,,,0.0,,,Fang,方,Zhaonan,召南,19.0,62.0,"Fang(1) Zhaonan [24538] Died shortly after receiving jinshi and before appointed to office. Fujian TZ, 152.33b, 154.29a (juren in 1516).",0.0,0.0,,,,,,,,,,,,,TTS,,0.0,2007-03-12 00:00:00,
24539,Fang Yishun,方以順,1444.0,7.0,,0.0,6034.0,1.0,0.0,0.0,,0.0,0.0,,,0.0,0.0,,,0.0,,,0.0,,,,0.0,,,Fang,方,Yishun,以順,19.0,62.0,"Fang(1) Yishun [24539] Fujian TZ, 154.5a.",0.0,0.0,,,,,,,,,,,,,TTS,,0.0,2007-03-12 00:00:00,
24540,Fang Yijia,方以嘉,1471.0,7.0,,0.0,6034.0,1.0,0.0,0.0,,0.0,0.0,,,0.0,0.0,,,0.0,,,0.0,,,,0.0,,,Fang,方,Yijia,以嘉,19.0,62.0,"Fang(1) Yijia [24540] Fujian TZ, 154.19a.",0.0,0.0,,,,,,,,,,,,,TTS,,0.0,2007-03-12 00:00:00,
24541,Fang Lin(2),方臨,1432.0,7.0,,0.0,6034.0,1.0,0.0,0.0,,0.0,0.0,,,0.0,0.0,,,0.0,,,0.0,,,,0.0,,,Fang,方,Lin(2),臨,19.0,62.0,"Fang(1) Lin(2) [24541] Fujian TZ, 153.37a.",0.0,0.0,,,,,,,,,,,,,TTS,,0.0,2007-03-12 00:00:00,
24542,Fang Shiyu,方師禹,1471.0,7.0,,0.0,6034.0,1.0,0.0,0.0,,0.0,0.0,,,0.0,0.0,,,0.0,,,0.0,,,,0.0,,,Fang,方,Shiyu,師禹,19.0,62.0,"Fang(1) Shiyu [24542] Fujian TZ, 154.19a.",0.0,0.0,,,,,,,,,,,,,TTS,,0.0,2007-03-12 00:00:00,
24543,Fang Jizeng,方繼曾,1528.0,7.0,,0.0,6034.0,1.0,0.0,0.0,,0.0,0.0,,,0.0,0.0,,,0.0,,,0.0,,,,0.0,,,Fang,方,Jizeng,繼曾,19.0,62.0,"Fang(1) Jizeng [24543] Fujian TZ, 155.20b.",0.0,0.0,,,,,,,,,,,,,TTS,,0.0,2007-03-12 00:00:00,
24544,Fang Kun,方鯤,1510.0,7.0,,0.0,6034.0,1.0,0.0,0.0,,0.0,0.0,,,0.0,0.0,,,0.0,,,0.0,,,,0.0,,,Fang,方,Kun,鯤,19.0,62.0,"Fang(1) Kun [24544] Fujian TZ, 155.10a.",0.0,0.0,,,,,,,,,,,,,TTS,,0.0,2007-03-12 00:00:00,
24545,Fang Lu(2),方璐,1471.0,7.0,,0.0,6034.0,1.0,0.0,0.0,,0.0,0.0,,,0.0,0.0,,,0.0,,,0.0,,,,0.0,,,Fang,方,Lu(2),璐,19.0,62.0,"Fang(1) Lu(2) [24545] Fujian TZ, 154.19a.",0.0,0.0,,,,,,,,,,,,,TTS,,0.0,2007-03-12 00:00:00,
24546,Fang Tingzhang,方廷章,1438.0,7.0,,0.0,6034.0,1.0,0.0,0.0,,0.0,0.0,,,0.0,0.0,,,0.0,,,0.0,,,,0.0,,,Fang,方,Tingzhang,廷章,19.0,62.0,"Fang(1) Tingzhang [24546] Fujian TZ, 154.2a.",0.0,0.0,,,,,,,,,,,,,TTS,,0.0,2007-03-12 00:00:00,
24547,Fang Wenwei,方文煒,1441.0,7.0,,0.0,6034.0,1.0,0.0,0.0,,0.0,0.0,,,0.0,0.0,,,0.0,,,0.0,,,,0.0,,,Fang,方,Wenwei,文煒,19.0,62.0,"Fang(1) Wenwei [24547] Fujian TZ, 154.3b.",0.0,0.0,,,,,,,,,,,,,TTS,,0.0,2007-03-12 00:00:00,
24548,Fang Zhengliang,方正梁,1504.0,7.0,,0.0,6034.0,1.0,0.0,0.0,,0.0,0.0,,,0.0,0.0,,,0.0,,,0.0,,,,0.0,,,Fang,方,Zhengliang,正梁,19.0,62.0,"Fang(1) Zhengliang [24548] Fujian TZ, 155.6a.",0.0,0.0,,,,,,,,,,,,,TTS,,0.0,2007-03-12 00:00:00,
24549,Fang Zongzhong,方宗重,1501.0,7.0,,0.0,6034.0,1.0,0.0,0.0,,0.0,0.0,,,0.0,0.0,,,0.0,,,0.0,,,,0.0,,,Fang,方,Zongzhong,宗重,19.0,62.0,"Fang(1) Zongzhong [24549] Fujian TZ, 155.4b.",0.0,0.0,,,,,,,,,,,,,TTS,,0.0,2007-03-12 00:00:00,
24550,Fang Wanyou,方萬有,1523.0,5.0,,0.0,6034.0,1.0,0.0,0.0,,0.0,0.0,,,0.0,0.0,,,0.0,,,0.0,,,,0.0,,,Fang,方,Wanyou,萬有,19.0,62.0,"Fang(1) Wanyou [24550] Fujian TZ, 152.39a, 155.15b (juren in 1546).",0.0,0.0,,,,,,,,,,,,,TTS,,0.0,2007-03-12 00:00:00,
25249,Fang Wei(2),方渭,1075.0,14.0,,0.0,12716.0,1.0,0.0,0.0,,0.0,0.0,,,0.0,0.0,,,0.0,,,0.0,,,,0.0,,,Fang,方,Wei(2),渭,15.0,0.0,"Fang(1) Wei(2) [25249] See documentation for great grandson-in-law, Zhao(1) Yong [3216].",0.0,0.0,,,,,,,,,,,,,TTS,,0.0,2007-03-12 00:00:00,
25250,Fang Jie(3),方楶,1112.0,5.0,,0.0,12716.0,1.0,0.0,0.0,,0.0,0.0,,,0.0,0.0,,,0.0,,,0.0,,,,0.0,,,Fang,方,Jie(3),楶,15.0,0.0,"Fang(1) Jie(3) [25250] Wuxing zhi, 17.15a; Zhejiang TZ, 125.8a.",0.0,0.0,,,,,,,,,,,,,TTS,HVDJCHEN,0.0,2007-03-12 00:00:00,2010-02-10 00:00:00
25251,Fang Zi(3),方梓,1105.0,5.0,,0.0,12716.0,1.0,0.0,0.0,,0.0,0.0,,,0.0,0.0,,,0.0,,,0.0,,,,0.0,,,Fang,方,Zi(3),梓,15.0,0.0,"Fang(1) Zi(3) [25251] Wuxing zhi, 17.14b. Kinship based on generational name, address and chronological logic.",0.0,0.0,,,,,,,,,,,,,TTS,,0.0,2007-03-12 00:00:00,
25252,Fang Yue(4),方,1124.0,23.0,,0.0,12716.0,1.0,0.0,0.0,,0.0,0.0,,,0.0,0.0,,,0.0,,,0.0,,,,0.0,,,Fang,方,Yue(4),,15.0,0.0,"Fang(1) Yue(4) [25252] See documentation for son-in-law, Zhao(1) Yong [3216].",0.0,0.0,,,,,,,,,,,,,TTS,,0.0,2007-03-12 00:00:00,
25636,Fang Youling,方友陵,1138.0,12.0,11419.0,0.0,100531.0,1.0,0.0,0.0,,0.0,0.0,,,0.0,0.0,,,0.0,,,0.0,,,,0.0,,,Fang,方,Youling,友陵,15.0,62.0,"Fang(1) Youling [25636] See documentation for father-in-law, Zhao(1) Yanduan [25635].",0.0,0.0,,,,,,,,,,,,,TTS,,0.0,2007-03-12 00:00:00,
25744,Fang Renzai,方仁載,910.0,14.0,,0.0,100531.0,1.0,0.0,0.0,,0.0,0.0,,,0.0,0.0,,,0.0,,,0.0,,,,0.0,,,Fang,方,Renzai,仁載,15.0,62.0,"Fang(1) Renzai [25744] See documentation for father, Tingfan [3292].",0.0,0.0,,,,,,,,,,,,,TTS,,0.0,2007-03-12 00:00:00,
25745,Fang Zi(4),方諮,940.0,14.0,,0.0,100531.0,1.0,0.0,0.0,,0.0,0.0,,,0.0,0.0,,,0.0,,,0.0,,,,0.0,,,Fang,方,Zi(4),諮,15.0,62.0,"Fang(1) Zi(4) [25745] See documentation for grandfather, Tingfan [25743].",0.0,0.0,,,,,,,,,,,,,TTS,,0.0,2007-03-12 00:00:00,
25758,Fang Bin(2),方彬,,,,0.0,100531.0,1.0,0.0,0.0,,0.0,0.0,,,0.0,0.0,,,0.0,,,0.0,,,,0.0,,,Fang,方,Bin(2),彬,15.0,62.0,"Fang(1) Bin(2) [25758] In Fang(1) Dacong's [11328] funerary inscription for his grandson-in-law, Lin(1) Jingshen (zi) [25756], Bin(2) is referred to as a lineage granduncle. If Bin(2) and Bin [11272] were the same person since the characters for their mingzi are mutually interchangeable, then this would confirm the connections betweem Lineage 150, the Xianou Fang(1), and 151, the Putian Fang(1).",0.0,0.0,,,,,,,,,,,,,TTS,,0.0,2007-03-12 00:00:00,
25810,Fang Jin,方金,1060.0,12.0,37799.0,0.0,100531.0,1.0,0.0,0.0,,0.0,0.0,,,0.0,0.0,,,0.0,,,0.0,,,,0.0,,,Fang,方,Jin,金,15.0,62.0,"Fang(1) Jin [25810] See documentation for great grandson, Ren(2) [12511].",0.0,0.0,,,,,,,,,,,,,TTS,,0.0,2007-03-12 00:00:00,
25811,Fang Zhen(5),方畛,1087.0,14.0,,0.0,100531.0,1.0,0.0,0.0,,0.0,0.0,,,0.0,0.0,,,0.0,,,0.0,,,,0.0,,,Fang,方,Zhen(5),畛,15.0,62.0,"Fang(1) Zhen(5) [25811] See documentation for gradnson, Ren [12511].",0.0,0.0,,,,,,,,,,,,,TTS,,0.0,2007-03-12 00:00:00,
25812,Fang Ying(2),方應,1117.0,13.0,,0.0,100531.0,1.0,0.0,0.0,,0.0,0.0,,,0.0,0.0,,,0.0,,,0.0,,,,0.0,,,Fang,方,Ying(2),應,15.0,62.0,"Fang(1) Ying(2) [25812] See documentation for son, Ren(2) [12511].",0.0,0.0,,,,,,,,,,,,,TTS,,0.0,2007-03-12 00:00:00,
25813,Fang He,方禾,1147.0,12.0,25812.0,0.0,100531.0,1.0,0.0,0.0,,0.0,0.0,,,0.0,0.0,,,0.0,,,0.0,,,,0.0,,,Fang,方,He,禾,15.0,62.0,"Fang(1) He [25813] CBD, 1, 50.",0.0,0.0,,,,,,,,,,,,,TTS,BDQKH,1.0,2007-03-12 00:00:00,2008-10-11 00:00:00
25814,Fang Boyou,方伯佑,1177.0,11.0,12511.0,0.0,100531.0,1.0,0.0,0.0,,0.0,0.0,,,0.0,0.0,,,0.0,,,0.0,,,,0.0,,,Fang,方,Boyou,伯佑,15.0,62.0,"Fang(1) Boyou [25814] See documentation for father, Ren(2) [12511].",0.0,0.0,,,,,,,,,,,,,TTS,,0.0,2007-03-12 00:00:00,
25822,Fang Yanqi,方巖起,1117.0,12.0,25811.0,0.0,100531.0,1.0,0.0,0.0,,0.0,0.0,,,0.0,0.0,,,0.0,,,0.0,,,,0.0,,,Fang,方,Yanqi,巖起,15.0,62.0,"Fang(1) Yanqi [25822] See documentation for grandson, Bimin [25824]. Since his son, Yu(4) [25823], was a younger cousin of a different surname of Liu(2) Kezhuang [3595], Yanqi must be married to Kezhuang's mother's sister and Yanqi must, therefore, be a son-in-law of Lin(1) Rong [11498].",0.0,0.0,,,,,,,,,,,,,TTS,,0.0,2007-03-12 00:00:00,
25823,Fang Yu(4),方遇,1157.0,14.0,,0.0,100531.0,1.0,0.0,0.0,,0.0,0.0,,,0.0,0.0,,,0.0,,,0.0,,,,0.0,,,Fang,方,Yu(4),遇,15.0,62.0,"Fang(1) Yu(4) [25823] CBD, 1, 59.",0.0,0.0,,,,,,,,,,,,,TTS,BDQKH,1.0,2007-03-12 00:00:00,2008-10-17 00:00:00
25824,Fang Bimin,方必敏,1187.0,29.0,,0.0,100531.0,1.0,0.0,0.0,,,551.0,3.0,0.0,1250.0,554.0,10.0,,,0.0,,0.0,,,,0.0,,,Fang,方,Bimin,必敏,15.0,62.0,"Fang(1) Bimin [25824] Liu Kezhuang, WJ, 153.14a-14b. CBD, 1, 59.",0.0,0.0,,,,,,,,,,,,,TTS,BDQKH,1.0,2007-03-12 00:00:00,2008-10-17 00:00:00
25864,Fang Xiansun,方銑孫,,,,0.0,100531.0,1.0,0.0,0.0,,0.0,0.0,,,0.0,0.0,,,0.0,,,0.0,,,,0.0,,,Fang,方,Xiansun,銑孫,15.0,62.0,"Fang(1) Xiansun [25864] See documentation for father-in-law, Lin(1) Xingzong [25867]. Agnatic kinship based on address of affinal kin, generational name and chronological logic.",0.0,0.0,,,,,,,,,,,,,TTS,,0.0,2007-03-12 00:00:00,
25884,Fang Xiaoxi,方孝錫,1023.0,5.0,,0.0,100531.0,1.0,0.0,0.0,,0.0,0.0,,,0.0,0.0,,,0.0,,,0.0,,,,0.0,,,Fang,方,Xiaoxi,孝錫,15.0,0.0,"Fang(1) Xiaoxi [25884] Most likely a Shejun Fang(1) lineage and common ancestor with other Xinghua Fang(1), but none of the funerary inscriptions for descendants make such a link. Fujian TZ, 147.19a.",0.0,0.0,,,,,,,,,,,,,TTS,,0.0,2007-03-12 00:00:00,
25885,Fang Xiaoshu,方孝述,1037.0,5.0,,0.0,100531.0,1.0,0.0,0.0,,0.0,0.0,,,0.0,0.0,,,0.0,,,0.0,,,,0.0,,,Fang,方,Xiaoshu,孝述,15.0,0.0,"Fang(1) Xiaoshu [25885] Fujian TZ, 147.24a.",0.0,0.0,,,,,,,,,,,,,TTS,,0.0,2007-03-12 00:00:00,
25886,Fang Fuming,方復明,1097.0,28.0,25885.0,0.0,100531.0,1.0,0.0,0.0,,0.0,0.0,,,0.0,0.0,,,0.0,,,0.0,,,,0.0,,,Fang,方,Fuming,復明,15.0,0.0,"Fang(1) Fuming [25886] Fujian TZ, 148.31a.",0.0,0.0,,,,,,,,,,,,,TTS,,0.0,2007-03-12 00:00:00,
25887,Fang Bozhen,方伯鎮,1052.0,5.0,,0.0,100531.0,1.0,0.0,0.0,,0.0,0.0,,,0.0,0.0,,,0.0,,,0.0,,,,0.0,,,Fang,方,Bozhen,伯鎮,15.0,0.0,"Fang(1) Bozhen [25887] Fujian TZ, 147.31a.",0.0,0.0,,,,,,,,,,,,,TTS,,0.0,2007-03-12 00:00:00,
25888,Fang Bozong,方伯宗,,,,0.0,100531.0,1.0,0.0,0.0,,0.0,0.0,,,0.0,0.0,,,0.0,,,0.0,,,,0.0,,,Fang,方,Bozong,伯宗,15.0,0.0,"Fang(1) Bozong [25888] Kinship based on generational name and chronological logic. Fujian TZ, 147.38b.",0.0,0.0,,,,,,,,,,,,,TTS,,0.0,2007-03-12 00:00:00,
25889,Fang Botong,方伯通,1067.0,14.0,,0.0,100531.0,1.0,0.0,0.0,,0.0,0.0,,,0.0,0.0,,,0.0,,,0.0,,,,0.0,,,Fang,方,Botong,伯通,15.0,0.0,"Fang(1) Botong [25889] Fujian TZ, 147.29b.",0.0,0.0,,,,,,,,,,,,,TTS,,0.0,2007-03-12 00:00:00,
25890,Fang Bofeng,方伯逢,,,,0.0,100531.0,1.0,0.0,0.0,,0.0,0.0,,,0.0,0.0,,,0.0,,,0.0,,,,0.0,,,Fang,方,Bofeng,伯逢,15.0,0.0,"Fang(1) Bofeng [25890] Kinship with Botong [25899] based on generational name, address and chronological logic. Fujian TZ, 148.2b.",0.0,0.0,,,,,,,,,,,,,TTS,,0.0,2007-03-12 00:00:00,
25891,Fang Jian(3),方漸,1088.0,5.0,,0.0,100531.0,1.0,0.0,0.0,,0.0,0.0,,,0.0,0.0,,,0.0,,1118.0,537.0,1.0,重和元年進士。,1131.0,541.0,1.0,紹興中通判韶州。,Fang,方,Jian(3),漸,15.0,0.0,"Fang(1) Jian(3) [25891] Fujian TZ, 148.15b.",0.0,0.0,,,,,,,,,,,,,TTS,BDQKH,1.0,2007-03-12 00:00:00,2008-10-17 00:00:00
25892,Fang Fuli,方復禮,1090.0,20.0,,0.0,100531.0,1.0,0.0,0.0,,0.0,0.0,,,0.0,0.0,,,0.0,,,0.0,,,,0.0,,,Fang,方,Fuli,復禮,15.0,0.0,"Fang(1) Fuli [25892] Fujian TZ, 148.16a.",0.0,0.0,,,,,,,,,,,,,TTS,,0.0,2007-03-12 00:00:00,
25893,Fang Bingcheng,方秉成,1166.0,5.0,,0.0,100531.0,1.0,0.0,0.0,,0.0,0.0,,,0.0,0.0,,,0.0,,,0.0,,,,0.0,,,Fang,方,Bingcheng,秉成,15.0,0.0,"Fang(1) Bingcheng [25893] Fujian TZ, 149.12a.",0.0,0.0,,,,,,,,,,,,,TTS,,0.0,2007-03-12 00:00:00,
25894,Fang Bingwen,方秉文,1145.0,5.0,,0.0,100531.0,1.0,0.0,0.0,,0.0,0.0,,,0.0,0.0,,,0.0,,,0.0,,,,0.0,,,Fang,方,Bingwen,秉文,15.0,0.0,"Fang(1) Bingwen [25894] Fujian TZ, 149.28a.",0.0,0.0,,,,,,,,,,,,,TTS,,0.0,2007-03-12 00:00:00,
25895,Fang Bingzhe,方秉哲,1172.0,5.0,,0.0,100531.0,1.0,0.0,0.0,,0.0,0.0,,,0.0,0.0,,,0.0,,,0.0,,,,0.0,,,Fang,方,Bingzhe,秉哲,15.0,0.0,"Fang(1) Bingzhe [25895] Fujian TZ, 149.34a.",0.0,0.0,,,,,,,,,,,,,TTS,,0.0,2007-03-12 00:00:00,
25896,Fang Yanshi,方彥實,,,,0.0,100531.0,1.0,0.0,0.0,,0.0,0.0,,,0.0,0.0,,,0.0,,,0.0,,,,0.0,,,Fang,方,Yanshi,彥實,15.0,0.0,"Fang(1) Yanshi [25896] Entry in Fujian TZ for Fouzhou [25897] cross-references to Yanshi as a grandfather, but I cannot find the name. Generational indicator of Yanshi as well as grandson would make Yanshi at least a nephew, if not son, of Botong.",0.0,0.0,,,,,,,,,,,,,TTS,,0.0,2007-03-12 00:00:00,
25897,Fang Fouzhou,方阜周,1160.0,5.0,,0.0,100531.0,1.0,0.0,0.0,,0.0,0.0,,,0.0,0.0,,,0.0,,,0.0,,,,0.0,,,Fang,方,Fouzhou,阜周,15.0,0.0,"Fang(1) Fouzhou [25897] Fujian TZ, 149.22b.",0.0,0.0,,,,,,,,,,,,,TTS,,0.0,2007-03-12 00:00:00,
25898,Fang Zibao,方子寶,1097.0,14.0,,0.0,100531.0,1.0,0.0,0.0,,0.0,0.0,,,0.0,0.0,,,0.0,,,0.0,,,,0.0,,,Fang,方,Zibao,子寶,15.0,0.0,"Fang(1) Zibao [25898] See documentation for grandson, Fouming [25900].",0.0,0.0,,,,,,,,,,,,,TTS,,0.0,2007-03-12 00:00:00,
25899,Fang Bingbo,方秉白,1127.0,13.0,,0.0,100531.0,1.0,0.0,0.0,,0.0,0.0,,,0.0,0.0,,,0.0,,,0.0,,,,0.0,,,Fang,方,Bingbo,秉白,15.0,0.0,"Fang(1) Bingbo [25899] Recommended for filiality, he refused office. See also documentation for son, Fouming [25900]. CBD, 1, 78.",0.0,0.0,,,,,,,,,,,,,TTS,BDQKH,1.0,2007-03-12 00:00:00,2008-10-18 00:00:00
25900,Fang Fuming,方阜鳴,1157.0,1.0,,0.0,100531.0,1.0,0.0,0.0,,1157.0,541.0,27.0,,1228.0,551.0,1.0,,72.0,,,0.0,,,,0.0,,,Fang,方,Fuming,阜鳴,15.0,0.0,"Fang(1) Fouming [25900] Liu Kezhuang, WJ, 148.11b-13b. CBD, 1, 78.",0.0,0.0,,,,,,,,,,,,,TTS,BDQKH,1.0,2007-03-12 00:00:00,2008-10-18 00:00:00
25901,Fang Fougao,方阜高,1181.0,5.0,,0.0,100531.0,1.0,0.0,0.0,,0.0,0.0,,,0.0,0.0,,,0.0,,,0.0,,,,0.0,,,Fang,方,Fougao,阜高,15.0,0.0,"Fang(1) Fougao [25901] Fujian TZ, 149.42b.",0.0,0.0,,,,,,,,,,,,,TTS,,0.0,2007-03-12 00:00:00,
25902,Fang Yu(5),方棫,1198.0,1.0,,0.0,100531.0,1.0,0.0,0.0,,1198.0,546.0,4.0,0.0,1257.0,555.0,5.0,,60.0,0.0,,0.0,,,,0.0,,,Fang,方,Yu(5),棫,15.0,0.0,"Fang(1) Yu(5) [25902] See also documentation for father, Fouming [25900]. Fujian TZ, 150.12a.",0.0,0.0,,8.0,,,,,,,,,,,TTS,BDQKH,1.0,2007-03-12 00:00:00,2008-10-17 00:00:00
25903,Fang Bingsi,方秉俟,1145.0,14.0,,0.0,100531.0,1.0,0.0,0.0,,0.0,0.0,,,0.0,0.0,,,0.0,,,0.0,,,,0.0,,,Fang,方,Bingsi,秉俟,15.0,0.0,"Fang(1) Bingsi [25903] See also documentation for great grandson, Ruyi [25906]. CBD, 1, 78.",0.0,0.0,,,,,,,,,,,,,TTS,,0.0,2007-03-12 00:00:00,
25904,Fang Foushi,方阜時,1175.0,14.0,,0.0,100531.0,1.0,0.0,0.0,,0.0,0.0,,,0.0,0.0,,,0.0,,,0.0,,,,0.0,,,Fang,方,Foushi,阜時,15.0,0.0,"Fang(1) Foushi [25904] See documentation for grandson, Ruyi [25906].",0.0,0.0,,,,,,,,,,,,,TTS,,0.0,2007-03-12 00:00:00,
25905,Fang Shuozi,方碩子,1205.0,5.0,,0.0,100531.0,1.0,0.0,0.0,,0.0,0.0,,,0.0,0.0,,,0.0,,,0.0,,,,0.0,,,Fang,方,Shuozi,碩子,15.0,0.0,"Fang(1) Shuozi [25905] See also documentation for son, Ruyi [25906]. Fujian TZ, 150.12a.",0.0,0.0,,,,,,,,,,,,,TTS,,0.0,2007-03-12 00:00:00,
25906,Fang Ruyi(2),方汝一,1215.0,1.0,,0.0,100531.0,1.0,0.0,0.0,,1215.0,549.0,8.0,,1259.0,556.0,1.0,,45.0,,,0.0,,,,0.0,,,Fang,方,Ruyi(2),汝一,15.0,0.0,"Fang(1) Ruyi(2) [25906] Liu Kezhuang, WJ, 158.15a-16a. CBD, 1, 74.",0.0,0.0,,,,,,,,,,,,,TTS,BDQKH,1.0,2007-03-12 00:00:00,2008-10-18 00:00:00
25907,Fang Bingji,方秉機,1099.0,14.0,,0.0,100531.0,1.0,0.0,0.0,,0.0,0.0,,,0.0,0.0,,,0.0,,,0.0,,,,0.0,,,Fang,方,Bingji,秉機,15.0,0.0,"Fang(1) Bingji [25907] See documentation for grandson, Wuzi [25909].",0.0,0.0,,,,,,,,,,,,,TTS,,0.0,2007-03-12 00:00:00,
25908,Fang Foufan,方阜凡,1129.0,13.0,,0.0,100531.0,1.0,0.0,0.0,,0.0,0.0,,,0.0,0.0,,,0.0,,,0.0,,,,0.0,,,Fang,方,Foufan,阜凡,15.0,0.0,"Fang(1) Foufan [25908] See documentation for son, Wuzi [25709].",0.0,0.0,,,,,,,,,,,,,TTS,,0.0,2007-03-12 00:00:00,
25909,Fang Wuzi,方武子,1159.0,1.0,,0.0,100531.0,1.0,0.0,0.0,,1159.0,541.0,29.0,,1217.0,549.0,10.0,,59.0,,,0.0,,,,0.0,,,Fang,方,Wuzi,武子,15.0,0.0,"Fang(1) Wuzi [25909] He was buried in Chaozhou, Chaoyang county, ancestral address of his 2nd wife, born Xu(4), at the burial site of his first wife, born Ye, and where born Xu(4) moved with both surviving sons and where she died in 1230. CHECK 1256 jinshi list for a Fang(1) Baoyin, first Chaoyang Fang(1) jinshi at age 40. Liu Kezhuang, WJ, 160.12a-13b; Fujian TZ, 149.31b. CBD, 1, 77.",0.0,0.0,,4.0,,,,,,,,,,,TTS,BDQKH,1.0,2007-03-12 00:00:00,2008-10-18 00:00:00
25910,Fang Zhengzi,方正子,1190.0,5.0,,0.0,100531.0,1.0,0.0,0.0,,0.0,0.0,,,0.0,0.0,,,0.0,,,0.0,,,,0.0,,,Fang,方,Zhengzi,正子,15.0,0.0,"Fang(1) Zhengzi [25910] Fujian TZ, 149.50a.",0.0,0.0,,,,,,,,,,,,,TTS,,0.0,2007-03-12 00:00:00,
25911,Fang Ruyu,方汝玉,1189.0,11.0,25909.0,0.0,100447.0,1.0,0.0,0.0,,0.0,0.0,,,0.0,0.0,,,0.0,,,0.0,,,,0.0,,,Fang,方,Ruyu,汝玉,15.0,0.0,"Fang(1) Ruyu [25911] See also documentation for father, Wuzi []. CBD, 1, 74.",0.0,0.0,,,,,,,,,,,,,TTS,BDZWZ,1.0,2007-03-12 00:00:00,2008-11-29 00:00:00
25937,Fang Boyong,方伯用,1058.0,14.0,,0.0,100531.0,1.0,0.0,0.0,,0.0,0.0,,,0.0,0.0,,,0.0,,,0.0,,,,0.0,,,Fang,方,Boyong,伯用,15.0,0.0,"Fang(1) Boyong [25937] See documentation for great grandson, Qiyi [25939].",0.0,0.0,,,,,,,,,,,,,TTS,,0.0,2007-03-12 00:00:00,
25938,Fang Lin(3),方林,1127.0,13.0,,0.0,100531.0,1.0,0.0,0.0,,0.0,0.0,,,0.0,0.0,,,0.0,,,0.0,,,,0.0,,,Fang,方,Lin(3),林,15.0,0.0,"Fang(1) Lin(3) [25938] See documentation for son, Qiyi [25939].",0.0,0.0,,,,,,,,,,,,,TTS,,0.0,2007-03-12 00:00:00,
25939,Fang Qiyi,方其義,1157.0,1.0,,0.0,100531.0,1.0,0.0,0.0,,1157.0,541.0,27.0,,1230.0,551.0,3.0,,74.0,,,0.0,,,,0.0,,,Fang,方,Qiyi,其義,15.0,0.0,"Fang(1) Qiyi [25939] Liu Kezhuang, WJ, 161.18b-21a. CBD, 1, 77.",0.0,0.0,,8.0,,,,,,,,,,,TTS,BDQKH,1.0,2007-03-12 00:00:00,2008-10-18 00:00:00
26037,Fang Zhisun,方之巽,,,,0.0,100531.0,1.0,0.0,0.0,,0.0,0.0,,,0.0,0.0,,,0.0,,,0.0,,,,0.0,,,Fang,方,Zhisun,之巽,15.0,62.0,"Fang(1) Zhisun [26037] See documentation for father-in-law, Li(2) Choufu [26033]. Agnatic kinship based on generational nanme, address of affinal kin and chronological logic.",0.0,0.0,,,,,,,,,,,,,TTS,,0.0,2007-03-12 00:00:00,
26078,Fang Leifa,方雷發,,,,0.0,100531.0,1.0,0.0,0.0,,0.0,0.0,,,0.0,0.0,,,0.0,,,0.0,,,,0.0,,,Fang,方,Leifa,雷發,15.0,62.0,"Fang(1) Leifa [26078] See documentation for father-in-law, Lin(1) Meizhong [26075]. Agnatic kinship based on address of affinal kin, generational name and chronological logic.",0.0,0.0,,,,,,,,,,,,,TTS,,0.0,2007-03-12 00:00:00,
26102,Fang Cong,方琮,1023.0,5.0,,0.0,12793.0,1.0,0.0,0.0,,0.0,0.0,,,0.0,0.0,,,0.0,,,0.0,,,,0.0,,,Fang,方,Cong,琮,15.0,62.0,"Fang(1) Cong [26102] He was the first Fang(1) of Linhai to establish the lineage as hereditary classicists (shiru). His taboo mingzi is not recorded in the local history, but is recorded in Zhejiang TZ, 123.27a. See also documentation for grandson, Congli (zi) [26104]. Chicheng zhi, 33.3a.",0.0,0.0,,,,,,,,,,,,,TTS,,0.0,2007-03-12 00:00:00,
26103,Fang A,方A,839.0,11.0,17029.0,0.0,15838.0,1.0,0.0,0.0,,0.0,0.0,,,0.0,0.0,,,0.0,,,0.0,,,,0.0,,,Fang,方,A,A,7.0,62.0,"Fang(1) A [26103] See documentation for father, Gan [17029]. A had military talent and courage and fought bandits and thereby established the family in the area. See also documentation for descendant, Congli (zi), [26104].",0.0,0.0,,,,,,,,,,,,,TTS,,0.0,2007-03-12 00:00:00,
26104,Fang Congli (zi),方從禮,1071.0,1.0,,0.0,12793.0,1.0,0.0,0.0,,1071.0,0.0,,,1116.0,0.0,,,46.0,,,0.0,,,,0.0,,,Fang,方,Congli (zi),從禮,15.0,62.0,"Fang(1) Congli (zi) [26104] Xu Jingheng, WJ, 19.12a-15a. No names given for kin, but offices make identifications positive. Not indexed in CBD.",0.0,0.0,,,,,,,,,,,,,TTS,,0.0,2007-03-12 00:00:00,
26105,Fang Xunwu,方洵武,1037.0,5.0,,0.0,12793.0,1.0,0.0,0.0,,0.0,0.0,,,0.0,0.0,,,0.0,,,0.0,,,,0.0,,,Fang,方,Xunwu,洵武,15.0,62.0,"Fang(1) Xunwu [26105] See also documentation for son, Congli (zi). Chicheng zhi, 33.4a. CBD, 1, 78.",0.0,0.0,,,,,,,,,,,,,TTS,BDQKH,1.0,2007-03-12 00:00:00,2008-10-18 00:00:00
26106,Fang Xunzhi,方洵直,1043.0,5.0,,0.0,12793.0,1.0,0.0,0.0,,0.0,0.0,,,0.0,0.0,,,0.0,,,0.0,,,,0.0,,,Fang,方,Xunzhi,洵直,15.0,62.0,"Fang(1) Xunzhi [26106] Chicheng zhi, 33.4a. CBD, 1, 78.",0.0,0.0,,,,,,,,,,,,,TTS,BDQKH,1.0,2007-03-12 00:00:00,2008-10-18 00:00:00
26107,Fang Changwu,方昌武,1061.0,5.0,,0.0,12793.0,1.0,0.0,0.0,,0.0,0.0,,,0.0,0.0,,,0.0,,,0.0,,,,0.0,,,Fang,方,Changwu,昌武,15.0,62.0,"Fang(1) Changwu [26107] Chicheng zhi, 33.4b. CBD, 1, 78.",0.0,0.0,,,,,,,,,,,,,TTS,BDQKH,1.0,2007-03-12 00:00:00,2008-10-18 00:00:00
26108,Fang Xingke,方行可,1098.0,5.0,,0.0,12793.0,1.0,0.0,0.0,,0.0,0.0,,,0.0,0.0,,,0.0,,,0.0,,,,0.0,,,Fang,方,Xingke,行可,15.0,62.0,"Fang(1) Xingke [26108] Chicheng zhi, 33.6a. CBD, 1, 75.",0.0,0.0,,,,,,,,,,,,,TTS,BDQKH,1.0,2007-03-12 00:00:00,2008-10-18 00:00:00
26119,Fang Duan,方端,1042.0,13.0,,0.0,12780.0,1.0,0.0,0.0,,0.0,0.0,,,0.0,0.0,,,0.0,,,0.0,,,,0.0,,,Fang,方,Duan,端,15.0,0.0,"Fang(1) Duan [26119] See also documentation for son, Yu(6) [26120]. CBD, 1, 60.",0.0,0.0,,,,,,,,,,,,,TTS,BDQKH,1.0,2007-03-12 00:00:00,2008-10-18 00:00:00
26120,Fang Ye,方曄,1072.0,1.0,,0.0,12780.0,1.0,0.0,0.0,,1072.0,528.0,5.0,0.0,1143.0,541.0,13.0,0.0,72.0,0.0,,0.0,,,,0.0,,,Fang,方,Ye,曄,15.0,0.0,《宋人傳記資料索引（電子版）》有299“方煜”、342“方曄”兩條，其小傳資料一致，顯是同一人，作者未知孰是，故兩存之。實則299“方煜”資料取自宋林季仲《竹軒雜著》卷六《方聖時墓誌銘》，其名應作“昱”。而《竹軒雜著》係四庫館臣自《永樂大典》輯出，當時避康熙帝嫌名，常將人名“曄”改作“煜”，恐《宋元學案補遺》之作“方曄”更可信据。,0.0,0.0,,,,,,,,,,,,,TTS,,0.0,2007-03-12 00:00:00,
26121,Fang Zhen,方縝,1151.0,1.0,,0.0,100531.0,1.0,0.0,0.0,,1151.0,541.0,21.0,0.0,1223.0,549.0,16.0,,73.0,0.0,,0.0,,,,0.0,,,Fang,方,Zhen,縝,15.0,0.0,,0.0,0.0,,,,,,,,,,,,,TTS,,1.0,2007-03-12 00:00:00,
27274,Fang Tingben,方庭賁,,,,0.0,100531.0,1.0,0.0,0.0,,0.0,0.0,,,0.0,0.0,,,0.0,,,0.0,,,,0.0,,,Fang,方,Tingben,庭賁,15.0,62.0,"Fang(1) Tingben [27274] See documentation for father-in-law, Lin(1) Xiaoze [1160]. Agnatic kinship based on address, generational name and chronological logic.",0.0,0.0,,,,,,,,,,,,,TTS,,0.0,2007-03-12 00:00:00,
27414,Fang Shiduan,方士端,1126.0,1.0,,0.0,100531.0,1.0,0.0,0.0,,1126.0,539.0,1.0,0.0,1170.0,543.0,6.0,,45.0,,,0.0,,,,0.0,,,Fang,方,Shiduan,士端,15.0,62.0,"Fang(1) Shiduan [27414] He was an eighth generation descendant of Renda [27415], who was the #5 son of Tingfan [3292], which, thereby, establishes the link between lineages 150 and 151 since generational name would make him a cousin of Shiju, who was a grandson of Xidao [11232]. Zhu Xi, WJ, 92.28a-29a. CBD, 1, 70.",0.0,0.0,,,,,,,,,,,,,TTS,BDQKH,1.0,2007-03-12 00:00:00,2008-10-18 00:00:00
27415,Fang Renda,方仁達,,,3292.0,0.0,100531.0,1.0,0.0,0.0,,0.0,0.0,,,0.0,0.0,,,0.0,,,0.0,,,,0.0,,,Fang,方,Renda,仁達,15.0,62.0,Fang(1) Renda [27415] See documentation for Fang(1) Shiduan [27414].,0.0,0.0,,,,,,,,,,,,,TTS,,0.0,2007-03-12 00:00:00,
27727,Fang Hui(3),方回,1227.0,1.0,,0.0,12852.0,1.0,0.0,0.0,,1227.0,550.0,3.0,0.0,1307.0,625.0,11.0,,81.0,,1281.0,623.0,18.0,至元10八年得代,,0.0,,,Fang,方,Hui(3),回,18.0,0.0,"Fang(1) Hui(3) [27727] Huizhou FZ, 6.17b. CBD, 1, p. 50. WDY, 1, p. 59. CHECK funerary inscriptions in wenji for whole family.亦據元人傳記資料索引電子版311景定三年進士",0.0,0.0,,,,,,,,,,,,,TTS,BDQKH,1.0,2007-03-12 00:00:00,2008-10-11 00:00:00
27728,Fang Zhuo(2),方琢,1174.0,1.0,,0.0,12852.0,1.0,0.0,0.0,,1174.0,544.0,1.0,,1229.0,551.0,2.0,,56.0,0.0,,0.0,,,,0.0,,,Fang,方,Zhuo(2),琢,15.0,0.0,"Fang(1) Zhuo(2) [27728] Huizhou FZ, 6.14a. CBD, 1, pp. 56-7. CHECK funerary inscription.",0.0,0.0,,,,,,,,,,,,,TTS,BDQKH,1.0,2007-03-12 00:00:00,2008-10-17 00:00:00
27729,Fang Xia,方珨,1261.0,11.0,21182.0,0.0,18390.0,1.0,0.0,0.0,,,0.0,,,,0.0,,,,,1305.0,625.0,9.0,大德九年為信州學正,,0.0,,,Fang,方,Xia,珨,18.0,0.0,"Fang(1) Xia [27729] WDY, 1, pp. 66-7.",0.0,0.0,,,,,,,,,,,,,TTS,,1.0,2007-03-12 00:00:00,
27730,Fang Gui,方珪,1261.0,11.0,21182.0,0.0,18390.0,1.0,0.0,0.0,,0.0,0.0,,,0.0,0.0,,,0.0,,,0.0,,,,0.0,,,Fang,方,Gui,珪,18.0,0.0,"Fang(1) Gui [27730] WDY, 1, pp. 66-7.",0.0,0.0,,,,,,,,,,,,,TTS,,0.0,2007-03-12 00:00:00,
27731,Fang Anren,方安仁,1144.0,1.0,,0.0,12852.0,1.0,0.0,0.0,,1144.0,541.0,14.0,,1227.0,550.0,3.0,,84.0,0.0,,0.0,,,,0.0,,,Fang,方,Anren,安仁,15.0,0.0,"Fang(1) Anren [27731] CBD, 1, pp. 56-7. CHECK funerary inscription.",0.0,0.0,,,,,,,,,,,,,TTS,BDQKH,1.0,2007-03-12 00:00:00,2008-10-17 00:00:00
27732,Fang Bi(2),方珌,1180.0,1.0,,0.0,12852.0,1.0,0.0,0.0,,1180.0,544.0,7.0,0.0,1243.0,554.0,3.0,,64.0,,,0.0,,,,0.0,,,Fang,方,Bi(2),珌,15.0,0.0,"Fang(1) Bi(2) [27732] CBD, 1, p. 54. CHECK funerary inscription.",0.0,0.0,,,,,,,,,,,,,TTS,BDQKH,1.0,2007-03-12 00:00:00,2008-10-17 00:00:00
27733,Fang Zhuan(2),方瑑,1184.0,1.0,,0.0,12852.0,1.0,0.0,0.0,,1184.0,544.0,11.0,0.0,1244.0,554.0,4.0,,61.0,0.0,,0.0,,,,0.0,,,Fang,方,Zhuan(2),瑑,15.0,0.0,"Fang(1) Zhuan(2) [27733] CBD, 1, p. 60. CHECK funerary inscription.",0.0,0.0,,,,,,,,,,,,,TTS,BDQKH,1.0,2007-03-12 00:00:00,2008-10-18 00:00:00
27734,Fang Runmin,方潤民,1210.0,11.0,27732.0,0.0,12852.0,1.0,0.0,0.0,,0.0,0.0,,,0.0,0.0,,,0.0,,,0.0,,,,0.0,,,Fang,方,Runmin,潤民,15.0,0.0,"Fang(1) Runmin [27734] CHECK funerary inscription of father, Bi(2) [27732].",0.0,0.0,,,,,,,,,,,,,TTS,,0.0,2007-03-12 00:00:00,
27735,Fang Duanfu,方端甫,1240.0,12.0,27734.0,0.0,18388.0,1.0,0.0,0.0,,0.0,0.0,,,0.0,0.0,,,0.0,,,0.0,,,,0.0,,,Fang,方,Duanfu,端甫,18.0,0.0,"Fang(1) Duanfu [27735] CHECK funerary inscription of grandfather, Bi(2) [27732].",0.0,0.0,,,,,,,,,,,,,TTS,,0.0,2007-03-12 00:00:00,
27736,Fang Jisun,方寄孫,1214.0,11.0,27733.0,0.0,12852.0,1.0,0.0,0.0,,0.0,0.0,,,0.0,0.0,,,0.0,,,0.0,,,,0.0,,,Fang,方,Jisun,寄孫,15.0,0.0,"Fang(1) Jisun [27736] Note shared generational name with lineage cousin, Gongsun [21182]. CHECK  funerary inscription of father, Zhuan(2) [27733].",0.0,0.0,,,,,,,,,,,,,TTS,,0.0,2007-03-12 00:00:00,
27737,Fang Chen,方琛,1188.0,1.0,,0.0,12852.0,1.0,0.0,0.0,,1188.0,544.0,16.0,,1230.0,551.0,3.0,,43.0,,,0.0,,,,0.0,,,Fang,方,Chen,琛,15.0,0.0,"Fang(1) Chen [27737] CBD, 1, p. 57. CHECK  funerary inscription.",0.0,0.0,,4.0,,,,,,,,,,,TTS,BDQKH,1.0,2007-03-12 00:00:00,2008-10-17 00:00:00
27738,Fang Fengnian,方逢年,1218.0,11.0,27737.0,0.0,12852.0,1.0,0.0,0.0,,0.0,0.0,,,0.0,0.0,,,0.0,,,0.0,,,,0.0,,,Fang,方,Fengnian,逢年,15.0,0.0,"Fang(1) Fengnian [27738] Alternate mingzi=Liangyu 良遇. CHECK funerary inscription of father, Chen [27737].",0.0,0.0,,,,,,,,,,,,,TTS,,0.0,2007-03-12 00:00:00,
27739,Fang Jie(4),方玠,1174.0,11.0,27731.0,0.0,12852.0,1.0,0.0,0.0,,0.0,0.0,,,0.0,0.0,,,0.0,,,0.0,,,,0.0,,,Fang,方,Jie(4),玠,15.0,0.0,"Fang(1) Jie(4) [27739] Alternate mingzi = Yuanchun 元純 See documentation for son, Zemin [27740].",0.0,0.0,,,,,,,,,,,,,TTS,,0.0,2007-03-12 00:00:00,
27740,Fang Zemin,方澤民,1218.0,1.0,,0.0,12852.0,1.0,0.0,0.0,,1218.0,0.0,,,1273.0,0.0,,,56.0,,,0.0,,,,0.0,,,Fang,方,Zemin,澤民,15.0,0.0,"Fang(1) Zemin [27740] CHECK funerary inscription in Fang Hui, WJ, 8.50b indexed in Kinugawa, but not in CBD or WDY.",0.0,0.0,,,,,,,,,,,,,TTS,,0.0,2007-03-12 00:00:00,
27742,Fang Min,方敏,1114.0,13.0,,0.0,12852.0,1.0,0.0,0.0,,0.0,0.0,,,0.0,0.0,,,0.0,,,0.0,,,,0.0,,,Fang,方,Min,敏,15.0,0.0,"Fang(1) Min [27742] CHECK funerary inscription of son, Anren [27731] and grandsons.",0.0,0.0,,,,,,,,,,,,,TTS,,0.0,2007-03-12 00:00:00,
27743,Fang Zhizong,方之宗,1084.0,14.0,,0.0,12852.0,1.0,0.0,0.0,,0.0,0.0,,,0.0,0.0,,,0.0,,,0.0,,,,0.0,,,Fang,方,Zhizong,之宗,15.0,0.0,"Fang(1) Zhizong [27743] CHECK funerary inscription of grandson, Anren [27731] and great grandsons.",0.0,0.0,,,,,,,,,,,,,TTS,,0.0,2007-03-12 00:00:00,
27744,Fang Cunxin,方存心,1260.0,1.0,,0.0,18388.0,1.0,0.0,0.0,,1260.0,0.0,,,0.0,0.0,,,0.0,,,0.0,,,,0.0,,,Fang,方,Cunxin,存心,18.0,0.0,"Fang(1) Cunxin [27744] WDY, 1, p. 59.",0.0,0.0,,,,,,,,,,,,,TTS,,0.0,2007-03-12 00:00:00,
27745,Fang Tingjie,方廷傑,,,,0.0,18388.0,1.0,0.0,0.0,,0.0,0.0,,,0.0,0.0,,,0.0,,,0.0,,,,0.0,,,Fang,方,Yingjie,廷傑,18.0,0.0,"Fang(1) Tingjie [27745] WDY, 1, p. 60.",0.0,0.0,,,,,,,,,,,,,TTS,,0.0,2007-03-12 00:00:00,
28093,Fang Xiaoru,方孝孺,1357.0,1.0,,0.0,5418.0,1.0,0.0,0.0,,1357.0,636.0,17.0,,1402.0,640.0,4.0,,46.0,,,0.0,,,,0.0,,,Fang,方,Xiaoru,孝孺,19.0,0.0,"Fang(1) Xiaoru [28093] MS, 141.4017-21. CHECK extant funerary inscription and nianpu.",0.0,0.0,,,,,,,,,,,,,TTS,,0.0,2007-03-12 00:00:00,
28094,Fang Keqin,方克勤,1341.0,5.0,,0.0,5418.0,1.0,0.0,0.0,,0.0,0.0,,,0.0,0.0,,,0.0,,,0.0,,,,0.0,,,Fang,方,Keqin,克勤,19.0,0.0,"Fang(1) Keqin [28094] MS, 141.4017, 281.7187.From Hartwell's ACTIVITY table:1369:  Directly recruited",0.0,0.0,,,,,,,,,,,,,TTS,,0.0,2007-03-12 00:00:00,
28095,Fang Kejia,方克家,1343.0,20.0,,0.0,5418.0,1.0,0.0,0.0,,0.0,0.0,,,0.0,0.0,,,0.0,,,0.0,,,,0.0,,,Fang,方,Kejia,克家,19.0,0.0,"Fang(1) Kejia [28095] MS, 141.4017-21.",0.0,0.0,,,,,,,,,,,,,TTS,,0.0,2007-03-12 00:00:00,
28096,Fang Xiaofu,方孝復,1373.0,12.0,28095.0,0.0,5418.0,1.0,0.0,0.0,,0.0,0.0,,,0.0,0.0,,,0.0,,,0.0,,,,0.0,,,Fang,方,Xiaofu,孝復,19.0,0.0,"Fang(1) Xiaofu [28096] MS, 141.4017-4021.From Hartwell's ACTIVITY table:1392:  Memorialized as a commoner (but nephew of official)",0.0,0.0,,,,,,,,,,,,,TTS,,0.0,2007-03-12 00:00:00,
28097,Fang Wan(3),方琬,,,28096.0,0.0,5418.0,1.0,0.0,0.0,,0.0,0.0,,,0.0,0.0,,,0.0,,,0.0,,,,0.0,,,Fang,方,Wan(3),琬,19.0,0.0,"Fang(1) Wan(3) [28097] MS, 141.4017-4021.",0.0,0.0,,,,,,,,,,,,,TTS,,0.0,2007-03-12 00:00:00,
28098,Fang Xiaowen,方孝聞,1371.0,12.0,28094.0,0.0,5418.0,1.0,0.0,0.0,,0.0,0.0,,,0.0,0.0,,,0.0,,,0.0,,,,0.0,,,Fang,方,Xiaowen,孝聞,19.0,0.0,"Fang(1) Xiaowen [28098] MS, 141.4017-4021.",0.0,0.0,,,,,,,,,,,,,TTS,,0.0,2007-03-12 00:00:00,
28099,Fang Xiaoyou,方孝友,1339.0,29.0,,0.0,5418.0,1.0,0.0,0.0,,0.0,0.0,,,1402.0,0.0,,,0.0,,,0.0,,,,0.0,,,Fang,方,Xiaoyou,孝友,19.0,0.0,"Fang(1) Xiaoyou [28099] Executed with elder brother, Xiaoru [28093].",0.0,0.0,,,,,,,,,,,,,TTS,,0.0,2007-03-12 00:00:00,
28100,Fang Zhongxian,方中憲,1339.0,29.0,,0.0,5418.0,1.0,0.0,0.0,,0.0,0.0,,,1402.0,0.0,,,0.0,,,0.0,,,,0.0,,,Fang,方,Zhongxian,中憲,19.0,0.0,"Fang(1) Zhongxian [28100] Strangled himself when his father, Xiaoru [28093], was executed. MS, 141.4017-4021.",0.0,0.0,,,,,,,,,,,,,TTS,,0.0,2007-03-12 00:00:00,
28101,Fang Zhongyu(2),方中愈,1339.0,29.0,,0.0,5418.0,1.0,0.0,0.0,,0.0,0.0,,,1402.0,0.0,,,0.0,,,0.0,,,,0.0,,,Fang,方,Zhongyu(2),中愈,19.0,0.0,"Fang(1) Zhongyu(2) [28101] Strangled himself when his father, Xiaoru [28093], was executed. MS, 141.4017-4021.",0.0,0.0,,,,,,,,,,,,,TTS,,0.0,2007-03-12 00:00:00,
28701,Fang Shi(6),方氏,1193.0,1.0,,1.0,12879.0,1.0,0.0,0.0,,1193.0,0.0,,,1275.0,0.0,,,83.0,,,0.0,,,,0.0,,,Fang,方,Shi(6),氏,15.0,0.0,Fang Shi[28701] CHECK funerary inscription by Wang Feng (indexed in Umehara and not in WDY).,0.0,0.0,,,,,,,,,,,,,TTS,FCF,0.0,2007-03-12 00:00:00,2007-07-09 00:00:00
28702,Fang B,方B,1163.0,13.0,,0.0,12879.0,1.0,0.0,0.0,,0.0,0.0,,,0.0,0.0,,,0.0,,,0.0,,,,0.0,,,Fang,方,B,B,15.0,0.0,"Fang(1) B [28702] CHECK funerary inscription of daughter, Shi(6) [28701].",0.0,0.0,,,,,,,,,,,,,TTS,,0.0,2007-03-12 00:00:00,
29843,Fang Shao(3),方勺,1066.0,1.0,,0.0,12785.0,1.0,0.0,0.0,,1066.0,527.0,3.0,0.0,1141.0,541.0,11.0,1.0,76.0,1.0,,0.0,,,,0.0,,,Fang,方,Shao(3),勺,15.0,0.0,"Fang(1) Shao(3) [29843] CBD, 1, p. 48.",0.0,0.0,,,,,,,,,,,,,TTS,BDQKH,1.0,2007-03-12 00:00:00,2008-10-11 00:00:00
30058,Fang Zelin,方澤林,,,,0.0,7224.0,1.0,0.0,0.0,,0.0,0.0,,,0.0,0.0,,,0.0,,,0.0,,,,0.0,,,Fang,方,Zelin,澤林,20.0,0.0,"Fang(1) Zelin [30058] See documentation for daughters betrotheds grandmother, Gao(1) Taifuren [30032].",0.0,0.0,,,,,,,,,,,,,TTS,,0.0,2007-03-12 00:00:00,
30200,Fang Xiangying,方象瑛,1632.0,1.0,,0.0,7664.0,1.0,0.0,0.0,,1632.0,655.0,5.0,2.0,,0.0,,,,,,0.0,,,,0.0,,,Fang,方,Xiangying,象瑛,20.0,0.0,"Fang(1) Xiangying [30200] RM, p. 63. 《清代人物生卒年表》定其生卒年為崇禎5年~？。 【參考《清代人物生卒年表》#2515.】",0.0,0.0,,,,,,,,,,,,,TTS,,0.0,2007-03-12 00:00:00,
30201,Fang Xun,方薰,1736.0,1.0,,0.0,7624.0,1.0,0.0,0.0,,1736.0,662.0,1.0,,1799.0,663.0,4.0,,64.0,,,0.0,,,,0.0,,,Fang,方,Xun,薰,20.0,0.0,"Fang(1) Xun(2) [30201] RM, p. 65. CHECK biographical source cited in Lidai renwu linian tongpu. 《清代人物生卒年表》定其生卒年為乾隆1年~嘉慶4年。 【參考《清代人物生卒年表》#2392.】",0.0,0.0,,,,,,,,,,,,,TTS,,0.0,2007-03-12 00:00:00,
30202,Fang Lin(4),方麟,1448.0,14.0,,0.0,4596.0,1.0,0.0,0.0,,0.0,0.0,,,0.0,0.0,,,0.0,,,0.0,,,,0.0,,,Fang,方,Lin(4),麟,19.0,0.0,"Fang(1) Lin(4) [30202] Kunshan XZ (1538), 8.11b.",0.0,0.0,,,,,,,,,,,,,TTS,,0.0,2007-03-12 00:00:00,
30203,Fang Feng(2),方鳳,1478.0,5.0,,0.0,4596.0,1.0,0.0,0.0,,0.0,0.0,,,0.0,0.0,,,0.0,,,0.0,,,,0.0,,,Fang,方,Feng(2),鳳,19.0,0.0,"Fang(1) Feng(2) [30203] Kunshan XZ (1538), 6.21b, 7.12b.From Hartwell's ACTIVITY table:1498:  passed juren exam.",0.0,0.0,,,,,,,,,,,,,TTS,,0.0,2007-03-12 00:00:00,
30204,Fang Peng,方鵬,1478.0,5.0,,0.0,4596.0,1.0,0.0,0.0,,0.0,0.0,,,0.0,0.0,,,0.0,,,0.0,,,,0.0,,,Fang,方,Peng,鵬,19.0,0.0,"Fang(1) Peng [30204] Kunshan XZ (1538), 6.21b, 7.13a.From Hartwell's ACTIVITY table:1501:  passed juren exam.",0.0,0.0,,,,,,,,,,,,,TTS,,0.0,2007-03-12 00:00:00,
30205,Fang Zhu(2),方築,1498.0,7.0,,0.0,4596.0,1.0,0.0,0.0,,0.0,0.0,,,0.0,0.0,,,0.0,,,0.0,,,,0.0,,,Fang,方,Zhu(2),築,19.0,0.0,"Fang(1) Zhu(2) [30205] Kunshan XZ (1538), 7.16a.",0.0,0.0,,,,,,,,,,,,,TTS,,0.0,2007-03-12 00:00:00,
30206,Fang Yue(5),方岳,,,,0.0,12795.0,1.0,0.0,0.0,,0.0,0.0,,,0.0,0.0,,,0.0,,,0.0,,,,0.0,,,Fang,方,Yue(5),岳,15.0,0.0,"Fang(1) Yue(5) [30206] CBD, 1, p. 53.",0.0,0.0,,,,,,,,,,,,,TTS,BDQKH,1.0,2007-03-12 00:00:00,2008-10-17 00:00:00
30460,Fang Yun(2),方允,957.0,13.0,,0.0,12786.0,1.0,0.0,0.0,,0.0,0.0,,,0.0,0.0,,,0.0,,,0.0,,,,0.0,,,Fang,方,Yun(2),允,15.0,0.0,"Fang(1) Yun(2) [30460] See documentation for daughter, Furen [5232].",0.0,0.0,,,,,,,,,,,,,TTS,,0.0,2007-03-12 00:00:00,
34025,Fang Kui(3),方奎,,,,0.0,,,0.0,0.0,,0.0,0.0,,,0.0,0.0,,,0.0,,,0.0,,,,0.0,,,Fang,方,Kui(3),奎,15.0,0.0,"Fang(1) Kui(3) [34025] See documentation for father-in-law, Linghu(1) Ting [34017].",0.0,0.0,,,,,,,,,,,,,TTS,,0.0,2007-03-12 00:00:00,
34137,Fang Zhou,方舟,1665.0,1.0,,0.0,7706.0,1.0,0.0,0.0,,1665.0,660.0,4.0,,1701.0,660.0,40.0,,37.0,,,0.0,,,,0.0,,,Fang,方,Zhou,舟,20.0,0.0,"Fang(1) Zhou(2) [34137] CHECK biographical sources cited in Lidai renwu nianli tongpu. RM, p. 59. 《清代人物生卒年表》定其生卒年為康熙4年~康熙40年。 《清代人物生卒年表》原注：「方舟，戴名世 《潛虛先生文集》卷八『傳』作康熙七年（1668）生，康熙四十三年（1704）卒。」 【參考《清代人物生卒年表》#2336.】",0.0,0.0,,,,,,,,,,,,,TTS,,0.0,2007-03-12 00:00:00,
34138,Fang Bao,方苞,1668.0,1.0,,0.0,7706.0,1.0,0.0,0.0,,1668.0,660.0,7.0,,1749.0,662.0,14.0,,82.0,,,0.0,,,,0.0,,,Fang,方,Bao,苞,20.0,0.0,"Fang(2) Bao [34138] CHECK biographical sources cited in Lidai renwu nianli tongpu. RM, p. 60. Jiangnan TZ, 124.29a. 《清代人物生卒年表》定其生卒年為康熙7年~乾隆14年。 【參考《清代人物生卒年表》#2346.】",0.0,0.0,,,,,,,,,,,,,TTS,,0.0,2007-03-12 00:00:00,
34609,Fang Ding(2),方鼎,1385.0,5.0,,0.0,6034.0,1.0,0.0,0.0,,0.0,0.0,,,0.0,0.0,,,0.0,,,0.0,,,,0.0,,,Fang,方,Ding(2),鼎,19.0,0.0,"Fang(1) Ding(2) [34609] Fujian TZ, 153.14b.From Hartwell's ACTIVITY table:1411:  passed juren exam.",0.0,0.0,,,,,,,,,,,,,TTS,,0.0,2007-03-12 00:00:00,
34610,Fang Chaozong,方朝宗,,,,0.0,6034.0,1.0,0.0,0.0,,0.0,0.0,,,0.0,0.0,,,0.0,,,0.0,,,,0.0,,,Fang,方,Chaozong,朝宗,19.0,0.0,"Fang(1) Chaozong [34610] Fujian TZ, 153.35b.From Hartwell's ACTIVITY table:1456:  passed juren exam.",0.0,0.0,,,,,,,,,,,,,TTS,,0.0,2007-03-12 00:00:00,
34611,Fang Chaoqing,方朝清,1444.0,7.0,,0.0,6034.0,1.0,0.0,0.0,,0.0,0.0,,,0.0,0.0,,,0.0,,,0.0,,,,0.0,,,Fang,方,Chaoqing,朝清,19.0,0.0,"Fang(1) Chaoqing [34611] Fujian TZ, 154.4b.",0.0,0.0,,,,,,,,,,,,,TTS,,0.0,2007-03-12 00:00:00,
34612,Fang Liangyong,方良永,1461.0,1.0,,0.0,6034.0,1.0,0.0,0.0,,1461.0,646.0,5.0,,1527.0,650.0,6.0,,67.0,,,0.0,,,,0.0,,,Fang,方,Liangyong,良永,19.0,0.0,"Fang(1) Liangyong [34612] MS, 201.5311-5312. Fujian TZ, 152.22b, 154.14b.From Hartwell's ACTIVITY table:1489:  passed juren exam.",0.0,0.0,,,,,,,,,,,,,TTS,,0.0,2007-03-12 00:00:00,
34613,Fang Liangjie,方良節,1460.0,5.0,,0.0,6034.0,1.0,0.0,0.0,,,0.0,,,,0.0,,,,,,0.0,,,,0.0,,,Fang,方,Liangjie,良節,19.0,0.0,"Fang(1) Liangjie [34613] MS, 201.5312. Fujian TZ, 152.22b, 154.12b.From Hartwell's ACTIVITY table:1486:  passed juren exam.",0.0,0.0,,,,,,,,,,,,,TTS,,0.0,2007-03-12 00:00:00,
34614,Fang Chongxi,方重熙,1489.0,7.0,,0.0,6034.0,1.0,0.0,0.0,,0.0,0.0,,,0.0,0.0,,,0.0,,,0.0,,,,0.0,,,Fang,方,Chongxi,重熙,19.0,0.0,"Fang(1) Chongxi [34614] Fujian TZ, 154.28b.",0.0,0.0,,,,,,,,,,,,,TTS,,0.0,2007-03-12 00:00:00,
34615,Fang Chonggeng,方重耿,1495.0,7.0,,0.0,6034.0,1.0,0.0,0.0,,0.0,0.0,,,0.0,0.0,,,0.0,,,0.0,,,,0.0,,,Fang,方,Chonggeng,重耿,19.0,0.0,"Fang(1) Chonggeng [34615] Fujian TZ, 155.1b.",0.0,0.0,,,,,,,,,,,,,TTS,,0.0,2007-03-12 00:00:00,
34616,Fang Youbin,方攸賓,1528.0,7.0,,0.0,6034.0,1.0,0.0,0.0,,0.0,0.0,,,0.0,0.0,,,0.0,,,0.0,,,,0.0,,,Fang,方,Youbin,攸賓,19.0,0.0,"Fang(1) Youbin [34616] Fujian TZ, 155.20a-20b.",0.0,0.0,,,,,,,,,,,,,TTS,,0.0,2007-03-12 00:00:00,
34617,Fang Youji,方攸績,1523.0,5.0,,0.0,6034.0,1.0,0.0,0.0,,0.0,0.0,,,0.0,0.0,,,0.0,,,0.0,,,,0.0,,,Fang,方,Youji,攸績,19.0,0.0,"Fang(1) Youji [34617] Fujian TZ, 155.19a.From Hartwell's ACTIVITY table:1552:  passed juren exam.",0.0,0.0,,,,,,,,,,,,,TTS,,0.0,2007-03-12 00:00:00,
34618,Fang Youyi,方有翼,1534.0,7.0,,0.0,6034.0,1.0,0.0,0.0,,0.0,0.0,,,0.0,0.0,,,0.0,,,0.0,,,,0.0,,,Fang,方,Youyi,有翼,19.0,0.0,"Fang(1) Youyi [34618] Fujian TZ, 155.23b.",0.0,0.0,,,,,,,,,,,,,TTS,,0.0,2007-03-12 00:00:00,
34619,Fang Shuyou,方叔猷,1519.0,12.0,34614.0,0.0,6034.0,1.0,0.0,0.0,,0.0,0.0,,,0.0,0.0,,,0.0,,,0.0,,,,0.0,,,Fang,方,Shuyou,叔猷,19.0,0.0,"Fang(1) Shuyou [34619] Fujian TZ, 155.7a.",0.0,0.0,,,,,,,,,,,,,TTS,,0.0,2007-03-12 00:00:00,
34620,Fang Youji(2),方攸躋,1520.0,5.0,,0.0,6034.0,1.0,0.0,0.0,,0.0,0.0,,,0.0,0.0,,,0.0,,,0.0,,,,0.0,,,Fang,方,Youji(2),攸躋,19.0,0.0,"Fang(1) Youji(2) [34620] Fujian TZ, 152.38b, 155.7a.From Hartwell's ACTIVITY table:1549:  passed juren exam.",0.0,0.0,,,,,,,,,,,,,TTS,,0.0,2007-03-12 00:00:00,
34621,Fang Han,方瀚,1525.0,7.0,,0.0,6034.0,1.0,0.0,0.0,,0.0,0.0,,,0.0,0.0,,,0.0,,,0.0,,,,0.0,,,Fang,方,Han,瀚,19.0,0.0,"Fang(1) Han [34621] Fujian TZ, 155.18b.",0.0,0.0,,,,,,,,,,,,,TTS,,0.0,2007-03-12 00:00:00,
34622,Fang Hang,方沆,1538.0,5.0,,0.0,6034.0,1.0,0.0,0.0,,0.0,0.0,,,0.0,0.0,,,0.0,,,0.0,,,,0.0,,,Fang,方,Hang,沆,19.0,0.0,"Fang(1) Hang [34622] Fujian TZ, 155.26b.From Hartwell's ACTIVITY table:1567:  passed juren exam.",0.0,0.0,,,,,,,,,,,,,TTS,,0.0,2007-03-12 00:00:00,
35541,Fang Lan,方瀾,1263.0,1.0,,0.0,18467.0,1.0,0.0,0.0,,1263.0,0.0,,,1339.0,0.0,,,77.0,,,0.0,,,,0.0,,,Fang,方,Lan,瀾,18.0,0.0,"Fang(1) Lan [35541] WDY, 1, p. 64.",0.0,0.0,,,,,,,,,,,,,TTS,,0.0,2007-03-12 00:00:00,
35613,Fang Shugong,方叔恭,1162.0,27.0,603.0,0.0,12672.0,1.0,0.0,0.0,,0.0,0.0,,,0.0,0.0,,,0.0,,,0.0,,,,0.0,,,Fang,方,Shugong,叔恭,15.0,62.0,"Fang(1) Shugong [35613] See documentation for grandfather-in-law, Shi(5) Hao [8113].",0.0,0.0,,,,,,,,,,,,,TTS,,0.0,2007-03-12 00:00:00,
35785,Fang Fu(3),方復,,,,0.0,100584.0,1.0,0.0,0.0,,0.0,0.0,,,0.0,0.0,,,0.0,,,0.0,,,,0.0,,,Fang,方,Fu(3),復,15.0,0.0,"Fang(1) Fu(3) [35785] See documentation for father-in-law, Dai(1) Ji [10308].",0.0,0.0,,,,,,,,,,,,,TTS,,0.0,2007-03-12 00:00:00,
35795,Fang Shutai,方叔泰,1163.0,11.0,3302.0,0.0,12672.0,1.0,0.0,0.0,,0.0,0.0,,,0.0,0.0,,,0.0,,,0.0,,,,0.0,,,Fang,方,Shutai,叔泰,15.0,62.0,"Fang(1) Shutai [35795] See documentation for father, Dao [3302].",0.0,0.0,,,,,,,,,,,,,TTS,,0.0,2007-03-12 00:00:00,
35796,Fang Shukuan,方叔寬,1163.0,11.0,3302.0,0.0,12672.0,1.0,0.0,0.0,,0.0,0.0,,,0.0,0.0,,,0.0,,,0.0,,,,0.0,,,Fang,方,Shukuan,叔寬,15.0,62.0,"Fang(1) Shukuan [35796] See documentation for father, Dao [3302].",0.0,0.0,,,,,,,,,,,,,TTS,,0.0,2007-03-12 00:00:00,
35837,Fang Kai(3),方楷,,,,0.0,,,0.0,0.0,,0.0,0.0,,,0.0,0.0,,,0.0,,,0.0,,,,0.0,,,Fang,方,Kai(3),楷,15.0,0.0,"Fang(1) Kai(3) [35837] See documentation for grandfather-in-law, Lou(2) Zi [19967].",0.0,0.0,,,,,,,,,,,,,TTS,,0.0,2007-03-12 00:00:00,
35968,Fang Kerou,方克柔,,,,0.0,,,0.0,0.0,,0.0,0.0,,,0.0,0.0,,,0.0,,,0.0,,,,0.0,,,Fang,方,Kerou,克柔,15.0,0.0,"Fang(1) Kerou [35968] See documentation for grandfather-in-law, Hu(1) Qi(3) [26723].",0.0,0.0,,,,,,,,,,,,,TTS,,0.0,2007-03-12 00:00:00,
36335,Fang Bozhen(2),方伯震,1180.0,11.0,11392.0,0.0,100531.0,1.0,0.0,0.0,,0.0,0.0,,,0.0,0.0,,,0.0,,,0.0,,,,0.0,,,Fang,方,Bozhen(2),伯震,15.0,62.0,"Fang(1) Bozhen(2) [36335] Died before father, Shi(2) [11392] (q.v.).",0.0,0.0,,,,,,,,,,,,,TTS,,0.0,2007-03-12 00:00:00,
36336,Fang Zhongyi,方仲益,1180.0,11.0,11392.0,0.0,100531.0,1.0,0.0,0.0,,0.0,0.0,,,0.0,0.0,,,0.0,,,0.0,,,,0.0,,,Fang,方,Zhongyi,仲益,15.0,0.0,"Fang(1) Zhongyi [36336] See documentation for father, Shi(2) [11392].",0.0,0.0,,,,,,,,,,,,,TTS,,0.0,2007-03-12 00:00:00,
36337,Fang Shugong(2),方叔弓,1180.0,11.0,11392.0,0.0,100531.0,1.0,0.0,0.0,,0.0,0.0,,,0.0,0.0,,,0.0,,,0.0,,,,0.0,,,Fang,方,Shugong,叔弓,15.0,62.0,"Fang(1) Shugong(2) [36337] Died before father, Shi(2) [11392].",0.0,0.0,,,,,,,,,,,,,TTS,,0.0,2007-03-12 00:00:00,
36340,Fang Dachun,方大椿,1199.0,12.0,11440.0,0.0,100531.0,1.0,0.0,0.0,,0.0,0.0,,,0.0,0.0,,,0.0,,,0.0,,,,0.0,,,Fang,方,Dachun,大椿,15.0,62.0,"Fang(1) Dachun [36340] See documentation for father, Guo [11440].",0.0,0.0,,,,,,,,,,,,,TTS,,0.0,2007-03-12 00:00:00,
36943,Fang Liang(2),方粱,1251.0,11.0,3294.0,0.0,18318.0,1.0,0.0,0.0,,0.0,0.0,,,0.0,0.0,,,0.0,,,0.0,,,,0.0,,,Fang,方,Liang(2),粱,18.0,62.0,"Fang(1) Liang(2) [36943] See documentation for father, Fengchen [3294].",0.0,0.0,,,,,,,,,,,,,TTS,,0.0,2007-03-12 00:00:00,
36944,Fang Dong(2),方棟,1251.0,11.0,3294.0,0.0,18318.0,1.0,0.0,0.0,,0.0,0.0,,,0.0,0.0,,,0.0,,,0.0,,,,0.0,,,Fang,方,Dong(2),棟,18.0,62.0,"Fang(1) Dong(2) [36944] See documentation for father, Fengchen [3294].",0.0,0.0,,,,,,,,,,,,,TTS,,0.0,2007-03-12 00:00:00,
36945,Fang Jie(5),方傑,1251.0,11.0,3294.0,0.0,18318.0,1.0,0.0,0.0,,0.0,0.0,,,0.0,0.0,,,0.0,,,0.0,,,,0.0,,,Fang,方,Jie(5),傑,18.0,62.0,"Fang(1) Jie(5) [36945] See documentation for father, Fengchen [3294].",0.0,0.0,,,,,,,,,,,,,TTS,,0.0,2007-03-12 00:00:00,
37161,Fang Zhu(3),方鑄,,,,0.0,,,0.0,0.0,,0.0,0.0,,,0.0,0.0,,,0.0,,,0.0,,,,0.0,,,Fang,方,Zhu(3),鑄,15.0,0.0,"Fang(1) Zhu(3) [37161] See documentation for father-in-law, Wang(2) Yongnian [17656].",0.0,0.0,,,,,,,,,,,,,TTS,,0.0,2007-03-12 00:00:00,
37214,Fang Xie(2),方燮,1132.0,11.0,603.0,0.0,12672.0,1.0,0.0,0.0,,0.0,0.0,,,0.0,0.0,,,0.0,,,0.0,,,,0.0,,,Fang,方,Xie(2),燮,15.0,62.0,"Fang(1) Xie(2) [37214] See documentation for father, Zi [603].",0.0,0.0,,,,,,,,,,,,,TTS,,0.0,2007-03-12 00:00:00,
37277,Fang Guan,方冠,1102.0,11.0,26120.0,0.0,12780.0,1.0,0.0,0.0,,0.0,0.0,,,0.0,0.0,,,0.0,,,0.0,,,,0.0,,,Fang,方,Guan,冠,15.0,0.0,"Fang(1) Guan [37277] See documentation for father, Yu(6) [26120].",0.0,0.0,,,,,,,,,,,,,TTS,,0.0,2007-03-12 00:00:00,
37278,Fang Lan(2),方覽,1102.0,11.0,26120.0,0.0,12780.0,1.0,0.0,0.0,,0.0,0.0,,,0.0,0.0,,,0.0,,,0.0,,,,0.0,,,Fang,方,Lan(2),覽,15.0,0.0,"Fang(1) Lan(2) [37278] See documentation for father, Yu(6) [26120].",0.0,0.0,,,,,,,,,,,,,TTS,,0.0,2007-03-12 00:00:00,
37279,Fang Xian(3),方峴,1102.0,11.0,26120.0,0.0,12780.0,1.0,0.0,0.0,,0.0,0.0,,,0.0,0.0,,,0.0,,,0.0,,,,0.0,,,Fang,方,Xian(3),峴,15.0,0.0,"Fang(1) Xian(3) [37279] See documentation for father, Yu(6) [26120].",0.0,0.0,,,,,,,,,,,,,TTS,,0.0,2007-03-12 00:00:00,
37328,Fang Mao,方茂,1101.0,11.0,26104.0,0.0,12793.0,1.0,0.0,0.0,,0.0,0.0,,,0.0,0.0,,,0.0,,,0.0,,,,0.0,,,Fang,方,Mao,茂,15.0,62.0,"Fang(1) Mao [37328] See documentation for father, Congli (zi) [26104].",0.0,0.0,,,,,,,,,,,,,TTS,,0.0,2007-03-12 00:00:00,
37458,Fang Zeng,方增,,,,0.0,,,0.0,0.0,,0.0,0.0,,,0.0,0.0,,,0.0,,,0.0,,,,0.0,,,Fang,方,Zeng,增,15.0,0.0,"Fang(1) Zeng [37458] See documentation for father-in-law, Xie(1) Jikang [25654].",0.0,0.0,,,,,,,,,,,,,TTS,,0.0,2007-03-12 00:00:00,
37534,Fang Guangweng,方廣翁,,,,0.0,,,0.0,0.0,,0.0,0.0,,,0.0,0.0,,,0.0,,,0.0,,,,0.0,,,Fang,方,Guangweng,廣翁,15.0,0.0,"Fang(1) Guangweng [37534] See documentation for grandfather-in-law, Liu(2) Kezhuang [3595].",0.0,0.0,,,,,,,,,,,,,TTS,,0.0,2007-03-12 00:00:00,
37535,Fang Jia,方浹,1022.0,11.0,597.0,0.0,100531.0,1.0,0.0,0.0,,0.0,0.0,,,0.0,0.0,,,0.0,,,0.0,,,,0.0,,,Fang,方,Jia,浹,15.0,62.0,"Fang(1) Jia [37535] See documentation for father, Xie [597].",0.0,0.0,,,,,,,,,,,,,TTS,,0.0,2007-03-12 00:00:00,
37536,Fang Xia(2),方洽,1022.0,11.0,597.0,0.0,100531.0,1.0,0.0,0.0,,0.0,0.0,,,0.0,0.0,,,0.0,,,0.0,,,,0.0,,,Fang,方,Xia(2),洽,15.0,62.0,"Fang(1) Xia(2) [37536] Premature death. See documentation for father, Xie [597].",0.0,0.0,,,,,,,,,,,,,TTS,,0.0,2007-03-12 00:00:00,
37747,Fang Shi(Chen Hui Er Xi ),方氏(陳暉兒媳),,,,1.0,100352.0,1.0,0.0,0.0,,0.0,0.0,0.0,,0.0,0.0,0.0,,,0.0,0.0,0.0,0.0,,0.0,0.0,0.0,,Fang,方,Shi(Chen Hui Er Xi ),氏（陳暉兒媳）,15.0,0.0,《索引》作“陳察之子婦”，誤。“察”當作“暉”。,0.0,0.0,,,,,,,,,,,,,TTS,FCF,0.0,2007-03-12 00:00:00,2007-07-09 00:00:00
37748,Fang Sheng,方升,,,,0.0,,,0.0,0.0,,0.0,0.0,0.0,,0.0,0.0,0.0,,,0.0,0.0,0.0,0.0,,0.0,0.0,0.0,,Fang,方,Sheng,升,15.0,0.0,,0.0,0.0,,,,,,,,,,,,,TTS,,1.0,2007-03-12 00:00:00,
37765,Fang Zhi,方至,,,,0.0,12738.0,1.0,0.0,0.0,,0.0,0.0,0.0,,0.0,0.0,0.0,,,0.0,0.0,0.0,0.0,,0.0,0.0,0.0,,Fang,方,Zhi,至,15.0,0.0,,0.0,0.0,,,,,,,,,,,,,TTS,,1.0,2007-03-12 00:00:00,
37799,Fang Yuancai,方元寀,1030.0,12.0,11411.0,0.0,100531.0,1.0,0.0,0.0,,0.0,0.0,0.0,,0.0,0.0,0.0,,,0.0,0.0,0.0,0.0,,0.0,0.0,0.0,,Fang,方,Yuancai,元寀,15.0,62.0,"Fang(1) Yuancai [11417] Fujian TZ, 147.35b. CBD, 1, 72.",0.0,0.0,,,,,,,,,,,,,TTS,,1.0,2007-03-12 00:00:00,
37816,Fang Dian,方甸,1061.0,5.0,,0.0,13871.0,1.0,0.0,0.0,,0.0,0.0,0.0,,0.0,0.0,0.0,,,0.0,1091.0,530.0,6.0,元祐六年進士。,0.0,0.0,0.0,,Fang,方,Dian,甸,15.0,0.0,,0.0,0.0,,,,,,,,, ,,, ,TTS,peter bol,1.0,2007-03-12 00:00:00,2020-06-12 00:00:00
37825,Fang Jie,方傑,1169.0,5.0,,0.0,13869.0,1.0,0.0,0.0,,0.0,0.0,0.0,,0.0,0.0,0.0,,,0.0,1199.0,546.0,5.0,慶元五年進士。,0.0,0.0,0.0,,Fang,方,Jie,傑,15.0,0.0,,0.0,0.0,,,,,,,,,,,,,TTS,,1.0,2007-03-12 00:00:00,
37828,Fang Lai,方來,1175.0,5.0,,0.0,12780.0,1.0,0.0,0.0,,0.0,0.0,0.0,,0.0,0.0,0.0,,,0.0,1205.0,548.0,1.0,開禧元年進士。,0.0,0.0,0.0,,Fang,方,Lai,來,15.0,0.0,,0.0,0.0,,,,,,,,,,,,,TTS,,1.0,2007-03-12 00:00:00,
37830,Fang Gang,方剛,1145.0,5.0,,0.0,12798.0,1.0,0.0,0.0,,0.0,0.0,0.0,,0.0,0.0,0.0,,,0.0,1175.0,544.0,2.0,淳熙二年進士。,0.0,0.0,0.0,,Fang,方,Gang,剛,15.0,0.0,,0.0,0.0,,,,,,,,,,,,,TTS,,1.0,2007-03-12 00:00:00,
37834,Fang Tan,方坦,1183.0,27.0,38807.0,0.0,12791.0,1.0,0.0,0.0,,0.0,0.0,0.0,,0.0,0.0,0.0,,,0.0,0.0,0.0,0.0,,0.0,0.0,0.0,,Fang,方,Tan,坦,15.0,0.0,Index year algorithmically generated: Rule 13;,0.0,0.0,,,,,,,,,,,,,TTS,,1.0,2007-03-12 00:00:00,
37839,Fang Hong,方洪,,,,0.0,100531.0,1.0,0.0,0.0,,0.0,0.0,0.0,,0.0,0.0,0.0,,,0.0,0.0,0.0,0.0,,0.0,0.0,0.0,,Fang,方,Hong,洪,15.0,0.0,,0.0,0.0,,,,,,,,,,,,,TTS,,1.0,2007-03-12 00:00:00,
37851,Fang Gui,方桂,,,,0.0,13378.0,1.0,0.0,0.0,,,0.0,0.0,,,0.0,,,80.0,1.0,0.0,0.0,0.0,,0.0,0.0,0.0,,Fang,方,Gui,桂,0.0,0.0,葛川人。,0.0,0.0,,,,,,,,,,,,,TTS,,1.0,2007-03-12 00:00:00,
37862,Fang Shu,方淑,1116.0,5.0,,0.0,100669.0,1.0,0.0,0.0,,0.0,0.0,0.0,,0.0,0.0,0.0,,,0.0,1131.0,541.0,1.0,紹興初擧進士。,0.0,0.0,0.0,,Fang,方,Shu,淑,15.0,0.0,,0.0,0.0,,,,,,,,,,,,,TTS,BDQKH,1.0,2007-03-12 00:00:00,2008-10-17 00:00:00
37865,Fang Yuan,方淵,1186.0,1.0,,0.0,100402.0,1.0,0.0,0.0,,1186.0,544.0,13.0,0.0,1258.0,555.0,6.0,,73.0,0.0,0.0,0.0,0.0,,0.0,0.0,0.0,,Fang,方,Yuan,淵,15.0,0.0,,0.0,0.0,,,,,,,,,,,,,TTS,,1.0,2007-03-12 00:00:00,
37905,Fang Xi,方喜,,,,0.0,100531.0,1.0,0.0,0.0,,0.0,0.0,0.0,,0.0,0.0,0.0,,,0.0,0.0,0.0,0.0,,0.0,0.0,0.0,,Fang,方,Xi,喜,15.0,0.0,,0.0,0.0,,,,,,,,,,,,,TTS,BDQKH,1.0,2007-03-12 00:00:00,2008-10-17 00:00:00
37919,Fang Fei,方棐,1202.0,11.0,37920.0,0.0,100531.0,1.0,0.0,0.0,,0.0,0.0,0.0,,0.0,0.0,0.0,,,0.0,1238.0,553.0,2.0,其父卒，請銘於王邁。,0.0,0.0,0.0,,Fang,方,Fei,棐,18.0,0.0,Index year algorithmically generated: Rule 8;,0.0,0.0,,,,,,,,,,,,,TTS,,1.0,2007-03-12 00:00:00,
37920,Fang Yinglong,方應龍,1172.0,1.0,,0.0,100531.0,1.0,0.0,0.0,,1172.0,543.0,8.0,,1238.0,553.0,2.0,,67.0,0.0,0.0,0.0,0.0,,0.0,0.0,0.0,,Fang,方,Yinglong,應龍,15.0,0.0,,0.0,0.0,,,,,,,,,,,,,TTS,,1.0,2007-03-12 00:00:00,
37925,Fang Zi,方資,1030.0,1.0,,0.0,12785.0,1.0,0.0,0.0,,1030.0,518.0,8.0,,0.0,0.0,0.0,,,0.0,0.0,0.0,0.0,,1063.0,526.0,8.0,登嘉祐八年進士。,Fang,方,Zi,資,15.0,0.0,,0.0,0.0,,,,,,,,,,,,,TTS,,1.0,2007-03-12 00:00:00,
37931,Fang Pu,方溥,,,,0.0,12880.0,1.0,0.0,0.0,,0.0,0.0,0.0,,0.0,0.0,0.0,,,0.0,0.0,0.0,0.0,,0.0,0.0,0.0,,Fang,方,Pu,溥,15.0,0.0,,0.0,0.0,,,,,,,,,,,,,TTS,,1.0,2007-03-12 00:00:00,
37933,Fang You,方猷,1172.0,5.0,,0.0,12795.0,1.0,0.0,0.0,,0.0,0.0,0.0,,0.0,0.0,0.0,,,0.0,1202.0,547.0,2.0,嘉泰二年進士。,0.0,0.0,0.0,,Fang,方,You,猷,15.0,0.0,,0.0,0.0,,,,,,,,,,,,,TTS,,1.0,2007-03-12 00:00:00,
37938,Fang Yuan,方瑗,1023.0,5.0,,0.0,12793.0,1.0,0.0,0.0,,0.0,0.0,0.0,,0.0,0.0,0.0,,,0.0,1053.0,524.0,5.0,皇祐五年進士。,0.0,0.0,0.0,,Fang,方,Yuan,瑗,15.0,0.0,,0.0,0.0,,,,,,,,,,,,,TTS,,1.0,2007-03-12 00:00:00,
37970,Fang Yan,方演,,,,0.0,101098.0,1.0,0.0,0.0,,0.0,0.0,0.0,,0.0,0.0,0.0,,,0.0,0.0,0.0,0.0,,1009.0,515.0,2.0,大中祥符二年知新安。,Fang,方,Yan,演,15.0,0.0,,0.0,0.0,,,,,,,,,,,,,TTS,,1.0,2007-03-12 00:00:00,
37989,Fang Qi,方齊,,,,0.0,12916.0,1.0,0.0,0.0,,0.0,0.0,0.0,,0.0,0.0,0.0,,,0.0,0.0,0.0,0.0,,0.0,0.0,0.0,,Fang,方,Qi,齊,15.0,0.0,,0.0,0.0,,,,,,,,,,,,,TTS,,1.0,2007-03-12 00:00:00,
38008,Fang Meng,方蒙,,,,0.0,12791.0,1.0,0.0,0.0,,0.0,0.0,0.0,,0.0,0.0,0.0,,,0.0,0.0,0.0,0.0,,0.0,0.0,0.0,,Fang,方,Meng,蒙,15.0,0.0,,0.0,0.0,,,,,,,,,,,,,TTS,,1.0,2007-03-12 00:00:00,
38010,Fang Zhuo,方斲,1142.0,5.0,,0.0,12798.0,1.0,0.0,0.0,,0.0,0.0,0.0,,0.0,0.0,0.0,,,0.0,1172.0,543.0,8.0,乾道八年進士。,0.0,0.0,0.0,,Fang,方,Zhuo,斲,15.0,0.0,,0.0,0.0,,,,,,,,,,,,,TTS,BDQKH,1.0,2007-03-12 00:00:00,2008-10-18 00:00:00
38013,Fang Yu,方與,1099.0,1.0,,0.0,13871.0,1.0,0.0,0.0,,1099.0,532.0,2.0,0.0,1178.0,544.0,5.0,,80.0,0.0,0.0,0.0,0.0,,0.0,0.0,0.0,,Fang,方,Yu,與,15.0,0.0,,0.0,0.0,,,,,,,,,,,,,TTS,,1.0,2007-03-12 00:00:00,
38025,Fang Gang,方綱,,,,0.0,100626.0,1.0,0.0,0.0,,0.0,0.0,0.0,,0.0,0.0,0.0,,,0.0,1004.0,514.0,1.0,景德中詔旌其門。,0.0,0.0,0.0,,Fang,方,Gang,綱,15.0,0.0,,0.0,0.0,,,,,,,,,,,,,TTS,,1.0,2007-03-12 00:00:00,
38041,Fang Wei,方維,1082.0,5.0,,0.0,100531.0,1.0,0.0,0.0,,0.0,0.0,0.0,,0.0,0.0,0.0,,,0.0,1112.0,536.0,2.0,政和二年進士。,0.0,0.0,0.0,,Fang,方,Wei,維,15.0,0.0,,0.0,0.0,,,,,,,,, ,,, ,TTS,Hongsu Wang,1.0,2007-03-12 00:00:00,2024-03-16 00:00:00
38093,Fang Que,方愨,1088.0,5.0,,0.0,100352.0,1.0,0.0,0.0,,0.0,0.0,0.0,,0.0,0.0,0.0,,,0.0,1118.0,537.0,1.0,政和八年進士。,0.0,0.0,0.0,,Fang,方,Que,愨,15.0,0.0,,0.0,0.0,,,,,,,,,,,,,TTS,BDQKH,1.0,2007-03-12 00:00:00,2008-10-18 00:00:00
38096,Fang Ni,方輗,,,,0.0,13193.0,1.0,0.0,0.0,,0.0,0.0,0.0,,0.0,0.0,0.0,,,0.0,0.0,0.0,0.0,,0.0,0.0,0.0,,Fang,方,Ni,輗,15.0,0.0,,0.0,0.0,,,,,,,,,,,,,TTS,,1.0,2007-03-12 00:00:00,
38100,Fang Zhen,方震,1061.0,5.0,,0.0,13947.0,1.0,0.0,0.0,,0.0,0.0,0.0,,0.0,0.0,0.0,,,0.0,1091.0,530.0,6.0,元祐六年進士。,0.0,0.0,0.0,,Fang,方,Zhen,震,15.0,0.0,,0.0,0.0,,,,,,,,,,,,,TTS,,1.0,2007-03-12 00:00:00,
38105,Fang Yi,方儀,,,,0.0,12794.0,1.0,0.0,0.0,,0.0,0.0,0.0,,0.0,0.0,0.0,,,0.0,0.0,0.0,0.0,,0.0,0.0,0.0,,Fang,方,Yi,儀,15.0,0.0,,0.0,0.0,,,,,,,,,,,,,TTS,,1.0,2007-03-12 00:00:00,
38125,Fang Xing,方興,,,,0.0,13195.0,1.0,0.0,0.0,,0.0,0.0,0.0,,0.0,0.0,0.0,,,0.0,0.0,0.0,0.0,,1279.0,561.0,2.0,死於崖山之難。,Fang,方,Xing,興,15.0,0.0,,0.0,0.0,,,,,,,,,,,,,TTS,BDQKH,1.0,2007-03-12 00:00:00,2008-10-18 00:00:00
38277,Fang Zifang,方子方,,,,0.0,13378.0,1.0,0.0,0.0,,0.0,0.0,0.0,,0.0,0.0,0.0,,,0.0,0.0,0.0,0.0,,0.0,0.0,0.0,,Fang,方,Zifang,子方,0.0,0.0,葛川人。,0.0,0.0,,,,,,,,,,,,,TTS,,1.0,2007-03-12 00:00:00,
38287,Fang Zijing,方子靜,,,,0.0,100352.0,1.0,0.0,0.0,,,0.0,0.0,,,0.0,0.0,,,0.0,1280.0,0.0,,auto-generated from date mentioned in bio,,0.0,,,Fang,方,Zijing,子靜,18.0,0.0,亦據元人傳記資料索引電子版333,0.0,0.0,,,,,,,,,,,,,TTS,,1.0,2007-03-12 00:00:00,
38439,Fang Yubao,方于寶,,,,0.0,100531.0,1.0,0.0,0.0,,0.0,0.0,0.0,,0.0,0.0,0.0,,,0.0,1146.0,541.0,16.0,紹興十六年應詔進風騷大全集一百卷。,0.0,0.0,0.0,,Fang,方,Yubao,于寶,15.0,0.0,,0.0,0.0,,,,,,,,,,,,,TTS,HVDCS,1.0,2007-03-12 00:00:00,2008-07-17 00:00:00
38467,Fang Shanjing,方山京,1232.0,5.0,,0.0,12771.0,1.0,0.0,0.0,,0.0,0.0,0.0,,0.0,0.0,0.0,,,0.0,1262.0,557.0,3.0,景定三年進士。,1264.0,557.0,5.0,度宗登極，除秘書正字。,Fang,方,Shanjing,山京,18.0,0.0,,0.0,0.0,,,,,,,,,,,,,TTS,,1.0,2007-03-12 00:00:00,
38470,Fang Jiren,方季仁,1186.0,5.0,,0.0,12771.0,1.0,0.0,0.0,,0.0,0.0,0.0,,0.0,0.0,0.0,,,0.0,0.0,0.0,0.0,,0.0,0.0,0.0,,Fang,方,Jiren,季仁,15.0,0.0,,0.0,0.0,,,,,,,,, ,,, ,TTS,peter bol,1.0,2007-03-12 00:00:00,2020-06-12 00:00:00
38472,Fang Qianli,方千里,,,,0.0,12799.0,1.0,0.0,0.0,,0.0,0.0,0.0,,0.0,0.0,0.0,,,0.0,0.0,0.0,0.0,,0.0,0.0,0.0,,Fang,方,Qianli,千里,15.0,0.0,,0.0,0.0,,,,,,,,,,,,,TTS,,1.0,2007-03-12 00:00:00,
38489,Fang Yuanji,方元吉,,,,0.0,100531.0,1.0,0.0,0.0,,0.0,0.0,0.0,,0.0,0.0,0.0,,,0.0,0.0,0.0,0.0,,0.0,0.0,0.0,,Fang,方,Yuanji,元吉,15.0,0.0,,0.0,0.0,,,,,,,,,,,,,TTS,,1.0,2007-03-12 00:00:00,
38493,Fang Yuanke,方元恪,1084.0,1.0,,0.0,100352.0,1.0,0.0,0.0,,1084.0,529.0,7.0,,1175.0,544.0,2.0,,92.0,0.0,0.0,0.0,0.0,,0.0,0.0,0.0,,Fang,方,Yuanke,元恪,15.0,0.0,嚴陵方君墓誌銘(東萊文集8/3下),0.0,0.0,,7.0,,,,,,, ,,, ,TTS,peter bol,1.0,2007-03-12 00:00:00,2019-07-22 00:00:00
38510,Fang Yuanying,方元英,,,,0.0,100531.0,1.0,0.0,0.0,,0.0,0.0,0.0,,0.0,0.0,0.0,,,0.0,0.0,0.0,0.0,,0.0,0.0,0.0,,Fang,方,Yuanying,元英,15.0,0.0,,0.0,0.0,,,,,,,,,,,,,TTS,,1.0,2007-03-12 00:00:00,
38536,Fang Yunwu,方允武,,,,0.0,12799.0,1.0,0.0,0.0,,0.0,0.0,0.0,,0.0,0.0,0.0,,,0.0,0.0,0.0,0.0,,1128.0,540.0,2.0,建炎二年金人入縣，迎敵殺獲數級，後又遇金兵於梅嶺村，力戰而歿。,Fang,方,Yunwu,允武,0.0,0.0,Index year algorithmically generated: Rule 15;,0.0,0.0,,,,,,,,,,,,,TTS,,1.0,2007-03-12 00:00:00,
38542,Fang Yuqing,方虞卿,,,,0.0,12799.0,1.0,0.0,0.0,,0.0,0.0,0.0,,0.0,0.0,0.0,,,0.0,0.0,0.0,0.0,,0.0,0.0,0.0,,Fang,方,Yuqing,虞卿,0.0,0.0,,0.0,0.0,,,,,,,,,,,,,TTS,,0.0,2007-03-12 00:00:00,
38543,Fang Xiaqing,方夏卿,,,,0.0,12799.0,1.0,0.0,0.0,,0.0,0.0,0.0,,0.0,0.0,0.0,,,0.0,0.0,0.0,0.0,,0.0,0.0,0.0,,Fang,方,Xiaqing,夏卿,0.0,0.0,,0.0,0.0,,,,,,,,,,,,,TTS,,0.0,2007-03-12 00:00:00,
38593,Fang Rujiang,方汝疆,1121.0,5.0,,0.0,100501.0,1.0,0.0,0.0,,0.0,0.0,0.0,,0.0,0.0,0.0,,,0.0,0.0,0.0,0.0,,0.0,0.0,0.0,,Fang,方,Rujiang,汝疆,15.0,0.0,,0.0,0.0,,,,,,,,,,,,,TTS,,1.0,2007-03-12 00:00:00,
38620,Fang Anshi,方安石,,,,0.0,,,0.0,0.0,,0.0,0.0,0.0,,0.0,0.0,0.0,,,0.0,0.0,0.0,0.0,,0.0,0.0,0.0,,Fang,方,Anshi,安石,15.0,0.0,,0.0,0.0,,,,,,,,,,,,,TTS,,1.0,2007-03-12 00:00:00,
38688,Fang Xiaoneng,方孝能,,,,0.0,100531.0,1.0,0.0,0.0,,0.0,0.0,0.0,,0.0,0.0,0.0,,,0.0,0.0,0.0,0.0,,0.0,0.0,0.0,,Fang,方,Xiaoneng,孝能,15.0,0.0,與鄭伯玉、陳琪稱為三賢。,0.0,0.0,,,,,,,,,,,,,TTS,,1.0,2007-03-12 00:00:00,
38692,Fang Xize,方希則,,,,0.0,,,0.0,0.0,,0.0,0.0,0.0,,0.0,0.0,0.0,,,0.0,0.0,0.0,0.0,,0.0,0.0,0.0,,Fang,方,Xize,希則,15.0,0.0,,0.0,0.0,,,,,,,,,,,,,TTS,,1.0,2007-03-12 00:00:00,
38717,Fang Boqi,方伯起,,,,0.0,,,0.0,0.0,,0.0,0.0,0.0,,0.0,0.0,0.0,,,0.0,0.0,0.0,0.0,,0.0,0.0,0.0,,Fang,方,Boqi,伯起,15.0,0.0,,0.0,0.0,,,,,,,,,,,,,TTS,BDQKH,1.0,2007-03-12 00:00:00,2008-10-18 00:00:00
38730,Fang Bozai,方伯載,,,,0.0,13868.0,1.0,0.0,0.0,,0.0,0.0,0.0,,0.0,0.0,0.0,,,0.0,0.0,0.0,0.0,,0.0,0.0,0.0,,Fang,方,Bozai,伯載,15.0,0.0,,0.0,0.0,,,,,,,,,,,,,TTS,,1.0,2007-03-12 00:00:00,
38737,Fang Boqian,方伯騫,1034.0,12.0,11412.0,0.0,100531.0,1.0,0.0,0.0,,0.0,0.0,0.0,,0.0,0.0,0.0,,,0.0,0.0,0.0,0.0,,0.0,0.0,0.0,,Fang,方,Boqian,伯騫,15.0,0.0,Index year algorithmically generated: Rule 14;,0.0,0.0,,,,,,,,,,,,,TTS,,1.0,2007-03-12 00:00:00,
38748,Fang Zongsheng,方宗昇,1143.0,1.0,,0.0,12761.0,1.0,0.0,0.0,,1143.0,541.0,13.0,,1200.0,546.0,6.0,,58.0,0.0,0.0,0.0,0.0,,0.0,0.0,0.0,,Fang,方,Zongsheng,宗昇,15.0,0.0,,0.0,0.0,,12.0,,7.0,,,,,,,,,TTS,,1.0,2007-03-12 00:00:00,
38763,Fang Chengyue,方承約,,,,0.0,,,0.0,0.0,,0.0,0.0,0.0,,0.0,0.0,0.0,,,0.0,0.0,0.0,0.0,,0.0,0.0,0.0,,Fang,方,Chengyue,承約,15.0,0.0,,0.0,0.0,,,,,,,,,,,,,TTS,,1.0,2007-03-12 00:00:00,
38807,Fang Yanlao,方彥老,1123.0,1.0,,0.0,12791.0,1.0,0.0,0.0,,1123.0,538.0,5.0,,1179.0,544.0,6.0,,57.0,0.0,0.0,0.0,0.0,,0.0,0.0,0.0,,Fang,方,Yanlao,彥老,15.0,0.0,,0.0,0.0,,,,,,,,,,,,,TTS,,1.0,2007-03-12 00:00:00,
38809,Fang Yanhui,方彥惠,,,,0.0,100531.0,1.0,0.0,0.0,,0.0,0.0,0.0,,0.0,0.0,0.0,,,0.0,0.0,0.0,0.0,,0.0,0.0,0.0,,Fang,方,Yanhui,彥惠,15.0,0.0,,0.0,0.0,,,,,,,,,,,,,TTS,,1.0,2007-03-12 00:00:00,
38812,Fang Nanyi,方南一,,,,0.0,12888.0,1.0,0.0,0.0,,,0.0,0.0,,,0.0,0.0,,,0.0,1317.0,628.0,,延祐間為餘干州學教授,,0.0,,,Fang,方,Nanyi,南一,18.0,0.0,謝枋得高弟。性耿介，官至贛州判官。亦據元人傳記資料索引電子版348,0.0,0.0,,,,,,,,,,,,,TTS,,1.0,2007-03-12 00:00:00,
38816,Fang Zhiyao,方致堯,1067.0,29.0,,0.0,12844.0,1.0,0.0,0.0,,,0.0,0.0,,1130.0,540.0,4.0,,,0.0,0.0,0.0,0.0,,0.0,0.0,0.0,,Fang,方,Zhiyao,致堯,15.0,0.0,,0.0,0.0,,,,,,,,,,,,,TTS,BDQKH,1.0,2007-03-12 00:00:00,2008-10-18 00:00:00
38819,Fang Chongqing,方翀卿,1184.0,5.0,,0.0,13870.0,1.0,0.0,0.0,,0.0,0.0,0.0,,0.0,0.0,0.0,,,0.0,0.0,0.0,0.0,,0.0,0.0,0.0,,Fang,方,Chongqing,翀卿,15.0,0.0,,0.0,0.0,,,,,,,,, ,,, ,TTS,peter bol,1.0,2007-03-12 00:00:00,2020-06-12 00:00:00
38839,Fang Shike,方時可,1073.0,5.0,,0.0,13870.0,1.0,0.0,0.0,,0.0,0.0,0.0,,0.0,0.0,0.0,,,0.0,0.0,0.0,0.0,,0.0,0.0,0.0,,Fang,方,Shike,時可,15.0,0.0,,0.0,0.0,,,,,,,,, ,,, ,TTS,Hongsu Wang,1.0,2007-03-12 00:00:00,2024-03-16 00:00:00
38845,Fang Shifa,方時發,,,,0.0,,,0.0,0.0,,0.0,0.0,0.0,,0.0,0.0,0.0,,,0.0,0.0,0.0,0.0,,0.0,0.0,0.0,,Fang,方,Shifa,時發,15.0,0.0,,0.0,0.0,,,,,,,,,,,,,TTS,,1.0,2007-03-12 00:00:00,
38849,Fang Yuanshan,方元善,,,,0.0,,,0.0,0.0,,0.0,0.0,0.0,,0.0,0.0,0.0,,,0.0,0.0,0.0,0.0,,0.0,0.0,0.0,,Fang,方,Yuanshan,元善,0.0,0.0,,0.0,0.0,,,,,,,,,,,,,TTS,,0.0,2007-03-12 00:00:00,
38856,Fang Meiqing,方梅卿,,,,0.0,100531.0,1.0,0.0,0.0,,0.0,0.0,0.0,,0.0,0.0,0.0,,,0.0,0.0,0.0,0.0,,0.0,0.0,0.0,,Fang,方,Meiqing,梅卿,15.0,0.0,,0.0,0.0,,,,,,,,,,,,,TTS,,1.0,2007-03-12 00:00:00,
38897,Fang Conglong,方從龍,1213.0,1.0,,0.0,12803.0,1.0,0.0,0.0,,1213.0,549.0,6.0,,,0.0,,,,,,0.0,,,,0.0,,,Fang,方,Zonglong,從龍,15.0,0.0,Index year algorithmically generated: Rule 3; 本貫州龍丘縣,0.0,0.0,8.0,,11.0,,,,,,,,,,TTS,BDQKH,1.0,2007-03-12 00:00:00,2008-10-18 00:00:00
38906,Fang Fuye,方富業,,,,0.0,12795.0,1.0,0.0,0.0,,0.0,0.0,0.0,,0.0,0.0,0.0,,,0.0,0.0,0.0,0.0,,0.0,0.0,0.0,,Fang,方,Fuye,富業,15.0,0.0,,0.0,0.0,,,,,,,,,,,,,TTS,,1.0,2007-03-12 00:00:00,
38909,Fang Yunyi,方雲翼,1094.0,5.0,,0.0,12780.0,1.0,0.0,0.0,,0.0,0.0,0.0,,0.0,0.0,0.0,,,0.0,0.0,0.0,0.0,,0.0,0.0,0.0,,Fang,方,Yunyi,雲翼,15.0,0.0,,0.0,0.0,,,,,,,,,,,,,TTS,,1.0,2007-03-12 00:00:00,
38925,Fang Chunnian,方椿年,,,,0.0,12672.0,1.0,0.0,0.0,,0.0,0.0,0.0,,0.0,0.0,0.0,,,0.0,0.0,0.0,0.0,,0.0,0.0,0.0,,Fang,方,Chunnian,椿年,15.0,0.0,,0.0,0.0,,,,,,,,,,,,,TTS,,1.0,2007-03-12 00:00:00,
38942,Fang Wenyi,方聞一,,,,0.0,12628.0,1.0,0.0,0.0,,0.0,0.0,0.0,,0.0,0.0,0.0,,,0.0,1174.0,544.0,1.0,淳熙中為郡博士。,0.0,0.0,0.0,,Fang,方,Wenyi,聞一,15.0,0.0,,0.0,0.0,,,,,,,,,,,,,TTS,,1.0,2007-03-12 00:00:00,
38945,Fang shouming,方壽明,1204.0,1.0,,0.0,12793.0,1.0,0.0,0.0,,1204.0,547.0,4.0,,,0.0,,,,,,0.0,,,,0.0,,,Fang,方,shouming,壽明,15.0,0.0,Index year algorithmically generated: Rule 3; 本貫台州臨海縣,0.0,0.0,5.0,,19.0,,,,,,,,,,TTS,PBOL,1.0,2007-03-12 00:00:00,2008-08-09 00:00:00
38955,Fang Weisun,方洧孫,1216.0,19.0,,0.0,100531.0,1.0,0.0,0.0,,0.0,0.0,0.0,,0.0,0.0,0.0,,,0.0,0.0,0.0,0.0,,0.0,0.0,0.0,,Fang,方,Weisun,洧孫,15.0,0.0,Index year algorithmically generated: Rule 10;,0.0,0.0,,,,,,,,,,,,,TTS,,1.0,2007-03-12 00:00:00,
38964,Fang Deshun,方德順,,,,0.0,100531.0,1.0,0.0,0.0,,0.0,0.0,0.0,,0.0,0.0,0.0,,,0.0,1131.0,541.0,1.0,紹興初召對，極論議和不便。,0.0,0.0,0.0,,Fang,方,Deshun,德順,15.0,0.0,,0.0,0.0,,,,,,,,,,,,,TTS,,1.0,2007-03-12 00:00:00,
38969,Fang Delin,方德麟,,,,0.0,100352.0,1.0,0.0,0.0,,,0.0,0.0,,,0.0,0.0,,,0.0,1280.0,0.0,,auto-generated from date mentioned in bio,,0.0,,,Fang,方,Delin,德麟,18.0,0.0,亦據元人傳記資料索引電子版366,0.0,0.0,,,,,,,,,,,,,TTS,,1.0,2007-03-12 00:00:00,
38973,Fang Zexu,方澤需,,,,0.0,100531.0,1.0,0.0,0.0,,0.0,0.0,0.0,,0.0,0.0,0.0,,,0.0,0.0,0.0,0.0,,0.0,0.0,0.0,,Fang,方,Zexu,澤需,15.0,0.0,,0.0,0.0,,,,,,,,,,,,,TTS,,1.0,2007-03-12 00:00:00,
38983,Fang Yingfa,方應發,1224.0,1.0,,0.0,100531.0,1.0,0.0,0.0,,1224.0,0.0,0.0,,1289.0,623.0,26.0,,66.0,0.0,0.0,0.0,0.0,,1286.0,623.0,23.0,宋亡後十年卒，年六十六。,Fang,方,Yingfa,應發,15.0,0.0,,0.0,0.0,,,,,,,,,,,,,TTS,,1.0,2007-03-12 00:00:00,
38995,Fang Maode,方懋德,1085.0,1.0,,0.0,12842.0,1.0,0.0,0.0,,1085.0,529.0,8.0,,1149.0,541.0,19.0,,65.0,0.0,0.0,0.0,0.0,,0.0,0.0,0.0,,Fang,方,Maode,懋德,15.0,0.0,,0.0,0.0,,,,,,,,,,,,,TTS,,1.0,2007-03-12 00:00:00,
39008,Fang Baoyin,方寶印,1216.0,1.0,,0.0,100417.0,1.0,0.0,0.0,,1216.0,549.0,9.0,,,0.0,,,,,,0.0,,,,0.0,,,Fang,方,Baoyin,寶印,15.0,0.0,Index year algorithmically generated: Rule 3; 本貫潮州海陽縣,0.0,0.0,1.0,,24.0,,,,,,,,,,TTS,HVDWY,1.0,2007-03-12 00:00:00,2008-06-15 00:00:00
42142,Fang Shi(Concubiner of Lv Da Qi ),方氏(呂大器妾),1128.0,1.0,,1.0,12790.0,9.0,0.0,0.0,,1128.0,540.0,2.0,,1175.0,544.0,2.0,,48.0,,,0.0,,,,0.0,,,Fang,方,Shi(Concubiner of Lv Da Qi ),氏（呂大器妾）,15.0,0.0,,0.0,0.0,,,,,,,,,,,,,BDDWJ,PBOL,0.0,2007-07-14 00:00:00,2016-03-29 00:00:00
42378,Fang Zeru,方澤孺,,,,0.0,,,0.0,0.0,,,0.0,,,,0.0,,,,,,0.0,,,,0.0,,,Fang,方,Zeru,澤孺,15.0,0.0,,0.0,0.0,,,,,,,,,,,,,BDLYH,,0.0,2007-10-13 00:00:00,
43066,Fang Guo,方果,1133.0,5.0,,0.0,12791.0,1.0,0.0,0.0,,,0.0,,,,0.0,,,,,,0.0,,,,0.0,,,Fang,方,Guo,果,15.0,0.0,樓鑰《攻媿集》卷六一。,0.0,0.0,,,,,,,,,,,,,BDSYX,PBOL,0.0,2008-01-11 00:00:00,2014-01-04 00:00:00
44464,Fang Zhou,方伷,,,,0.0,,,0.0,0.0,,,0.0,,,,0.0,,,,,,0.0,,,,0.0,,,Fang,方,Zhou,伷,0.0,0.0,see 盧君墓誌銘(東萊呂太史文集11/4),0.0,0.0,,,,,,,,,,,,,PBOL,,0.0,2008-04-26 00:00:00,
44689,Fang Zimu,方自牧,1118.0,29.0,,0.0,,,0.0,0.0,,,0.0,,,1181.0,0.0,,1.0,,-1.0,,0.0,,,,0.0,,,Fang,方,Zimu,自牧,15.0,0.0,,0.0,0.0,,,,,,,,, ,,, ,PBOL,peter bol,0.0,2008-05-23 00:00:00,2019-07-22 00:00:00
45725,Fang Yifu,方毅父,,,,0.0,,,0.0,0.0,,,0.0,,,,0.0,,,,,,0.0,,,,0.0,,,Fang,方,Yifu,毅父,0.0,0.0,,0.0,0.0,,,,,,,,,,,,,TTS,,0.0,2008-07-05 00:00:00,
45787,Fang Yu,方煜,1072.0,1.0,,0.0,12780.0,1.0,0.0,0.0,,1072.0,0.0,,,1143.0,541.0,13.0,,72.0,,,0.0,,,,0.0,,,Fang,方,Yu,煜,15.0,0.0,,0.0,0.0,,1.0,,,,,,,,,,,load,,0.0,2009-02-26 00:00:00,
45788,Fang Siyin,方思尹,,,,0.0,,,0.0,0.0,,,0.0,,,,0.0,,,,,,0.0,,,,0.0,,,Fang,方,Siyin,思尹,15.0,0.0,,0.0,0.0,,,,,,,,,,,,,load,,0.0,2009-02-26 00:00:00,
46352,Fang Shi(Wife of Xu Ying Biao ),方氏(徐應鑣妻),1218.0,4.0,46351.0,1.0,12672.0,1.0,0.0,0.0,,,0.0,,,,0.0,,,,,,0.0,,,,0.0,,,Fang,方,Shi(Wife of Xu Ying Biao ),氏（徐應鑣妻）,15.0,0.0,,0.0,0.0,,,,,,,,,,,,,load,,0.0,2009-02-26 00:00:00,
49152,Fang Shi(Wife of Cheng Zheng ),方氏(程正妻),,,,1.0,,,0.0,0.0,,,0.0,,,,0.0,,,,,,0.0,,,,0.0,,,Fang,方,Shi(Wife of Cheng Zheng ),氏（程正妻）,15.0,0.0,,0.0,0.0,,,,,,,,,,,,,load,,0.0,2009-02-26 00:00:00,
50039,Fang Jingzhen,方靜真,1170.0,1.0,,0.0,,,0.0,0.0,,1170.0,0.0,,,1241.0,554.0,1.0,,72.0,,,0.0,,,,0.0,,,Fang,方,Jingzhen,靜真,15.0,0.0,,0.0,0.0,,,,,,,,,,,,,load,,0.0,2009-02-26 00:00:00,
51250,Fang Shi(Mother of Zheng Lun Yue),方氏(鄭倫岳母),1117.0,1.0,,1.0,,,0.0,0.0,,1117.0,0.0,,,1199.0,546.0,5.0,,83.0,,,0.0,,,,0.0,,,Fang,方,Shi(Mother of Zheng Lun Yue),氏（鄭倫岳母）,15.0,0.0,,0.0,0.0,,,,,,,,,,,,,load,,0.0,2009-02-26 00:00:00,
52095,Fang Shi(Wife of Liu Mi Zheng ),方氏(劉彌正妻),1160.0,3.0,10999.0,1.0,,,0.0,0.0,,,0.0,,,,0.0,,,,,,0.0,,,,0.0,,,Fang,方,Shi(Wife of Liu Mi Zheng ),氏（劉彌正妻）,15.0,0.0,Index year algorithmically generated: Rule 4W;,0.0,0.0,,,,,,,,,,,,,load,,0.0,2009-02-26 00:00:00,
53891,Fang Shi(Wife of Chang Tong ),方氏(常同妻),1093.0,3.0,7001.0,1.0,,,0.0,0.0,,,0.0,,,,0.0,,,,,,0.0,,,,0.0,,,Fang,方,Shi(Wife of Chang Tong ),氏（常同妻）,15.0,0.0,Index year algorithmically generated: Rule 4W;,0.0,0.0,,,,,,,,,,,,,load,,0.0,2009-02-26 00:00:00,
53934,Fang Shi(Wife of Zhao Shu Xiao ),方氏(趙叔驍妻),1069.0,1.0,,1.0,,,0.0,0.0,,1069.0,0.0,,,1103.0,0.0,,,35.0,,,0.0,,,,0.0,,,Fang,方,Shi(Wife of Zhao Shu Xiao ),氏（趙叔驍妻）,15.0,0.0,,0.0,0.0,,,,,,,,,,,,,load,,0.0,2009-02-26 00:00:00,
54179,Fang Zun,方嶟,,,,0.0,,,0.0,0.0,,,0.0,,,,0.0,,,,,,0.0,,,,0.0,,,Fang,方,Zun,嶟,20.0,0.0,,0.0,0.0,,,,,,,,,,,,,BDHK,,0.0,2009-06-06 00:00:00,
54289,Fang Fangpei,方芳佩,1728.0,1.0,,1.0,7602.0,1.0,1.0,0.0,,1728.0,661.0,6.0,,1809.0,663.0,14.0,,82.0,,,0.0,,,,0.0,,,Fang,方,Fangpei,芳佩,20.0,0.0,《清代人物生卒年表》定其生卒年為雍正6年~嘉慶14年。 【參考《清代人物生卒年表》#2459.】,0.0,0.0,,,,,,,,,,,,,BDHK,BDZZK,1.0,2009-06-16 00:00:00,2013-07-05 00:00:00
54292,Fang Yizhao,方宜照,1698.0,13.0,,0.0,7602.0,1.0,1.0,0.0,,,0.0,,,,0.0,,,,,,0.0,,,,0.0,,,Fang,方,Yizhao,宜照,20.0,0.0,,0.0,0.0,,,,,,,,,,,,,BDHK,BDZZK,0.0,2009-06-16 00:00:00,2013-07-05 00:00:00
54320,Fang Defa,方德發,,,,0.0,,,1.0,0.0,,,0.0,,,,0.0,,,,,,0.0,,,,0.0,,,Fang,方,Defa,德發,20.0,0.0,,0.0,0.0,,,,,,,,,,,,,BDHK,BDZZK,0.0,2009-06-16 00:00:00,2013-07-05 00:00:00
54628,Fang Yanzhao,方燕昭,1854.0,1.0,,0.0,7730.0,1.0,1.0,0.0,,1854.0,665.0,4.0,,1908.0,667.0,34.0,,55.0,,,0.0,,,,0.0,,,Fang,方,Yanzhao,燕昭,20.0,0.0,《清代人物生卒年表》定其生卒年為咸豐4年~？。 【參考《清代人物生卒年表》#2543.】,0.0,0.0,,,,,,,,,,,,,BDDY,BDZZK,1.0,2009-06-22 00:00:00,2013-06-25 00:00:00
54640,Fang Junyi,方濬頤,1815.0,1.0,,0.0,7730.0,1.0,1.0,0.0,,1815.0,663.0,20.0,,1889.0,667.0,15.0,,75.0,,,0.0,,,,0.0,,,Fang,方,Junyi,濬頤,20.0,0.0,【參考資料: MQWW PoetID #327.】 《清代人物生卒年表》定其生卒年為嘉慶20年~光緒15年。 【參考《清代人物生卒年表》#2549.】,0.0,0.0,,,,,,,,,,,,,BDDY,BDZZK,0.0,2009-06-22 00:00:00,2013-06-25 00:00:00
54969,Fang Weiyi,方維儀,1585.0,1.0,,1.0,7706.0,1.0,1.0,0.0,,1585.0,652.0,13.0,,1668.0,660.0,7.0,,84.0,,,0.0,,,,0.0,,,Fang,方,Weiyi,維儀,20.0,0.0,《清代人物生卒年表》定其生卒年為萬曆13年~康熙7年。 【參考《清代人物生卒年表》#2519.】,0.0,0.0,,,,,,,,,,,,,BDHK,BDLXY,1.0,2009-06-28 00:00:00,2013-06-20 00:00:00
54970,Fang Xuejian,方學漸,1539.0,1.0,,0.0,4840.0,1.0,1.0,0.0,,1539.0,650.0,18.0,,1615.0,652.0,43.0,,77.0,,,0.0,,,,0.0,,,Fang,方,Xuejian,學漸,19.0,0.0,生卒年依據安慶市地方志編纂委員會編《安慶人物傳》290頁。,0.0,0.0,,,,,,,,,,,,,BDHK,BDLXY,0.0,2009-06-28 00:00:00,2013-06-20 00:00:00
54971,Fang Dazhen,方大鎮,1558.0,1.0,,0.0,4840.0,1.0,1.0,0.0,,1558.0,650.0,37.0,0.0,1628.0,655.0,1.0,0.0,71.0,0.0,,0.0,,,,0.0,,,Fang,方,Dazhen,大鎮,19.0,0.0,,0.0,0.0,,,,,,,,,,,,,BDHK,BDLXY,0.0,2009-06-28 00:00:00,2013-06-20 00:00:00
54976,Fang Weize,方維則,1585.0,1.0,,1.0,7706.0,1.0,1.0,0.0,,1585.0,652.0,13.0,1.0,1668.0,660.0,7.0,1.0,84.0,0.0,,0.0,,,,0.0,,,Fang,方,Weize,維則,20.0,0.0,亦可參考MQWW PoetID #5165據明清婦女數據庫MQWW PoetID #510，方維則是方維儀妹，故定其生年為1585年之後。又據朱彝尊《靜志居詩話》卷二十三，方維則八十四歲去世，故定其卒年為1668年之後。,0.0,0.0,,,,,,,,,,,,,BDHK,BDLXY,1.0,2009-06-28 00:00:00,2013-06-20 00:00:00
54981,Fang Mengshi,方孟式,1584.0,1.0,,1.0,4664.0,1.0,1.0,0.0,,1584.0,652.0,8.0,2.0,1639.0,655.0,12.0,0.0,56.0,2.0,,0.0,,,,0.0,,,Fang,方,Mengshi,孟式,19.0,0.0,,0.0,0.0,,,,,,,,,,,,,BDHK,BDJLG,0.0,2009-06-28 00:00:00,2014-01-10 00:00:00
54991,Fang Kongzhao,方孔炤,1588.0,11.0,54971.0,0.0,4664.0,1.0,1.0,0.0,,,0.0,,,,0.0,,,,,,0.0,,,,0.0,,,Fang,方,Kongzhao,孔炤,20.0,0.0,Index year algorithmically generated: Rule 8;,0.0,0.0,,,,,,,,,,,,,BDHK,BDLXY,0.0,2009-06-29 00:00:00,2013-06-21 00:00:00
54996,Fang Yizhi,方以智,1611.0,1.0,,0.0,4664.0,1.0,0.0,0.0,,1611.0,652.0,39.0,,1671.0,660.0,10.0,2.0,61.0,,,0.0,,,,0.0,,,Fang,方,Yizhi,以智,20.0,0.0,"【參考資料: MQWW PoetID #510, HuWenKai #81.】 《清代人物生卒年表》定其生卒年為萬曆39年~康熙10年。 【參考《清代人物生卒年表》#2418.】",0.0,0.0,,,,,,,,,,,,,BDHK,,0.0,2009-06-29 00:00:00,
55035,Fang Tai,方泰,,,,0.0,,,0.0,0.0,,,0.0,,,,0.0,,,,,,0.0,,,,0.0,,,Fang,方,Tai,泰,19.0,0.0,,0.0,0.0,,,,,,,,,,,,,BDHK,,0.0,2009-06-29 00:00:00,
55175,Fang Junmo,方駿謨,1816.0,1.0,,0.0,7213.0,1.0,0.0,0.0,,1816.0,663.0,21.0,,1879.0,667.0,5.0,,64.0,,,0.0,,,,0.0,,,Fang,方,Junmo,駿謨,20.0,0.0,《清代人物生卒年表》定其生卒年為嘉慶21年~光緒5年。 《清代人物生卒年表》原注：「方駿謨卒於光緒五年十一月二十六日，公曆為1880年1月7日。」 【參考《清代人物生卒年表》#2507.】,0.0,0.0,,,,,,,,,,,,,BDLYW,,1.0,2009-07-01 00:00:00,
55235,Fang Yinhua,方蔭華,,,,0.0,,,0.0,0.0,,,0.0,,,,0.0,,,,,,0.0,,,,0.0,,,Fang,方,Yinhua,蔭華,20.0,0.0,,0.0,0.0,,,,,,,,,,,,,BDLYW,,0.0,2009-07-02 00:00:00,
55449,Fang Yanzhen,方彥珍,,,,1.0,7755.0,1.0,0.0,0.0,,,0.0,,,,0.0,,,,,,0.0,,,,0.0,,,Fang,方,Yanzhen,彥珍,20.0,0.0,,0.0,0.0,,,,,,,,,,,,,BDLYW,,1.0,2009-09-25 00:00:00,
55650,Fang Ke,方可,,,,1.0,,,0.0,0.0,,,659.0,,,,0.0,,,,,,0.0,,,,0.0,,,Fang,方,Ke,可,20.0,0.0,,0.0,0.0,,,,,,,,,,,,,BDDY,HVDJCHEN,1.0,2009-10-23 00:00:00,2012-03-06 00:00:00
55766,Fang Rulin,方如麟,,,,0.0,,,0.0,0.0,,,0.0,,,,0.0,,,,,,0.0,,,,0.0,,,Fang,方,Rulin,如麟,20.0,0.0,,0.0,0.0,,,,,,,,,,,,,BDHK,,0.0,2009-11-07 00:00:00,
55785,Fang Wuchang,方戊昌,,,,0.0,,,0.0,0.0,,,0.0,,,,0.0,,,,,,0.0,,,,0.0,,,Fang,方,Wuchang,戊昌,20.0,0.0,,0.0,0.0,,,,,,,,,,,,,BDLYW,BDSXH,1.0,2009-11-13 00:00:00,2012-09-21 00:00:00
55863,Fang Jing,方京,1667.0,11.0,55865.0,1.0,,,0.0,0.0,,,0.0,,,,0.0,,,,,,0.0,,,,0.0,,,Fang,方,Jing,京,20.0,0.0,Index year algorithmically generated: Rule 8;,0.0,0.0,,,,,,,,,,,,,BDHK,,1.0,2009-11-20 00:00:00,
55865,Fang Dianyuan,方殿元,1637.0,1.0,,0.0,6069.0,1.0,0.0,0.0,,1637.0,655.0,10.0,,,0.0,,,,,,0.0,,,,0.0,,,Fang,方,Dianyuan,殿元,20.0,0.0,"【參考資料: MQWW PoetID #758, HuWenKai #223.】 《清代人物生卒年表》定其生卒年為崇禎10年~？。 【參考《清代人物生卒年表》#2535.】",0.0,0.0,,,,,,,,,,,,,BDHK,,0.0,2009-11-20 00:00:00,
55875,Fang Huan,方还,1667.0,11.0,55865.0,0.0,6069.0,1.0,0.0,0.0,,,0.0,,,,0.0,,,,,,0.0,,,,0.0,,,Fang,方,Huan,还,20.0,0.0,Index year algorithmically generated: Rule 8;,0.0,0.0,,,,,,,,,,,,,BDHK,,0.0,2009-11-20 00:00:00,
55877,Fang Chao,方朝,1667.0,11.0,55865.0,0.0,6069.0,1.0,0.0,0.0,,,0.0,,,,0.0,,,,,,0.0,,,,0.0,,,Fang,方,Chao,朝,20.0,0.0,Index year algorithmically generated: Rule 8;,0.0,0.0,,,,,,,,,,,,,BDHK,,0.0,2009-11-21 00:00:00,
56279,Fang Zhongtong,方中通,1634.0,1.0,,0.0,7706.0,1.0,0.0,0.0,,1634.0,655.0,7.0,,1698.0,660.0,37.0,,65.0,,,0.0,,,,0.0,,,Fang,方,Zhongtong,中通,20.0,0.0,"【參考資料: MQWW PoetID #838, HuWenKai #528.】 《清代人物生卒年表》定其生卒年為崇禎7年~康熙37年。 【參考《清代人物生卒年表》#2409.】",0.0,0.0,,,,,,,,,,,,,BDHK,,0.0,2010-01-05 00:00:00,
56397,Fang Shiji,方式濟,1676.0,1.0,,0.0,7706.0,1.0,0.0,0.0,,1676.0,660.0,15.0,,1717.0,660.0,56.0,,42.0,,,0.0,,,,0.0,,,Fang,方,Shiji,式濟,20.0,0.0,【參考資料: MQWW PoetID #888.】 《清代人物生卒年表》定其生卒年為康熙15年~康熙56年。 【參考《清代人物生卒年表》#2438.】,0.0,0.0,,,,,,,,,,,,,BDHK,,0.0,2010-01-08 00:00:00,
56398,Fang Guancheng,方觀承,1698.0,1.0,,0.0,7706.0,1.0,0.0,0.0,,1698.0,660.0,37.0,,1768.0,662.0,33.0,,71.0,,,0.0,,,,0.0,,,Fang,方,Guancheng,觀承,20.0,0.0,【參考資料: MQWW PoetID #888.】 《清代人物生卒年表》定其生卒年為康熙37年~乾隆33年。 《清代人物生卒年表》原注：「方觀承，袁枚 《小山房文集》卷二『神道碑』作康熙三十六年（1697）生，乾隆三十二年（1767）卒。」 【參考《清代人物生卒年表》#2452.】,0.0,0.0,,,,,,,,,,,,,BDHK,,0.0,2010-01-08 00:00:00,
56399,Fang Shi(Daughter of Fang Shiji),方氏(方式濟女),1706.0,11.0,56397.0,1.0,,,0.0,0.0,,,0.0,,,,0.0,,,,,,0.0,,,,0.0,,,Fang,方,Shi(Daughter of Fang Shiji),氏(方式濟女),20.0,0.0,Index year algorithmically generated: Rule 8;,0.0,0.0,,,,,,,,,,,,,BDHK,,1.0,2010-01-08 00:00:00,
56400,Fang Dengyi,方登嶧,1646.0,13.0,,0.0,7706.0,1.0,0.0,0.0,,,0.0,,,,0.0,,,,,,0.0,,,,0.0,,,Fang,方,Dengyi,登嶧,20.0,0.0,Index year algorithmically generated: Rule 9;,0.0,0.0,,,,,,,,,,,,,BDHK,,0.0,2010-01-09 00:00:00,
56431,Fang Yao,方曜,1781.0,3.0,56433.0,1.0,,,0.0,0.0,,,0.0,,,,0.0,,,,,,0.0,,,,0.0,,,Fang,方,Yao,曜,20.0,0.0,Index year algorithmically generated: Rule 4W;,0.0,0.0,,,,,,,,,,,,,BDHK,,1.0,2010-01-10 00:00:00,
56432,Fang Weidian,方維甸,1758.0,1.0,,0.0,7706.0,1.0,0.0,0.0,,1758.0,662.0,23.0,,1815.0,663.0,20.0,,58.0,,,0.0,,,,0.0,,,Fang,方,Weidian,維甸,20.0,0.0,"【參考資料: MQWW PoetID #901, HuWenKai #227.】 《清代人物生卒年表》定其生卒年為乾隆23年~嘉慶20年。 【參考《清代人物生卒年表》#2520.】",0.0,0.0,,,,,,,,,,,,,BDHK,,0.0,2010-01-11 00:00:00,
56622,Fang Bin,方璸,,,,0.0,,,0.0,0.0,,,0.0,,,,0.0,,,,,,0.0,,,,0.0,,,Fang,方,Bin,璸,20.0,0.0,,0.0,0.0,,,,,,,,,,,,,BDHK,,0.0,2010-01-18 00:00:00,
56789,Fang Yuankun,方元鵾,,,,0.0,,,0.0,0.0,,,0.0,,,,0.0,,,,,,0.0,,,,0.0,,,Fang,方,Yuankun,元鵾,20.0,0.0,,0.0,0.0,,,,,,,,,,,,,BDHK,,0.0,2010-03-06 00:00:00,
56967,Fang Dayou,方大猷,1597.0,1.0,,0.0,7612.0,1.0,0.0,0.0,,1597.0,652.0,25.0,,1660.0,659.0,17.0,,64.0,,,0.0,,,,0.0,,,Fang,方,Dayou,大猷,20.0,0.0,《清代人物生卒年表》定其生卒年為萬曆25年~順治17年。 【參考《清代人物生卒年表》#2402.】,0.0,0.0,,,,,,,,,,,,,load,,0.0,2010-03-11 00:00:00,
56968,Fang Shouchou,方受疇,1759.0,29.0,,0.0,7706.0,1.0,0.0,0.0,,,0.0,,,1822.0,664.0,2.0,,,,,0.0,,,,0.0,,,Fang,方,Shouchou,受疇,20.0,0.0,Index year algorithmically generated: Rule 2; 《清代人物生卒年表》定其生卒年為？~道光2年。 【參考《清代人物生卒年表》#2478.】,0.0,0.0,,,,,,,,,,,,,load,,0.0,2010-03-11 00:00:00,
57111,Fang Xian,方顯,1677.0,1.0,,0.0,8343.0,1.0,0.0,0.0,,1677.0,660.0,16.0,,1741.0,662.0,6.0,,65.0,,,0.0,,,,0.0,,,Fang,方,Xian,顯,20.0,0.0,《清代人物生卒年表》定其生卒年為康熙16年~乾隆6年。 《清代人物生卒年表》原注：「方顯卒於乾隆六年十二月，公曆為1742年。」 【參考《清代人物生卒年表》#2354.】,0.0,0.0,,,,,,,,,,,,,load,,0.0,2010-03-11 00:00:00,
58663,Fang Yao,方耀,1834.0,1.0,,0.0,8449.0,1.0,0.0,0.0,,1834.0,664.0,14.0,2.0,1891.0,667.0,17.0,,58.0,,,0.0,,,,0.0,,,Fang,方,Yao,耀,20.0,0.0,《清代人物生卒年表》定其生卒年為道光14年~光緒17年。 【參考《清代人物生卒年表》#2394.】,0.0,0.0,,,,,,,,,,,,,load,,0.0,2010-03-11 00:00:00,
58664,Fang Yunxuan,方允鐶,1792.0,29.0,,0.0,7755.0,1.0,0.0,0.0,,,0.0,,,1855.0,665.0,5.0,,,,,0.0,,,,0.0,,,Fang,方,Yunxuan,允鐶,20.0,0.0,Index year algorithmically generated: Rule 2;,0.0,0.0,,,,,,,,,,,,,load,,0.0,2010-03-11 00:00:00,
58665,Fang Dashi,方大湜,1821.0,1.0,,0.0,8343.0,1.0,0.0,0.0,,1821.0,664.0,1.0,,1886.0,667.0,12.0,,66.0,,,0.0,,,,0.0,,,Fang,方,Dashi,大湜,20.0,0.0,《清代人物生卒年表》定其生卒年為道光1年~光緒12年。 【參考《清代人物生卒年表》#2401.】,0.0,0.0,,,,,,,,,,,,,load,,0.0,2010-03-11 00:00:00,
58669,Fang Shijun,方世儁,1707.0,29.0,,0.0,7706.0,1.0,0.0,0.0,,,0.0,,,1770.0,662.0,35.0,,,,,0.0,,,,0.0,,,Fang,方,Shijun,世儁,20.0,0.0,Index year algorithmically generated: Rule 2;,0.0,0.0,,,,,,,,,,,,,load,,0.0,2010-03-11 00:00:00,
58672,Fang Yousheng,方友升,1841.0,1.0,,0.0,8293.0,1.0,0.0,0.0,,1841.0,664.0,21.0,,1906.0,667.0,32.0,,66.0,,,0.0,,,,0.0,,,Fang,方,Yousheng,友升,20.0,0.0,,0.0,0.0,,,,,,,,,,,,,load,,0.0,2010-03-11 00:00:00,
58673,Fang Youcai,方友才,1808.0,29.0,,0.0,8300.0,1.0,0.0,0.0,,,0.0,,,1871.0,666.0,10.0,,,,,0.0,,,,0.0,,,Fang,方,Youcai,友才,20.0,0.0,Index year algorithmically generated: Rule 2;,0.0,0.0,,,,,,,,,,,,,load,,0.0,2010-03-11 00:00:00,
59169,Fang Rushao,方汝紹,1831.0,1.0,,0.0,7162.0,1.0,0.0,0.0,,1831.0,664.0,11.0,,,0.0,,,,,,0.0,,,,0.0,,,Fang,方,Rushao,汝紹,20.0,0.0,《清代人物生卒年表》定其生卒年為嘉慶24年~？。 【參考《清代人物生卒年表》#2448.】,0.0,0.0,,,,,,,,,,,,,load,,0.0,2010-03-11 00:00:00,
59170,Fang Gongzhao,方恭釗,1834.0,1.0,,0.0,7603.0,1.0,0.0,0.0,,1834.0,664.0,14.0,2.0,,0.0,,,,,,0.0,,,,0.0,,,Fang,方,Gongzhao,恭釗,20.0,0.0,,0.0,0.0,,,,,,,,,,,,,load,,0.0,2010-03-11 00:00:00,
59784,Fang Yizao,方一藻,1592.0,5.0,,0.0,7755.0,1.0,0.0,0.0,,,0.0,,,,0.0,,,,,,0.0,,,,0.0,,,Fang,方,Yizao,一藻,20.0,0.0,Index year algorithmically generated: Rule 5;,0.0,0.0,,,,,,,,,,,,,load,,0.0,2010-03-11 00:00:00,
59785,Fang Shiliang,方士亮,1600.0,5.0,,0.0,4688.0,1.0,0.0,1.0,,,0.0,,,,0.0,,,,-1.0,,0.0,,,,0.0,,,Fang,方,Shiliang,士亮,20.0,0.0,,0.0,0.0,,,,,,,,, ,,, ,load,Ning Hao,0.0,2010-03-11 00:00:00,2023-12-03 00:00:00
59786,Fang Wendeng,方文登,,,,0.0,,,0.0,0.0,,,0.0,,,,0.0,,,,,,0.0,,,,0.0,,,Fang,方,Wendeng,文登,20.0,0.0,,0.0,0.0,,,,,,,,,,,,,load,,0.0,2010-03-11 00:00:00,
59788,Fang Hongzan,方弘瓚,,,,0.0,,,0.0,0.0,,,0.0,,,,0.0,,,,,,0.0,,,,0.0,,,Fang,方,Hongzan,弘瓚,20.0,0.0,,0.0,0.0,,,,,,,,,,,,,load,,0.0,2010-03-11 00:00:00,
59790,Fang Hengxian,方亨咸,1617.0,5.0,72564.0,0.0,7706.0,1.0,1.0,0.0,,,0.0,,,,0.0,,,,,,0.0,,,,0.0,,,Fang,方,Hengxian,亨咸,20.0,0.0,,0.0,0.0,,,,,,,,,,,,,load,BDYF,0.0,2010-03-11 00:00:00,2013-11-09 00:00:00
59796,Fang Hong,方洪,,,,0.0,,,0.0,0.0,,,0.0,,,,0.0,,,,,,0.0,,,,0.0,,,Fang,方,Hong,洪,20.0,0.0,,0.0,0.0,,,,,,,,,,,,,load,,0.0,2010-03-11 00:00:00,
59800,Fang Zhen,方振,1760.0,1.0,,0.0,7852.0,1.0,0.0,0.0,,1760.0,662.0,25.0,,1819.0,663.0,24.0,,60.0,,,0.0,,,,0.0,,,Fang,方,Zhen,振,20.0,0.0,《清代人物生卒年表》定其生卒年為乾隆25年~嘉慶24年。 【參考《清代人物生卒年表》#2367.】,0.0,0.0,,,,,,,,,,,,,load,,0.0,2010-03-11 00:00:00,
59805,Fang You,方猶,1595.0,29.0,,0.0,7664.0,1.0,0.0,0.0,,,0.0,,,1658.0,659.0,15.0,,,,,0.0,,,,0.0,,,Fang,方,You,猶,20.0,0.0,Index year algorithmically generated: Rule 2;,0.0,0.0,,,,,,,,,,,,,load,,0.0,2010-03-11 00:00:00,
59812,Fang Tiyu,方體浴,,,,0.0,20068.0,13.0,0.0,0.0,,,0.0,,,,0.0,,,,,,0.0,,,,0.0,,,Fang,方,Tiyu,體浴,20.0,0.0,,0.0,0.0,,,,,,,,,,,,,load,,0.0,2010-03-11 00:00:00,
60554,Fang Yuxing,方玉興,,,,0.0,7693.0,1.0,0.0,0.0,,,0.0,,,,0.0,,,,,,0.0,,,,0.0,,,Fang,方,Yuxing,玉興,20.0,0.0,,0.0,0.0,,,,,,,,,,,,,load,,0.0,2010-03-11 00:00:00,
60555,Fang Zaiyu,方載豫,,,,0.0,8075.0,1.0,0.0,0.0,,,662.0,,,,664.0,,,,,,0.0,,,,0.0,,,Fang,方,Zaiyu,載豫,20.0,0.0,,0.0,0.0,,,,,,,,,,,,,load,,0.0,2010-03-11 00:00:00,
60556,Fang Xueyi,方學伊,1829.0,1.0,,0.0,7224.0,1.0,0.0,0.0,,1829.0,664.0,9.0,,,0.0,,,,,,0.0,,,,0.0,,,Fang,方,Xueyi,學伊,20.0,0.0,《清代人物生卒年表》定其生卒年為道光9年~？。 【參考《清代人物生卒年表》#2481.】,0.0,0.0,,,,,,,,,,,,,load,,0.0,2010-03-11 00:00:00,
65637,Fang Zongcheng,方宗誠,1818.0,1.0,,0.0,7706.0,1.0,0.0,0.0,,1818.0,663.0,23.0,,1888.0,667.0,14.0,,71.0,,,0.0,,,,0.0,,,Fang,方,Zongcheng,宗誠,20.0,0.0,《清代人物生卒年表》定其生卒年為嘉慶23年~光緒14年。 【參考《清代人物生卒年表》#2485.】,0.0,0.0,,,,,,,,,,,,,load,,0.0,2010-03-11 00:00:00,
65639,Fang Dongshu,方東樹,1772.0,1.0,,0.0,7706.0,1.0,0.0,0.0,,1772.0,662.0,37.0,,1851.0,665.0,1.0,,80.0,,,0.0,,,,0.0,,,Fang,方,Dongshu,東樹,20.0,0.0,《清代人物生卒年表》定其生卒年為乾隆37年~咸豐1年。 【參考《清代人物生卒年表》#2434.】,0.0,0.0,,,,,,,,,,,,,load,,0.0,2010-03-11 00:00:00,
66270,Fang Guozhen,方國珍,1319.0,1.0,,0.0,18370.0,1.0,0.0,0.0,,1319.0,628.0,6.0,,1374.0,639.0,7.0,,56.0,,,0.0,,,,0.0,,,Fang,方,Guozhen,國珍,19.0,0.0,see also 元人傳記資料索引 352,0.0,0.0,,,,,,,,,,,,,load,HURX,0.0,2010-03-11 00:00:00,2013-07-18 00:00:00
66515,Fang Fa,方法,1340.0,29.0,,0.0,4664.0,1.0,0.0,0.0,,,0.0,,,1403.0,641.0,1.0,,,,,0.0,,,,0.0,,,Fang,方,Fa,法,19.0,0.0,Index year algorithmically generated: Rule 2;,0.0,0.0,,,,,,,,,,,,,load,HUAM,0.0,2010-03-11 00:00:00,2013-04-15 00:00:00
66755,Fang Bin,方賓,,,,0.0,18268.0,1.0,0.0,0.0,,,0.0,,,,641.0,,,,,,0.0,,,,0.0,,,Fang,方,Bin,賓,19.0,0.0,,0.0,0.0,,,,,,,,,,,,,load,,0.0,2010-03-11 00:00:00,
67059,Fang Jin,方覲,1681.0,1.0,,0.0,7755.0,1.0,0.0,0.0,,1681.0,660.0,20.0,,1730.0,661.0,8.0,,50.0,,,0.0,,,,0.0,,,Fang,方,Jin,覲,20.0,0.0,《清代人物生卒年表》定其生卒年為康熙20年~雍正8年。 【參考《清代人物生卒年表》#2387.】,0.0,0.0,,,,,,,,,,,,,load,,0.0,2010-03-11 00:00:00,
67206,Fang Ying,方瑛,1415.0,1.0,,0.0,4560.0,1.0,0.0,0.0,,1415.0,641.0,13.0,2.0,1459.0,646.0,3.0,,45.0,,,0.0,,,,0.0,,,Fang,方,Ying,瑛,19.0,0.0,,0.0,0.0,,,,,,,,,,,,,load,,0.0,2010-03-11 00:00:00,
67548,Fang Shi,方氏,1491.0,29.0,,1.0,4543.0,1.0,0.0,0.0,,,0.0,,,1547.0,650.0,26.0,,,,,0.0,,,,0.0,,,Fang,方,Shi,氏,19.0,0.0,Index year algorithmically generated: Rule 2;,0.0,0.0,,,,,,,,,,,,,load,,0.0,2010-03-11 00:00:00,
67810,Fang Tingzhang,方廷璋,,,,0.0,8449.0,1.0,0.0,0.0,,,0.0,,,,0.0,,,,,,0.0,,,,0.0,,,Fang,方,Tingzhang,廷璋,20.0,0.0,,0.0,0.0,,,,,,,,,,,,,load,,0.0,2010-03-11 00:00:00,
67811,Fang Dingrui,方鼎銳,,,,0.0,,,0.0,0.0,,,0.0,,,,0.0,,,,,,0.0,,,,0.0,,,Fang,方,Dingrui,鼎銳,20.0,0.0,,0.0,0.0,,,,,,,,,,,,,load,,0.0,2010-03-11 00:00:00,
68286,Fang Xianfu,方獻夫,1485.0,1.0,,0.0,6066.0,1.0,0.0,0.0,,1485.0,647.0,21.0,2.0,1544.0,650.0,23.0,,60.0,,,0.0,,,,0.0,,,Fang,方,Xianfu,獻夫,19.0,0.0,,0.0,0.0,,,,,,,,,,,,,load,,0.0,2010-03-11 00:00:00,
68297,Fang Dun,方鈍,1491.0,5.0,,0.0,5612.0,1.0,0.0,0.0,,,0.0,,,,0.0,,,,,,0.0,,,,0.0,,,Fang,方,Dun,鈍,19.0,0.0,Index year algorithmically generated: Rule 5;,0.0,0.0,,,,,,,,,,,,,load,,0.0,2010-03-11 00:00:00,
68339,Fang Zhongjie,方重傑,1492.0,7.0,,0.0,6066.0,1.0,0.0,0.0,,,0.0,,,,0.0,,,,,,0.0,,,,0.0,,,Fang,方,Zhongjie,重傑,19.0,0.0,Index year algorithmically generated: Rule 6;,0.0,0.0,,,,,,,,,,,,,load,,0.0,2010-03-11 00:00:00,
68434,Fang Guoru,方國儒,1571.0,29.0,,0.0,4688.0,1.0,0.0,0.0,,,0.0,,,1634.0,655.0,7.0,,,,,0.0,,,,0.0,,,Fang,方,Guoru,國儒,19.0,0.0,Index year algorithmically generated: Rule 2;,0.0,0.0,,,,,,,,,,,,,load,,0.0,2010-03-11 00:00:00,
68452,Fang Guan,方瓘,,,,0.0,4690.0,1.0,0.0,0.0,,,0.0,,,,0.0,,,,,,0.0,,,,0.0,,,Fang,方,Guan,瓘,19.0,0.0,,0.0,0.0,,,,,,,,,,,,,load,,0.0,2010-03-11 00:00:00,
68473,Fang Xin,方新,1526.0,5.0,,0.0,4682.0,1.0,0.0,0.0,,,0.0,,,,0.0,,,,,,0.0,,,,0.0,,,Fang,方,Xin,新,19.0,0.0,Index year algorithmically generated: Rule 5;,0.0,0.0,,,,,,,,,,,,,load,,0.0,2010-03-11 00:00:00,
68991,Fang Shigui,方士貴,1712.0,29.0,,0.0,8919.0,1.0,0.0,0.0,,,0.0,,,1775.0,662.0,40.0,2.0,,,,0.0,,,,0.0,,,Fang,方,Shigui,士貴,20.0,0.0,Index year algorithmically generated: Rule 2;,0.0,0.0,,,,,,,,,,,,,load,,0.0,2010-03-11 00:00:00,
68992,Fang Yuankun,方元鵾,1753.0,1.0,,0.0,7646.0,1.0,0.0,0.0,,1753.0,662.0,18.0,,,0.0,,,,,,0.0,,,,0.0,,,Fang,方,Yuankun,元鵾,20.0,0.0,《清代人物生卒年表》定其生卒年為乾隆18年~？。 【參考《清代人物生卒年表》#2406.】,0.0,0.0,,,,,,,,,,,,,load,,0.0,2010-03-11 00:00:00,
68993,Fang Yuanheng,方元衡,,,,0.0,7706.0,1.0,0.0,0.0,,,0.0,,,,667.0,,,,,,0.0,,,,0.0,,,Fang,方,Yuanheng,元衡,20.0,0.0,,0.0,0.0,,,,,,,,,,,,,load,,0.0,2010-03-11 00:00:00,
68996,Fang Zhonglv,方中履,1641.0,11.0,54996.0,0.0,7706.0,1.0,0.0,0.0,,,0.0,,,,0.0,,,,,,0.0,,,,0.0,,,Fang,方,Zhonglv,中履,20.0,0.0,Index year algorithmically generated: Rule 8;,0.0,0.0,,,,,,,,,,,,,load,,0.0,2010-03-11 00:00:00,
68997,Fang Zheng,方正,1667.0,29.0,,0.0,,,0.0,0.0,,,0.0,,,1730.0,661.0,8.0,,,,,0.0,,,,0.0,,,Fang,方,Zheng,正,20.0,0.0,Index year algorithmically generated: Rule 2;,0.0,0.0,,,,,,,,,,,,,load,,0.0,2010-03-11 00:00:00,
68998,Fang Zhengshu,方正澍,1743.0,1.0,,0.0,7755.0,1.0,0.0,0.0,,1743.0,662.0,8.0,,1809.0,663.0,14.0,,67.0,,,0.0,,,,0.0,,,Fang,方,Zhengshu,正澍,20.0,0.0,《清代人物生卒年表》定其生卒年為乾隆8年~嘉慶14年。 【參考《清代人物生卒年表》#2427.】,0.0,0.0,,,,,,,,,,,,,load,,0.0,2010-03-11 00:00:00,
68999,Fang Lili,方立禮,,,,0.0,7570.0,1.0,0.0,0.0,,,0.0,,,,0.0,,,,,,0.0,,,,0.0,,,Fang,方,Lili,立禮,20.0,0.0,,0.0,0.0,,,,,,,,,,,,,load,,0.0,2010-03-11 00:00:00,
69000,Fang Ang,方昂,1740.0,1.0,,0.0,7950.0,1.0,0.0,0.0,,1740.0,662.0,5.0,,1800.0,663.0,5.0,,61.0,,,0.0,,,,0.0,,,Fang,方,Ang,昂,20.0,0.0,《清代人物生卒年表》定其生卒年為乾隆5年~嘉慶5年。 【參考《清代人物生卒年表》#2349.】,0.0,0.0,,,,,,,,,,,,,load,,0.0,2010-03-11 00:00:00,
69002,Fang Shishu,方士庶,1692.0,1.0,,0.0,7755.0,1.0,0.0,0.0,,1692.0,660.0,31.0,2.0,1751.0,662.0,16.0,,60.0,,,0.0,,,,0.0,,,Fang,方,Shishu,士庶,20.0,0.0,《清代人物生卒年表》定其生卒年為康熙31年~乾隆16年。 【參考《清代人物生卒年表》#2396.】,0.0,0.0,,,,,,,,,,,,,load,,0.0,2010-03-11 00:00:00,
69003,Fang Shen,方申,1787.0,1.0,,0.0,7576.0,1.0,0.0,0.0,,1787.0,662.0,52.0,,1840.0,664.0,20.0,,54.0,,,0.0,,,,0.0,,,Fang,方,Shen,申,20.0,0.0,中央研究院人名權威資料：生年又作乾隆56年(1791)。 《清代人物生卒年表》定其生卒年為乾隆52年~道光20年。 【參考《清代人物生卒年表》#2332.】,0.0,0.0,,,,,,,,,,,,,load,,0.0,2010-03-11 00:00:00,
69004,Fang Hao,方浩,1703.0,1.0,,0.0,7706.0,1.0,0.0,0.0,,1703.0,660.0,42.0,,1754.0,662.0,19.0,,52.0,,,0.0,,,,0.0,,,Fang,方,Hao,浩,20.0,0.0,《清代人物生卒年表》定其生卒年為康熙42年~乾隆19年。 【參考《清代人物生卒年表》#2370.】,0.0,0.0,,,,,,,,,,,,,load,,0.0,2010-03-11 00:00:00,
69005,Fang Shiyu,方式玉,1591.0,29.0,,0.0,7755.0,1.0,0.0,0.0,,,0.0,,,1654.0,659.0,11.0,,,,,0.0,,,,0.0,,,Fang,方,Shiyu,式玉,20.0,0.0,Index year algorithmically generated: Rule 2; 《清代人物生卒年表》定其生卒年為？~順治11年。 【參考《清代人物生卒年表》#2437.】,0.0,0.0,,,,,,,,,,,,,load,,0.0,2010-03-11 00:00:00,
69007,Fang Chengtan,方成郯,1612.0,1.0,,0.0,7664.0,1.0,0.0,0.0,,1612.0,652.0,40.0,,1670.0,660.0,9.0,,59.0,,,0.0,,,,0.0,,,Fang,方,Chengtan,成郯,20.0,0.0,《清代人物生卒年表》定其生卒年為萬曆40年~康熙9年。 【參考《清代人物生卒年表》#2440.】,0.0,0.0,,,,,,,,,,,,,load,,0.0,2010-03-11 00:00:00,
69008,Fang Gui,方桂,1723.0,29.0,,0.0,8343.0,1.0,0.0,0.0,,,0.0,,,1786.0,662.0,51.0,,,,,0.0,,,,0.0,,,Fang,方,Gui,桂,20.0,0.0,Index year algorithmically generated: Rule 2; 《清代人物生卒年表》定其生卒年為？~乾隆51年。 【參考《清代人物生卒年表》#2365.】,0.0,0.0,,,,,,,,,,,,,load,,0.0,2010-03-11 00:00:00,
69009,Fang Zhensheng,方振聲,1769.0,29.0,,0.0,7213.0,1.0,0.0,0.0,,,0.0,,,1832.0,664.0,12.0,,,,,0.0,,,,0.0,,,Fang,方,Zhensheng,振聲,20.0,0.0,Index year algorithmically generated: Rule 2;,0.0,0.0,,,,,,,,,,,,,load,,0.0,2010-03-11 00:00:00,
69010,Fang Guodong,方國棟,1621.0,1.0,,0.0,7214.0,1.0,0.0,0.0,,1621.0,654.0,1.0,,1677.0,660.0,16.0,,57.0,,,0.0,,,,0.0,,,Fang,方,Guodong,國棟,20.0,0.0,《清代人物生卒年表》定其生卒年為天啟1年~康熙16年。 【參考《清代人物生卒年表》#2471.】,0.0,0.0,,,,,,,,,,,,,load,,0.0,2010-03-11 00:00:00,
69012,Fang Debiao,方得標,1800.0,29.0,,0.0,7659.0,1.0,0.0,0.0,,,0.0,,,1863.0,666.0,2.0,,,,,0.0,,,,0.0,,,Fang,方,Debiao,得標,20.0,0.0,Index year algorithmically generated: Rule 2;,0.0,0.0,,,,,,,,,,,,,load,,0.0,2010-03-11 00:00:00,
69013,Fang Yunchao,方雲超,1739.0,29.0,,0.0,8524.0,1.0,0.0,0.0,,,0.0,,,1802.0,663.0,7.0,,,,,0.0,,,,0.0,,,Fang,方,Yunchao,雲超,20.0,0.0,Index year algorithmically generated: Rule 2;,0.0,0.0,,,,,,,,,,,,,load,,0.0,2010-03-11 00:00:00,
69014,Fang Wansheng,方萬盛,1808.0,29.0,,0.0,8293.0,1.0,0.0,0.0,,,0.0,,,1871.0,666.0,10.0,,,,,0.0,,,,0.0,,,Fang,方,Wansheng,萬盛,20.0,0.0,Index year algorithmically generated: Rule 2;,0.0,0.0,,,,,,,,,,,,,load,,0.0,2010-03-11 00:00:00,
69016,Fang Ruilan,方瑞蘭,1827.0,29.0,,0.0,8078.0,1.0,0.0,0.0,,,0.0,,,1890.0,667.0,16.0,,,,,0.0,,,,0.0,,,Fang,方,Ruilan,瑞蘭,20.0,0.0,Index year algorithmically generated: Rule 2;,0.0,0.0,,,,,,,,,,,,,load,,0.0,2010-03-11 00:00:00,
69017,Fang Ruting,方如珽,,,,0.0,300319.0,1.0,0.0,0.0,,,0.0,,,,0.0,,,,,,0.0,,,,0.0,,,Fang,方,Ruting,如珽,20.0,0.0,,0.0,0.0,,,,,,,,,,,,,load,,0.0,2010-03-11 00:00:00,
69018,Fang Chenggui,方成珪,1784.0,1.0,,0.0,7683.0,1.0,0.0,0.0,,1784.0,662.0,49.0,,1849.0,664.0,29.0,,66.0,,,0.0,,,,0.0,,,Fang,方,Chenggui,成珪,20.0,0.0,中央研究院人名權威資料：卒年又作咸豐中。 《清代人物生卒年表》定其生卒年為乾隆49年~道光29年。 【參考《清代人物生卒年表》#2439.】,0.0,0.0,,,,,,,,,,,,,load,,0.0,2010-03-11 00:00:00,
69019,Fang Chengyi,方成義,1693.0,29.0,,0.0,7138.0,1.0,0.0,0.0,,,0.0,,,1756.0,662.0,21.0,,,,,0.0,,,,0.0,,,Fang,方,Chengyi,成義,20.0,0.0,Index year algorithmically generated: Rule 2;,0.0,0.0,,,,,,,,,,,,,load,,0.0,2010-03-11 00:00:00,
69020,Fang Tingshu,方廷樞,1696.0,29.0,,0.0,7124.0,1.0,0.0,0.0,,,0.0,,,1759.0,662.0,24.0,,,,,0.0,,,,0.0,,,Fang,方,Tingshu,廷樞,20.0,0.0,Index year algorithmically generated: Rule 2;,0.0,0.0,,,,,,,,,,,,,load,,0.0,2010-03-11 00:00:00,
69021,Fang Muru,方楘如,1672.0,1.0,,0.0,7663.0,1.0,0.0,0.0,,1672.0,660.0,11.0,,,0.0,,,,,,0.0,,,,0.0,,,Fang,方,Muru,楘如,20.0,0.0,《清代人物生卒年表》定其生卒年為康熙11年~？。 【參考《清代人物生卒年表》#2536.】,0.0,0.0,,,,,,,,,,,,,load,,0.0,2010-03-11 00:00:00,
69022,Fang Qiming,方其明,,,,0.0,7706.0,1.0,0.0,0.0,,,0.0,,,,0.0,,,,,,0.0,,,,0.0,,,Fang,方,Qiming,其明,20.0,0.0,,0.0,0.0,,,,,,,,,,,,,load,,0.0,2010-03-11 00:00:00,
69023,Fang Shang,方坰,1792.0,1.0,,0.0,7623.0,1.0,0.0,0.0,,1792.0,662.0,57.0,2.0,1834.0,664.0,14.0,,43.0,,,0.0,,,,0.0,,,Fang,方,Shang,坰,20.0,0.0,《清代人物生卒年表》定其生卒年為乾隆57年~道光14年。 【參考《清代人物生卒年表》#2345.】,0.0,0.0,,,,,,,,,,,,,load,,0.0,2010-03-11 00:00:00,
69024,Fang Qian,方潛,1809.0,1.0,,0.0,7706.0,1.0,0.0,0.0,,1809.0,663.0,14.0,2.0,1868.0,666.0,7.0,,60.0,,,0.0,,,,0.0,,,Fang,方,Qian,潛,20.0,0.0,《清代人物生卒年表》定其生卒年為嘉慶10年~同治7年。 《清代人物生卒年表》原注：「方潛卒於同治七年十二月十六日，公曆為1869年1月28日。」 【參考《清代人物生卒年表》#2390.】,0.0,0.0,,,,,,,,,,,,,load,,0.0,2010-03-11 00:00:00,
69025,Fang Lvjian,方履籛,1790.0,1.0,,0.0,7213.0,1.0,0.0,0.0,,1790.0,662.0,55.0,,1831.0,664.0,11.0,,42.0,,,0.0,,,,0.0,,,Fang,方,Lvjian,履籛,20.0,0.0,,0.0,0.0,,,,,,,,,,,,,load,,0.0,2010-03-11 00:00:00,
69030,Fang Wei,方謂,,,,0.0,7693.0,1.0,0.0,0.0,,,0.0,,,,0.0,,,,,,0.0,,,,0.0,,,Fang,方,Wei,謂,20.0,0.0,,0.0,0.0,,,,,,,,,,,,,load,,0.0,2010-03-11 00:00:00,
69032,Fang Ji,方積,1764.0,1.0,,0.0,7730.0,1.0,0.0,0.0,,1764.0,662.0,29.0,,1814.0,663.0,19.0,,51.0,,,0.0,,,,0.0,,,Fang,方,Ji,積,20.0,0.0,《清代人物生卒年表》定其生卒年為乾隆29年~嘉慶19年。 【參考《清代人物生卒年表》#2368.】,0.0,0.0,,,,,,,,,,,,,load,,0.0,2010-03-11 00:00:00,
69035,Fang Qingxiang,方慶祥,,,,0.0,20056.0,13.0,0.0,0.0,,,0.0,,,,0.0,,,,,,0.0,,,,0.0,,,Fang,方,Qingxiang,慶祥,20.0,0.0,,0.0,0.0,,,,,,,,,,,,,load,,0.0,2010-03-11 00:00:00,
69036,Fang Mai,方邁,1664.0,5.0,,0.0,7770.0,1.0,0.0,0.0,,,0.0,,,,0.0,,,,,,0.0,,,,0.0,,,Fang,方,Mai,邁,20.0,0.0,Index year algorithmically generated: Rule 5;,0.0,0.0,,,,,,,,,,,,,load,,0.0,2010-03-11 00:00:00,
69315,Fang Kai,方鍇,1805.0,1.0,,0.0,7730.0,1.0,0.0,0.0,,1805.0,663.0,10.0,2.0,,0.0,,,,,,0.0,,,,0.0,,,Fang,方,Kai,鍇,20.0,0.0,,0.0,0.0,,,,,,,,,,,,,load,,0.0,2010-03-11 00:00:00,
69485,Fang Fen,方芬,,,,1.0,,,0.0,0.0,,,0.0,,,,0.0,,,,,,0.0,,,,0.0,,,Fang,方,Fen,芬,20.0,0.0,,0.0,0.0,,,,,,,,,,,,,BDHK,,1.0,2010-03-12 00:00:00,
69486,Fang Weihan,方維翰,,,,0.0,,,0.0,0.0,,,0.0,,,,0.0,,,,,,0.0,,,,0.0,,,Fang,方,Weihan,維翰,20.0,0.0,,0.0,0.0,,,,,,,,,,,,,BDHK,,0.0,2010-03-12 00:00:00,
69724,Fang Fengchao,方鳳朝,,,,0.0,,,0.0,0.0,,,0.0,,,,0.0,,,,,,0.0,,,,0.0,,,Fang,方,Fengchao,鳳朝,20.0,0.0,小黛軒論詩詩作方朝鳳。歷代婦女著作考作方鳳翔。,0.0,0.0,,,,,,,,,,,,,BDHK,BDSXH,0.0,2010-04-16 00:00:00,2011-09-09 00:00:00
69740,Fang Yunyi,方筠儀,,,,1.0,,,0.0,0.0,,,0.0,,,,0.0,,2.0,,,,0.0,,,,0.0,,,Fang,方,Yunyi,筠儀,20.0,0.0,,0.0,0.0,,,,,,,,,,,,,BDDY,HVDJCHEN,1.0,2010-04-16 00:00:00,2012-03-06 00:00:00
69781,Fang Jing,方靜,,,,1.0,7706.0,1.0,0.0,0.0,,,0.0,,,,0.0,,,,,,0.0,,,,0.0,,,Fang,方,Jing,靜,20.0,0.0,,0.0,0.0,,,,,,,,,,,,,BDHK,,1.0,2010-04-17 00:00:00,
69782,Fang mo,方默,,,,0.0,,,0.0,0.0,,,0.0,,,,0.0,,,,,,0.0,,,,0.0,,,Fang,方,mo,默,20.0,0.0,,0.0,0.0,,,,,,,,,,,,,BDHK,BDCX,0.0,2010-04-17 00:00:00,2012-06-09 00:00:00
69942,Fang Huaiying,方懷英,,,,1.0,,,0.0,0.0,,,0.0,,,,0.0,,,,,,0.0,,,,0.0,,,Fang,方,Huaiying,懷英,20.0,0.0,《兩浙輶軒録》卷四〇作閔懷英嫁方祜，《國朝詞綜續編》卷二三作方懷英嫁閔某，明清婦女著作數據庫引《正始續集》作方懷英嫁諸生方祜，又引《閨秀詞鈔》作閔某，根據同姓不婚原則和其他資料，錄為方懷英嫁閔某，待考。2nd source:MQWW PoetID #3498.,0.0,0.0,,,,,,,,,,,,,BDDY,HUWHS,1.0,2010-05-21 00:00:00,2013-11-22 00:00:00
69961,Fang Yunlv,方雲旅,1647.0,11.0,72533.0,0.0,,,0.0,0.0,,,0.0,,,,0.0,,,,,,0.0,,,,0.0,,,Fang,方,Yunlv,雲旅,20.0,0.0,Index year algorithmically generated: Rule 8;,0.0,0.0,,,,,,,,,,,,,BDHK,,0.0,2010-05-21 00:00:00,
69977,Fang Quan,方荃,,,,1.0,,,0.0,0.0,,,0.0,,,,0.0,,,,,,0.0,,,,0.0,,,Fang,方,Quan,荃,20.0,0.0,,0.0,0.0,,,,,,,,,,,,,BDDY,BDSXH,1.0,2010-05-21 00:00:00,2011-07-03 00:00:00
70088,Fang Shi(Wife of Liang Junye),方氏(梁俊業妻),,,,1.0,,,0.0,0.0,,,0.0,,,,0.0,,,,,,0.0,,,,0.0,,,Fang,方,Shi(Wife of Liang Junye),氏(梁俊業妻),20.0,0.0,,0.0,0.0,,,,,,,,,,,,,BDHK,,1.0,2010-05-29 00:00:00,
70169,Fang suiyuan,方遂源,,,,0.0,,,0.0,0.0,,,0.0,,,,0.0,,,,,,0.0,,,,0.0,,,Fang,方,suiyuan,遂源,20.0,0.0,,0.0,0.0,,,,,,,,,,,,,BDZJ,,0.0,2010-06-11 00:00:00,
70532,Fang Fu,方敷,,,,1.0,,,0.0,0.0,,,0.0,,,,0.0,,,,,,0.0,,,,0.0,,,Fang,方,Fu,敷,20.0,0.0,,0.0,0.0,,,,,,,,,,,,,BDHK,,1.0,2010-07-01 00:00:00,
72440,Fang Zhong,方中,1866.0,1.0,,0.0,7544.0,1.0,0.0,0.0,,1866.0,666.0,5.0,,1932.0,669.0,21.0,,67.0,,,0.0,,,,0.0,,,Fang,方,Zhong,中,21.0,0.0,《清代人物生卒年表》定其生卒年為同治5年~中華民國21年。 【參考《清代人物生卒年表》#2330.】,0.0,0.0,,,,,,,,,,,,,load,,0.0,2010-10-14 00:00:00,
72441,Fang Wen,方文,1612.0,1.0,,0.0,7706.0,1.0,0.0,0.0,,1612.0,652.0,40.0,,1669.0,660.0,8.0,,58.0,,,0.0,,,,0.0,,,Fang,方,Wen,文,20.0,0.0,《清代人物生卒年表》定其生卒年為萬曆40年~康熙8年。 【參考《清代人物生卒年表》#2331.】,0.0,0.0,,,,,,,,,,,,,load,,0.0,2010-10-14 00:00:00,
72442,Fang Zhen,方貞,1870.0,1.0,,0.0,8182.0,1.0,0.0,0.0,,1870.0,666.0,9.0,,,0.0,,,,,,0.0,,,,0.0,,,Fang,方,Zhen,貞,21.0,0.0,《清代人物生卒年表》定其生卒年為同治9年~？。 【參考《清代人物生卒年表》#2333.】,0.0,0.0,,,,,,,,,,,,,load,,0.0,2010-10-14 00:00:00,
72443,Fang Qiao,方喬,1811.0,1.0,,0.0,7635.0,1.0,0.0,0.0,,1811.0,663.0,16.0,,1890.0,667.0,16.0,,80.0,,,0.0,,,,0.0,,,Fang,方,Qiao,喬,20.0,0.0,《清代人物生卒年表》定其生卒年為嘉慶16年~光緒16年。 【參考《清代人物生卒年表》#2334.】,0.0,0.0,,,,,,,,,,,,,load,,0.0,2010-10-14 00:00:00,
72444,Fang Fen,方份,1883.0,1.0,,0.0,7706.0,1.0,0.0,0.0,,1883.0,667.0,9.0,,1928.0,669.0,17.0,,46.0,,,0.0,,,,0.0,,,Fang,方,Fen,份,21.0,0.0,《清代人物生卒年表》定其生卒年為光緒9年~中華民國17年。 【參考《清代人物生卒年表》#2335.】,0.0,0.0,,,,,,,,,,,,,load,,0.0,2010-10-14 00:00:00,
72445,Fang Xu,方旭,1851.0,1.0,,0.0,7706.0,1.0,0.0,0.0,,1851.0,665.0,1.0,,1940.0,669.0,29.0,,90.0,,,0.0,,,,0.0,,,Fang,方,Xu,旭,21.0,0.0,《清代人物生卒年表》定其生卒年為咸豐1年~中華民國29年。 《清代人物生卒年表》原注：「方旭， 《民國人物大辭典》生年缺，卒年作民國二十五年（1936）。」 【參考《清代人物生卒年表》#2337.】,0.0,0.0,,,,,,,,,,,,,load,,0.0,2010-10-14 00:00:00,
72446,Fang Jiang,方江,1804.0,29.0,,0.0,7706.0,1.0,0.0,0.0,,,0.0,,,1867.0,666.0,6.0,,,,,0.0,,,,0.0,,,Fang,方,Jiang,江,20.0,0.0,Index year algorithmically generated: Rule 2; 《清代人物生卒年表》定其生卒年為？~同治6年。 【參考《清代人物生卒年表》#2338.】,0.0,0.0,,,,,,,,,,,,,load,,0.0,2010-10-14 00:00:00,
72447,Fang Xiao,方孝,1625.0,1.0,,0.0,7570.0,1.0,0.0,0.0,,1625.0,654.0,5.0,,1700.0,660.0,39.0,,76.0,,,0.0,,,,0.0,,,Fang,方,Xiao,孝,20.0,0.0,《清代人物生卒年表》定其生卒年為天啟5年~康熙39年。 【參考《清代人物生卒年表》#2339.】,0.0,0.0,,,,,,,,,,,,,load,,0.0,2010-10-14 00:00:00,
72448,Fang Ti,方體,1754.0,1.0,,0.0,7759.0,1.0,0.0,0.0,,1754.0,662.0,19.0,,,0.0,,,,,,0.0,,,,0.0,,,Fang,方,Ti,體,20.0,0.0,《清代人物生卒年表》定其生卒年為乾隆19年~？。 【參考《清代人物生卒年表》#2340.】,0.0,0.0,,,,,,,,,,,,,load,,0.0,2010-10-14 00:00:00,
72449,Fang Shen,方伸,1651.0,1.0,,0.0,7746.0,1.0,0.0,0.0,,1651.0,659.0,8.0,,,0.0,,,,,,0.0,,,,0.0,,,Fang,方,Shen,伸,20.0,0.0,《清代人物生卒年表》定其生卒年為順治8年~？。 【參考《清代人物生卒年表》#2341.】,0.0,0.0,,,,,,,,,,,,,load,,0.0,2010-10-14 00:00:00,
72450,Fang Xin,方辛,1798.0,29.0,,0.0,7661.0,1.0,0.0,0.0,,,0.0,,,1861.0,665.0,11.0,,,,,0.0,,,,0.0,,,Fang,方,Xin,辛,20.0,0.0,Index year algorithmically generated: Rule 2; 《清代人物生卒年表》定其生卒年為？~咸豐11年。 【參考《清代人物生卒年表》#2342.】,0.0,0.0,,,,,,,,,,,,,load,,0.0,2010-10-14 00:00:00,
72451,Fang Jie,方玠,1597.0,1.0,,0.0,7317.0,1.0,0.0,0.0,,1597.0,652.0,25.0,,1673.0,660.0,12.0,,77.0,,,0.0,,,,0.0,,,Fang,方,Jie,玠,20.0,0.0,《清代人物生卒年表》定其生卒年為萬曆25年~康熙12年。 【參考《清代人物生卒年表》#2343.】,0.0,0.0,,,,,,,,,,,,,load,,0.0,2010-10-14 00:00:00,
72452,Fang Tan,方坦,1773.0,1.0,,0.0,7706.0,1.0,0.0,0.0,,1773.0,662.0,38.0,,,0.0,,,,,,0.0,,,,0.0,,,Fang,方,Tan,坦,20.0,0.0,《清代人物生卒年表》定其生卒年為乾隆38年~？。 【參考《清代人物生卒年表》#2344.】,0.0,0.0,,,,,,,,,,,,,load,,0.0,2010-10-14 00:00:00,
72453,Fang Lin,方林,1670.0,1.0,,0.0,7706.0,1.0,0.0,0.0,,1670.0,660.0,9.0,,1690.0,660.0,29.0,,21.0,,,0.0,,,,0.0,,,Fang,方,Lin,林,20.0,0.0,《清代人物生卒年表》定其生卒年為康熙9年~康熙29年。 【參考《清代人物生卒年表》#2347.】,0.0,0.0,,,,,,,,,,,,,load,,0.0,2010-10-14 00:00:00,
72454,Fang Song,方松,1789.0,1.0,,0.0,7706.0,1.0,0.0,0.0,,1789.0,662.0,54.0,,1843.0,664.0,23.0,,55.0,,,0.0,,,,0.0,,,Fang,方,Song,松,20.0,0.0,《清代人物生卒年表》定其生卒年為乾隆54年~道光23年。 【參考《清代人物生卒年表》#2348.】,0.0,0.0,,,,,,,,,,,,,load,,0.0,2010-10-14 00:00:00,
72455,Fang Zhi,方幟,1615.0,1.0,,0.0,7706.0,1.0,0.0,0.0,,1615.0,652.0,43.0,,1687.0,660.0,26.0,,73.0,,,0.0,,,,0.0,,,Fang,方,Zhi,幟,20.0,0.0,《清代人物生卒年表》定其生卒年為萬曆43年~康熙26年。 【參考《清代人物生卒年表》#2350.】,0.0,0.0,,,,,,,,,,,,,load,,0.0,2010-10-14 00:00:00,
72456,Fang Bing,方秉,1786.0,1.0,,0.0,7706.0,1.0,0.0,0.0,,1786.0,662.0,51.0,,,0.0,,,,,,0.0,,,,0.0,,,Fang,方,Bing,秉,20.0,0.0,《清代人物生卒年表》定其生卒年為乾隆51年~？。 【參考《清代人物生卒年表》#2351.】,0.0,0.0,,,,,,,,,,,,,load,,0.0,2010-10-14 00:00:00,
72457,Fang Yi,方怡,1870.0,1.0,,0.0,7531.0,1.0,0.0,0.0,,1870.0,666.0,9.0,,1913.0,669.0,2.0,,44.0,,,0.0,,,,0.0,,,Fang,方,Yi,怡,21.0,0.0,《清代人物生卒年表》定其生卒年為同治9年~中華民國2年。 【參考《清代人物生卒年表》#2352.】,0.0,0.0,,,,,,,,,,,,,load,,0.0,2010-10-14 00:00:00,
72458,Fang Ze,方澤,1697.0,1.0,,0.0,7706.0,1.0,0.0,0.0,,1697.0,660.0,36.0,,1767.0,662.0,32.0,,71.0,,,0.0,,,,0.0,,,Fang,方,Ze,澤,20.0,0.0,《清代人物生卒年表》定其生卒年為康熙36年~乾隆32年。 【參考《清代人物生卒年表》#2353.】,0.0,0.0,,,,,,,,,,,,,load,,0.0,2010-10-14 00:00:00,
72459,Fang Xun,方勛,1810.0,1.0,,0.0,7635.0,1.0,0.0,0.0,,1810.0,663.0,15.0,,1863.0,666.0,2.0,,54.0,,,0.0,,,,0.0,,,Fang,方,Xun,勛,20.0,0.0,《清代人物生卒年表》定其生卒年為嘉慶15年~同治2年。 【參考《清代人物生卒年表》#2355.】,0.0,0.0,,,,,,,,,,,,,load,,0.0,2010-10-14 00:00:00,
72460,Fang Ju,方矩,1726.0,29.0,,0.0,7755.0,1.0,0.0,0.0,,,0.0,,,1789.0,662.0,54.0,,,,,0.0,,,,0.0,,,Fang,方,Ju,矩,20.0,0.0,Index year algorithmically generated: Rule 2; 《清代人物生卒年表》定其生卒年為？~乾隆54年。 【參考《清代人物生卒年表》#2356.】,0.0,0.0,,,,,,,,,,,,,load,,0.0,2010-10-14 00:00:00,
72461,Fang Ke,方科,1700.0,1.0,,0.0,7932.0,1.0,0.0,0.0,,1700.0,660.0,39.0,,,0.0,,,,,,0.0,,,,0.0,,,Fang,方,Ke,科,20.0,0.0,《清代人物生卒年表》定其生卒年為康熙39年~？。 【參考《清代人物生卒年表》#2357.】,0.0,0.0,,,,,,,,,,,,,load,,0.0,2010-10-14 00:00:00,
72462,Fang Jun,方俊,1804.0,1.0,,0.0,7558.0,1.0,0.0,0.0,,1804.0,663.0,9.0,,1877.0,667.0,3.0,,74.0,,,0.0,,,,0.0,,,Fang,方,Jun,俊,20.0,0.0,《清代人物生卒年表》定其生卒年為嘉慶9年~光緒3年。 《清代人物生卒年表》原注：「方俊生年，劉壽雪撰『行述』（陳作霖輯 《金陵傳記雜文鈔》）作嘉慶八年（1803）。」 【參考《清代人物生卒年表》#2358.】,0.0,0.0,,,,,,,,,,,,,load,,0.0,2010-10-14 00:00:00,
72463,Fang Liang,方亮,1872.0,29.0,,0.0,7706.0,1.0,0.0,0.0,,,0.0,,,1935.0,669.0,24.0,,,,,0.0,,,,0.0,,,Fang,方,Liang,亮,21.0,0.0,Index year algorithmically generated: Rule 2; 《清代人物生卒年表》定其生卒年為？~中華民國24年。 【參考《清代人物生卒年表》#2359.】,0.0,0.0,,,,,,,,,,,,,load,,0.0,2010-10-14 00:00:00,
72464,Fang Hui,方洄,1756.0,1.0,,0.0,7621.0,1.0,0.0,0.0,,1756.0,662.0,21.0,,1815.0,663.0,20.0,,60.0,,,0.0,,,,0.0,,,Fang,方,Hui,洄,20.0,0.0,《清代人物生卒年表》定其生卒年為乾隆21年~嘉慶20年。 【參考《清代人物生卒年表》#2360.】,0.0,0.0,,,,,,,,,,,,,load,,0.0,2010-10-14 00:00:00,
72465,Fang Heng,方恆,1852.0,1.0,,0.0,7531.0,1.0,0.0,0.0,,1852.0,665.0,2.0,,1910.0,668.0,2.0,,59.0,,,0.0,,,,0.0,,,Fang,方,Heng,恆,20.0,0.0,《清代人物生卒年表》定其生卒年為咸豐2年~宣統2年。 【參考《清代人物生卒年表》#2361.】,0.0,0.0,,,,,,,,,,,,,load,,0.0,2010-10-14 00:00:00,
72466,Fang Quan,方恮,1849.0,1.0,,0.0,7531.0,1.0,0.0,0.0,,1849.0,664.0,29.0,,1878.0,667.0,4.0,,30.0,,,0.0,,,,0.0,,,Fang,方,Quan,恮,20.0,0.0,《清代人物生卒年表》定其生卒年為道光29年~光緒4年。 【參考《清代人物生卒年表》#2362.】,0.0,0.0,,,,,,,,,,,,,load,,0.0,2010-10-14 00:00:00,
72467,Fang Zhi,方陟,1798.0,1.0,,0.0,7603.0,1.0,0.0,0.0,,1798.0,663.0,3.0,,,0.0,,,,,,0.0,,,,0.0,,,Fang,方,Zhi,陟,20.0,0.0,《清代人物生卒年表》定其生卒年為嘉慶3年~？。 【參考《清代人物生卒年表》#2363.】,0.0,0.0,,,,,,,,,,,,,load,,0.0,2010-10-14 00:00:00,
72468,Fang Tai,方泰,1820.0,1.0,,0.0,7635.0,1.0,0.0,0.0,,1820.0,663.0,25.0,,1855.0,665.0,5.0,,36.0,,,0.0,,,,0.0,,,Fang,方,Tai,泰,20.0,0.0,《清代人物生卒年表》定其生卒年為嘉慶25年~咸豐5年。 【參考《清代人物生卒年表》#2364.】,0.0,0.0,,,,,,,,,,,,,load,,0.0,2010-10-14 00:00:00,
72469,Fang Xia,方夏,1829.0,1.0,,0.0,7558.0,1.0,0.0,0.0,,1829.0,664.0,9.0,,1847.0,664.0,27.0,,19.0,,,0.0,,,,0.0,,,Fang,方,Xia,夏,20.0,0.0,《清代人物生卒年表》定其生卒年為道光9年~道光27年。 【參考《清代人物生卒年表》#2366.】,0.0,0.0,,,,,,,,,,,,,load,,0.0,2010-10-14 00:00:00,
72470,Fang Shuo,方朔,1817.0,1.0,,0.0,7701.0,1.0,0.0,0.0,,1817.0,663.0,22.0,,,0.0,,,,,,0.0,,,,0.0,,,Fang,方,Shuo,朔,20.0,0.0,《清代人物生卒年表》定其生卒年為嘉慶22年~？。 【參考《清代人物生卒年表》#2369.】,0.0,0.0,,,,,,,,,,,,,load,,0.0,2010-10-14 00:00:00,
72471,Fang Qiu,方球,1776.0,1.0,,0.0,7610.0,1.0,0.0,0.0,,1776.0,662.0,41.0,,1832.0,664.0,12.0,,57.0,,,0.0,,,,0.0,,,Fang,方,Qiu,球,20.0,0.0,《清代人物生卒年表》定其生卒年為乾隆41年~道光12年。 【參考《清代人物生卒年表》#2371.】,0.0,0.0,,,,,,,,,,,,,load,,0.0,2010-10-14 00:00:00,
72472,Fang Zhi,方職,1670.0,1.0,,0.0,7755.0,1.0,0.0,0.0,,1670.0,660.0,9.0,,1725.0,661.0,3.0,,56.0,,,0.0,,,,0.0,,,Fang,方,Zhi,職,20.0,0.0,《清代人物生卒年表》定其生卒年為康熙9年~雍正3年。 【參考《清代人物生卒年表》#2372.】,0.0,0.0,,,,,,,,,,,,,load,,0.0,2010-10-14 00:00:00,
72473,Fang Ji,方基,1823.0,1.0,,0.0,7635.0,1.0,0.0,0.0,,1823.0,664.0,3.0,,1872.0,666.0,11.0,,50.0,,,0.0,,,,0.0,,,Fang,方,Ji,基,20.0,0.0,《清代人物生卒年表》定其生卒年為道光3年~同治11年。 【參考《清代人物生卒年表》#2373.】,0.0,0.0,,,,,,,,,,,,,load,,0.0,2010-10-14 00:00:00,
72474,Fang Shou,方授,1627.0,1.0,,0.0,7706.0,1.0,0.0,0.0,,1627.0,654.0,7.0,,1653.0,659.0,10.0,,27.0,,,0.0,,,,0.0,,,Fang,方,Shou,授,20.0,0.0,《清代人物生卒年表》定其生卒年為天啟7年~順治10年。 【參考《清代人物生卒年表》#2374.】,0.0,0.0,,,,,,,,,,,,,load,,0.0,2010-10-14 00:00:00,
72475,Fang Qi,方淇,1783.0,29.0,,0.0,7706.0,1.0,0.0,0.0,,,0.0,,,1846.0,664.0,26.0,,,,,0.0,,,,0.0,,,Fang,方,Qi,淇,20.0,0.0,Index year algorithmically generated: Rule 2; 《清代人物生卒年表》定其生卒年為？~道光26年。 【參考《清代人物生卒年表》#2375.】,0.0,0.0,,,,,,,,,,,,,load,,0.0,2010-10-14 00:00:00,
72476,Fang Ji,方績,1752.0,1.0,,0.0,7706.0,1.0,0.0,0.0,,1752.0,662.0,17.0,,1816.0,663.0,21.0,,65.0,,,0.0,,,,0.0,,,Fang,方,Ji,績,20.0,0.0,《清代人物生卒年表》定其生卒年為乾隆17年~嘉慶21年。 【參考《清代人物生卒年表》#2376.】,0.0,0.0,,,,,,,,,,,,,load,,0.0,2010-10-14 00:00:00,
72477,Fang Lu,方騄,1826.0,1.0,,0.0,7654.0,1.0,0.0,0.0,,1826.0,664.0,6.0,,,0.0,,,,,,0.0,,,,0.0,,,Fang,方,Lu,騄,20.0,0.0,《清代人物生卒年表》定其生卒年為道光6年~？。 【參考《清代人物生卒年表》#2377.】,0.0,0.0,,,,,,,,,,,,,load,,0.0,2010-10-14 00:00:00,
72478,Fang Zhu,方鑄,1850.0,1.0,,0.0,7706.0,1.0,0.0,0.0,,1850.0,664.0,30.0,,,0.0,,,,,,0.0,,,,0.0,,,Fang,方,Zhu,鑄,20.0,0.0,《清代人物生卒年表》定其生卒年為道光30年~？。 《清代人物生卒年表》原注：「方鑄會試卷履歷作咸豐元年（1851）生。」 【參考《清代人物生卒年表》#2379.】,0.0,0.0,,,,,,,,,,,,,load,,0.0,2010-10-14 00:00:00,
72479,Fang Kai,方楷,1839.0,1.0,,0.0,7531.0,1.0,0.0,0.0,,1839.0,664.0,19.0,,1891.0,667.0,17.0,,53.0,,,0.0,,,,0.0,,,Fang,方,Kai,楷,20.0,0.0,《清代人物生卒年表》定其生卒年為道光19年~光緒17年。 【參考《清代人物生卒年表》#2380.】,0.0,0.0,,,,,,,,,,,,,load,,0.0,2010-10-14 00:00:00,
72480,Fang Zhao,方照,1801.0,1.0,,0.0,7603.0,1.0,0.0,0.0,,1801.0,663.0,6.0,,1843.0,664.0,23.0,,43.0,,,0.0,,,,0.0,,,Fang,方,Zhao,照,20.0,0.0,《清代人物生卒年表》定其生卒年為嘉慶6年~道光23年。 【參考《清代人物生卒年表》#2381.】,0.0,0.0,,,,,,,,,,,,,load,,0.0,2010-10-14 00:00:00,
72481,Fang Yun,方筠,1777.0,1.0,,1.0,7544.0,1.0,0.0,0.0,,1777.0,662.0,42.0,,1829.0,664.0,9.0,,53.0,-1.0,,0.0,,,,0.0,,,Fang,方,Yun,筠,20.0,0.0,《清代人物生卒年表》定其生卒年為乾隆42年~道光9年。 【參考《清代人物生卒年表》#2382.】顧國榮聘室﹐未嫁顧卒﹐筠歸顧孝養。以貞節賜旌。,0.0,0.0,,,,,,,,, ,,, ,load,Hongsu Wang,0.0,2010-10-14 00:00:00,2022-02-19 00:00:00
72482,Fang Lian,方廉,1734.0,1.0,,0.0,7755.0,1.0,0.0,0.0,,1734.0,661.0,12.0,,1758.0,662.0,23.0,,25.0,,,0.0,,,,0.0,,,Fang,方,Lian,廉,20.0,0.0,《清代人物生卒年表》定其生卒年為雍正12年~乾隆23年。 【參考《清代人物生卒年表》#2383.】,0.0,0.0,,,,,,,,,,,,,load,,0.0,2010-10-14 00:00:00,
72483,Fang Mei,方槑,1714.0,1.0,,0.0,7624.0,1.0,0.0,0.0,,1714.0,660.0,53.0,,1762.0,662.0,27.0,,49.0,,,0.0,,,,0.0,,,Fang,方,Mei,槑,20.0,0.0,《清代人物生卒年表》定其生卒年為康熙53年~乾隆27年。 【參考《清代人物生卒年表》#2384.】,0.0,0.0,,,,,,,,,,,,,load,,0.0,2010-10-14 00:00:00,
72484,Fang Ye,方熀,1865.0,1.0,,0.0,7755.0,1.0,0.0,0.0,,1865.0,666.0,4.0,,1915.0,669.0,4.0,,51.0,,,0.0,,,,0.0,,,Fang,方,Ye,熀,21.0,0.0,《清代人物生卒年表》定其生卒年為同治4年~中華民國4年。 【參考《清代人物生卒年表》#2385.】,0.0,0.0,,,,,,,,,,,,,load,,0.0,2010-10-14 00:00:00,
72485,Fang Xiong,方熊,1783.0,1.0,,0.0,7546.0,1.0,0.0,0.0,,1783.0,662.0,48.0,,1860.0,665.0,10.0,,78.0,,,0.0,,,,0.0,,,Fang,方,Xiong,熊,20.0,0.0,《清代人物生卒年表》定其生卒年為乾隆48年~咸豐10年。 【參考《清代人物生卒年表》#2386.】,0.0,0.0,,,,,,,,,,,,,load,,0.0,2010-10-14 00:00:00,
72486,Fang Zhen,方震,1780.0,1.0,,0.0,7749.0,1.0,0.0,0.0,,1780.0,662.0,45.0,,1831.0,664.0,11.0,,52.0,,,0.0,,,,0.0,,,Fang,方,Zhen,震,20.0,0.0,《清代人物生卒年表》定其生卒年為乾隆45年~道光11年。 【參考《清代人物生卒年表》#2388.】,0.0,0.0,,,,,,,,,,,,,load,,0.0,2010-10-14 00:00:00,
72487,Fang Shu,方澍,1867.0,29.0,,0.0,7697.0,1.0,0.0,0.0,,,0.0,,,1930.0,669.0,19.0,,,,,0.0,,,,0.0,,,Fang,方,Shu,澍,21.0,0.0,Index year algorithmically generated: Rule 2; 《清代人物生卒年表》定其生卒年為？~中華民國19年。 【參考《清代人物生卒年表》#2391.】,0.0,0.0,,,,,,,,,,,,,load,,0.0,2010-10-14 00:00:00,
72488,Fang Zhuo,方擢,1650.0,1.0,,0.0,7755.0,1.0,0.0,0.0,,1650.0,659.0,7.0,,1699.0,660.0,38.0,,50.0,,,0.0,,,,0.0,,,Fang,方,Zhuo,擢,20.0,0.0,《清代人物生卒年表》定其生卒年為順治7年~康熙38年。 【參考《清代人物生卒年表》#2393.】,0.0,0.0,,,,,,,,,,,,,load,,0.0,2010-10-14 00:00:00,
72489,Fang Yugu,方於穀,1757.0,1.0,,0.0,7706.0,1.0,0.0,0.0,,1757.0,662.0,22.0,,1834.0,664.0,14.0,,78.0,,,0.0,,,,0.0,,,Fang,方,Yugu,於穀,20.0,0.0,《清代人物生卒年表》定其生卒年為乾隆22年~道光14年。 【參考《清代人物生卒年表》#2395.】,0.0,0.0,,,,,,,,,,,,,load,,0.0,2010-10-14 00:00:00,
72490,Fang Shigan,方士淦,1787.0,1.0,,0.0,7730.0,1.0,0.0,0.0,,1787.0,662.0,52.0,,1848.0,664.0,28.0,,62.0,,,0.0,,,,0.0,,,Fang,方,Shigan,士淦,20.0,0.0,《清代人物生卒年表》定其生卒年為乾隆52年~道光28年。 【參考《清代人物生卒年表》#2397.】,0.0,0.0,,,,,,,,,,,,,load,,0.0,2010-10-14 00:00:00,
72491,Fang Shinai,方士鼐,1803.0,1.0,,0.0,7730.0,1.0,0.0,0.0,,1803.0,663.0,8.0,,1857.0,665.0,7.0,,55.0,,,0.0,,,,0.0,,,Fang,方,Shinai,士鼐,20.0,0.0,《清代人物生卒年表》定其生卒年為嘉慶8年~咸豐7年。 【參考《清代人物生卒年表》#2398.】,0.0,0.0,,,,,,,,,,,,,load,,0.0,2010-10-14 00:00:00,
72492,Fang Shilin,方士麟,1651.0,1.0,,0.0,7602.0,1.0,0.0,0.0,,1651.0,659.0,8.0,,1686.0,660.0,25.0,,36.0,,,0.0,,,,0.0,,,Fang,方,Shilin,士麟,20.0,0.0,《清代人物生卒年表》定其生卒年為順治8年~康熙25年。 【參考《清代人物生卒年表》#2399.】,0.0,0.0,,,,,,,,,,,,,load,,0.0,2010-10-14 00:00:00,
72493,Fang Dachun,方大淳,1806.0,1.0,,0.0,8343.0,1.0,0.0,0.0,,1806.0,663.0,11.0,,1835.0,664.0,15.0,,30.0,,,0.0,,,,0.0,,,Fang,方,Dachun,大淳,20.0,0.0,《清代人物生卒年表》定其生卒年為嘉慶11年~道光15年。 《清代人物生卒年表》原注：「方大淳會試卷履歷生年作嘉慶十四年（1809）。」 【參考《清代人物生卒年表》#2400.】,0.0,0.0,,,,,,,,,,,,,load,,0.0,2010-10-14 00:00:00,
72494,Fang Zhixiao,方之孝,1621.0,1.0,,0.0,8448.0,1.0,0.0,0.0,,1621.0,654.0,1.0,,1657.0,659.0,14.0,,37.0,,,0.0,,,,0.0,,,Fang,方,Zhixiao,之孝,20.0,0.0,《清代人物生卒年表》定其生卒年為天啟1年~順治14年。 【參考《清代人物生卒年表》#2403.】,0.0,0.0,,,,,,,,,,,,,load,,0.0,2010-10-14 00:00:00,
72495,Fang Ziyao,方子耀,1673.0,1.0,,0.0,7706.0,1.0,0.0,0.0,,1673.0,660.0,12.0,,1744.0,662.0,9.0,,72.0,,,0.0,,,,0.0,,,Fang,方,Ziyao,子耀,20.0,0.0,《清代人物生卒年表》定其生卒年為康熙12年~乾隆9年。 【參考《清代人物生卒年表》#2404.】,0.0,0.0,,,,,,,,,,,,,load,,0.0,2010-10-14 00:00:00,
72496,Fang Yuanhui,方元會,1618.0,1.0,,0.0,7848.0,1.0,0.0,0.0,,1618.0,652.0,46.0,,,0.0,,,,,,0.0,,,,0.0,,,Fang,方,Yuanhui,元會,20.0,0.0,《清代人物生卒年表》定其生卒年為萬曆46年~？。 【參考《清代人物生卒年表》#2405.】,0.0,0.0,,,,,,,,,,,,,load,,0.0,2010-10-14 00:00:00,
72497,Fang Yueqiong,方曰瓊,1624.0,1.0,,0.0,8389.0,1.0,0.0,0.0,,1624.0,654.0,4.0,,1685.0,660.0,24.0,,62.0,,,0.0,,,,0.0,,,Fang,方,Yueqiong,曰瓊,20.0,0.0,《清代人物生卒年表》定其生卒年為天啟4年~康熙24年。 【參考《清代人物生卒年表》#2407.】,0.0,0.0,,,,,,,,,,,,,load,,0.0,2010-10-14 00:00:00,
72498,Fang Zhongfa,方中發,1639.0,1.0,,0.0,7706.0,1.0,0.0,0.0,,1639.0,655.0,12.0,,1731.0,661.0,9.0,,93.0,,,0.0,,,,0.0,,,Fang,方,Zhongfa,中發,20.0,0.0,《清代人物生卒年表》定其生卒年為崇禎12年~雍正9年。 【參考《清代人物生卒年表》#2408.】,0.0,0.0,,,,,,,,,,,,,load,,0.0,2010-10-14 00:00:00,
72499,Fang Changgeng,方長庚,1791.0,1.0,,0.0,7706.0,1.0,0.0,0.0,,1791.0,662.0,56.0,,,0.0,,,,,,0.0,,,,0.0,,,Fang,方,Changgeng,長庚,20.0,0.0,《清代人物生卒年表》定其生卒年為乾隆56年~？。 【參考《清代人物生卒年表》#2411.】,0.0,0.0,,,,,,,,,,,,,load,,0.0,2010-10-14 00:00:00,
72500,Fang Renyuan,方仁淵,1845.0,1.0,,0.0,7533.0,1.0,0.0,0.0,,1845.0,664.0,25.0,,1926.0,669.0,15.0,,82.0,,,0.0,,,,0.0,,,Fang,方,Renyuan,仁淵,21.0,0.0,《清代人物生卒年表》定其生卒年為道光25年~中華民國15年。 【參考《清代人物生卒年表》#2412.】,0.0,0.0,,,,,,,,,,,,,load,,0.0,2010-10-14 00:00:00,
72501,Fang Renpei,方仁沛,1818.0,1.0,,0.0,7635.0,1.0,0.0,0.0,,1818.0,663.0,23.0,,1842.0,664.0,22.0,,25.0,,,0.0,,,,0.0,,,Fang,方,Renpei,仁沛,20.0,0.0,《清代人物生卒年表》定其生卒年為嘉慶23年~道光22年。 【參考《清代人物生卒年表》#2413.】,0.0,0.0,,,,,,,,,,,,,load,,0.0,2010-10-14 00:00:00,
72502,Fang Jiechen,方介臣,1861.0,1.0,,0.0,7691.0,1.0,0.0,0.0,,1861.0,665.0,11.0,,1909.0,668.0,1.0,,49.0,,,0.0,,,,0.0,,,Fang,方,Jiechen,介臣,20.0,0.0,《清代人物生卒年表》定其生卒年為咸豐11年~宣統1年。 【參考《清代人物生卒年表》#2414.】,0.0,0.0,,,,,,,,,,,,,load,,0.0,2010-10-14 00:00:00,
72503,Fang Yuerong,方月容,1598.0,29.0,,1.0,7755.0,1.0,0.0,0.0,,,0.0,,,1654.0,659.0,11.0,,,,,0.0,,,,0.0,,,Fang,方,Yuerong,月容,20.0,0.0,Index year algorithmically generated: Rule 2; 《清代人物生卒年表》定其生卒年為？~順治11年。 【參考《清代人物生卒年表》#2415.】,0.0,0.0,,,,,,,,,,,,,load,BDYY,0.0,2010-10-14 00:00:00,2012-06-20 00:00:00
72504,Fang Fengming,方鳳鳴,1846.0,1.0,,0.0,20021.0,1.0,0.0,0.0,,1846.0,664.0,26.0,,,0.0,,,,,,0.0,,,,0.0,,,Fang,方,Fengming,鳳鳴,20.0,0.0,《清代人物生卒年表》定其生卒年為道光26年~？。 【參考《清代人物生卒年表》#2416.】,0.0,0.0,,,,,,,,,,,,,load,,0.0,2010-10-14 00:00:00,
72505,Fang Wenhan,方文翰,1827.0,1.0,,0.0,7640.0,1.0,0.0,0.0,,1827.0,664.0,7.0,,1881.0,667.0,7.0,,55.0,,,0.0,,,,0.0,,,Fang,方,Wenhan,文翰,20.0,0.0,《清代人物生卒年表》定其生卒年為道光7年~光緒7年。 【參考《清代人物生卒年表》#2417.】,0.0,0.0,,,,,,,,,,,,,load,,0.0,2010-10-14 00:00:00,
72506,Fang Kongshi,方孔時,1591.0,1.0,,0.0,7706.0,1.0,0.0,0.0,,1591.0,652.0,19.0,,1675.0,660.0,14.0,,85.0,,,0.0,,,,0.0,,,Fang,方,Kongshi,孔時,20.0,0.0,《清代人物生卒年表》定其生卒年為萬曆19年~康熙14年。 【參考《清代人物生卒年表》#2419.】,0.0,0.0,,,,,,,,,,,,,load,,0.0,2010-10-14 00:00:00,
72507,Fang Kongju,方孔矩,1615.0,1.0,,0.0,7706.0,1.0,0.0,0.0,,1615.0,652.0,43.0,,,0.0,,,,,,0.0,,,,0.0,,,Fang,方,Kongju,孔矩,20.0,0.0,《清代人物生卒年表》定其生卒年為萬曆43年~？。 【參考《清代人物生卒年表》#2420.】,0.0,0.0,,,,,,,,,,,,,load,,0.0,2010-10-14 00:00:00,
72508,Fang Yurun,方玉潤,1811.0,1.0,,0.0,20645.0,1.0,0.0,0.0,,1811.0,663.0,16.0,,1883.0,667.0,9.0,,73.0,,,0.0,,,,0.0,,,Fang,方,Yurun,玉潤,20.0,0.0,《清代人物生卒年表》定其生卒年為嘉慶16年~光緒9年。 【參考《清代人物生卒年表》#2422.】,0.0,0.0,,,,,,,,,,,,,load,,0.0,2010-10-14 00:00:00,
72509,Fang Yupu,方玉璞,1777.0,1.0,,0.0,7730.0,1.0,0.0,0.0,,1777.0,662.0,42.0,,1840.0,664.0,20.0,,64.0,,,0.0,,,,0.0,,,Fang,方,Yupu,玉璞,20.0,0.0,《清代人物生卒年表》定其生卒年為乾隆42年~道光20年。 【參考《清代人物生卒年表》#2423.】,0.0,0.0,,,,,,,,,,,,,load,,0.0,2010-10-14 00:00:00,
72510,Fang Yuzao,方玉璪,1788.0,1.0,,0.0,7730.0,1.0,0.0,0.0,,1788.0,662.0,53.0,,,0.0,,,,,,0.0,,,,0.0,,,Fang,方,Yuzao,玉璪,20.0,0.0,《清代人物生卒年表》定其生卒年為乾隆53年~？。 【參考《清代人物生卒年表》#2424.】,0.0,0.0,,,,,,,,,,,,,load,,0.0,2010-10-14 00:00:00,
72511,Fang Zhengyu,方正玉,1654.0,1.0,,0.0,7706.0,1.0,0.0,0.0,,1654.0,659.0,11.0,,1724.0,661.0,2.0,,71.0,,,0.0,,,,0.0,,,Fang,方,Zhengyu,正玉,20.0,0.0,《清代人物生卒年表》定其生卒年為順治11年~雍正2年。 【參考《清代人物生卒年表》#2425.】,0.0,0.0,,,,,,,,,,,,,load,,0.0,2010-10-14 00:00:00,
72512,Fang Zhengqiu,方正璆,1675.0,1.0,,0.0,7706.0,1.0,0.0,0.0,,1675.0,660.0,14.0,,,0.0,,,,,,0.0,,,,0.0,,,Fang,方,Zhengqiu,正璆,20.0,0.0,《清代人物生卒年表》定其生卒年為康熙14年~？。 【參考《清代人物生卒年表》#2426.】,0.0,0.0,,,,,,,,,,,,,load,,0.0,2010-10-14 00:00:00,
72513,Fang Gonghui,方功惠,1836.0,29.0,,0.0,8343.0,1.0,0.0,0.0,,,0.0,,,1899.0,667.0,25.0,,,,,0.0,,,,0.0,,,Fang,方,Gonghui,功惠,20.0,0.0,《清代人物生卒年表》定其生卒年為？~光緒25年。 【參考《清代人物生卒年表》#2428.】亦據明清人名權威資料14057,0.0,0.0,,,,,,,,,,,,,load,HUTQM,0.0,2010-10-14 00:00:00,2012-05-30 00:00:00
72514,Fang Gongbo,方功渤,1843.0,1.0,,0.0,8343.0,1.0,0.0,0.0,,1843.0,664.0,23.0,,,0.0,,,,,,0.0,,,,0.0,,,Fang,方,Gongbo,功渤,20.0,0.0,《清代人物生卒年表》定其生卒年為道光23年~？。 【參考《清代人物生卒年表》#2429.】,0.0,0.0,,,,,,,,,,,,,load,,0.0,2010-10-14 00:00:00,
72515,Fang Shili,方世立,1865.0,1.0,,0.0,7706.0,1.0,0.0,0.0,,1865.0,666.0,4.0,,,0.0,,,,,,0.0,,,,0.0,,,Fang,方,Shili,世立,21.0,0.0,《清代人物生卒年表》定其生卒年為同治4年~？。 【參考《清代人物生卒年表》#2430.】,0.0,0.0,,,,,,,,,,,,,load,,0.0,2010-10-14 00:00:00,
72516,Fang Shixing,方世型,1737.0,29.0,,0.0,8504.0,1.0,0.0,0.0,,,0.0,,,1800.0,663.0,5.0,,,,,0.0,,,,0.0,,,Fang,方,Shixing,世型,20.0,0.0,Index year algorithmically generated: Rule 2; 《清代人物生卒年表》定其生卒年為？~嘉慶5年。 【參考《清代人物生卒年表》#2431.】,0.0,0.0,,,,,,,,,,,,,load,,0.0,2010-10-14 00:00:00,
72517,Fang Shiju,方世舉,1675.0,1.0,,0.0,7706.0,1.0,0.0,0.0,,1675.0,660.0,14.0,,1759.0,662.0,24.0,,85.0,,,0.0,,,,0.0,,,Fang,方,Shiju,世舉,20.0,0.0,《清代人物生卒年表》定其生卒年為康熙14年~乾隆24年。 【參考《清代人物生卒年表》#2432.】,0.0,0.0,,,,,,,,,,,,,load,,0.0,2010-10-14 00:00:00,
72518,Fang Guran,方古然,1797.0,29.0,,0.0,7623.0,1.0,0.0,0.0,,,0.0,,,1860.0,665.0,10.0,,,,,0.0,,,,0.0,,,Fang,方,Guran,古然,20.0,0.0,Index year algorithmically generated: Rule 2; 《清代人物生卒年表》定其生卒年為？~咸豐10年。 【參考《清代人物生卒年表》#2433.】,0.0,0.0,,,,,,,,,,,,,load,,0.0,2010-10-14 00:00:00,
72519,Fang Erxian,方爾咸,1873.0,1.0,,0.0,7570.0,1.0,0.0,0.0,,1873.0,666.0,12.0,,1927.0,669.0,16.0,,55.0,,,0.0,,,,0.0,,,Fang,方,Erxian,爾咸,21.0,0.0,《清代人物生卒年表》定其生卒年為同治12年~中華民國16年。 【參考《清代人物生卒年表》#2435.】,0.0,0.0,,,,,,,,,,,,,load,,0.0,2010-10-14 00:00:00,
72520,Fang Erqian,方爾謙,1872.0,1.0,,0.0,7570.0,1.0,0.0,0.0,,1872.0,666.0,11.0,,1936.0,669.0,25.0,,65.0,,,0.0,,,,0.0,,,Fang,方,Erqian,爾謙,21.0,0.0,《清代人物生卒年表》定其生卒年為同治11年~中華民國25年。 【參考《清代人物生卒年表》#2436.】,0.0,0.0,,,,,,,,,,,,,load,,0.0,2010-10-14 00:00:00,
72521,Fang Chengpei,方成培,1731.0,1.0,,0.0,7755.0,1.0,0.0,0.0,,1731.0,661.0,9.0,,1789.0,662.0,54.0,,59.0,,,0.0,,,,0.0,,,Fang,方,Chengpei,成培,20.0,0.0,《清代人物生卒年表》定其生卒年為雍正9年~乾隆54年。 【參考《清代人物生卒年表》#2441.】,0.0,0.0,,,,,,,,,,,,,load,,0.0,2010-10-14 00:00:00,
72522,Fang Zhenguan,方貞觀,1679.0,1.0,,0.0,7706.0,1.0,0.0,0.0,,1679.0,660.0,18.0,,1747.0,662.0,12.0,,69.0,,,0.0,,,,0.0,,,Fang,方,Zhenguan,貞觀,20.0,0.0,《清代人物生卒年表》定其生卒年為康熙18年~乾隆12年。 【參考《清代人物生卒年表》#2442.】,0.0,0.0,,,,,,,,,,,,,load,,0.0,2010-10-14 00:00:00,
72523,Fang Xianjia,方先甲,1790.0,29.0,,0.0,7706.0,1.0,0.0,0.0,,,0.0,,,1853.0,665.0,3.0,,,,,0.0,,,,0.0,,,Fang,方,Xianjia,先甲,20.0,0.0,Index year algorithmically generated: Rule 2; 《清代人物生卒年表》定其生卒年為？~咸豐3年。 【參考《清代人物生卒年表》#2443.】,0.0,0.0,,,,,,,,,,,,,load,,0.0,2010-10-14 00:00:00,
72524,Fang Chuanxun,方傳勛,1846.0,1.0,,0.0,7557.0,1.0,0.0,0.0,,1846.0,664.0,26.0,,1878.0,667.0,4.0,,33.0,,,0.0,,,,0.0,,,Fang,方,Chuanxun,傳勛,20.0,0.0,《清代人物生卒年表》定其生卒年為道光26年~光緒4年。 【參考《清代人物生卒年表》#2444.】,0.0,0.0,,,,,,,,,,,,,load,,0.0,2010-10-14 00:00:00,
72525,Fang Chuanmu,方傳穆,1781.0,1.0,,0.0,7706.0,1.0,0.0,0.0,,1781.0,662.0,46.0,,,0.0,,,,,,0.0,,,,0.0,,,Fang,方,Chuanmu,傳穆,20.0,0.0,《清代人物生卒年表》定其生卒年為乾隆46年~？。 【參考《清代人物生卒年表》#2445.】,0.0,0.0,,,,,,,,,,,,,load,,0.0,2010-10-14 00:00:00,
72526,Fang Huaqin,方華欽,1762.0,1.0,,0.0,7629.0,1.0,0.0,0.0,,1762.0,662.0,27.0,,,0.0,,,,,,0.0,,,,0.0,,,Fang,方,Huaqin,華欽,20.0,0.0,《清代人物生卒年表》定其生卒年為乾隆27年~？。 【參考《清代人物生卒年表》#2446.】,0.0,0.0,,,,,,,,,,,,,load,,0.0,2010-10-14 00:00:00,
72527,Fang Mingrong,方名榮,1626.0,1.0,,0.0,7696.0,1.0,0.0,0.0,,1626.0,654.0,6.0,,,0.0,,,,,,0.0,,,,0.0,,,Fang,方,Mingrong,名榮,20.0,0.0,《清代人物生卒年表》定其生卒年為天啟6年~？。 【參考《清代人物生卒年表》#2447.】,0.0,0.0,,,,,,,,,,,,,load,,0.0,2010-10-14 00:00:00,
72528,Fang Ruqian,方汝謙,1724.0,1.0,,0.0,7565.0,1.0,0.0,0.0,,1724.0,661.0,2.0,,1775.0,662.0,40.0,,52.0,,,0.0,,,,0.0,,,Fang,方,Ruqian,汝謙,20.0,0.0,《清代人物生卒年表》定其生卒年為雍正2年~乾隆40年。 【參考《清代人物生卒年表》#2449.】,0.0,0.0,,,,,,,,,,,,,load,,0.0,2010-10-14 00:00:00,
72529,Fang Shoudun,方守敦,1865.0,1.0,,0.0,7706.0,1.0,0.0,0.0,,1865.0,666.0,4.0,,1939.0,669.0,28.0,,75.0,,,0.0,,,,0.0,,,Fang,方,Shoudun,守敦,21.0,0.0,《清代人物生卒年表》定其生卒年為同治4年~中華民國28年。 【參考《清代人物生卒年表》#2450.】,0.0,0.0,,,,,,,,,,,,,load,,0.0,2010-10-14 00:00:00,
72530,Fang Shouyi,方守彝,1847.0,1.0,,0.0,7706.0,1.0,0.0,0.0,,1847.0,664.0,27.0,,1924.0,669.0,13.0,,78.0,,,0.0,,,,0.0,,,Fang,方,Shouyi,守彝,21.0,0.0,《清代人物生卒年表》定其生卒年為道光27年~中華民國13年。 【參考《清代人物生卒年表》#2451.】,0.0,0.0,,,,,,,,,,,,,load,,0.0,2010-10-14 00:00:00,
72531,Fang Guanlan,方觀瀾,1832.0,1.0,,0.0,7576.0,1.0,0.0,0.0,,1832.0,664.0,12.0,,,0.0,,,,,,0.0,,,,0.0,,,Fang,方,Guanlan,觀瀾,20.0,0.0,《清代人物生卒年表》定其生卒年為道光12年~？。 【參考《清代人物生卒年表》#2453.】,0.0,0.0,,,,,,,,,,,,,load,,0.0,2010-10-14 00:00:00,
72532,Fang Shouchang,方壽昌,1873.0,1.0,,0.0,7730.0,1.0,0.0,0.0,,1873.0,666.0,12.0,,1934.0,669.0,23.0,,62.0,,,0.0,,,,0.0,,,Fang,方,Shouchang,壽昌,21.0,0.0,《清代人物生卒年表》定其生卒年為同治12年~中華民國23年。 【參考《清代人物生卒年表》#2454.】,0.0,0.0,,,,,,,,,,,,,load,,0.0,2010-10-14 00:00:00,
72533,Fang Xiaobiao,方孝標,1617.0,1.0,,0.0,7706.0,1.0,0.0,0.0,,1617.0,652.0,45.0,,1679.0,660.0,18.0,,63.0,,,0.0,,,,0.0,,,Fang,方,Xiaobiao,孝標,20.0,0.0,《清代人物生卒年表》定其生卒年為萬曆45年~康熙18年。 【參考《清代人物生卒年表》#2455.】,0.0,0.0,,,,,,,,,,,,,load,BDYF,1.0,2010-10-14 00:00:00,2013-11-09 00:00:00
72534,Fang Shenghong,方聲宏,1605.0,1.0,,0.0,8389.0,1.0,0.0,0.0,,1605.0,652.0,33.0,,1688.0,660.0,27.0,,84.0,,,0.0,,,,0.0,,,Fang,方,Shenghong,聲宏,20.0,0.0,《清代人物生卒年表》定其生卒年為萬曆33年~康熙27年。 【參考《清代人物生卒年表》#2456.】,0.0,0.0,,,,,,,,,,,,,load,,0.0,2010-10-14 00:00:00,
72535,Fang Shengdong,方聲洞,1886.0,1.0,,0.0,7771.0,1.0,0.0,0.0,,1886.0,667.0,12.0,,1911.0,668.0,3.0,,26.0,,,0.0,,,,0.0,,,Fang,方,Shengdong,聲洞,20.0,0.0,《清代人物生卒年表》定其生卒年為光緒12年~宣統3年。 【參考《清代人物生卒年表》#2457.】,0.0,0.0,,,,,,,,,,,,,load,,0.0,2010-10-14 00:00:00,
72536,Fang Feilin,方芾林,1843.0,1.0,,0.0,7730.0,1.0,0.0,0.0,,1843.0,664.0,23.0,,,0.0,,,,,,0.0,,,,0.0,,,Fang,方,Feilin,芾林,20.0,0.0,《清代人物生卒年表》定其生卒年為道光23年~？。 【參考《清代人物生卒年表》#2458.】,0.0,0.0,,,,,,,,,,,,,load,,0.0,2010-10-14 00:00:00,
72537,Fang Keyou,方克猷,1870.0,1.0,,0.0,7609.0,1.0,0.0,0.0,,1870.0,666.0,9.0,,1890.0,667.0,16.0,,21.0,,,0.0,,,,0.0,,,Fang,方,Keyou,克猷,20.0,0.0,《清代人物生卒年表》定其生卒年為同治9年~光緒16年。 【參考《清代人物生卒年表》#2460.】,0.0,0.0,,,,,,,,,,,,,load,,0.0,2010-10-14 00:00:00,
72538,Fang Buying,方步瀛,1806.0,1.0,,0.0,7545.0,1.0,0.0,0.0,,1806.0,663.0,11.0,,1843.0,664.0,23.0,,38.0,,,0.0,,,,0.0,,,Fang,方,Buying,步瀛,20.0,0.0,《清代人物生卒年表》定其生卒年為嘉慶11年~道光23年。 【參考《清代人物生卒年表》#2461.】,0.0,0.0,,,,,,,,,,,,,load,,0.0,2010-10-14 00:00:00,
72539,Fang Boqian,方伯謙,1853.0,1.0,,0.0,7771.0,1.0,0.0,0.0,,1853.0,665.0,3.0,,1894.0,667.0,20.0,,42.0,,,0.0,,,,0.0,,,Fang,方,Boqian,伯謙,20.0,0.0,《清代人物生卒年表》定其生卒年為咸豐3年~光緒20年。 《清代人物生卒年表》原注：「方伯謙生於咸豐三年十二月十六日，公曆為1854年1月14日。」 【參考《清代人物生卒年表》#2462.】,0.0,0.0,,,,,,,,,,,,,load,,0.0,2010-10-14 00:00:00,
72540,Fang Xixian,方希賢,1628.0,1.0,,0.0,7214.0,1.0,0.0,0.0,,1628.0,655.0,1.0,,,0.0,,,,,,0.0,,,,0.0,,,Fang,方,Xixian,希賢,20.0,0.0,《清代人物生卒年表》定其生卒年為崇禎1年~？。 【參考《清代人物生卒年表》#2463.】,0.0,0.0,,,,,,,,,,,,,load,,0.0,2010-10-14 00:00:00,
72541,Fang Ximeng,方希孟,1839.0,1.0,,0.0,7729.0,1.0,0.0,0.0,,1839.0,664.0,19.0,,1913.0,669.0,2.0,,75.0,,,0.0,,,,0.0,,,Fang,方,Ximeng,希孟,21.0,0.0,《清代人物生卒年表》定其生卒年為道光19年~中華民國2年。 【參考《清代人物生卒年表》#2464.】,0.0,0.0,,,,,,,,,,,,,load,,0.0,2010-10-14 00:00:00,
72542,Fang Liangru,方良孺,1673.0,29.0,,0.0,7881.0,1.0,0.0,0.0,,,0.0,,,1736.0,662.0,1.0,,,,,0.0,,,,0.0,,,Fang,方,Liangru,良孺,20.0,0.0,Index year algorithmically generated: Rule 2; 《清代人物生卒年表》定其生卒年為？~乾隆1年。 【參考《清代人物生卒年表》#2465.】,0.0,0.0,,,,,,,,,,,,,load,,0.0,2010-10-14 00:00:00,
72543,Fang Qida,方啟大,1612.0,1.0,,0.0,7755.0,1.0,0.0,0.0,,1612.0,652.0,40.0,,1677.0,660.0,16.0,,66.0,,,0.0,,,,0.0,,,Fang,方,Qida,啟大,20.0,0.0,《清代人物生卒年表》定其生卒年為萬曆40年~康熙16年。 【參考《清代人物生卒年表》#2466.】,0.0,0.0,,,,,,,,,,,,,load,,0.0,2010-10-14 00:00:00,
72544,Fang Qixian,方啟賢,1615.0,1.0,,0.0,7755.0,1.0,0.0,0.0,,1615.0,652.0,43.0,,1688.0,660.0,27.0,,74.0,,,0.0,,,,0.0,,,Fang,方,Qixian,啟賢,20.0,0.0,《清代人物生卒年表》定其生卒年為萬曆43年~康熙27年。 【參考《清代人物生卒年表》#2467.】,0.0,0.0,,,,,,,,,,,,,load,,0.0,2010-10-14 00:00:00,
72545,Fang Zhangdeng,方張登,1703.0,29.0,,0.0,7557.0,1.0,0.0,0.0,,,0.0,,,1766.0,662.0,31.0,,,,,0.0,,,,0.0,,,Fang,方,Zhangdeng,張登,20.0,0.0,Index year algorithmically generated: Rule 2; 《清代人物生卒年表》定其生卒年為？~乾隆31年。 【參考《清代人物生卒年表》#2468.】,0.0,0.0,,,,,,,,,,,,,load,,0.0,2010-10-14 00:00:00,
72546,Fang Qiyi,方其義,1619.0,1.0,,0.0,7706.0,1.0,0.0,0.0,,1619.0,652.0,47.0,,1649.0,659.0,6.0,,31.0,,,0.0,,,,0.0,,,Fang,方,Qiyi,其義,20.0,0.0,《清代人物生卒年表》定其生卒年為萬曆47年~順治6年。 《清代人物生卒年表》原注：「方其義生於萬曆四十七年十二月，公曆為1620年。」 【參考《清代人物生卒年表》#2469.】,0.0,0.0,,,,,,,,,,,,,load,,0.0,2010-10-14 00:00:00,
72547,Fang Ruokui,方若夔,1790.0,29.0,,0.0,7730.0,1.0,0.0,0.0,,,0.0,,,1853.0,665.0,3.0,,,,,0.0,,,,0.0,,,Fang,方,Ruokui,若夔,20.0,0.0,Index year algorithmically generated: Rule 2; 《清代人物生卒年表》定其生卒年為？~咸豐3年。 【參考《清代人物生卒年表》#2470.】,0.0,0.0,,,,,,,,,,,,,load,,0.0,2010-10-14 00:00:00,
72548,Fang Changhan,方昌翰,1827.0,1.0,,0.0,7706.0,1.0,0.0,0.0,,1827.0,664.0,7.0,,1897.0,667.0,23.0,,71.0,,,0.0,,,,0.0,,,Fang,方,Changhan,昌翰,20.0,0.0,《清代人物生卒年表》定其生卒年為道光7年~光緒23年。 【參考《清代人物生卒年表》#2472.】,0.0,0.0,,,,,,,,,,,,,load,,0.0,2010-10-14 00:00:00,
72549,Fang Zhongshi,方忠軾,1849.0,1.0,,0.0,7704.0,1.0,0.0,0.0,,1849.0,664.0,29.0,,1900.0,667.0,26.0,,52.0,,,0.0,,,,0.0,,,Fang,方,Zhongshi,忠軾,20.0,0.0,《清代人物生卒年表》定其生卒年為道光29年~光緒26年。 《清代人物生卒年表》原注：「方忠軾卒年，方宗誠 《柏堂集餘編》卷六『傳』作光緒二年（1876）；生年缺。」 【參考《清代人物生卒年表》#2473.】,0.0,0.0,,,,,,,,,,,,,load,,0.0,2010-10-14 00:00:00,
72550,Fang Mingqiu,方鳴球,1702.0,1.0,,0.0,7252.0,1.0,0.0,0.0,,1702.0,660.0,41.0,,,0.0,,,,,,0.0,,,,0.0,,,Fang,方,Mingqiu,鳴球,20.0,0.0,《清代人物生卒年表》定其生卒年為康熙41年~？。 【參考《清代人物生卒年表》#2474.】,0.0,0.0,,,,,,,,,,,,,load,,0.0,2010-10-14 00:00:00,
72551,Fang Bingxiao,方秉孝,1835.0,1.0,,0.0,7154.0,1.0,0.0,0.0,,1835.0,664.0,15.0,,1894.0,667.0,20.0,,60.0,,,0.0,,,,0.0,,,Fang,方,Bingxiao,秉孝,20.0,0.0,《清代人物生卒年表》定其生卒年為道光15年~光緒20年。 【參考《清代人物生卒年表》#2475.】,0.0,0.0,,,,,,,,,,,,,load,,0.0,2010-10-14 00:00:00,
72552,Fang Bingguo,方秉國,1762.0,1.0,,0.0,7581.0,1.0,0.0,0.0,,1762.0,662.0,27.0,,1829.0,664.0,9.0,,68.0,,,0.0,,,,0.0,,,Fang,方,Bingguo,秉國,20.0,0.0,《清代人物生卒年表》定其生卒年為乾隆27年~道光9年。 《清代人物生卒年表》原注：「方秉國卒於道光九年十二月十四日，公曆為1830年1月8日。」 【參考《清代人物生卒年表》#2476.】,0.0,0.0,,,,,,,,,,,,,load,,0.0,2010-10-14 00:00:00,
72553,Fang Jinbiao,方金彪,1813.0,1.0,,0.0,7623.0,1.0,0.0,0.0,,1813.0,663.0,18.0,,1832.0,664.0,12.0,,20.0,,,0.0,,,,0.0,,,Fang,方,Jinbiao,金彪,20.0,0.0,《清代人物生卒年表》定其生卒年為嘉慶18年~道光12年。 【參考《清代人物生卒年表》#2477.】,0.0,0.0,,,,,,,,,,,,,load,,0.0,2010-10-14 00:00:00,
72554,Fang Shougu,方受穀,1822.0,1.0,,0.0,7620.0,1.0,0.0,0.0,,1822.0,664.0,2.0,,,0.0,,,,,,0.0,,,,0.0,,,Fang,方,Shougu,受穀,20.0,0.0,《清代人物生卒年表》定其生卒年為道光2年~？。 【參考《清代人物生卒年表》#2479.】,0.0,0.0,,,,,,,,,,,,,load,,0.0,2010-10-14 00:00:00,
72555,Fang Xuesheng,方學聖,1618.0,1.0,,0.0,7762.0,1.0,0.0,0.0,,1618.0,652.0,46.0,,,0.0,,,,,,0.0,,,,0.0,,,Fang,方,Xuesheng,學聖,20.0,0.0,《清代人物生卒年表》定其生卒年為萬曆46年~？。 【參考《清代人物生卒年表》#2480.】,0.0,0.0,,,,,,,,,,,,,load,,0.0,2010-10-14 00:00:00,
72556,Fang Xuesu,方學蘇,1820.0,1.0,,0.0,7224.0,1.0,0.0,0.0,,1820.0,663.0,25.0,,,0.0,,,,,,0.0,,,,0.0,,,Fang,方,Xuesu,學蘇,20.0,0.0,《清代人物生卒年表》定其生卒年為嘉慶25年~？。 【參考《清代人物生卒年表》#2482.】,0.0,0.0,,,,,,,,,,,,,load,,0.0,2010-10-14 00:00:00,
72557,Fang Xuezhou,方學周,1757.0,1.0,,0.0,7154.0,1.0,0.0,0.0,,1757.0,662.0,22.0,,1838.0,664.0,18.0,,82.0,,,0.0,,,,0.0,,,Fang,方,Xuezhou,學周,20.0,0.0,《清代人物生卒年表》定其生卒年為乾隆22年~道光18年。 【參考《清代人物生卒年表》#2483.】,0.0,0.0,,,,,,,,,,,,,load,,0.0,2010-10-14 00:00:00,
72558,Fang Baoyi,方寶彝,1853.0,1.0,,0.0,7706.0,1.0,0.0,0.0,,1853.0,665.0,3.0,,1918.0,669.0,7.0,,66.0,,,0.0,,,,0.0,,,Fang,方,Baoyi,寶彝,21.0,0.0,《清代人物生卒年表》定其生卒年為咸豐3年~中華民國7年。 【參考《清代人物生卒年表》#2484.】,0.0,0.0,,,,,,,,,,,,,load,,0.0,2010-10-14 00:00:00,
72559,Fang Zongzhou,方宗輈,1851.0,1.0,,0.0,8300.0,1.0,0.0,0.0,,1851.0,665.0,1.0,,1929.0,669.0,18.0,,79.0,,,0.0,,,,0.0,,,Fang,方,Zongzhou,宗輈,21.0,0.0,《清代人物生卒年表》定其生卒年為咸豐1年~中華民國18年。 【參考《清代人物生卒年表》#2486.】,0.0,0.0,,,,,,,,,,,,,load,,0.0,2010-10-14 00:00:00,
72560,Fang Chengsheng,方承晟,1660.0,1.0,,0.0,7755.0,1.0,0.0,0.0,,1660.0,659.0,17.0,,1731.0,661.0,9.0,,72.0,,,0.0,,,,0.0,,,Fang,方,Chengsheng,承晟,20.0,0.0,《清代人物生卒年表》定其生卒年為順治17年~雍正9年。 【參考《清代人物生卒年表》#2487.】,0.0,0.0,,,,,,,,,,,,,load,,0.0,2010-10-14 00:00:00,
72561,Fang Chunxi,方春熙,1723.0,1.0,,0.0,7546.0,1.0,0.0,0.0,,1723.0,661.0,1.0,,,0.0,,,,,,0.0,,,,0.0,,,Fang,方,Chunxi,春熙,20.0,0.0,《清代人物生卒年表》定其生卒年為雍正1年~？。 【參考《清代人物生卒年表》#2488.】,0.0,0.0,,,,,,,,,,,,,load,,0.0,2010-10-14 00:00:00,
72562,Fang Rongbing,方榮秉,1864.0,1.0,,0.0,8342.0,1.0,0.0,0.0,,1864.0,666.0,3.0,,1915.0,669.0,4.0,,52.0,,,0.0,,,,0.0,,,Fang,方,Rongbing,榮秉,21.0,0.0,《清代人物生卒年表》定其生卒年為同治3年~中華民國4年。 【參考《清代人物生卒年表》#2489.】,0.0,0.0,,,,,,,,,,,,,load,,0.0,2010-10-14 00:00:00,
72563,Fang Shuben,方樹本,1752.0,1.0,,0.0,7623.0,1.0,0.0,0.0,,1752.0,662.0,17.0,,,0.0,,,,,,0.0,,,,0.0,,,Fang,方,Shuben,樹本,20.0,0.0,《清代人物生卒年表》定其生卒年為乾隆17年~？。 【參考《清代人物生卒年表》#2491.】,0.0,0.0,,,,,,,,,,,,,load,,0.0,2010-10-14 00:00:00,
72564,Fang Gongqian,方拱乾,1596.0,1.0,,0.0,7706.0,1.0,0.0,0.0,,1596.0,652.0,24.0,,1667.0,660.0,6.0,,72.0,,,0.0,,,,0.0,,,Fang,方,Gongqian,拱乾,20.0,0.0,《清代人物生卒年表》定其生卒年為萬曆24年~康熙6年。 【參考《清代人物生卒年表》#2492.】,0.0,0.0,,,,,,,,,,,,,load,BDYY,0.0,2010-10-14 00:00:00,2013-06-17 00:00:00
72565,Fang Bingwen,方炳文,1788.0,1.0,,0.0,8217.0,1.0,0.0,0.0,,1788.0,662.0,53.0,,1838.0,664.0,18.0,,51.0,,,0.0,,,,0.0,,,Fang,方,Bingwen,炳文,20.0,0.0,《清代人物生卒年表》定其生卒年為乾隆53年~道光18年。 【參考《清代人物生卒年表》#2493.】,0.0,0.0,,,,,,,,,,,,,load,,0.0,2010-10-14 00:00:00,
72566,Fang Bingwen,方炳文,1818.0,1.0,,0.0,7863.0,1.0,0.0,0.0,,1818.0,663.0,23.0,,,0.0,,,,,,0.0,,,,0.0,,,Fang,方,Bingwen,炳文,20.0,0.0,《清代人物生卒年表》定其生卒年為嘉慶23年~？。 【參考《清代人物生卒年表》#2494.】,0.0,0.0,,,,,,,,,,,,,load,,0.0,2010-10-14 00:00:00,
72567,Fang Bingkui,方炳奎,1825.0,1.0,,0.0,8105.0,1.0,0.0,0.0,,1825.0,664.0,5.0,,,0.0,,,,,,0.0,,,,0.0,,,Fang,方,Bingkui,炳奎,20.0,0.0,《清代人物生卒年表》定其生卒年為道光5年~？。 【參考《清代人物生卒年表》#2495.】,0.0,0.0,,,,,,,,,,,,,load,,0.0,2010-10-14 00:00:00,
72568,Fang Jikui,方濟奎,1631.0,1.0,,0.0,8177.0,1.0,0.0,0.0,,1631.0,655.0,4.0,,,0.0,,,,,,0.0,,,,0.0,,,Fang,方,Jikui,濟奎,20.0,0.0,《清代人物生卒年表》定其生卒年為崇禎4年~？。 【參考《清代人物生卒年表》#2496.】,0.0,0.0,,,,,,,,,,,,,load,,0.0,2010-10-14 00:00:00,
72569,Fang Duqin,方都秦,1615.0,1.0,,0.0,7701.0,1.0,0.0,0.0,,1615.0,652.0,43.0,,,0.0,,,,,,0.0,,,,0.0,,,Fang,方,Duqin,都秦,20.0,0.0,《清代人物生卒年表》定其生卒年為萬曆43年~？。 【參考《清代人物生卒年表》#2497.】,0.0,0.0,,,,,,,,,,,,,load,,0.0,2010-10-14 00:00:00,
72570,Fang Dugao,方都鎬,1625.0,1.0,,0.0,7701.0,1.0,0.0,0.0,,1625.0,654.0,5.0,,1675.0,660.0,14.0,,51.0,,,0.0,,,,0.0,,,Fang,方,Dugao,都鎬,20.0,0.0,《清代人物生卒年表》定其生卒年為天啟5年~康熙14年。 【參考《清代人物生卒年表》#2498.】,0.0,0.0,,,,,,,,,,,,,load,,0.0,2010-10-14 00:00:00,
72571,Fang Guisen,方桂森,1793.0,1.0,,0.0,8217.0,1.0,0.0,0.0,,1793.0,662.0,58.0,,1841.0,664.0,21.0,,49.0,,,0.0,,,,0.0,,,Fang,方,Guisen,桂森,20.0,0.0,《清代人物生卒年表》定其生卒年為乾隆58年~道光21年。 【參考《清代人物生卒年表》#2499.】,0.0,0.0,,,,,,,,,,,,,load,,0.0,2010-10-14 00:00:00,
72572,Fang Genju,方根矩,1730.0,1.0,,0.0,7755.0,1.0,0.0,0.0,,1730.0,661.0,8.0,,1790.0,662.0,55.0,,61.0,,,0.0,,,,0.0,,,Fang,方,Genju,根矩,20.0,0.0,《清代人物生卒年表》定其生卒年為雍正8年~乾隆55年。 【參考《清代人物生卒年表》#2500.】,0.0,0.0,,,,,,,,,,,,,load,,0.0,2010-10-14 00:00:00,
72573,Fang Zhixiang,方致祥,1841.0,1.0,,0.0,7706.0,1.0,0.0,0.0,,1841.0,664.0,21.0,,1915.0,669.0,4.0,,75.0,,,0.0,,,,0.0,,,Fang,方,Zhixiang,致祥,21.0,0.0,《清代人物生卒年表》定其生卒年為道光21年~中華民國4年。 【參考《清代人物生卒年表》#2501.】,0.0,0.0,,,,,,,,,,,,,load,,0.0,2010-10-14 00:00:00,
72574,Fang Jiqiu,方積球,1871.0,1.0,,0.0,7635.0,1.0,0.0,0.0,,1871.0,666.0,10.0,,1914.0,669.0,3.0,,44.0,,,0.0,,,,0.0,,,Fang,方,Jiqiu,積球,21.0,0.0,《清代人物生卒年表》定其生卒年為同治10年~中華民國3年。 【參考《清代人物生卒年表》#2502.】,0.0,0.0,,,,,,,,,,,,,load,,0.0,2010-10-14 00:00:00,
72575,Fang Jihua,方積驊,1877.0,1.0,,0.0,7635.0,1.0,0.0,0.0,,1877.0,667.0,3.0,,1911.0,668.0,3.0,,35.0,,,0.0,,,,0.0,,,Fang,方,Jihua,積驊,20.0,0.0,《清代人物生卒年表》定其生卒年為光緒3年~宣統3年。 【參考《清代人物生卒年表》#2503.】,0.0,0.0,,,,,,,,,,,,,load,,0.0,2010-10-14 00:00:00,
72576,Fang Linghan,方凌翰,1742.0,1.0,,0.0,7899.0,1.0,0.0,0.0,,1742.0,662.0,7.0,,,0.0,,,,,,0.0,,,,0.0,,,Fang,方,Linghan,凌翰,20.0,0.0,《清代人物生卒年表》定其生卒年為乾隆7年~？。 【參考《清代人物生卒年表》#2504.】,0.0,0.0,,,,,,,,,,,,,load,,0.0,2010-10-14 00:00:00,
72577,Fang Jiamo,方家模,1827.0,1.0,,0.0,7867.0,1.0,0.0,0.0,,1827.0,664.0,7.0,,,0.0,,,,,,0.0,,,,0.0,,,Fang,方,Jiamo,家模,20.0,0.0,《清代人物生卒年表》定其生卒年為道光7年~？。 【參考《清代人物生卒年表》#2505.】,0.0,0.0,,,,,,,,,,,,,load,,0.0,2010-10-14 00:00:00,
72578,Fang Jiashu,方家澍,1858.0,1.0,,0.0,7771.0,1.0,0.0,0.0,,1858.0,665.0,8.0,,,0.0,,,,,,0.0,,,,0.0,,,Fang,方,Jiashu,家澍,21.0,0.0,《清代人物生卒年表》定其生卒年為咸豐8年~？。 【參考《清代人物生卒年表》#2506.】,0.0,0.0,,,,,,,,,,,,,load,,0.0,2010-10-14 00:00:00,
72579,Fang Peizhi,方培之,1804.0,1.0,,0.0,7603.0,1.0,0.0,0.0,,1804.0,663.0,9.0,,,0.0,,,,,,0.0,,,,0.0,,,Fang,方,Peizhi,培之,20.0,0.0,《清代人物生卒年表》定其生卒年為嘉慶9年~？。 【參考《清代人物生卒年表》#2508.】,0.0,0.0,,,,,,,,,,,,,load,,0.0,2010-10-14 00:00:00,
72580,Fang Peikai,方培愷,1860.0,1.0,,0.0,8175.0,1.0,0.0,0.0,,1860.0,665.0,10.0,,,0.0,,,,,,0.0,,,,0.0,,,Fang,方,Peikai,培愷,21.0,0.0,《清代人物生卒年表》定其生卒年為咸豐10年~？。 【參考《清代人物生卒年表》#2509.】,0.0,0.0,,,,,,,,,,,,,load,,0.0,2010-10-14 00:00:00,
72581,Fang Peijun,方培濬,1838.0,1.0,,0.0,7706.0,1.0,0.0,0.0,,1838.0,664.0,18.0,,1860.0,665.0,10.0,,23.0,,,0.0,,,,0.0,,,Fang,方,Peijun,培濬,20.0,0.0,《清代人物生卒年表》定其生卒年為道光18年~咸豐10年。 【參考《清代人物生卒年表》#2510.】,0.0,0.0,,,,,,,,,,,,,load,,0.0,2010-10-14 00:00:00,
72582,Fang Liaoju,方聊聚,1754.0,1.0,,0.0,7530.0,1.0,0.0,0.0,,1754.0,662.0,19.0,,1820.0,663.0,25.0,,67.0,,,0.0,,,,0.0,,,Fang,方,Liaoju,聊聚,20.0,0.0,《清代人物生卒年表》定其生卒年為乾隆19年~嘉慶25年。 【參考《清代人物生卒年表》#2511.】,0.0,0.0,,,,,,,,,,,,,load,,0.0,2010-10-14 00:00:00,
72583,Fang Fenru,方棻如,1659.0,1.0,,0.0,7663.0,1.0,0.0,0.0,,1659.0,659.0,16.0,,1687.0,660.0,26.0,,29.0,,,0.0,,,,0.0,,,Fang,方,Fenru,棻如,20.0,0.0,《清代人物生卒年表》定其生卒年為順治16年~康熙26年。 【參考《清代人物生卒年表》#2512.】,0.0,0.0,,,,,,,,,,,,,load,,0.0,2010-10-14 00:00:00,
72584,Fang Chongnian,方崇年,1869.0,1.0,,0.0,7635.0,1.0,0.0,0.0,,1869.0,666.0,8.0,,1896.0,667.0,22.0,,28.0,,,0.0,,,,0.0,,,Fang,方,Chongnian,崇年,20.0,0.0,《清代人物生卒年表》定其生卒年為同治8年~光緒22年。 【參考《清代人物生卒年表》#2513.】,0.0,0.0,,,,,,,,,,,,,load,,0.0,2010-10-14 00:00:00,
72585,Fang Chongzhi,方崇智,1810.0,1.0,,0.0,8343.0,1.0,0.0,0.0,,1810.0,663.0,15.0,,1884.0,667.0,10.0,,75.0,,,0.0,,,,0.0,,,Fang,方,Chongzhi,崇智,20.0,0.0,《清代人物生卒年表》定其生卒年為嘉慶15年~光緒10年。 【參考《清代人物生卒年表》#2514.】,0.0,0.0,,,,,,,,,,,,,load,,0.0,2010-10-14 00:00:00,
72586,Fang Yuanru,方淵如,1830.0,1.0,,0.0,7706.0,1.0,0.0,0.0,,1830.0,664.0,10.0,,,0.0,,,,,,0.0,,,,0.0,,,Fang,方,Yuanru,淵如,20.0,0.0,《清代人物生卒年表》定其生卒年為道光10年~？。 【參考《清代人物生卒年表》#2516.】,0.0,0.0,,,,,,,,,,,,,load,,0.0,2010-10-14 00:00:00,
72587,Fang Yinliang,方寅亮,1833.0,1.0,,0.0,8761.0,1.0,0.0,0.0,,1833.0,664.0,13.0,,1894.0,667.0,20.0,,62.0,,,0.0,,,,0.0,,,Fang,方,Yinliang,寅亮,20.0,0.0,《清代人物生卒年表》定其生卒年為道光13年~光緒20年。 【參考《清代人物生卒年表》#2517.】,0.0,0.0,,,,,,,,,,,,,load,,0.0,2010-10-14 00:00:00,
72588,Fang Wanyi,方婉儀,1732.0,1.0,,1.0,7755.0,1.0,0.0,0.0,,1732.0,661.0,10.0,,1779.0,662.0,44.0,,48.0,,,0.0,,,,0.0,,,Fang,方,Wanyi,婉儀,20.0,0.0,《清代人物生卒年表》定其生卒年為雍正10年~乾隆44年。 【參考《清代人物生卒年表》#2518.】,0.0,0.0,,,,,,,,,,,,,load,BDLXY,0.0,2010-10-14 00:00:00,2012-06-20 00:00:00
72589,Fang Lianjia,方聯甲,1745.0,1.0,,0.0,8343.0,1.0,0.0,0.0,,1745.0,662.0,10.0,,,0.0,,,,,,0.0,,,,0.0,,,Fang,方,Lianjia,聯甲,20.0,0.0,《清代人物生卒年表》定其生卒年為乾隆10年~？。 【參考《清代人物生卒年表》#2521.】,0.0,0.0,,,,,,,,,,,,,load,,0.0,2010-10-14 00:00:00,
72590,Fang Lianju,方聯聚,1754.0,1.0,,0.0,7530.0,1.0,0.0,0.0,,1754.0,662.0,19.0,,1820.0,663.0,25.0,,67.0,,,0.0,,,,0.0,,,Fang,方,Lianju,聯聚,20.0,0.0,《清代人物生卒年表》定其生卒年為乾隆19年~嘉慶25年。 【參考《清代人物生卒年表》#2522.】,0.0,0.0,,,,,,,,,,,,,load,,0.0,2010-10-14 00:00:00,
72591,Fang Baoshan,方葆珊,1819.0,1.0,,0.0,7706.0,1.0,0.0,0.0,,1819.0,663.0,24.0,,,0.0,,,,,,0.0,,,,0.0,,,Fang,方,Baoshan,葆珊,20.0,0.0,《清代人物生卒年表》定其生卒年為嘉慶24年~？。 【參考《清代人物生卒年表》#2523.】,0.0,0.0,,,,,,,,,,,,,load,,0.0,2010-10-14 00:00:00,
72592,Fang Rouru,方葇如,1676.0,1.0,,0.0,7663.0,1.0,0.0,0.0,,1676.0,660.0,15.0,,1723.0,661.0,1.0,,48.0,,,0.0,,,,0.0,,,Fang,方,Rouru,葇如,20.0,0.0,《清代人物生卒年表》定其生卒年為康熙15年~雍正1年。 【參考《清代人物生卒年表》#2524.】,0.0,0.0,,,,,,,,,,,,,load,,0.0,2010-10-14 00:00:00,
72593,Fang Tangru,方棠如,1666.0,1.0,,0.0,7663.0,1.0,0.0,0.0,,1666.0,660.0,5.0,,1719.0,660.0,58.0,,54.0,,,0.0,,,,0.0,,,Fang,方,Tangru,棠如,20.0,0.0,《清代人物生卒年表》定其生卒年為康熙5年~康熙58年。 【參考《清代人物生卒年表》#2525.】,0.0,0.0,,,,,,,,,,,,,load,,0.0,2010-10-14 00:00:00,
72594,Fang Zhangzhen,方掌珍,1783.0,1.0,,0.0,7755.0,1.0,0.0,0.0,,1783.0,662.0,48.0,,1839.0,664.0,19.0,,57.0,,,0.0,,,,0.0,,,Fang,方,Zhangzhen,掌珍,20.0,0.0,《清代人物生卒年表》定其生卒年為乾隆48年~道光19年。 【參考《清代人物生卒年表》#2526.】,0.0,0.0,,,,,,,,,,,,,load,,0.0,2010-10-14 00:00:00,
72595,Fang Jingxu,方景詡,1683.0,1.0,,0.0,7544.0,1.0,0.0,0.0,,1683.0,660.0,22.0,,,0.0,,,,,,0.0,,,,0.0,,,Fang,方,Jingxu,景詡,20.0,0.0,《清代人物生卒年表》定其生卒年為康熙22年~？。 【參考《清代人物生卒年表》#2527.】,0.0,0.0,,,,,,,,,,,,,load,,0.0,2010-10-14 00:00:00,
72596,Fang Shunnian,方舜年,1870.0,1.0,,0.0,7635.0,1.0,0.0,0.0,,1870.0,666.0,9.0,,,0.0,,,,,,0.0,,,,0.0,,,Fang,方,Shunnian,舜年,21.0,0.0,《清代人物生卒年表》定其生卒年為同治9年~？。 【參考《清代人物生卒年表》#2528.】,0.0,0.0,,,,,,,,,,,,,load,,0.0,2010-10-14 00:00:00,
72597,Fang Daoxi,方道希,1688.0,1.0,,0.0,7706.0,1.0,0.0,0.0,,1688.0,660.0,27.0,,1741.0,662.0,6.0,,54.0,,,0.0,,,,0.0,,,Fang,方,Daoxi,道希,20.0,0.0,《清代人物生卒年表》定其生卒年為康熙27年~乾隆6年。 【參考《清代人物生卒年表》#2529.】,0.0,0.0,,,,,,,,,,,,,load,,0.0,2010-10-14 00:00:00,
72598,Fang Daozhang,方道章,1703.0,1.0,,0.0,7706.0,1.0,0.0,0.0,,1703.0,660.0,42.0,,1748.0,662.0,13.0,,46.0,,,0.0,,,,0.0,,,Fang,方,Daozhang,道章,20.0,0.0,《清代人物生卒年表》定其生卒年為康熙42年~乾隆13年。 【參考《清代人物生卒年表》#2530.】,0.0,0.0,,,,,,,,,,,,,load,,0.0,2010-10-14 00:00:00,
72599,Fang Ruilin,方瑞麟,1842.0,1.0,,0.0,8259.0,1.0,0.0,0.0,,1842.0,664.0,22.0,,,0.0,,,,,,0.0,,,,0.0,,,Fang,方,Ruilin,瑞麟,20.0,0.0,《清代人物生卒年表》定其生卒年為道光22年~？。 【參考《清代人物生卒年表》#2532.】,0.0,0.0,,,,,,,,,,,,,load,,0.0,2010-10-14 00:00:00,
72600,Fang Chuzheng,方楚正,1702.0,1.0,,0.0,8228.0,1.0,0.0,0.0,,1702.0,660.0,41.0,,,0.0,,,,,,0.0,,,,0.0,,,Fang,方,Chuzheng,楚正,20.0,0.0,《清代人物生卒年表》定其生卒年為康熙41年~？。 【參考《清代人物生卒年表》#2533.】,0.0,0.0,,,,,,,,,,,,,load,,0.0,2010-10-14 00:00:00,
72601,Fang Xiqing,方錫慶,1816.0,1.0,,0.0,7706.0,1.0,0.0,0.0,,1816.0,663.0,21.0,,1876.0,667.0,2.0,,61.0,,,0.0,,,,0.0,,,Fang,方,Xiqing,錫慶,20.0,0.0,《清代人物生卒年表》定其生卒年為嘉慶21年~光緒2年。 【參考《清代人物生卒年表》#2534.】,0.0,0.0,,,,,,,,,,,,,load,,0.0,2010-10-14 00:00:00,
72602,Fang Yuanying,方願瑛,1678.0,29.0,,0.0,7755.0,1.0,0.0,0.0,,,0.0,,,1741.0,662.0,6.0,,,,,0.0,,,,0.0,,,Fang,方,Yuanying,願瑛,20.0,0.0,Index year algorithmically generated: Rule 2; 《清代人物生卒年表》定其生卒年為？~乾隆6年。 【參考《清代人物生卒年表》#2537.】,0.0,0.0,,,,,,,,,,,,,load,,0.0,2010-10-14 00:00:00,
72603,Fang Yuchen,方毓辰,1797.0,1.0,,0.0,7523.0,1.0,0.0,0.0,,1797.0,663.0,2.0,,1845.0,664.0,25.0,,49.0,,,0.0,,,,0.0,,,Fang,方,Yuchen,毓辰,20.0,0.0,《清代人物生卒年表》定其生卒年為嘉慶2年~道光25年。 【參考《清代人物生卒年表》#2538.】,0.0,0.0,,,,,,,,,,,,,load,,0.0,2010-10-14 00:00:00,
72604,Fang Cuiran,方粹然,1700.0,1.0,,0.0,7706.0,1.0,0.0,0.0,,1700.0,660.0,39.0,,,0.0,,,,,,0.0,,,,0.0,,,Fang,方,Cuiran,粹然,20.0,0.0,《清代人物生卒年表》定其生卒年為康熙39年~？。 【參考《清代人物生卒年表》#2539.】,0.0,0.0,,,,,,,,,,,,,load,,0.0,2010-10-14 00:00:00,
72605,Fang Dechun,方德醇,1802.0,29.0,,0.0,7706.0,1.0,0.0,0.0,,,0.0,,,1865.0,666.0,4.0,,,,,0.0,,,,0.0,,,Fang,方,Dechun,德醇,20.0,0.0,Index year algorithmically generated: Rule 2; 《清代人物生卒年表》定其生卒年為？~同治4年。 【參考《清代人物生卒年表》#2540.】,0.0,0.0,,,,,,,,,,,,,load,,0.0,2010-10-14 00:00:00,
72606,Fang Lvjian,方履篯,1790.0,1.0,,0.0,7531.0,1.0,0.0,0.0,,1790.0,662.0,55.0,,1831.0,664.0,11.0,,42.0,,,0.0,,,,0.0,,,Fang,方,Lvjian,履篯,20.0,0.0,《清代人物生卒年表》定其生卒年為乾隆55年~道光11年。 【參考《清代人物生卒年表》#2541.】,0.0,0.0,,,,,,,,,,,,,load,,0.0,2010-10-14 00:00:00,
72607,Fang Yannian,方燕年,1873.0,1.0,,0.0,7730.0,1.0,0.0,0.0,,1873.0,666.0,12.0,,,0.0,,,,,,0.0,,,,0.0,,,Fang,方,Yannian,燕年,21.0,0.0,《清代人物生卒年表》定其生卒年為同治12年~？。 【參考《清代人物生卒年表》#2542.】,0.0,0.0,,,,,,,,,,,,,load,,0.0,2010-10-14 00:00:00,
72608,Fang Ruzhuo,方儒灼,1802.0,1.0,,0.0,8345.0,1.0,0.0,0.0,,1802.0,663.0,7.0,,1877.0,667.0,3.0,,76.0,,,0.0,,,,0.0,,,Fang,方,Ruzhuo,儒灼,20.0,0.0,《清代人物生卒年表》定其生卒年為嘉慶7年~光緒3年。 《清代人物生卒年表》原注：「方儒灼卒於光緒三年十二月十四日，公曆為1878年1月16日。」 【參考《清代人物生卒年表》#2544.】,0.0,0.0,,,,,,,,,,,,,load,,0.0,2010-10-14 00:00:00,
72609,Fang Rutang,方儒棠,1841.0,1.0,,0.0,7628.0,1.0,0.0,0.0,,1841.0,664.0,21.0,,,0.0,,,,,,0.0,,,,0.0,,,Fang,方,Rutang,儒棠,20.0,0.0,《清代人物生卒年表》定其生卒年為道光21年~？。 【參考《清代人物生卒年表》#2545.】,0.0,0.0,,,,,,,,,,,,,load,,0.0,2010-10-14 00:00:00,
72610,Fang Junshi,方濬師,1830.0,1.0,,0.0,7730.0,1.0,0.0,0.0,,1830.0,664.0,10.0,,1889.0,667.0,15.0,,60.0,,,0.0,,,,0.0,,,Fang,方,Junshi,濬師,20.0,0.0,《清代人物生卒年表》定其生卒年為道光10年~光緒15年。 《清代人物生卒年表》原注：「金天羽記方濬師卒年云：『時光緒十四年己丑，得年六十。』光緒十四年為戊子，己丑為光緒十五年，此記必有一誤。方氏 《己卯元日作》詩云：『五十之年自今始。』己卯為光緒五年（1879），又十年年六十卒，則其卒年應為光緒十五年己丑（1889）。」 【參考《清代人物生卒年表》#2546.】,0.0,0.0,,,,,,,,,,,,,load,,0.0,2010-10-14 00:00:00,
72611,Fang Juntai,方濬泰,1816.0,1.0,,0.0,7730.0,1.0,0.0,0.0,,1816.0,663.0,21.0,,1860.0,665.0,10.0,,45.0,,,0.0,,,,0.0,,,Fang,方,Juntai,濬泰,20.0,0.0,《清代人物生卒年表》定其生卒年為嘉慶21年~咸豐10年。 【參考《清代人物生卒年表》#2547.】,0.0,0.0,,,,,,,,,,,,,load,,0.0,2010-10-14 00:00:00,
72612,Fang Junyi,方濬益,1836.0,29.0,,0.0,7730.0,1.0,0.0,0.0,,,0.0,,,1899.0,667.0,25.0,,,,,0.0,,,,0.0,,,Fang,方,Junyi,濬益,20.0,0.0,Index year algorithmically generated: Rule 2; 《清代人物生卒年表》定其生卒年為？~光緒25年。 【參考《清代人物生卒年表》#2548.】,0.0,0.0,,,,,,,,,,,,,load,,0.0,2010-10-14 00:00:00,
92252,Fang Wei,方為,,,,0.0,,,0.0,0.0,,,0.0,,,,0.0,,,,,,0.0,,,,0.0,,,Fang,方,Wei,為,6.0,0.0,,0.0,0.0,,,,,,,,,,,,,load,,0.0,2010-10-14 00:00:00,
92253,Fang Guijing,方龜精,,,,0.0,,,0.0,0.0,,,0.0,,,,0.0,,,,,,0.0,,,,0.0,,,Fang,方,Guijing,龜精,11.0,0.0,,0.0,0.0,,,,,,,,,,,,,load,,0.0,2010-10-14 00:00:00,
92254,Fang Yu,方棫,,,,0.0,,,0.0,0.0,,,0.0,,,,0.0,,,,,,0.0,,,,0.0,,,Fang,方,Yu,棫,6.0,0.0,,0.0,0.0,,,,,,,,,,,,,load,,0.0,2010-10-14 00:00:00,
92255,Fang Yu,方愚,,,,0.0,,,0.0,0.0,,,0.0,,,,0.0,,,,,,0.0,,,,0.0,,,Fang,方,Yu,愚,6.0,0.0,,0.0,0.0,,,,,,,,,,,,,load,,0.0,2010-10-14 00:00:00,
96796,Fang Yunyi,方云翼,,,,0.0,,,0.0,0.0,,,0.0,,,,0.0,,,,,1153.0,0.0,,於通州任官,1154.0,0.0,,於通州任官,Fang,方,Yunyi,云翼,15.0,0.0,LZL MasterFileLineID9025,0.0,0.0,,,,,,,,,,,,,load,,0.0,2010-11-18 00:00:00,
96797,Fang Xinru,方信儒,,,,0.0,,,0.0,0.0,,,0.0,,,,0.0,,,,,1216.0,0.0,,於桂州 靜江府任官,1217.0,0.0,,於桂州 靜江府任官,Fang,方,Xinru,信儒,15.0,0.0,LZL MasterFileLineID5000,0.0,0.0,,,,,,,,,,,,,load,,0.0,2010-11-18 00:00:00,
96798,Fang Nangui,方南圭,,,,0.0,,,0.0,0.0,,,0.0,,,,0.0,,,,,1069.0,0.0,,於惠州任官,1070.0,0.0,,於惠州任官,Fang,方,Nangui,南圭,15.0,0.0,LZL MasterFileLineID4508,0.0,0.0,,,,,,,,,,,,,load,,0.0,2010-11-18 00:00:00,
96799,Fang Shuyuan,方叔元,,,,0.0,,,0.0,0.0,,,0.0,,,,0.0,,,,,1098.0,0.0,,於南劍州任官,1099.0,0.0,,於南劍州任官,Fang,方,Shuyuan,叔元,15.0,0.0,LZL MasterFileLineID3297,0.0,0.0,,,,,,,,,,,,,load,,0.0,2010-11-18 00:00:00,
96800,Fang Shugui,方叔珪,1133.0,5.0,,0.0,,,0.0,0.0,,,0.0,,,,0.0,,,,,1193.0,0.0,,於兴化军任官,1194.0,0.0,,於兴化军任官,Fang,方,Shugui,叔珪,15.0,0.0,LZL MasterFileLineID2952,0.0,0.0,,,,,,,,,,,,,load,,0.0,2010-11-18 00:00:00,
96801,Fang Guobin,方囯賓,,,,0.0,,,0.0,0.0,,,0.0,,,,0.0,,,,,1259.0,0.0,,於江陰軍任官,1260.0,0.0,,於江陰軍任官,Fang,方,Guobin,囯賓,15.0,0.0,LZL MasterFileLineID16399,0.0,0.0,,,,,,,,,,,,,load,,0.0,2010-11-18 00:00:00,
96802,Fang Ziyu,方子玉,,,,0.0,,,0.0,0.0,,,0.0,,,,0.0,,,,,1274.0,0.0,,於雷州任官,1276.0,0.0,,於雷州任官,Fang,方,Ziyu,子玉,15.0,0.0,LZL MasterFileLineID4380,0.0,0.0,,,,,,,,,,,,,load,,0.0,2010-11-18 00:00:00,
96803,Fang Tingbin,方廷賓,,,,0.0,,,0.0,0.0,,,0.0,,,,0.0,,,,,1129.0,0.0,,於泉州任官,1129.0,0.0,,於泉州任官,Fang,方,Tingbin,廷賓,15.0,0.0,LZL MasterFileLineID3107,0.0,0.0,,,,,,,,,,,,,load,,0.0,2010-11-18 00:00:00,
96804,Fang Reng,方扔,,,,0.0,,,0.0,0.0,,,0.0,,,,0.0,,,,,1160.0,0.0,,於蘄州任官,1161.0,0.0,,於蘄州任官,Fang,方,Reng,扔,15.0,0.0,LZL MasterFileLineID8219,0.0,0.0,,,,,,,,,,,,,load,,0.0,2010-11-18 00:00:00,
96805,Fang Cheng,方承,,,,0.0,,,0.0,0.0,,,0.0,,,,0.0,,,,,1128.0,0.0,,於建州任官,1132.0,0.0,,於南平軍任官,Fang,方,Cheng,承,15.0,0.0,LZL MasterFileLineID2675,0.0,0.0,,,,,,,,,,,,,load,,0.0,2010-11-18 00:00:00,
96806,Fang Yang,方暘,,,,0.0,,,0.0,0.0,,,0.0,,,,0.0,,,,,1161.0,0.0,,於南雄州任官,1162.0,0.0,,於南雄州任官,Fang,方,Yang,暘,15.0,0.0,LZL MasterFileLineID4060,0.0,0.0,,,,,,,,,,,,,load,,0.0,2010-11-18 00:00:00,
96807,Fang Jue,方桷,,,,0.0,,,0.0,0.0,,,0.0,,,,0.0,,,,,1212.0,0.0,,於連州任官,1213.0,0.0,,於連州任官,Fang,方,Jue,桷,15.0,0.0,LZL MasterFileLineID3936,0.0,0.0,,,,,,,,,,,,,load,,0.0,2010-11-18 00:00:00,
96808,Fang Gai,方槩,,,,0.0,,,0.0,0.0,,,0.0,,,,0.0,,,,,1206.0,0.0,,於衡州任官,1206.0,0.0,,於衡州任官,Fang,方,Gai,槩,15.0,0.0,LZL MasterFileLineID7096,0.0,0.0,,,,,,,,,,,,,load,,0.0,2010-11-18 00:00:00,
96809,Fang Chengsun,方澄孫,,,,0.0,,,0.0,0.0,,,0.0,,,,0.0,,,,,1258.0,0.0,,於泉州任官,1258.0,0.0,,於泉州任官,Fang,方,Chengsun,澄孫,15.0,0.0,LZL MasterFileLineID3235,0.0,0.0,,,,,,,,,,,,,load,,0.0,2010-11-18 00:00:00,
96810,Fang Chunzu,方純祖,,,,0.0,,,0.0,0.0,,,0.0,,,,0.0,,,,,1090.0,0.0,,於荊門軍任官,1093.0,0.0,,於荊門軍任官,Fang,方,Chunzu,純祖,15.0,0.0,LZL MasterFileLineID5888,0.0,0.0,,,,,,,,,,,,,load,,0.0,2010-11-18 00:00:00,
96811,Fang Ping,方苹,,,,0.0,,,0.0,0.0,,,0.0,,,,0.0,,,,,1108.0,0.0,,於康州 德慶府任官,1109.0,0.0,,於康州 德慶府任官,Fang,方,Ping,苹,15.0,0.0,LZL MasterFileLineID4440,0.0,0.0,,,,,,,,,,,,,load,,0.0,2010-11-18 00:00:00,
96812,Fang Fan,方藩,,,,0.0,,,0.0,0.0,,,0.0,,,,0.0,,,,,1079.0,0.0,,於封州任官,1082.0,0.0,,於封州任官,Fang,方,Fan,藩,15.0,0.0,LZL MasterFileLineID4617,0.0,0.0,,,,,,,,,,,,,load,,0.0,2010-11-18 00:00:00,
96813,Fang Yin,方訚,,,,0.0,,,0.0,0.0,,,0.0,,,,0.0,,,,,1129.0,0.0,,於台州任官,1129.0,0.0,,於台州任官,Fang,方,Yin,訚,15.0,0.0,LZL MasterFileLineID13866,0.0,0.0,,,,,,,,,,,,,load,,0.0,2010-11-18 00:00:00,
96814,Fang Xunwu,方詢武,,,,0.0,,,0.0,0.0,,,0.0,,,,0.0,,,,,1101.0,0.0,,於南安軍任官,1103.0,0.0,,於南安軍任官,Fang,方,Xunwu,詢武,15.0,0.0,LZL MasterFileLineID10685,0.0,0.0,,,,,,,,,,,,,load,,0.0,2010-11-18 00:00:00,
96815,Fang Gu,方谷,,,,0.0,,,0.0,0.0,,,0.0,,,,0.0,,,,,1103.0,0.0,,於泉州任官,1104.0,0.0,,於泉州任官,Fang,方,Gu,谷,15.0,0.0,LZL MasterFileLineID3081,0.0,0.0,,,,,,,,,,,,,load,,0.0,2010-11-18 00:00:00,
96816,Fang Kai,方開,1070.0,5.0,,0.0,,,0.0,0.0,,,0.0,,,,0.0,,,,,1116.0,0.0,,於道州任官,1116.0,0.0,,於道州任官,Fang,方,Kai,開,15.0,0.0,LZL MasterFileLineID7328,0.0,0.0,,,,,,,,,,,,,load,,0.0,2010-11-18 00:00:00,
100078,Fang  Caizhi,方采芝,,,,1.0,,,0.0,0.0,,,0.0,,,,0.0,,,,,,0.0,,,,0.0,,,Fang,方,Caizhi,采芝,20.0,0.0,,0.0,0.0,,,,,,,,,,,,,BDZJ,,1.0,2010-12-17 00:00:00,
100119,Fang Yuxuan,方于宣,,,,0.0,,,0.0,0.0,,,0.0,,,,0.0,,,,,,0.0,,,,0.0,,,Fang,方,Yuxuan,于宣,20.0,0.0,,0.0,0.0,,,,,,,,,,,,,BDZJ,BDYY,0.0,2011-01-03 00:00:00,2012-06-25 00:00:00
100232,Fang Wei,方蔚,,,,0.0,,,0.0,0.0,,,0.0,,,,0.0,,,,,,0.0,,,,0.0,,,Fang,方,Wei,蔚,20.0,0.0,,0.0,0.0,,,,,,,,,,,,,BDZJ,BDLXY,0.0,2011-01-14 00:00:00,2011-11-05 00:00:00
100233,Fang Dairu,方黛如,,,,1.0,,,0.0,0.0,,,0.0,,,,0.0,,,,,,0.0,,,,0.0,,,Fang,方,Dairu,黛如,20.0,0.0,,0.0,0.0,,,,,,,,,,,,,BDZJ,BDLXY,1.0,2011-01-14 00:00:00,2011-11-05 00:00:00
100519,Fang Zhao,方召,1225.0,1.0,,0.0,18278.0,1.0,0.0,0.0,,1225.0,0.0,,,1300.0,0.0,,,76.0,,1270.0,0.0,,宋末通判惠州,,0.0,,,Fang,方,Zhao,召,18.0,0.0,,0.0,0.0,,,,,,,,,,,,,load,,1.0,2011-03-10 00:00:00,
100520,Fang Yong,方用,,,,0.0,17557.0,1.0,0.0,0.0,,,0.0,,,,0.0,,,,,,0.0,,,,0.0,,,Fang,方,Yong,用,18.0,0.0,,0.0,0.0,,,,,,,,,,,,,load,,1.0,2011-03-10 00:00:00,
100521,Fang Hui,方回,,,,0.0,,,0.0,0.0,,,0.0,,,,0.0,,,,,,0.0,,,,0.0,,,Fang,方,Hui,回,18.0,0.0,,0.0,0.0,,,,,,,,,,,,,load,,1.0,2011-03-10 00:00:00,
100522,Fang Qiu,方求,,,,0.0,,,0.0,0.0,,,0.0,,,,0.0,,,,,,0.0,,,,0.0,,,Fang,方,Qiu,求,18.0,0.0,,0.0,0.0,,,,,,,,,,,,,load,,1.0,2011-03-10 00:00:00,
100523,Fang Chong,方冲,1243.0,7.0,,0.0,18311.0,1.0,0.0,0.0,,,0.0,,,,0.0,,,,,,0.0,,,,0.0,,,Fang,方,Chong,冲,18.0,0.0,Index year algorithmically generated: Rule 6;,0.0,0.0,,,,,,,,,,,,,load,,1.0,2011-03-10 00:00:00,
100524,Fang Tan,方坦,,,,0.0,,,0.0,0.0,,,0.0,,,,0.0,,,,,,0.0,,,,0.0,,,Fang,方,Tan,坦,18.0,0.0,,0.0,0.0,,,,,,,,,,,,,load,,1.0,2011-03-10 00:00:00,
100525,Fang Jiong,方炯,,,,0.0,18467.0,1.0,0.0,0.0,,,0.0,,,,0.0,,,,,,0.0,,,,0.0,,,Fang,方,Jiong,炯,18.0,0.0,,0.0,0.0,,,,,,,,,,,,,load,,1.0,2011-03-10 00:00:00,
100526,Fang Yuan,方原,,,,0.0,18326.0,1.0,0.0,0.0,,,0.0,,,,0.0,,,,,,0.0,,,,0.0,,,Fang,方,Yuan,原,18.0,0.0,,0.0,0.0,,,,,,,,,,,,,load,,1.0,2011-03-10 00:00:00,
100527,Fang Cai,方寀,1250.0,1.0,,0.0,18083.0,1.0,0.0,0.0,,1250.0,0.0,,,1340.0,0.0,,,90.0,1.0,,0.0,,,,0.0,,,Fang,方,Cai,寀,18.0,0.0,,0.0,0.0,,,,,,,,,,,,,load,,1.0,2011-03-10 00:00:00,
100528,Fang Chun,方椿,1317.0,1.0,,0.0,18356.0,1.0,0.0,0.0,,1317.0,0.0,,,1362.0,0.0,,,46.0,,,0.0,,,,0.0,,,Fang,方,Chun,椿,18.0,0.0,,0.0,0.0,,,,,,,,,,,,,load,,1.0,2011-03-10 00:00:00,
100529,Fang Yi,方義,,,,0.0,18396.0,1.0,0.0,0.0,,,0.0,,,,0.0,,,,,1331.0,633.0,2.0,至順二年為祕書監辨驗書畫直長,,0.0,,,Fang,方,Yi,義,18.0,0.0,,0.0,0.0,,,,,,,,,,,,,load,,1.0,2011-03-10 00:00:00,
100530,Fang Yi,方儀,,,,0.0,,,0.0,0.0,,,0.0,,,,0.0,,,,,,0.0,,,,0.0,,,Fang,方,Yi,儀,18.0,0.0,,0.0,0.0,,,,,,,,,,,,,load,,1.0,2011-03-10 00:00:00,
100531,Fang Ze,方澤,1290.0,1.0,,0.0,18356.0,1.0,0.0,0.0,,1290.0,0.0,,,1328.0,0.0,,,39.0,,,0.0,,,,0.0,,,Fang,方,Ze,澤,18.0,0.0,,0.0,0.0,,,,,,,,,,,,,load,,1.0,2011-03-10 00:00:00,
100532,Fang Ji,方積,,,,0.0,18547.0,1.0,0.0,0.0,,,0.0,,,,0.0,,,,,1332.0,633.0,,至順間由藝文監修書借授進賢鄔子寨巡檢,,0.0,,,Fang,方,Ji,積,18.0,0.0,,0.0,0.0,,,,,,,,,,,,,load,,1.0,2011-03-10 00:00:00,
100533,Fang Jun,方濬,,,,0.0,18318.0,1.0,0.0,0.0,,,0.0,,,,0.0,,,,,1278.0,0.0,,auto-generated from date mentioned in bio,,0.0,,,Fang,方,Jun,濬,18.0,0.0,,0.0,0.0,,,,,,,,,,,,,load,,1.0,2011-03-10 00:00:00,
100534,Fang Jun,方濬,1307.0,1.0,,0.0,18366.0,1.0,0.0,0.0,,1307.0,0.0,,,1366.0,0.0,,,60.0,,1360.0,0.0,,元季薦授江浙儒學副提舉，不赴,,0.0,,,Fang,方,Jun,濬,18.0,0.0,,0.0,0.0,,,,,,,,,,,,,load,,1.0,2011-03-10 00:00:00,
100535,Fang Yi,方鎰,1265.0,29.0,,0.0,18356.0,1.0,0.0,0.0,,,0.0,,,1328.0,632.0,1.0,,,,,0.0,,,,0.0,,,Fang,方,Yi,鎰,18.0,0.0,又見《宋濂全集》p. 1490.又見《宋濂全集》pp. 314-6.,0.0,0.0,,3.0,,,,3.0,,,,,,,load,HUTQM,1.0,2011-03-10 00:00:00,2012-09-12 00:00:00
100536,Fang Lin,方麟,,,,0.0,18334.0,1.0,0.0,0.0,,,0.0,,,,0.0,,,,,,0.0,,,,0.0,,,Fang,方,Lin,麟,18.0,0.0,,0.0,0.0,,,,,,,,,,,,,load,,1.0,2011-03-10 00:00:00,
100537,Fang Guan,方觀,,,,0.0,,,0.0,0.0,,,0.0,,,,0.0,,,,,,0.0,,,,0.0,,,Fang,方,Guan,觀,18.0,0.0,,0.0,0.0,,,,,,,,,,,,,load,,1.0,2011-03-10 00:00:00,
100538,Fang Zijing,方子京,,,,0.0,18321.0,1.0,0.0,0.0,,,0.0,,,,0.0,,,,,1355.0,0.0,,auto-generated from date mentioned in bio,,0.0,,,Fang,方,Zijing,子京,18.0,0.0,,0.0,0.0,,,,,,,,,,,,,load,,1.0,2011-03-10 00:00:00,
100539,Fang Tianrui,方天瑞,1298.0,1.0,,0.0,18341.0,1.0,0.0,0.0,,1298.0,625.0,2.0,,1376.0,639.0,,,79.0,,,0.0,,,,0.0,,,Fang,方,Tianrui,天瑞,19.0,0.0,又見《宋濂全集》p.1246：書畢而終，實洪武九年十一月二十一日也。當為西元1377年1月1日。,0.0,0.0,,,,,,,,,,,,,load,HUTQM,1.0,2011-03-10 00:00:00,2012-08-06 00:00:00
100540,Fang Wenbao,方文豹,,,,0.0,,,0.0,0.0,,,0.0,,,,0.0,,,,,1300.0,625.0,4.0,大德四年任慈溪縣主簿,,0.0,,,Fang,方,Wenbao,文豹,18.0,0.0,,0.0,0.0,,,,,,,,,,,,,load,,1.0,2011-03-10 00:00:00,
100541,Fang Tongweng,方仝翁,,,,0.0,18324.0,1.0,0.0,0.0,,,0.0,,,,0.0,,,,,,0.0,,,,0.0,,,Fang,方,Tongweng,仝翁,18.0,0.0,,0.0,0.0,,,,,,,,,,,,,load,,1.0,2011-03-10 00:00:00,
100542,Fang Youxue,方幼學,,,,0.0,18579.0,1.0,0.0,0.0,,,0.0,,,,0.0,,,,,,0.0,,,,0.0,,,Fang,方,Youxue,幼學,18.0,0.0,,0.0,0.0,,,,,,,,,,,,,load,,1.0,2011-03-10 00:00:00,
100543,Fang Yongling,方永齡,,,,0.0,18339.0,1.0,0.0,0.0,,,0.0,,,,0.0,,,,,1360.0,0.0,,auto-generated from date mentioned in bio,,0.0,,,Fang,方,Yongling,永齡,18.0,0.0,,0.0,0.0,,,,,,,,,,,,,load,,1.0,2011-03-10 00:00:00,
100544,Fang Zhongda,方仲達,,,,0.0,18354.0,1.0,0.0,0.0,,,0.0,,,,0.0,,,,,,0.0,,,,0.0,,,Fang,方,Zhongda,仲達,18.0,0.0,,0.0,0.0,,,,,,,,,,,,,load,,1.0,2011-03-10 00:00:00,
100545,Fang Huisun,方回孫,1297.0,5.0,,0.0,18428.0,1.0,0.0,0.0,,,0.0,,,,0.0,,,,,,0.0,,,,0.0,,,Fang,方,Huisun,回孫,18.0,0.0,泰定四年進士,0.0,0.0,,,,,,,,,,,,,load,,1.0,2011-03-10 00:00:00,
100546,Fang Anguo,方安國,,,,0.0,,,0.0,0.0,,,0.0,,,,0.0,,,,,1309.0,626.0,2.0,至大二年為慈溪縣尹,,0.0,,,Fang,方,Anguo,安國,18.0,0.0,,0.0,0.0,,,,,,,,,,,,,load,,1.0,2011-03-10 00:00:00,
100547,Fang Youlin,方有臨,,,,0.0,18441.0,1.0,0.0,0.0,,,0.0,,,,0.0,,,,,1352.0,0.0,,auto-generated from date mentioned in bio,,0.0,,,Fang,方,Youlin,有臨,18.0,0.0,,0.0,0.0,,,,,,,,,,,,,load,,1.0,2011-03-10 00:00:00,
100548,Fang Bodai,方伯載,,,,0.0,18435.0,1.0,0.0,0.0,,,0.0,,,,0.0,,,,,,0.0,,,,0.0,,,Fang,方,Bodai,伯載,18.0,0.0,,0.0,0.0,,,,,,,,,,,,,load,,1.0,2011-03-10 00:00:00,
100549,Fang Bojian,方伯鑑,,,,0.0,18393.0,1.0,0.0,0.0,,,0.0,,,,0.0,,,,,1355.0,0.0,,auto-generated from date mentioned in bio,,0.0,,,Fang,方,Bojian,伯鑑,18.0,0.0,,0.0,0.0,,,,,,,,,,,,,load,,1.0,2011-03-10 00:00:00,
100550,Fang Kechang,方克常,,,,0.0,,,0.0,0.0,,,0.0,,,,0.0,,,,,,0.0,,,,0.0,,,Fang,方,Kechang,克常,18.0,0.0,,0.0,0.0,,,,,,,,,,,,,load,,1.0,2011-03-10 00:00:00,
100551,Fang Junzheng,方君政,1283.0,29.0,,0.0,18420.0,1.0,0.0,0.0,,,0.0,,,1346.0,0.0,,,,,1341.0,636.0,,至正初陞太平路學正,,0.0,,,Fang,方,Junzheng,君政,18.0,0.0,,0.0,0.0,,,,,,,,,,,,,load,,1.0,2011-03-10 00:00:00,
100552,Fang Tingjin,方廷瑾,,,,0.0,,,0.0,0.0,,,0.0,,,,0.0,,,,,,0.0,,,,0.0,,,Fang,方,Tingjin,廷瑾,18.0,0.0,,0.0,0.0,,,,,,,,,,,,,load,,1.0,2011-03-10 00:00:00,
100553,Fang Jinming,方晉明,,,,0.0,,,0.0,0.0,,,0.0,,,,0.0,,,,,,0.0,,,,0.0,,,Fang,方,Jinming,晉明,18.0,0.0,,0.0,0.0,,,,,,,,,,,,,load,,1.0,2011-03-10 00:00:00,
100554,Fang Shifa,方時發,,,,0.0,18420.0,1.0,0.0,0.0,,,0.0,,,,0.0,,,,,,0.0,,,,0.0,,,Fang,方,Shifa,時發,18.0,0.0,,0.0,0.0,,,,,,,,,,,,,load,,1.0,2011-03-10 00:00:00,
100555,Fang Guozhen,方國珍,1319.0,1.0,,0.0,,,0.0,0.0,,1319.0,0.0,,,1374.0,0.0,,,56.0,,,0.0,,,,0.0,,,Fang,方,Guozhen,國珍,19.0,0.0,,0.0,0.0,,,,,,,,,,,,,load,,1.0,2011-03-10 00:00:00,
100556,Fang Guozhang,方國璋,1299.0,29.0,,0.0,18370.0,1.0,0.0,0.0,,,0.0,,,1362.0,0.0,,,,,1359.0,636.0,19.0,至正10九年累陞江浙行省右丞,,0.0,,,Fang,方,Guozhang,國璋,18.0,0.0,,0.0,0.0,,,,,,,,,,,,,load,,1.0,2011-03-10 00:00:00,
100557,Fang Zongyi,方從義,,,,0.0,18429.0,1.0,0.0,0.0,,,0.0,,,,0.0,,,,,1378.0,0.0,,auto-generated from date mentioned in bio,,0.0,,,Fang,方,Zongyi,從義,18.0,0.0,,0.0,0.0,,,,,,,,,,,,,load,,1.0,2011-03-10 00:00:00,
100558,Fang Zuwen,方祖文,,,,0.0,18392.0,1.0,0.0,0.0,,,0.0,,,,0.0,,,,,,0.0,,,,0.0,,,Fang,方,Zuwen,祖文,18.0,0.0,,0.0,0.0,,,,,,,,,,,,,load,,1.0,2011-03-10 00:00:00,
100559,Fang Minzhong,方敏中,,,,0.0,18715.0,1.0,0.0,0.0,,,0.0,,,,0.0,,,,,,0.0,,,,0.0,,,Fang,方,Minzhong,敏中,18.0,0.0,,0.0,0.0,,,,,,,,,,,,,load,,1.0,2011-03-10 00:00:00,
100560,Fang Tuotuo,方脫脫,,,,0.0,,,0.0,0.0,,,0.0,,,,0.0,,,,,1365.0,0.0,,auto-generated from date mentioned in bio,,0.0,,,Fang,方,Tuotuo,脫脫,18.0,0.0,,0.0,0.0,,,,,,,,,,,,,load,,1.0,2011-03-10 00:00:00,
100561,Fang Hanyan,方寒巖,,,,0.0,,,0.0,0.0,,,0.0,,,,0.0,,,,,,0.0,,,,0.0,,,Fang,方,Hanyan,寒巖,18.0,0.0,,0.0,0.0,,,,,,,,,,,,,load,,1.0,2011-03-10 00:00:00,
100562,Fang Jingzhang,方景章,1336.0,5.0,,0.0,18467.0,1.0,0.0,0.0,,,0.0,,,,0.0,,,,,,0.0,,,,0.0,,,Fang,方,Jingzhang,景章,19.0,0.0,至正二十六年進士,0.0,0.0,,,,,,,,,,,,,load,,1.0,2011-03-10 00:00:00,
100563,Fang Shengqing,方聖清,,,,0.0,,,0.0,0.0,,,0.0,,,,0.0,,,,,,0.0,,,,0.0,,,Fang,方,Shengqing,聖清,18.0,0.0,,0.0,0.0,,,,,,,,,,,,,load,,1.0,2011-03-10 00:00:00,
100564,Fang Daofu,方道夫,,,,0.0,18392.0,1.0,0.0,0.0,,,0.0,,,,0.0,,,,,1338.0,635.0,,後至元間為本縣吏,,0.0,,,Fang,方,Daofu,道夫,18.0,0.0,,0.0,0.0,,,,,,,,,,,,,load,,1.0,2011-03-10 00:00:00,
100565,Fang Mengkai,方夢開,,,,0.0,18434.0,1.0,0.0,0.0,,,0.0,,,,0.0,,,,,,0.0,,,,0.0,,,Fang,方,Mengkai,夢開,18.0,0.0,,0.0,0.0,,,,,,,,,,,,,load,,1.0,2011-03-10 00:00:00,
100566,Fang Dezhi,方德至,1321.0,5.0,,0.0,18467.0,1.0,0.0,0.0,,,0.0,,,,0.0,,,,,,0.0,,,,0.0,,,Fang,方,Dezhi,德至,19.0,0.0,至正11年進士,0.0,0.0,,,,,,,,,,,,,load,,1.0,2011-03-10 00:00:00,
100567,Fang Zhenqing,方震卿,,,,0.0,,,0.0,0.0,,,0.0,,,,0.0,,,,,,0.0,,,,0.0,,,Fang,方,Zhenqing,震卿,18.0,0.0,,0.0,0.0,,,,,,,,,,,,,load,,1.0,2011-03-10 00:00:00,
100568,Fang Huanzi,方環子,1250.0,1.0,,0.0,100531.0,1.0,0.0,0.0,,1250.0,0.0,,,1326.0,0.0,,,77.0,,,0.0,,,,0.0,,,Fang,方,Huanzi,環子,18.0,0.0,,0.0,0.0,,,,,,,,,,,,,load,,1.0,2011-03-10 00:00:00,
100569,Fang Yingyuan,方應元,1295.0,1.0,,0.0,18467.0,1.0,0.0,0.0,,1295.0,0.0,,,1363.0,0.0,,,69.0,,,0.0,,,,0.0,,,Fang,方,Yingyuan,應元,18.0,0.0,,0.0,0.0,,,,,,,,,,,,,load,,1.0,2011-03-10 00:00:00,
117553,Fang Xing,方行,,,,0.0,,,0.0,0.0,,,0.0,,,,0.0,,,,,1364.0,636.0,24.0,至正二10四年為江浙行院判官,,0.0,,,Fang,方,Xing,行,18.0,0.0,,0.0,0.0,,,,,,,,,,,,,load,,1.0,2011-03-10 00:00:00,
117554,Fang Mingshan,方明善,,,,0.0,,,0.0,0.0,,,0.0,,,,0.0,,,,,1364.0,636.0,24.0,至正二10四年累陞江浙右丞,,0.0,,,Fang,方,Mingshan,明善,18.0,0.0,,0.0,0.0,,,,,,,,,,,,,load,,1.0,2011-03-10 00:00:00,
117555,Fang Guomin,方國珉,,,,0.0,,,0.0,0.0,,,0.0,,,,0.0,,,,,1366.0,636.0,26.0,至正二10六年授江浙平章,,0.0,,,Fang,方,Guomin,國珉,18.0,0.0,,0.0,0.0,,,,,,,,,,,,,load,,1.0,2011-03-10 00:00:00,
117556,Fang Guoying,方國瑛,,,,0.0,,,0.0,0.0,,,0.0,,,,0.0,,,,,,0.0,,,,0.0,,,Fang,方,Guoying,國瑛,18.0,0.0,,0.0,0.0,,,,,,,,,,,,,load,,1.0,2011-03-10 00:00:00,
117557,Fang Huaisheng,方槐生,1329.0,1.0,,0.0,6034.0,1.0,0.0,0.0,,1329.0,0.0,,,1373.0,0.0,,,45.0,,,0.0,,,,0.0,,,Fang,方,Huaisheng,槐生,19.0,0.0,,0.0,0.0,,,,,,,,,,,,,load,,1.0,2011-03-10 00:00:00,
117949,Fang Qi,方祺,,,,0.0,,,0.0,0.0,,,0.0,,,,0.0,,,,,,0.0,,,,0.0,,,Fang,方,Qi,祺,20.0,0.0,,0.0,0.0,,,,,,,,,,,,,BDZJ,,0.0,2011-02-26 00:00:00,
118020,Fang Jiading,方家鼎,1747.0,13.0,,0.0,7544.0,1.0,0.0,0.0,,,0.0,,,,0.0,,,,,,0.0,,,,0.0,,,Fang,方,Jiading,家鼎,20.0,0.0,諸生,0.0,0.0,,,,,,,,,,,,,BDZJ,,0.0,2011-03-11 00:00:00,
118369,Fang nv,方女,,,,1.0,,,0.0,0.0,,,0.0,,,,0.0,,,,,,0.0,,,,0.0,,,Fang,方,n&uuml;,女,19.0,0.0,,0.0,0.0,,,,,,,,,,,,,BDSXH,,1.0,2011-05-28 00:00:00,
118734,Fang  Wan,方琬,,,,1.0,,,0.0,0.0,,,0.0,,,,0.0,,,,,,0.0,,,,0.0,,,Fang,方,Wan,琬,20.0,0.0,,0.0,0.0,,,,,,,,,,,,,BDZJ,BDCX,1.0,2011-06-22 00:00:00,2012-09-14 00:00:00
118882,Fang Shi(Wife of Cao Shunyu),方氏(曹舜玉妻),,,,1.0,,,0.0,0.0,,,0.0,,,,0.0,,,,,,0.0,,,,0.0,,,Fang,方,Shi(Wife of Cao Shunyu),氏(曹舜玉妻),19.0,0.0,,0.0,0.0,,,,,,,,,,,,,BDCL,,1.0,2011-06-27 00:00:00,
118883,Fang Xinying,方心瀛,,,,0.0,,,0.0,0.0,,,0.0,,,,0.0,,,,,,0.0,,,,0.0,,,Fang,方,Xinying,心瀛,19.0,0.0,,0.0,0.0,,,,,,,,,,,,,BDCL,,0.0,2011-06-27 00:00:00,
118886,Fang Zhong,方鍾,,,,0.0,,,0.0,0.0,,,0.0,,,,0.0,,,,,,0.0,,,,0.0,,,Fang,方,Zhong,鍾,15.0,0.0,,0.0,0.0,,,,,,,,,,,,,BDSXH,,0.0,2011-06-27 00:00:00,
118969,Fang Shi(Wife of Yuan Jian),方氏(袁堅妻),,,,1.0,,,1.0,0.0,,,0.0,,,,0.0,,,,,,0.0,,,,0.0,,,Fang,方,Shi(Wife of Yuan Jian),氏(袁堅妻),19.0,0.0,,0.0,0.0,,,,,,,,,,,,,BDSXH,BDYF,1.0,2011-06-28 00:00:00,2013-06-20 00:00:00
119042,Fang Nianzu,方念祖,1656.0,27.0,72564.0,0.0,,,0.0,0.0,,,0.0,,,,0.0,,,,,,0.0,,,,0.0,,,Fang,方,Nianzu,念祖,20.0,0.0,Index year algorithmically generated: Rule 13;,0.0,0.0,,,,,,,,,,,,,BDCL,,0.0,2011-06-29 00:00:00,
119226,Fang  Sheng,方笙,1658.0,3.0,83356.0,1.0,,,1.0,0.0,,,0.0,,,,0.0,,,,,,0.0,,,,0.0,,,Fang,方,Sheng,笙,20.0,0.0,Index year algorithmically generated: Rule 4W;,0.0,0.0,,,,,,,,,,,,,BDSXH,BDRS,1.0,2011-07-03 00:00:00,2013-06-26 00:00:00
119227,Fang Yusheng,方育盛,1626.0,11.0,72564.0,0.0,,,0.0,0.0,,,0.0,,,,0.0,,,,,,0.0,,,,0.0,,,Fang,方,Yusheng,育盛,20.0,0.0,參考徐雁平：《清代文學世家姻親譜系》。,0.0,0.0,,,,,,,,,,,,,BDSXH,BDYF,0.0,2011-07-03 00:00:00,2013-11-09 00:00:00
119228,Fang  Quan,方佺,1656.0,12.0,119227.0,1.0,,,1.0,0.0,,,0.0,,,,0.0,,,,,,0.0,,,,0.0,,,Fang,方,Quan,佺,20.0,0.0,Index year algorithmically generated: Rule 14;,0.0,0.0,,,,,,,,,,,,,BDSXH,BDRS,1.0,2011-07-03 00:00:00,2013-06-26 00:00:00
120246,Fang Xiwan,方錫綰,,,,0.0,,,0.0,0.0,,,0.0,,,,0.0,,,,,,0.0,,,,0.0,,,Fang,方,Xiwan,錫綰,20.0,0.0,,0.0,0.0,,,,,,,,,,,,,BDLXY,BDLXY,0.0,2011-09-10 00:00:00,2011-10-29 00:00:00
120454,Fang Tinghu,方廷瑚,,,,0.0,7624.0,1.0,0.0,0.0,,,0.0,,,,0.0,,,,,,0.0,,,,0.0,,,Fang,方,Tinghu,廷瑚,20.0,0.0,,0.0,0.0,,,,,,,,,,,,,BDLXY,BDYY,0.0,2011-10-07 00:00:00,2011-12-10 00:00:00
120484,Fang Mou(Husband of Zhang Yuzhi),方某(張玉芝夫),,,,0.0,,,0.0,0.0,,,0.0,,,,0.0,,,,,,0.0,,,,0.0,,,Fang,方,Mou（Husband of Zhang Yuzhi）,某(張玉芝夫),20.0,0.0,,0.0,0.0,,,,,,,,,,,,,BDJLG,BDCJ,0.0,2011-10-08 00:00:00,2013-09-14 00:00:00
120512,Fang Huainan,方淮南,,,,0.0,,,1.0,0.0,,,0.0,,,,0.0,,,,,,0.0,,,,0.0,,,Fang,方,Huainan,淮南,20.0,0.0,,0.0,0.0,,,,,,,,,,,,,BDYY,BDRS,0.0,2011-10-08 00:00:00,2013-07-02 00:00:00
120665,Fang Zhen,方珍,,,,1.0,,,1.0,0.0,,,0.0,,,,0.0,,,,,,0.0,,,,0.0,,,Fang,方,Zhen,珍,20.0,0.0,,0.0,0.0,,,,,,,,,,,,,BDLXY,BDJLG,0.0,2011-10-21 00:00:00,2014-01-07 00:00:00
120829,Fang  Chenglin,方承霖,,,,0.0,,,0.0,0.0,,,0.0,,,,0.0,,,,,,0.0,,,,0.0,,,Fang,方,Chenglin,承霖,20.0,0.0,,0.0,0.0,,,,,,,,,,,,,BDZZK,,0.0,2011-10-22 00:00:00,
120869,Fang Zhi,方騭,1796.0,1.0,,0.0,7602.0,1.0,1.0,0.0,,1796.0,663.0,1.0,,1861.0,665.0,11.0,,66.0,,,0.0,,,,0.0,,,Fang,方,Zhi,騭,20.0,0.0,,0.0,0.0,,,,,,,,,,,,,BDZZK,BDRS,1.0,2011-10-28 00:00:00,2013-06-25 00:00:00
120872,Fang  Zongcheng,方宗誠,1826.0,11.0,120869.0,0.0,7602.0,1.0,1.0,0.0,,,0.0,,,,0.0,,,,,,0.0,,,,0.0,,,Fang,方,Zongcheng,宗誠,20.0,0.0,Index year algorithmically generated: Rule 8;,0.0,0.0,,,,,,,,,,,,,BDZZK,BDRS,1.0,2011-10-28 00:00:00,2013-06-25 00:00:00
120905,Fang Hongshan,方洪山,,,,0.0,,,0.0,0.0,,,0.0,,,,0.0,,,,,,0.0,,,,0.0,,,Fang,方,Hongshan,洪山,19.0,0.0,,0.0,0.0,,,,,,,,,,,,,BDZZK,BDZZK,0.0,2011-10-28 00:00:00,2011-10-28 00:00:00
120966,Fang Baochun,方寶椿,,,,0.0,,,0.0,0.0,,,0.0,,,,0.0,,,,,,0.0,,,,0.0,,,Fang,方,Baochun,寶椿,20.0,0.0,,0.0,0.0,,,,,,,,,,,,,BDZZK,BDCXF,0.0,2011-10-29 00:00:00,2014-01-09 00:00:00
120981,Fang Zhongxiu,方鍾琇,,,,0.0,,,0.0,0.0,,,0.0,,,,0.0,,,,,,0.0,,,,0.0,,,Fang,方,Zhongxiu,鍾琇,20.0,0.0,,0.0,0.0,,,,,,,,,,,,,BDCX,,0.0,2011-10-29 00:00:00,
120983,Fang Jun,方濬,,,,0.0,,,0.0,0.0,,,0.0,,,,0.0,,,,,,0.0,,,,0.0,,,Fang,方,Jun,濬,20.0,0.0,,0.0,0.0,,,,,,,,,,,,,BDCX,,0.0,2011-10-29 00:00:00,
121003,Fang Xihao,方希顥,,,,0.0,,,0.0,0.0,,,0.0,,,,0.0,,,,,,0.0,,,,0.0,,,Fang,方,Xihao,希顥,20.0,0.0,,0.0,0.0,,,,,,,,,,,,,BDYJF,,0.0,2011-10-29 00:00:00,
121219,Fang Huiyi,方慧儀,,,,1.0,7706.0,1.0,0.0,0.0,,,0.0,,,,0.0,,,,,,0.0,,,,0.0,,,Fang,方,Huiyi,慧儀,20.0,0.0,,0.0,0.0,,,,,,,,,,,,,BDLXY,,1.0,2011-11-05 00:00:00,
121306,Fang  Ruohui,方若徽,,,,1.0,,,0.0,0.0,,,0.0,,,,0.0,,,,,,0.0,,,,0.0,,,Fang,方,Ruohui,若徽,20.0,0.0,,0.0,0.0,,,,,,,,,,,,,BDCX,,1.0,2011-11-05 00:00:00,
121578,Fang Qifo,方七佛,,,,0.0,,,0.0,0.0,,,0.0,,,,0.0,,,,,,0.0,,,,0.0,,,Fang,方,Qifo,七佛,15.0,0.0,據宋史列傳CBDB分傳2132,0.0,0.0,,,,,,,,,,,,,load,,0.0,2012-11-08 00:00:00,
121697,Fang Da,方達,,,,0.0,,,0.0,0.0,,,0.0,,,,0.0,,,,,,0.0,,,,0.0,,,Fang,方,Da,達,20.0,0.0,,0.0,0.0,,,,,,,,,,,,,BDLXY,,0.0,2011-11-11 00:00:00,
121711,Fang Yunqing,方雲卿,,,,1.0,7706.0,1.0,0.0,0.0,,,0.0,,,,0.0,,,,,,0.0,,,,0.0,,,Fang,方,Yunqing,雲卿,20.0,0.0,,0.0,0.0,,,,,,,,,,,,,BDLXY,,1.0,2011-11-11 00:00:00,
121730,Fang Yiyun,方倚雲,,,,0.0,,,0.0,0.0,,,0.0,,,,0.0,,,,,,0.0,,,,0.0,,,Fang,方,Yiyun,倚雲,20.0,0.0,,0.0,0.0,,,,,,,,,,,,,BDYJF,,1.0,2011-11-11 00:00:00,
121941,Fang  Xiuyun,方秀筠,,,,1.0,,,0.0,0.0,,,0.0,,,,0.0,,,,,,0.0,,,,0.0,,,Fang,方,Xiuyun,秀筠,20.0,0.0,,0.0,0.0,,,,,,,,,,,,,BDZZK,,1.0,2011-11-18 00:00:00,
121961,Fang  Huixiang,方蕙香,,,,1.0,,,0.0,0.0,,,0.0,,,,0.0,,,,,,0.0,,,,0.0,,,Fang,方,Huixiang,蕙香,20.0,0.0,,0.0,0.0,,,,,,,,,,,,,BDZZK,,1.0,2011-11-19 00:00:00,
122044,Fang Yukun,方玉坤,,,,1.0,,,0.0,0.0,,,0.0,,,,0.0,,,,,,0.0,,,,0.0,,,Fang,方,Yukun,玉坤,20.0,0.0,,0.0,0.0,,,,,,,,,,,,,BDYJF,,1.0,2011-12-03 00:00:00,
122145,Fang  Xiaosu,方小蘇,,,,1.0,,,0.0,0.0,,,0.0,,,,0.0,,,,,,0.0,,,,0.0,,,Fang,方,Xiaosu,小蘇,20.0,0.0,,0.0,0.0,,,,,,,,,,,,,BDJLG,BDSXH,1.0,2011-12-09 00:00:00,2012-10-12 00:00:00
122520,Fang Weicheng,方維城,,,,0.0,,,0.0,0.0,,,0.0,,,,0.0,,,,,,0.0,,,,0.0,,,Fang,方,Weicheng,維城,20.0,0.0,,0.0,0.0,,,,,,,,,,,,,BDYJF,,0.0,2011-12-23 00:00:00,
122523,Fang Bozhu,方伯洙,,,,0.0,,,0.0,0.0,,,0.0,,,,0.0,,,,,,0.0,,,,0.0,,,Fang,方,Bozhu,伯洙,20.0,0.0,,0.0,0.0,,,,,,,,,,,,,BDYJF,BDSXH,0.0,2011-12-23 00:00:00,2011-12-23 00:00:00
122657,Fang Yan,方琰,,,,1.0,,,0.0,0.0,,,0.0,,,,0.0,,,,,,0.0,,,,0.0,,,Fang,方,Yan,琰,0.0,0.0,,0.0,0.0,,,,,,,,,,,,,BDZZK,,1.0,2011-12-24 00:00:00,
122768,Fang Mian,方勉,,,,0.0,,,0.0,0.0,,,0.0,,,,0.0,,,,,,0.0,,,,0.0,,,Fang,方,Mian,勉,15.0,0.0,,0.0,0.0,,,,,,,,,,,,,BDSXH,,0.0,2011-12-26 00:00:00,
122962,Fang Yunjun,方雲駿,1656.0,27.0,72564.0,0.0,,,0.0,0.0,,,0.0,,,,0.0,,,,,,0.0,,,,0.0,,,Fang,方,Yunjun,雲駿,20.0,0.0,Index year algorithmically generated: Rule 13;,0.0,0.0,,,,,,,,,,,,,BDLXY,,0.0,2011-12-27 00:00:00,
122983,Fang Bogong,方伯公,,,,0.0,,,0.0,0.0,,,0.0,,,,0.0,,,,,,0.0,,,,0.0,,,Fang,方,Bogong,伯公,0.0,0.0,,0.0,0.0,,,,,,,,,,,,,BDYY,,0.0,2011-12-27 00:00:00,
123010,Fang  Hui,方蕙,,,,1.0,,,0.0,0.0,,,0.0,,,,0.0,,,,,,0.0,,,,0.0,,,Fang,方,Hui,蕙,0.0,0.0,,0.0,0.0,,,,,,,,,,,,,BDJLG,,1.0,2011-12-27 00:00:00,
123012,Fang Yu,方輿,,,,0.0,,,0.0,0.0,,,0.0,,,,0.0,,,,,,0.0,,,,0.0,,,Fang,方,Yu,輿,0.0,0.0,,0.0,0.0,,,,,,,,,,,,,BDJLG,,0.0,2011-12-27 00:00:00,
123182,Fang Hujun,方祜俊,,,,0.0,,,0.0,0.0,,,0.0,,,,0.0,,,,,,0.0,,,,0.0,,,Fang,方,Hujun,祜俊,20.0,0.0,,0.0,0.0,,,,,,,,,,,,,BDLXY,,0.0,2011-12-28 00:00:00,
123303,Fang Gui,方珪,,,,1.0,,,0.0,0.0,,,0.0,,,,0.0,,,,,,0.0,,,,0.0,,,Fang,方,Gui,珪,20.0,0.0,,0.0,0.0,,,,,,,,,,,,,BDYY,,1.0,2011-12-29 00:00:00,
123320,Fang Ying,方瑛,,,,1.0,7602.0,1.0,0.0,0.0,,,0.0,,,,0.0,,,,,,0.0,,,,0.0,,,Fang,方,Ying,瑛,20.0,0.0,,0.0,0.0,,,,,,,,,,,,,BDYY,BDCJ,0.0,2011-12-29 00:00:00,2014-01-01 00:00:00
123525,Fang Yuanzhen,方元貞,,,,0.0,,,0.0,0.0,,,0.0,,,,0.0,,,,,,0.0,,,,0.0,,,Fang,方,Yuanzhen,元貞,0.0,0.0,,0.0,0.0,,,,,,,,,,,,,BDZZK,,0.0,2012-02-25 00:00:00,
124056,Fang Congzhe,方從哲,1565.0,29.0,,0.0,5356.0,1.0,0.0,0.0,,,0.0,,,1628.0,655.0,1.0,,,,,0.0,,,,0.0,,,Fang,方,Congzhe,從哲,19.0,0.0,明人:-崇禎1年,0.0,0.0,,,,,,,,,,,,,load,,1.0,2012-11-08 00:00:00,
124313,Fang Zhongde,方中德,,,,0.0,7706.0,1.0,0.0,0.0,,,0.0,,,,0.0,,,,,,0.0,,,,0.0,,,Fang,方,Zhongde,中德,20.0,0.0,?–清人:,0.0,0.0,,,,,,,,,,,,,load,,1.0,2012-11-08 00:00:00,
124314,Fang Guanxu,方觀旭,1781.0,5.0,,0.0,7602.0,1.0,0.0,0.0,,,662.0,,,,0.0,,,,,,0.0,,,,0.0,,,Fang,方,Guanxu,觀旭,20.0,0.0,Index year algorithmically generated: Rule 5; 清人:乾隆 年-,0.0,0.0,,,,,,,,,,,,,load,,1.0,2012-11-08 00:00:00,
124745,Fang Hao,方豪,1910.0,1.0,,0.0,7601.0,1.0,0.0,0.0,,1910.0,668.0,2.0,,1980.0,669.0,69.0,,70.0,,,0.0,,,,0.0,,,Fang,方,Hao,豪,20.0,0.0,清–民國人:宣統2年-民國69年,0.0,0.0,,,,,,,,,,,,,load,,1.0,2012-11-08 00:00:00,
125000,Fang Fengshi,方逢時,1522.0,1.0,,0.0,5543.0,1.0,0.0,0.0,,1522.0,0.0,,,1596.0,652.0,44.0,,75.0,-1.0,,0.0,,,,0.0,,,Fang,方,Fengshi,逢時,19.0,0.0,明人:-萬曆44年,0.0,0.0,,,,,,,,, ,,, ,load,peter bol,1.0,2012-11-08 00:00:00,2021-11-04 00:00:00
126375,Fang Yigui,方一桂,,,,0.0,6034.0,1.0,0.0,0.0,,,0.0,,,,0.0,,,,,,0.0,,,,0.0,,,Fang,方,Yigui,一桂,19.0,0.0,明人傳記資料索引頁碼10,0.0,0.0,,,,,,,,,,,,,load,,1.0,2013-09-23 00:00:00,
126376,Fang Jiugong,方九功,1535.0,5.0,,0.0,5118.0,1.0,0.0,0.0,,,0.0,,,,0.0,,,,,,0.0,,,,0.0,,,Fang,方,Jiugong,九功,19.0,0.0,Index year algorithmically generated: Rule 5; 明人傳記資料索引頁碼10,0.0,0.0,,,,,,,,,,,,,load,,1.0,2013-09-23 00:00:00,
126377,Fang Yulu,方于魯,,,,0.0,4688.0,1.0,0.0,0.0,,,0.0,,,,0.0,,,,,,0.0,,,,0.0,,,Fang,方,Yulu,于魯,19.0,0.0,明人傳記資料索引頁碼10,0.0,0.0,,,,,,,,,,,,,load,,1.0,2013-09-23 00:00:00,
126378,Fang Dazhen,方大鎮,,,,0.0,4664.0,1.0,0.0,0.0,,,0.0,,,,0.0,,,,,,0.0,,,,0.0,,,Fang,方,Dazhen,大鎮,19.0,0.0,明人傳記資料索引頁碼10,0.0,0.0,,,,,,,,,,,,,load,,1.0,2013-09-23 00:00:00,
126379,Fang Taigu,方太古,1471.0,1.0,,0.0,5372.0,1.0,0.0,0.0,,1471.0,0.0,,,1547.0,0.0,,,76.0,,,0.0,,,,0.0,,,Fang,方,Taigu,太古,19.0,0.0,明人傳記資料索引頁碼10,0.0,0.0,,,,,,,,,,,,,load,,1.0,2013-09-23 00:00:00,
126380,Fang Kongzhao,方孔炤,1586.0,5.0,,0.0,4664.0,1.0,0.0,0.0,,,0.0,,,,0.0,,,,,,0.0,,,,0.0,,,Fang,方,Kongzhao,孔炤,19.0,0.0,明人傳記資料索引頁碼10,0.0,0.0,,,,,,,,,,,,,load,,1.0,2013-09-23 00:00:00,
126381,Fang Yuanru,方元儒,,,,0.0,4596.0,1.0,0.0,0.0,,,0.0,,,,0.0,,,,,,0.0,,,,0.0,,,Fang,方,Yuanru,元儒,19.0,0.0,明人傳記資料索引頁碼10,0.0,0.0,,,,,,,,,,,,,load,,1.0,2013-09-23 00:00:00,
126382,Fang Zhong,方中,1427.0,5.0,,0.0,5365.0,1.0,0.0,0.0,,,0.0,,,,0.0,,,,,,0.0,,,,0.0,,,Fang,方,Zhong,中,19.0,0.0,Index year algorithmically generated: Rule 5; 明人傳記資料索引頁碼10,0.0,0.0,,,,,,,,,,,,,load,,1.0,2013-09-23 00:00:00,
126383,Fang Riqian,方日乾,,,,0.0,5991.0,1.0,0.0,0.0,,,0.0,,,,0.0,,,,,,0.0,,,,0.0,,,Fang,方,Riqian,日乾,19.0,0.0,明人傳記資料索引頁碼10,0.0,0.0,,,,,,,,,,,,,load,,1.0,2013-09-23 00:00:00,
126384,Fang Rixin,方日新,,,,0.0,5421.0,1.0,0.0,0.0,,,0.0,,,,0.0,,,,,,0.0,,,,0.0,,,Fang,方,Rixin,日新,19.0,0.0,明人傳記資料索引頁碼10,0.0,0.0,,,,,,,,,,,,,load,,1.0,2013-09-23 00:00:00,
126385,Fang Zhao,方召,,,,0.0,4674.0,1.0,0.0,0.0,,,0.0,,,,0.0,,,,,,0.0,,,,0.0,,,Fang,方,Zhao,召,19.0,0.0,明人傳記資料索引頁碼10-11,0.0,0.0,,,,,,,,,,,,,load,,1.0,2013-09-23 00:00:00,
126386,Fang Zhenghua,方正化,,,,0.0,4839.0,1.0,0.0,0.0,,,0.0,,,,0.0,,,,,,0.0,,,,0.0,,,Fang,方,Zhenghua,正化,19.0,0.0,明人傳記資料索引頁碼11,0.0,0.0,,,,,,,,,,,,,load,,1.0,2013-09-23 00:00:00,
126387,Fang Hongjing,方弘靜,1516.0,1.0,,0.0,4688.0,1.0,0.0,0.0,,1516.0,0.0,,,1611.0,0.0,,,95.0,,,0.0,,,,0.0,,,Fang,方,Hongjing,弘靜,19.0,0.0,明人傳記資料索引頁碼11,0.0,0.0,,,,,,,,,,,,,load,,1.0,2013-09-23 00:00:00,
126388,Fang Shou,方守,1436.0,1.0,,0.0,6034.0,1.0,0.0,0.0,,1436.0,0.0,,,1504.0,0.0,,,68.0,,,0.0,,,,0.0,,,Fang,方,Shou,守,19.0,0.0,明人傳記資料索引頁碼11,0.0,0.0,,,,,,,,,,,,,load,,1.0,2013-09-23 00:00:00,
126389,Fang Ren,方任,1502.0,5.0,,0.0,5579.0,1.0,0.0,0.0,,,0.0,,,,0.0,,,,,,0.0,,,,0.0,,,Fang,方,Ren,任,19.0,0.0,Index year algorithmically generated: Rule 5; 明人傳記資料索引頁碼11,0.0,0.0,,,,,,,,,,,,,load,,1.0,2013-09-23 00:00:00,
126390,Fang Xiang,方向,1451.0,5.0,,0.0,4664.0,1.0,0.0,0.0,,,0.0,,,,0.0,,,,,,0.0,,,,0.0,,,Fang,方,Xiang,向,19.0,0.0,Index year algorithmically generated: Rule 5; 明人傳記資料索引頁碼11,0.0,0.0,,,,,,,,,,,,,load,,1.0,2013-09-23 00:00:00,
126391,Fang Hang,方沆,1542.0,1.0,,0.0,6034.0,1.0,0.0,0.0,,1542.0,0.0,,,1608.0,0.0,,,66.0,,,0.0,,,,0.0,,,Fang,方,Hang,沆,19.0,0.0,明人傳記資料索引頁碼11,0.0,0.0,,,,,,,,,,,,,load,,1.0,2013-09-23 00:00:00,
126392,Fang Liangshu,方良曙,1515.0,1.0,,0.0,4688.0,1.0,0.0,0.0,,1515.0,0.0,,,1585.0,0.0,,,70.0,,,0.0,,,,0.0,,,Fang,方,Liangshu,良曙,19.0,0.0,明人傳記資料索引頁碼12,0.0,0.0,,,,,,,,,,,,,load,,1.0,2013-09-23 00:00:00,
126393,Fang Ke,方克,,,,0.0,4664.0,1.0,0.0,0.0,,,0.0,,,,0.0,,,,,,0.0,,,,0.0,,,Fang,方,Ke,克,19.0,0.0,明人傳記資料索引頁碼12,0.0,0.0,,,,,,,,,,,,,load,,1.0,2013-09-23 00:00:00,
126394,Fang Keqin,方克勤,1326.0,1.0,,0.0,5418.0,1.0,0.0,0.0,,1326.0,0.0,,,1376.0,0.0,,,50.0,,,0.0,,,,0.0,,,Fang,方,Keqin,克勤,19.0,0.0,明人傳記資料索引頁碼12,0.0,0.0,,,,,,,,,,,,,load,,1.0,2013-09-23 00:00:00,
126395,Fang Xiaowen,方孝聞,1351.0,1.0,,0.0,,,0.0,0.0,,1351.0,0.0,,,1402.0,0.0,,,51.0,,,0.0,,,,0.0,,,Fang,方,Xiaowen,孝聞,19.0,0.0,明人傳記資料索引頁碼12,0.0,0.0,,,,,,,,,,,,,load,,1.0,2013-09-23 00:00:00,
126396,Fang You,方佑,1418.0,1.0,,0.0,4664.0,1.0,0.0,0.0,,1418.0,0.0,,,1483.0,0.0,,,65.0,,,0.0,,,,0.0,,,Fang,方,You,佑,19.0,0.0,明人傳記資料索引頁碼12,0.0,0.0,,,,,,,,,,,,,load,,1.0,2013-09-23 00:00:00,
126397,Fang Bangwang,方邦望,,,,0.0,5978.0,1.0,0.0,0.0,,,0.0,,,,0.0,,,,,,0.0,,,,0.0,,,Fang,方,Bangwang,邦望,19.0,0.0,明人傳記資料索引頁碼13,0.0,0.0,,,,,,,,,,,,,load,,1.0,2013-09-23 00:00:00,
126398,Fang Mi,方泌,1425.0,1.0,,0.0,5384.0,1.0,0.0,0.0,,1425.0,0.0,,,1500.0,0.0,,,75.0,,,0.0,,,,0.0,,,Fang,方,Mi,泌,19.0,0.0,明人傳記資料索引頁碼13,0.0,0.0,,,,,,,,,,,,,load,,1.0,2013-09-23 00:00:00,
126399,Fang Sheng,方昇,1436.0,5.0,,0.0,300360.0,1.0,0.0,0.0,,,0.0,,,,0.0,,,,,,0.0,,,,0.0,,,Fang,方,Sheng,昇,19.0,0.0,Index year algorithmically generated: Rule 5; 明人傳記資料索引頁碼13,0.0,0.0,,,,,,,,,,,,,load,,1.0,2013-09-23 00:00:00,
126401,Fang Yue,方岳,1526.0,5.0,,0.0,5582.0,1.0,0.0,0.0,,,0.0,,,,0.0,,,,,,0.0,,,,0.0,,,Fang,方,Yue,岳,19.0,0.0,Index year algorithmically generated: Rule 5; 明人傳記資料索引頁碼13,0.0,0.0,,,,,,,,,,,,,load,,1.0,2013-09-23 00:00:00,
126402,Fang Yuegong,方岳貢,1592.0,5.0,,0.0,5560.0,1.0,0.0,0.0,,,0.0,,,,0.0,,,,,,0.0,,,,0.0,,,Fang,方,Yuegong,岳貢,19.0,0.0,明人傳記資料索引頁碼13,0.0,0.0,,,,,,,,,,,,,load,,1.0,2013-09-23 00:00:00,
126403,Fang Zheng,方政,,,,0.0,4560.0,1.0,0.0,0.0,,,0.0,,,,0.0,,,,,,0.0,,,,0.0,,,Fang,方,Zheng,政,19.0,0.0,明人傳記資料索引頁碼13,0.0,0.0,,,,,,,,,,,,,load,,1.0,2013-09-23 00:00:00,
126404,Fang Mian,方勉,1393.0,1.0,,0.0,4688.0,1.0,0.0,0.0,,1393.0,0.0,,,1470.0,0.0,,,77.0,,,0.0,,,,0.0,,,Fang,方,Mian,勉,19.0,0.0,明人傳記資料索引頁碼13,0.0,0.0,,,,,,,,,,,,,load,,1.0,2013-09-23 00:00:00,
126405,Fang She,方涉,1445.0,5.0,,0.0,4653.0,1.0,0.0,0.0,,,0.0,,,,0.0,,,,,,0.0,,,,0.0,,,Fang,方,She,涉,19.0,0.0,Index year algorithmically generated: Rule 5; 明人傳記資料索引頁碼13,0.0,0.0,,,,,,,,,,,,,load,,1.0,2013-09-23 00:00:00,
126406,Fang Tingyu,方庭玉,,,,0.0,5612.0,1.0,0.0,0.0,,,0.0,,,,0.0,,,,,,0.0,,,,0.0,,,Fang,方,Tingyu,庭玉,19.0,0.0,明人傳記資料索引頁碼13,0.0,0.0,,,,,,,,,,,,,load,,1.0,2013-09-23 00:00:00,
126407,Fang Ju,方矩,1463.0,5.0,,0.0,4572.0,1.0,0.0,0.0,,,0.0,,,,0.0,,,,,,0.0,,,,0.0,,,Fang,方,Ju,矩,19.0,0.0,Index year algorithmically generated: Rule 5; 明人傳記資料索引頁碼13,0.0,0.0,,,,,,,,,,,,,load,,1.0,2013-09-23 00:00:00,
126408,Fang Fengnian,方逢年,,,,0.0,5367.0,1.0,0.0,0.0,,,0.0,,,,0.0,,,,,,0.0,,,,0.0,,,Fang,方,Fengnian,逢年,19.0,0.0,明人傳記資料索引頁碼14,0.0,0.0,,,,,,,,,,,,,load,,1.0,2013-09-23 00:00:00,
126409,Fang Yang,方揚,1540.0,1.0,,0.0,4688.0,1.0,0.0,0.0,,1540.0,0.0,,,1583.0,0.0,,,43.0,,,0.0,,,,0.0,,,Fang,方,Yang,揚,19.0,0.0,明人傳記資料索引頁碼14,0.0,0.0,,,,,,,,,,,,,load,,1.0,2013-09-23 00:00:00,
126410,Fang Yaoxiang,方堯相,,,,0.0,5579.0,1.0,0.0,0.0,,,0.0,,,,0.0,,,,,,0.0,,,,0.0,,,Fang,方,Yaoxiang,堯相,19.0,0.0,明人傳記資料索引頁碼14,0.0,0.0,,,,,,,,,,,,,load,,1.0,2013-09-23 00:00:00,
126411,Fang Lian,方廉,1513.0,1.0,,0.0,5340.0,1.0,0.0,0.0,,1513.0,0.0,,,1582.0,0.0,,,69.0,,,0.0,,,,0.0,,,Fang,方,Lian,廉,19.0,0.0,明人傳記資料索引頁碼14,0.0,0.0,,,,,,,,,,,,,load,,1.0,2013-09-23 00:00:00,
126412,Fang Ding,方鼎,,,,0.0,5541.0,1.0,0.0,0.0,,,0.0,,,,0.0,,,,,,0.0,,,,0.0,,,Fang,方,Ding,鼎,19.0,0.0,明人傳記資料索引頁碼15,0.0,0.0,,,,,,,,,,,,,load,,1.0,2013-09-23 00:00:00,
126413,Fang Hao,方豪,1479.0,1.0,,0.0,5384.0,1.0,0.0,0.0,,1479.0,0.0,,,1530.0,0.0,,,52.0,-1.0,,0.0,,,,0.0,,,Fang,方,Hao,豪,19.0,0.0,明人傳記資料索引頁碼15,0.0,0.0,,,,,,,,, ,,, ,load,peter bol,1.0,2013-09-23 00:00:00,2019-01-29 00:00:00
126414,Fang Fu,方輔,1418.0,5.0,,0.0,5365.0,1.0,0.0,0.0,,,0.0,,,,0.0,,,,,,0.0,,,,0.0,,,Fang,方,Fu,輔,19.0,0.0,Index year algorithmically generated: Rule 5; 明人傳記資料索引頁碼15,0.0,0.0,,,,,,,,,,,,,load,,1.0,2013-09-23 00:00:00,
126415,Fang Zhenru,方震孺,1585.0,1.0,,0.0,4576.0,1.0,0.0,0.0,,1585.0,0.0,,,1645.0,0.0,,,60.0,,,0.0,,,,0.0,,,Fang,方,Zhenru,震孺,19.0,0.0,明人傳記資料索引頁碼15,0.0,0.0,,,,,,,,,,,,,load,,1.0,2013-09-23 00:00:00,
126416,Fang Rui,方銳,1487.0,1.0,,0.0,4543.0,1.0,0.0,0.0,,1487.0,0.0,,,1546.0,0.0,,,59.0,,,0.0,,,,0.0,,,Fang,方,Rui,銳,19.0,0.0,明人傳記資料索引頁碼15-16,0.0,0.0,,,,,,,,,,,,,load,,1.0,2013-09-23 00:00:00,
126417,Fang Lin,方璘,1458.0,1.0,,0.0,6034.0,1.0,0.0,0.0,,1458.0,0.0,,,,0.0,,,,,,0.0,,,,0.0,,,Fang,方,Lin,璘,19.0,0.0,明人傳記資料索引頁碼16,0.0,0.0,,,,,,,,,,,,,load,,1.0,2013-09-23 00:00:00,
126418,Fang Xuan,方選,,,,0.0,5443.0,1.0,0.0,0.0,,,0.0,,,,0.0,,,,,,0.0,,,,0.0,,,Fang,方,Xuan,選,19.0,0.0,明人傳記資料索引頁碼16,0.0,0.0,,,,,,,,,,,,,load,,1.0,2013-09-23 00:00:00,
126419,Fang Xuejian,方學漸,,,,0.0,4664.0,1.0,0.0,0.0,,,0.0,,,,0.0,,,,,,0.0,,,,0.0,,,Fang,方,Xuejian,學漸,19.0,0.0,明人傳記資料索引頁碼16,0.0,0.0,,,,,,,,,,,,,load,,1.0,2013-09-23 00:00:00,
126420,Fang Yingxuan,方應選,1553.0,5.0,,0.0,4605.0,1.0,0.0,0.0,,,0.0,,,,0.0,,,,,,0.0,,,,0.0,,,Fang,方,Yingxuan,應選,19.0,0.0,Index year algorithmically generated: Rule 5; 明人傳記資料索引頁碼16,0.0,0.0,,,,,,,,,,,,,load,,1.0,2013-09-23 00:00:00,
134040,Fang Wenxuan,方文烜,,,,0.0,,,0.0,0.0,,,0.0,,,,0.0,,,,,,0.0,,,,0.0,,,Fang,方,Wenxuan,文烜,19.0,0.0,,0.0,0.0,,,,,,,,,,,,,HUTQM,HUTQM,0.0,2012-08-02 00:00:00,2012-08-02 00:00:00
134065,Fang Chen,方沈,,,,0.0,12787.0,2.0,0.0,0.0,,,0.0,,,,0.0,,,,,,0.0,,,,529.0,,宋元豐間，有諱沈者，自嚴陵 白雲原徙居義烏之稠岩，今九世矣。,Fang,方,Chen,沈,15.0,0.0,,0.0,0.0,,,,,,,,,,,,,HUTQM,HUTQM,0.0,2012-08-06 00:00:00,2012-08-06 00:00:00
134066,Fang Yinglong,方應龍,1193.0,5.0,,0.0,,,0.0,0.0,,,0.0,,,,0.0,,,,,,0.0,,,1223.0,549.0,16.0,登嘉定癸未進士第，官終大冶丞,Fang,方,Yinglong,應龍,15.0,0.0,,0.0,0.0,,,,,,,,,,,,,HUTQM,HUTQM,0.0,2012-08-06 00:00:00,2012-08-06 00:00:00
134067,Fang Yuan,方淵,,,,0.0,12787.0,1.0,0.0,0.0,,,0.0,,,,0.0,,,,,,0.0,,,,0.0,,,Fang,方,Yuan,淵,18.0,0.0,,0.0,0.0,,,,,,,,,,,,,HUTQM,HUTQM,0.0,2012-08-06 00:00:00,2012-08-06 00:00:00
134068,Fang Songzhi,方菘之,,,,0.0,18341.0,1.0,0.0,0.0,,,0.0,,,,0.0,,,,,,0.0,,,,0.0,,,Fang,方,Songzhi,菘之,18.0,0.0,,0.0,0.0,,,,,,,,,,,,,HUTQM,HUTQM,0.0,2012-08-06 00:00:00,2012-08-06 00:00:00
134069,Fang Rulin,方汝霖,1268.0,13.0,,0.0,18341.0,1.0,0.0,0.0,,,0.0,,,,0.0,,,,,,0.0,,,,0.0,,,Fang,方,Rulin,汝霖,18.0,0.0,,0.0,0.0,,,,,,,,,,,,,HUTQM,HUTQM,0.0,2012-08-06 00:00:00,2012-08-06 00:00:00
134073,Fang Tianyu,方天與,1296.0,21.0,,0.0,18341.0,1.0,0.0,0.0,,,0.0,,,,0.0,,,,,,0.0,,,,0.0,,,Fang,方,Tianyu,天與,18.0,0.0,,0.0,0.0,,,,,,,,,,,,,HUTQM,HUTQM,0.0,2012-08-06 00:00:00,2012-08-06 00:00:00
134074,Fang Tianxi,方天錫,1296.0,21.0,,0.0,18341.0,1.0,0.0,0.0,,,0.0,,,,0.0,,,,,,0.0,,,,0.0,,,Fang,方,Tianxi,天錫,18.0,0.0,,0.0,0.0,,,,,,,,,,,,,HUTQM,HUTQM,0.0,2012-08-06 00:00:00,2012-08-06 00:00:00
134075,Fang Qiao,方樵,1326.0,12.0,134073.0,0.0,18341.0,1.0,0.0,0.0,,,0.0,,,,0.0,,,,,,0.0,,,,0.0,,,Fang,方,Qiao,樵,18.0,0.0,,0.0,0.0,,,,,,,,,,,,,HUTQM,HUTQM,0.0,2012-08-06 00:00:00,2012-08-06 00:00:00
134077,Fang Shilong,方士龍,1328.0,11.0,100539.0,0.0,18341.0,1.0,0.0,0.0,,,0.0,,,,0.0,,,,,,0.0,,,,0.0,,,Fang,方,Shilong,士龍,19.0,0.0,,0.0,0.0,,,,,,,,,,,,,HUTQM,HUTQM,0.0,2012-08-06 00:00:00,2012-08-06 00:00:00
134078,Fang Shixin,方士信,1328.0,11.0,100539.0,0.0,18341.0,1.0,0.0,0.0,,,0.0,,,,0.0,,,,,,0.0,,,,0.0,,,Fang,方,Shixin,士信,19.0,0.0,,0.0,0.0,,,,,,,,,,,,,HUTQM,HUTQM,0.0,2012-08-06 00:00:00,2012-08-06 00:00:00
134079,Fang Chouji,方醜姬,1328.0,11.0,100539.0,1.0,5374.0,1.0,0.0,0.0,,,0.0,,,,0.0,,,,,,0.0,,,,0.0,,,Fang,方,Chouji,醜姬,19.0,0.0,,0.0,0.0,,,,,,,,,,,,,HUTQM,HUTQM,0.0,2012-08-06 00:00:00,2012-08-06 00:00:00
134080,Fang Heng,方衡,,,,0.0,5374.0,1.0,0.0,0.0,,,0.0,,,,0.0,,,,,,0.0,,,,0.0,,,Fang,方,Heng,衡,19.0,0.0,,0.0,0.0,,,,,,,,,,,,,HUTQM,HUTQM,0.0,2012-08-06 00:00:00,2012-08-06 00:00:00
134086,Fang Shi(Wife of Xuan Jie),方氏(宣岊妻),1316.0,3.0,104637.0,1.0,18344.0,1.0,0.0,0.0,,,0.0,,,,0.0,,,,,,0.0,,,,0.0,,,Fang,方,Shi(Wife of Xuan Jie),氏（宣岊妻）,18.0,0.0,,0.0,0.0,,,,,,,,,,,,,HUTQM,HUTQM,0.0,2012-08-08 00:00:00,2012-08-08 00:00:00
134213,Fang Jiao,方教,869.0,27.0,17029.0,0.0,15795.0,2.0,0.0,0.0,,,0.0,,,,0.0,,,,,,0.0,,,,0.0,,,Fang,方,Jiao,教,6.0,0.0,,0.0,0.0,,,,,,,,,,,,,HUTQM,HUTQM,0.0,2012-09-12 00:00:00,2012-09-12 00:00:00
134214,Fang He,方賀,,,,0.0,12760.0,1.0,0.0,0.0,,,0.0,,,,0.0,,,,,,0.0,,,,0.0,,,Fang,方,He,賀,15.0,0.0,,0.0,0.0,,,,,,,,,,,,,HUTQM,HUTQM,0.0,2012-09-12 00:00:00,2012-09-12 00:00:00
134215,Fang Tianyu,方天與,,,,0.0,12760.0,1.0,0.0,0.0,,,0.0,,,,0.0,,,,,,0.0,,,,0.0,,,Fang,方,Tianyu,天與,15.0,0.0,,0.0,0.0,,,,,,,,,,,,,HUTQM,HUTQM,0.0,2012-09-12 00:00:00,2012-09-12 00:00:00
134216,Fang Shiqing,方世卿,1235.0,14.0,,0.0,18356.0,1.0,0.0,0.0,,,0.0,,,,0.0,,,,,,0.0,,,,0.0,,,Fang,方,Shiqing,世卿,18.0,0.0,,0.0,0.0,,,,,,,,,,,,,HUTQM,HUTQM,0.0,2012-09-12 00:00:00,2012-09-14 00:00:00
134217,Fang Tie,方鐵,1263.0,22.0,,0.0,18356.0,1.0,0.0,0.0,,,0.0,,,,0.0,,,,,,0.0,,,,0.0,,,Fang,方,Tie,鐵,18.0,0.0,,0.0,0.0,,,,,,,,,,,,,HUTQM,HUTQM,0.0,2012-09-14 00:00:00,2012-09-14 00:00:00
134219,Fang Wen,方汶,1292.0,19.0,,0.0,18356.0,1.0,0.0,0.0,,,0.0,,,,0.0,,,,,,0.0,,,,0.0,,,Fang,方,Wen,汶,18.0,0.0,,0.0,0.0,,,,,,,,,,,,,HUTQM,HUTQM,0.0,2012-09-14 00:00:00,2012-09-14 00:00:00
134220,Fang Li,方澧,1295.0,12.0,100535.0,0.0,18356.0,1.0,0.0,0.0,,,0.0,,,,0.0,,,,,,0.0,,,,0.0,,,Fang,方,Li,澧,18.0,0.0,,0.0,0.0,,,,,,,,,,,,,HUTQM,HUTQM,0.0,2012-09-14 00:00:00,2012-09-14 00:00:00
134221,Fang Si,方泗,1295.0,12.0,100535.0,0.0,18356.0,1.0,0.0,0.0,,,0.0,,,,0.0,,,,,,0.0,,,,0.0,,,Fang,方,Si,泗,18.0,0.0,,0.0,0.0,,,,,,,,,,,,,HUTQM,HUTQM,0.0,2012-09-14 00:00:00,2012-09-14 00:00:00
134222,Fang Huai,方櫰,,,,0.0,18356.0,1.0,0.0,0.0,,,0.0,,,,0.0,,,,,,0.0,,,,0.0,,,Fang,方,Huai,櫰,19.0,0.0,,0.0,0.0,,,,,,,,,,,,,HUTQM,HUTQM,0.0,2012-09-14 00:00:00,2012-09-14 00:00:00
134223,Fang Chu,方樗,,,,0.0,5400.0,1.0,0.0,0.0,,,0.0,,,,0.0,,,,,,0.0,,,,0.0,,,Fang,方,Chu,樗,19.0,0.0,,0.0,0.0,,,,,,,,,,,,,HUTQM,HUTQM,0.0,2012-09-14 00:00:00,2012-09-14 00:00:00
134224,Fang Yong,方槦,,,,0.0,18356.0,1.0,0.0,0.0,,,0.0,,,,0.0,,,,,,0.0,,,,0.0,,,Fang,方,Yong,槦,19.0,0.0,,0.0,0.0,,,,,,,,,,,,,HUTQM,HUTQM,0.0,2012-09-14 00:00:00,2012-09-14 00:00:00
134225,Fang Shi,方栻,,,,0.0,5400.0,1.0,0.0,0.0,,,0.0,,,,0.0,,,,,,0.0,,,,0.0,,,Fang,方,Shi,栻,19.0,0.0,,0.0,0.0,,,,,,,,,,,,,HUTQM,HUTQM,0.0,2012-09-14 00:00:00,2012-09-14 00:00:00
134226,Fang Fu,方㷆,,,,0.0,5400.0,1.0,0.0,0.0,,,0.0,,,,0.0,,,,,,0.0,,,,0.0,,,Fang,方,Fu,㷆,19.0,0.0,,0.0,0.0,,,,,,,,,,,,,HUTQM,HUTQM,0.0,2012-09-14 00:00:00,2012-09-14 00:00:00
134227,Fang Ye,方燁,,,,0.0,5400.0,1.0,0.0,0.0,,,0.0,,,,0.0,,,,,,0.0,,,,0.0,,,Fang,方,Ye,燁,19.0,0.0,,0.0,0.0,,,,,,,,,,,,,HUTQM,HUTQM,0.0,2012-09-14 00:00:00,2012-09-14 00:00:00
134247,Fang Shou,方壽,1738.0,21.0,,1.0,7950.0,1.0,0.0,0.0,,,0.0,,,,0.0,,,,,,0.0,,,,0.0,,,Fang,方,Shou,壽,20.0,0.0,Index year algorithmically generated: Rule 11;,0.0,0.0,,,,,,,,,,,,,BDLXY,,1.0,2012-09-14 00:00:00,
134262,Fang Shi(Wife of Zhang Shu),方氏(張恕妻),1274.0,3.0,106575.0,1.0,18344.0,1.0,0.0,0.0,,,0.0,,,,0.0,,,,,,0.0,,,,0.0,,,Fang,方,Shi(Wife of Zhang Shu),氏（張恕妻）,18.0,0.0,,0.0,0.0,,,,,,,,,,,,,HUTQM,HUTQM,0.0,2012-09-17 00:00:00,2012-09-17 00:00:00
134269,Fang Yuanheng,方元亨,,,,0.0,,,0.0,0.0,,,0.0,,,,0.0,,,,,,0.0,,,,0.0,,,Fang,方,Yuanheng,元亨,18.0,0.0,,0.0,0.0,,,,,,,,,,,,,HUTQM,HUTQM,0.0,2012-09-17 00:00:00,2012-09-17 00:00:00
134437,Fang Yuliang,方玉良,,,,0.0,,,0.0,0.0,,,0.0,,,,0.0,,,,,,0.0,,,,0.0,,,Fang,方,Yuliang,玉良,19.0,0.0,,0.0,0.0,,,,,,,,,,,,,HUTQM,HUTQM,0.0,2012-10-05 00:00:00,2012-10-05 00:00:00
134807,Fang Shi(Mother of Gong Meng Liang),方氏(龔夢良母),1105.0,15.0,,1.0,,,0.0,0.0,,,0.0,,,,0.0,,,,,,0.0,,,,0.0,,,Fang,方,Shi(Mother of Gong Meng Liang),氏（龔夢良母）,15.0,0.0,Index year algorithmically generated: Rule 9W;,0.0,0.0,,,,,,,,,,,,,NEUZZY,,0.0,2012-11-13 00:00:00,
134810,Fang Shi(Stepmother of Lin Gan),方氏(林杆繼母),,,,1.0,,,0.0,0.0,,,0.0,,,,0.0,,,,,,0.0,,,,0.0,,,Fang,方,Shi(Stepmother of Lin Gan),氏（林杆繼母）,15.0,0.0,,0.0,0.0,,,,,,,,,,,,,NEUZZY,,0.0,2012-11-13 00:00:00,
135569,Fang Yingxiang,方應祥,1560.0,1.0,,0.0,,,0.0,0.0,,1560.0,0.0,,,1628.0,0.0,,,69.0,,,0.0,,,,0.0,,,Fang,方,Yingxiang,應祥,19.0,0.0,http://baike.baidu.com/view/422562.htm,0.0,0.0,,,,,,,,,,,,,PBOL,,0.0,2013-02-09 00:00:00,
135777,Fang Shi(Mother of Li Sheng),方氏(李升母),1075.0,15.0,,1.0,,,0.0,0.0,,,0.0,,,,0.0,,,,,,0.0,,,,0.0,,,Fang,方,Shi(Mother of Li Sheng),氏（李升母）,15.0,0.0,Index year algorithmically generated: Rule 9W;,0.0,0.0,,,,,,,,,,,,,NEUZZY,,0.0,2013-04-22 00:00:00,
135798,Fang Shi(Mother of Chen Feng),方氏(陳豐母),1083.0,15.0,,1.0,,,0.0,0.0,,,0.0,,,,0.0,,,,,,0.0,,,,0.0,,,Fang,方,Shi(Mother of Chen Feng),氏（陳豐母）,15.0,0.0,Index year algorithmically generated: Rule 9W;,0.0,0.0,,,,,,,,,,,,,NEUZZY,,0.0,2013-04-22 00:00:00,
136269,Fang Zurong,方祖榮,1195.0,13.0,,0.0,100531.0,1.0,0.0,0.0,,,0.0,,,,0.0,,,,,,0.0,,,1256.0,0.0,,,Fang,方,Zurong,祖榮,15.0,0.0,"Index year algorithmically generated: Rule 9; 方義夫, one of his kins, is on the 寶祐四年登科錄",0.0,0.0,,,,,,,,,,,,,load,,0.0,2013-10-03 00:00:00,
136366,Fang Dafang,方大防,1185.0,13.0,,0.0,100531.0,1.0,0.0,0.0,,,0.0,,,,0.0,,,,,,0.0,,,1256.0,0.0,,,Fang,方,Dafang,大防,15.0,0.0,"Index year algorithmically generated: Rule 9; 方霖孫, one of his kins, is on the 寶祐四年登科錄",0.0,0.0,,,,,,,,,,,,,load,,0.0,2013-10-03 00:00:00,
136507,Fang Ju,方矩,1174.0,13.0,,0.0,12793.0,1.0,0.0,0.0,,,0.0,,,,0.0,,,,,,0.0,,,,0.0,,dead by 1256,Fang,方,Ju,矩,15.0,0.0,"Index year algorithmically generated: Rule 9; 方壽明, one of his kins, is on the 寶祐四年登科錄",0.0,0.0,,,,,,,,,,,,,load,,0.0,2013-10-03 00:00:00,
136662,Fang Anli,方安禮,1183.0,13.0,,0.0,12803.0,1.0,0.0,0.0,,,0.0,,,,0.0,,,,,,0.0,,,1256.0,0.0,,,Fang,方,Anli,安禮,15.0,0.0,"Index year algorithmically generated: Rule 9; 方從龍, one of his kins, is on the 寶祐四年登科錄",0.0,0.0,,,,,,,,,,,,,load,,0.0,2013-10-03 00:00:00,
136678,Fang Fuheng,方復亨,1186.0,13.0,,0.0,100417.0,1.0,0.0,0.0,,,0.0,,,,0.0,,,,,,0.0,,,,0.0,,dead by 1256,Fang,方,Fuheng,復亨,15.0,0.0,"Index year algorithmically generated: Rule 9; 方寶印, one of his kins, is on the 寶祐四年登科錄",0.0,0.0,,,,,,,,,,,,,load,,0.0,2013-10-03 00:00:00,
137820,Fang Xie,方卨,1125.0,14.0,,0.0,100531.0,1.0,0.0,0.0,,,0.0,,,,0.0,,,,,,0.0,,,,0.0,,alive in 1256 according to the 1256 degreeholder list,Fang,方,Xie,卨,15.0,0.0,"方霖孫, one of his kins, is on the 寶祐四年登科錄",0.0,0.0,,,,,,,,,,,,,load,,0.0,2013-10-03 00:00:00,
137984,Fang Mao,方懋,1114.0,14.0,,0.0,12793.0,1.0,0.0,0.0,,,0.0,,,,0.0,,,,,,0.0,,,,0.0,,dead by 1256 according to the 1256 degreeholder list,Fang,方,Mao,懋,15.0,0.0,"方壽明, one of his kins, is on the 寶祐四年登科錄",0.0,0.0,,,,,,,,,,,,,load,,0.0,2013-10-03 00:00:00,
138177,Fang You,方攸,1123.0,14.0,,0.0,12803.0,1.0,0.0,0.0,,,0.0,,,,0.0,,,,,,0.0,,,,0.0,,alive in 1256 according to the 1256 degreeholder list,Fang,方,You,攸,15.0,0.0,"方從龍, one of his kins, is on the 寶祐四年登科錄",0.0,0.0,,,,,,,,,,,,,load,,0.0,2013-10-03 00:00:00,
138202,Fang Junzhi,方駿之,1126.0,14.0,,0.0,100417.0,1.0,0.0,0.0,,,0.0,,,,0.0,,,,,,0.0,,,,0.0,,dead by 1256 according to the 1256 degreeholder list,Fang,方,Junzhi,駿之,15.0,0.0,"方寶印, one of his kins, is on the 寶祐四年登科錄",0.0,0.0,,,,,,,,,,,,,load,,0.0,2013-10-03 00:00:00,
138277,Fang Shi,方氏(洪寧祖妻）,1188.0,15.0,,1.0,,,0.0,0.0,,,0.0,,,,0.0,,,,,,0.0,,,,0.0,,,Fang,方,Shi(Wife of  Hong Ningzu),氏(洪寧祖妻),15.0,0.0,"Index year algorithmically generated: Rule 9W; 洪文伯, one of his kins, is on the 寶祐四年登科錄",0.0,0.0,,,,,,,,,,,,,load,,0.0,2013-10-03 00:00:00,
138366,Fang Shi,方氏(羅雷發母）,1191.0,15.0,,1.0,,,0.0,0.0,,,0.0,,,,0.0,,,,,,0.0,,,,0.0,,,Fang,方,Shi(Mother of  Luo Leifa),氏(羅雷發母),15.0,0.0,"Index year algorithmically generated: Rule 9W; 羅雷發, one of his kins, is on the 寶祐四年登科錄",0.0,0.0,,,,,,,,,,,,,load,,0.0,2013-10-03 00:00:00,
138569,Fang Shi,方氏(阮澈妻）,1208.0,15.0,,1.0,,,0.0,0.0,,,0.0,,,,0.0,,,,,,0.0,,,,0.0,,,Fang,方,Shi(Wife of  Ruan Che),氏(阮澈妻),15.0,0.0,"Index year algorithmically generated: Rule 9W; 阮次膺, one of his kins, is on the 寶祐四年登科錄",0.0,0.0,,,,,,,,,,,,,load,,0.0,2013-10-03 00:00:00,
138647,Fang Shi,方氏(杜夢冠母）,1184.0,15.0,,1.0,,,0.0,0.0,,,0.0,,,,0.0,,,,,,0.0,,,,0.0,,,Fang,方,Shi(Mother of  Du Mengguan),氏(杜夢冠母),15.0,0.0,"Index year algorithmically generated: Rule 9W; 杜夢冠, one of his kins, is on the 寶祐四年登科錄",0.0,0.0,,,,,,,,,,,,,load,,0.0,2013-10-03 00:00:00,
159262,Fang Zhu,方佇,779.0,23.0,,0.0,,,0.0,0.0,,,0.0,,,,0.0,,,,,,0.0,,,,0.0,,,Fang,方,Zhu,佇,6.0,0.0,Index year algorithmically generated: Rule 12; YP NewEpitaphID=3170,0.0,0.0,,,,,,,,,,,,,load,,1.0,2013-09-23 00:00:00,
159263,Fang Shi(Wife of Yucongzhou),方氏(余從周妻),809.0,3.0,141900.0,1.0,,,0.0,0.0,,,0.0,,,,0.0,,,,,,0.0,,,,0.0,,,Fang,方,Shi(Wife of Yucongzhou),氏(余從周妻),6.0,0.0,Index year algorithmically generated: Rule 4W; YP NewEpitaphID=3170,0.0,0.0,,,,,,,,,,,,,load,,1.0,2013-09-23 00:00:00,
159265,Fang Lvning,方履寧,708.0,14.0,,0.0,,,0.0,0.0,,,0.0,,,,0.0,,,,,,0.0,,,,0.0,,,Fang,方,Lvning,履寧,6.0,0.0,YP NewEpitaphID=3170,0.0,0.0,,,,,,,,,,,,,load,,1.0,2013-09-23 00:00:00,
159267,Fang Chu,方初,738.0,14.0,,0.0,,,0.0,0.0,,,0.0,,,,0.0,,,,,,0.0,,,,0.0,,,Fang,方,Chu,初,6.0,0.0,Index year algorithmically generated: Rule 15; YP NewEpitaphID=3170,0.0,0.0,,,,,,,,,,,,,load,,1.0,2013-09-23 00:00:00,
162721,Fang Fujun,方府君,,,,0.0,,,0.0,0.0,,,0.0,,,,0.0,,,,,,0.0,,,,0.0,,,Fang,方,Fujun,府君,0.0,0.0,YP NewEpitaphID=3912,0.0,0.0,,,,,,,,,,,,,load,,1.0,2013-09-23 00:00:00,
164019,Fang Shi(Wife of Chen Zhi Cheng),方氏(陳智成妻),667.0,4.0,142915.0,1.0,,,0.0,0.0,,,0.0,,,,0.0,,,,,,0.0,,,,0.0,,,Fang,方,Shi(Wife of Chen Zhi Cheng),氏（陳智成妻),6.0,0.0,YP NewEpitaphID=4247,0.0,0.0,,,,,,,,,,,,,load,,1.0,2013-09-23 00:00:00,
185567,Fang Zhu,方竚,768.0,29.0,,0.0,,,0.0,0.0,,,0.0,,,831.0,0.0,,2.0,,,,0.0,,,,0.0,,,Fang,方,Zhu,竚,6.0,0.0,Death year estimated by Tackett (cc831),0.0,0.0,,,,,,,,,,,,,load,,1.0,2013-09-23 00:00:00,
198492,Fang Lan,方暕,1425.0,1.0,,0.0,4688.0,1.0,0.0,1.0,,1425.0,642.0,1.0,,,0.0,,,33.0,0.0,,0.0,,,,0.0,,,Fang,方,Lan,暕,19.0,0.0,,0.0,0.0,5.0,,15.0,,,,,, ,,, ,load,陶恒,1.0,2013-09-23 00:00:00,2021-11-29 00:00:00
198638,Fang Song,方嵩,1432.0,1.0,,0.0,5466.0,1.0,0.0,2.0,,1432.0,643.0,7.0,,,0.0,,,,,,0.0,,,,0.0,,,Fang,方,Song,嵩,19.0,0.0,,0.0,0.0,7.0,,6.0,,,,,,,,,,load,,1.0,2013-09-23 00:00:00,
199095,Fang Lu,方輅,1433.0,1.0,,0.0,5349.0,1.0,0.0,1.0,,1433.0,643.0,8.0,,,0.0,,,,,,0.0,,,,0.0,,,Fang,方,Lu,輅,19.0,0.0,,0.0,0.0,8.0,,24.0,,,,,,,,,,load,,1.0,2013-09-23 00:00:00,
199364,Fang Yue,方岳,1442.0,1.0,,0.0,6034.0,1.0,0.0,2.0,,1442.0,644.0,7.0,,,0.0,,,,,,0.0,,,,0.0,,,Fang,方,Yue,岳,19.0,0.0,,0.0,0.0,12.0,,20.0,,,,,,,,,,load,,1.0,2013-09-23 00:00:00,
199421,Fang Gui,方珪,1445.0,1.0,,0.0,6034.0,1.0,0.0,2.0,,1445.0,644.0,10.0,,,0.0,,,,,,0.0,,,,0.0,,,Fang,方,Gui,珪,19.0,0.0,,0.0,0.0,1.0,,27.0,,,,,,,,,,load,,1.0,2013-09-23 00:00:00,
199553,Fang Xian,方顯,1443.0,1.0,,0.0,5902.0,1.0,0.0,1.0,,1443.0,644.0,8.0,,,0.0,,,,,,0.0,,,,0.0,,,Fang,方,Xian,顯,19.0,0.0,,0.0,0.0,1.0,,29.0,,,,,,,,,,load,,1.0,2013-09-23 00:00:00,
199637,Fang Quan,方全,1440.0,1.0,,0.0,4653.0,1.0,0.0,4.0,,1440.0,644.0,5.0,,,0.0,,,,,,0.0,,,,0.0,,,Fang,方,Quan,全,19.0,0.0,,0.0,0.0,9.0,,29.0,,,,,,,,,,load,,1.0,2013-09-23 00:00:00,
200086,Fang Jin,方進,1437.0,1.0,,0.0,4688.0,16.0,0.0,1.0,,1437.0,644.0,2.0,,,0.0,,,,,,0.0,,,,0.0,,,Fang,方,Jin,進,19.0,0.0,,0.0,0.0,8.0,,1.0,,,,,,,,,,load,,1.0,2013-09-23 00:00:00,
200121,Fang Fu,方孚,1379.0,1.0,,0.0,5442.0,1.0,0.0,1.0,,1379.0,639.0,12.0,,,0.0,,,,,,0.0,,,,0.0,,,Fang,方,Fu,孚,19.0,0.0,,0.0,0.0,10.0,,21.0,,,,,,,,,,load,,1.0,2013-09-23 00:00:00,
200454,Fang Ren,方仁,1453.0,1.0,,0.0,5449.0,1.0,0.0,1.0,,1453.0,645.0,4.0,,,0.0,,,,,,0.0,,,,0.0,,,Fang,方,Ren,仁,19.0,0.0,,0.0,0.0,12.0,,10.0,,,,,,,,,,load,,1.0,2013-09-23 00:00:00,
200524,Fang Tianran,方天然,1450.0,1.0,,0.0,300309.0,1.0,0.0,4.0,,1450.0,645.0,1.0,,,0.0,,,,,,0.0,,,,0.0,,,Fang,方,Tianran,天然,19.0,0.0,,0.0,0.0,5.0,,16.0,,,,,,,,,,load,,1.0,2013-09-23 00:00:00,
200581,Fang Zhi,方誌,1452.0,1.0,,0.0,5407.0,1.0,0.0,1.0,,1452.0,645.0,3.0,,,0.0,,,,,,0.0,,,,0.0,,,Fang,方,Zhi,誌,19.0,0.0,,0.0,0.0,3.0,,4.0,,,,,,,,,,load,,1.0,2013-09-23 00:00:00,
200590,Fang Yi,方溢,1460.0,1.0,,0.0,6237.0,1.0,0.0,1.0,,1460.0,646.0,4.0,,,0.0,,,,,,0.0,,,,0.0,,,Fang,方,Yi,溢,19.0,0.0,,0.0,0.0,7.0,,9.0,,,,,,,,,,load,,1.0,2013-09-23 00:00:00,
201179,Fang Lun,方崙,1469.0,1.0,,0.0,5447.0,1.0,0.0,2.0,,1469.0,647.0,5.0,,,0.0,,,,,,0.0,,,,0.0,,,Fang,方,Lun,崙,19.0,0.0,,0.0,0.0,1.0,,7.0,,,,,,,,,,load,,1.0,2013-09-23 00:00:00,
201283,Fang Tianyu,方天雨,1464.0,1.0,,0.0,5365.0,1.0,0.0,4.0,,1464.0,646.0,8.0,,,0.0,,,,,,0.0,,,,0.0,,,Fang,方,Tianyu,天雨,19.0,0.0,,0.0,0.0,12.0,,5.0,,,,,,,,,,load,,1.0,2013-09-23 00:00:00,
201353,Fang Jin,方進,1456.0,1.0,,0.0,4690.0,1.0,0.0,2.0,,1456.0,645.0,7.0,,,0.0,,,,,,0.0,,,,0.0,,,Fang,方,Jin,進,19.0,0.0,,0.0,0.0,2.0,,24.0,,,,,,,,,,load,,1.0,2013-09-23 00:00:00,
201482,Fang Xue,方學,1466.0,1.0,,0.0,4612.0,1.0,0.0,2.0,,1466.0,647.0,2.0,,,0.0,,,,,,0.0,,,,0.0,,,Fang,方,Xue,學,19.0,0.0,,0.0,0.0,11.0,,15.0,,,,,,,,,,load,,1.0,2013-09-23 00:00:00,
201489,Fang Wei,方位,1467.0,1.0,,0.0,5446.0,1.0,0.0,1.0,,1467.0,647.0,3.0,,,0.0,,,,,,0.0,,,,0.0,,,Fang,方,Wei,位,19.0,0.0,,0.0,0.0,9.0,,17.0,,,,,,,,,,load,,1.0,2013-09-23 00:00:00,
201853,Fang Kun,方坤,1474.0,1.0,,0.0,5337.0,1.0,0.0,2.0,,1474.0,647.0,10.0,,,0.0,,,,,,0.0,,,,0.0,,,Fang,方,Kun,坤,19.0,0.0,,0.0,0.0,12.0,,26.0,,,,,,,,,,load,,1.0,2013-09-23 00:00:00,
202029,Fang Jida,方紀達,1484.0,1.0,,0.0,4688.0,1.0,0.0,1.0,,1484.0,647.0,20.0,,,0.0,,,,,,0.0,,,,0.0,,,Fang,方,Jida,紀達,19.0,0.0,,0.0,0.0,7.0,,19.0,,,,,,,,,,load,,1.0,2013-09-23 00:00:00,
202088,Fang Jin,方縉,1480.0,1.0,,0.0,5450.0,1.0,0.0,1.0,,1480.0,647.0,16.0,,,0.0,,,,,,0.0,,,,0.0,,,Fang,方,Jin,縉,19.0,0.0,,0.0,0.0,5.0,,6.0,,,,,,,,,,load,,1.0,2013-09-23 00:00:00,
202239,Fang Qiyan,方啟顏,1490.0,1.0,,0.0,5612.0,1.0,0.0,1.0,,1490.0,648.0,3.0,,,0.0,,,,,,0.0,,,,0.0,,,Fang,方,Qiyan,啟顏,19.0,0.0,,0.0,0.0,8.0,,1.0,,,,,,,,,,load,,1.0,2013-09-23 00:00:00,
202392,Fang Fu,方復,1381.0,1.0,,0.0,4665.0,1.0,0.0,1.0,,1381.0,639.0,14.0,,,0.0,,,,,,0.0,,,,0.0,,,Fang,方,Fu,復,19.0,0.0,,0.0,0.0,2.0,,4.0,,,,,,,,,,load,,1.0,2013-09-23 00:00:00,
202512,Fang Zhou,方舟,1499.0,1.0,,0.0,4690.0,1.0,0.0,1.0,,1499.0,648.0,12.0,,,0.0,,,,,,0.0,,,,0.0,,,Fang,方,Zhou,舟,19.0,0.0,,0.0,0.0,7.0,,7.0,,,,,,,,,,load,,1.0,2013-09-23 00:00:00,
202819,Fang Minyue,方民悅,1505.0,1.0,,0.0,5582.0,1.0,0.0,2.0,,1505.0,648.0,18.0,,,0.0,,,,,,0.0,,,,0.0,,,Fang,方,Minyue,民悅,19.0,0.0,,0.0,0.0,5.0,,28.0,,,,,,,,,,load,,1.0,2013-09-23 00:00:00,
202861,Fang Mengjin,方孟縉,1495.0,1.0,,0.0,5436.0,1.0,0.0,1.0,,1495.0,648.0,8.0,,,0.0,,,,,,0.0,,,,0.0,,,Fang,方,Mengjin,孟縉,19.0,0.0,,0.0,0.0,8.0,,14.0,,,,,,,,,,load,,1.0,2013-09-23 00:00:00,
202960,Fang Jie,方介,1497.0,1.0,,0.0,4653.0,1.0,0.0,2.0,,1497.0,648.0,10.0,,,0.0,,,,,,0.0,,,,0.0,,,Fang,方,Jie,介,19.0,0.0,,0.0,0.0,9.0,,26.0,,,,,,,,,,load,,1.0,2013-09-23 00:00:00,
203030,Fang Guozuo,方國佐,1498.0,1.0,,0.0,6034.0,1.0,0.0,1.0,,1498.0,648.0,11.0,,,0.0,,,,,,0.0,,,,0.0,,,Fang,方,Guozuo,國佐,19.0,0.0,,0.0,0.0,6.0,,13.0,,,,,,,,,,load,,1.0,2013-09-23 00:00:00,
203278,Fang Zhi,方治,1521.0,1.0,,0.0,5582.0,1.0,0.0,1.0,,1521.0,649.0,16.0,,,0.0,,,,,,0.0,,,,0.0,,,Fang,方,Zhi,治,19.0,0.0,,0.0,0.0,8.0,,24.0,,,,,,,,,,load,,1.0,2013-09-23 00:00:00,
203389,Fang Dale,方大樂,1506.0,1.0,,0.0,6034.0,1.0,0.0,1.0,,1506.0,649.0,1.0,,,0.0,,,,,,0.0,,,,0.0,,,Fang,方,Dale,大樂,19.0,0.0,,0.0,0.0,10.0,,14.0,,,,,,,,,,load,,1.0,2013-09-23 00:00:00,
203502,Fang Yu,方瑜,1504.0,1.0,,0.0,4688.0,1.0,0.0,1.0,,1504.0,648.0,17.0,,,0.0,,,,,,0.0,,,,0.0,,,Fang,方,Yu,瑜,19.0,0.0,,0.0,0.0,4.0,,29.0,,,,,,,,,,load,,1.0,2013-09-23 00:00:00,
203522,Fang Jiuxu,方九敍,1507.0,1.0,,0.0,5333.0,1.0,0.0,1.0,,1507.0,649.0,2.0,,,0.0,,,,,,0.0,,,,0.0,,,Fang,方,Jiuxu,九敍,19.0,0.0,,0.0,0.0,9.0,,13.0,,,,,,,,,,load,,1.0,2013-09-23 00:00:00,
203825,Fang Xiang,方祥,1514.0,1.0,,0.0,5443.0,1.0,0.0,1.0,,1514.0,649.0,9.0,,,0.0,,,,,,0.0,,,,0.0,,,Fang,方,Xiang,祥,19.0,0.0,,0.0,0.0,12.0,,11.0,,,,,,,,,,load,,1.0,2013-09-23 00:00:00,
203956,Fang Bangqing,方邦慶,1517.0,1.0,,0.0,4690.0,1.0,0.0,1.0,,1517.0,649.0,12.0,,,0.0,,,,,,0.0,,,,0.0,,,Fang,方,Bangqing,邦慶,19.0,0.0,,0.0,0.0,1.0,,14.0,,,,,,,,,,load,,1.0,2013-09-23 00:00:00,
204062,Fang Zhengyou,方正脩,1518.0,1.0,,0.0,5732.0,1.0,0.0,1.0,,1518.0,649.0,13.0,,,0.0,,,,,,0.0,,,,0.0,,,Fang,方,Zhengyou,正脩,19.0,0.0,,0.0,0.0,5.0,,16.0,,,,,,,,,,load,,1.0,2013-09-23 00:00:00,
204216,Fang Min,方敏,1513.0,1.0,,0.0,4691.0,1.0,0.0,1.0,,1513.0,649.0,8.0,,,0.0,,,,,,0.0,,,,0.0,,,Fang,方,Min,敏,19.0,0.0,,0.0,0.0,11.0,,13.0,,,,,,,,,,load,,1.0,2013-09-23 00:00:00,
204337,Fang Shixue,方時學,1519.0,1.0,,0.0,300343.0,1.0,0.0,2.0,,1519.0,649.0,14.0,,,0.0,,,,,,0.0,,,,0.0,,,Fang,方,Shixue,時學,19.0,0.0,,0.0,0.0,9.0,,3.0,,,,,,,,,,load,,1.0,2013-09-23 00:00:00,
204454,Fang Laichong,方來崇,1533.0,1.0,,0.0,5431.0,1.0,0.0,1.0,,1533.0,650.0,12.0,,,0.0,,,,,,0.0,,,,0.0,,,Fang,方,Laichong,來崇,19.0,0.0,,0.0,0.0,12.0,,8.0,,,,,,,,,,load,,1.0,2013-09-23 00:00:00,
205738,Fang Xuemeng,方學孟,1534.0,1.0,,0.0,5443.0,1.0,0.0,2.0,,1534.0,650.0,13.0,,,0.0,,,,,,0.0,,,,0.0,,,Fang,方,Xuemeng,學孟,19.0,0.0,,0.0,0.0,12.0,,16.0,,,,,,,,,,load,,1.0,2013-09-23 00:00:00,
205939,Fang Lianggong,方亮工,1536.0,1.0,,0.0,6069.0,1.0,0.0,1.0,,1536.0,650.0,15.0,,,0.0,,,,,,0.0,,,,0.0,,,Fang,方,Lianggong,亮工,19.0,0.0,,0.0,0.0,4.0,,3.0,,,,,,,,,,load,,1.0,2013-09-23 00:00:00,
205981,Fang Kentang,方肯堂,1526.0,1.0,,0.0,6069.0,1.0,0.0,1.0,,1526.0,650.0,5.0,,,0.0,,,,,,0.0,,,,0.0,,,Fang,方,Kentang,肯堂,19.0,0.0,,0.0,0.0,10.0,,18.0,,,,,,,,,,load,,1.0,2013-09-23 00:00:00,
206258,Fang Fan,方範,1544.0,1.0,,0.0,4596.0,1.0,0.0,1.0,,1544.0,650.0,23.0,,,0.0,,,,,,0.0,,,,0.0,,,Fang,方,Fan,範,19.0,0.0,,0.0,0.0,12.0,,28.0,,,,,,,,,,load,,1.0,2013-09-23 00:00:00,
206359,Fang Duan,方端,1547.0,1.0,,0.0,5154.0,1.0,0.0,1.0,,1547.0,650.0,26.0,,,0.0,,,,,,0.0,,,,0.0,,,Fang,方,Duan,端,19.0,0.0,,1.0,0.0,9.0,,9.0,,,,,,,,,,load,,1.0,2013-09-23 00:00:00,
206458,Fang Wanshan,方萬山,1547.0,1.0,,0.0,4688.0,1.0,0.0,1.0,,1547.0,650.0,26.0,,,0.0,,,,,,0.0,,,,0.0,,,Fang,方,Wanshan,萬山,19.0,0.0,,0.0,0.0,1.0,,2.0,,,,,,,,,,load,,1.0,2013-09-23 00:00:00,
206767,Fang Wance,方萬策,1557.0,1.0,,0.0,6034.0,1.0,0.0,1.0,,1557.0,650.0,36.0,,,0.0,,,,,,0.0,,,,0.0,,,Fang,方,Wance,萬策,19.0,0.0,,0.0,0.0,4.0,,19.0,,,,,,,,,,load,,1.0,2013-09-23 00:00:00,
206769,Fang Maoxue,方懋學,1559.0,1.0,,0.0,5991.0,1.0,0.0,1.0,,1559.0,650.0,38.0,,,0.0,,,,,,0.0,,,,0.0,,,Fang,方,Maoxue,懋學,19.0,0.0,,0.0,0.0,8.0,,10.0,,,,,,,,,,load,,1.0,2013-09-23 00:00:00,
207038,Fang Damei,方大美,1554.0,1.0,,0.0,4664.0,1.0,0.0,2.0,,1554.0,650.0,33.0,,,0.0,,,,,,0.0,,,,0.0,,,Fang,方,Damei,大美,19.0,0.0,,1.0,0.0,3.0,,15.0,,,,,,,,,,load,,1.0,2013-09-23 00:00:00,
207115,Fang Yuanyan,方元彥,1558.0,1.0,,0.0,4688.0,1.0,0.0,1.0,,1558.0,650.0,37.0,,,0.0,,,,,,0.0,,,,0.0,,,Fang,方,Yuanyan,元彥,19.0,0.0,,0.0,0.0,1.0,,19.0,,,,,,,,,,load,,1.0,2013-09-23 00:00:00,
207318,Fang Di,方迪,1403.0,1.0,,0.0,6034.0,1.0,0.0,1.0,,1403.0,641.0,1.0,,,0.0,,,,,,0.0,,,,0.0,,,Fang,方,Di,迪,19.0,0.0,,0.0,0.0,3.0,,27.0,,,,,,,,,,load,,1.0,2013-09-23 00:00:00,
207360,Fang Yuan,方員,1407.0,1.0,,0.0,5986.0,1.0,0.0,1.0,,1407.0,641.0,5.0,,,0.0,,,,,,0.0,,,,0.0,,,Fang,方,Yuan,員,19.0,0.0,,0.0,0.0,7.0,,10.0,,,,,,,,,,load,,1.0,2013-09-23 00:00:00,
207861,Fang Xie,方澥,1391.0,1.0,,0.0,6034.0,1.0,0.0,2.0,,1391.0,639.0,24.0,,,0.0,,,,,,0.0,,,,0.0,,,Fang,方,Xie,澥,19.0,0.0,,0.0,0.0,12.0,,28.0,,,,,,,,,,load,,1.0,2013-09-23 00:00:00,
207993,Fang Gao,方杲,1421.0,1.0,,0.0,4653.0,1.0,0.0,1.0,,1421.0,641.0,19.0,,,0.0,,,,,,0.0,,,,0.0,,,Fang,方,Gao,杲,19.0,0.0,,0.0,0.0,2.0,,14.0,,,,,,,,,,load,,1.0,2013-09-23 00:00:00,
209274,Fang Shi(Wife of Huyou),方氏(胡宥妻),1544.0,6.0,129040.0,1.0,,,0.0,0.0,,,0.0,,,,0.0,,,,,,0.0,,,,0.0,,,Fang,方,Shi(Wife of Huyou),氏(胡宥妻),19.0,0.0,,0.0,0.0,,,,,,,,,,,,,load,,1.0,2013-09-23 00:00:00,
209894,Fang Shi(Wife of Yuwendaji),方氏(俞文達繼妻),1540.0,3.0,205862.0,1.0,,,0.0,0.0,,,0.0,,,,0.0,,,,,,0.0,,,,0.0,,,Fang,方,Shi(Wife of Yuwendaji),氏(俞文達繼妻),19.0,0.0,Index year algorithmically generated: Rule 4W;,0.0,0.0,,,,,,,,,,,,,load,,1.0,2013-09-23 00:00:00,
210235,Fang Shi(Mother of Yujiayan),方氏(俞嘉言母),1516.0,15.0,,1.0,,,0.0,0.0,,,0.0,,,,0.0,,,,,,0.0,,,,0.0,,,Fang,方,Shi(Mother of Yujiayan),氏(俞嘉言母),19.0,0.0,Index year algorithmically generated: Rule 9W;,0.0,0.0,,,,,,,,,,,,,load,,1.0,2013-09-23 00:00:00,
210335,"Fang Shi(Mother, Nominal of Caolou)",方氏(曹樓嫡母),,,,1.0,,,0.0,0.0,,,0.0,,,,0.0,,,,,,0.0,,,,0.0,,,Fang,方,"Shi(Mother, Nominal of Caolou)",氏(曹樓嫡母),19.0,0.0,,0.0,0.0,,,,,,,,,,,,,load,,1.0,2013-09-23 00:00:00,
210927,Fang Yuangang,方元剛,,,,0.0,,,0.0,0.0,,,0.0,,,,0.0,,,,,,0.0,,,,0.0,,,Fang,方,Yuangang,元剛,19.0,0.0,,0.0,0.0,,,,,,,,,,,,,load,,1.0,2013-09-23 00:00:00,
210928,Fang Song,方崧,,,,0.0,,,0.0,0.0,,,0.0,,,,0.0,,,,,,0.0,,,,0.0,,,Fang,方,Song,崧,19.0,0.0,,0.0,0.0,,,,,,,,,,,,,load,,1.0,2013-09-23 00:00:00,
210929,Fang Zongyin,方宗尹,1506.0,13.0,,0.0,6069.0,1.0,0.0,0.0,,,0.0,,,,0.0,,,,,,0.0,,,,0.0,,,Fang,方,Zongyin,宗尹,19.0,0.0,Index year algorithmically generated: Rule 9;,0.0,0.0,,,,,,,,,,,,,load,,1.0,2013-09-23 00:00:00,
210932,Fang Kentang,方肻堂,1534.0,21.0,,0.0,6069.0,1.0,0.0,0.0,,,0.0,,,,0.0,,,,,,0.0,,,,0.0,,,Fang,方,Kentang,肻堂,19.0,0.0,Index year algorithmically generated: Rule 11;,0.0,0.0,,,,,,,,,,,,,load,,1.0,2013-09-23 00:00:00,
210933,Fang Liangchen,方亮宸,1538.0,19.0,,0.0,6069.0,1.0,0.0,0.0,,,0.0,,,,0.0,,,,,,0.0,,,,0.0,,,Fang,方,Liangchen,亮宸,19.0,0.0,Index year algorithmically generated: Rule 10;,0.0,0.0,,,,,,,,,,,,,load,,1.0,2013-09-23 00:00:00,
211607,Fang Shi(Wife of Qiguoru),方氏(齊國儒妻),1544.0,3.0,205980.0,1.0,,,0.0,0.0,,,0.0,,,,0.0,,,,,,0.0,,,,0.0,,,Fang,方,Shi(Wife of Qiguoru),氏(齊國儒妻),19.0,0.0,Index year algorithmically generated: Rule 4W;,0.0,0.0,,,,,,,,,,,,,load,,1.0,2013-09-23 00:00:00,
211613,Fang Rengui,方仁貴,,,,0.0,,,0.0,0.0,,,0.0,,,,0.0,,,,,,0.0,,,,0.0,,,Fang,方,Rengui,仁貴,19.0,0.0,,0.0,0.0,,,,,,,,,,,,,load,,1.0,2013-09-23 00:00:00,
211614,Fang Zhi,方直,,,,0.0,,,0.0,0.0,,,0.0,,,,0.0,,,,,,0.0,,,,0.0,,,Fang,方,Zhi,直,19.0,0.0,,0.0,0.0,,,,,,,,,,,,,load,,1.0,2013-09-23 00:00:00,
211616,Fang Shaokui,方紹魁,1496.0,13.0,,0.0,6069.0,1.0,0.0,0.0,,,0.0,,,,0.0,,,,,,0.0,,,,0.0,,,Fang,方,Shaokui,紹魁,19.0,0.0,Index year algorithmically generated: Rule 9;,0.0,0.0,,,,,,,,,,,,,load,,1.0,2013-09-23 00:00:00,
211620,Fang Kenjie,方肯構,1528.0,19.0,,0.0,6069.0,1.0,0.0,0.0,,,0.0,,,,0.0,,,,,,0.0,,,,0.0,,,Fang,方,Kenjie,肯構,19.0,0.0,Index year algorithmically generated: Rule 10;,0.0,0.0,,,,,,,,,,,,,load,,1.0,2013-09-23 00:00:00,
211621,Fang Lianggong,方亮工,1528.0,19.0,,0.0,6069.0,1.0,0.0,0.0,,,0.0,,,,0.0,,,,,,0.0,,,,0.0,,,Fang,方,Lianggong,亮工,19.0,0.0,Index year algorithmically generated: Rule 10;,0.0,0.0,,,,,,,,,,,,,load,,1.0,2013-09-23 00:00:00,
211622,Fang Kenhuo,方肯穫,1528.0,19.0,,0.0,6069.0,1.0,0.0,0.0,,,0.0,,,,0.0,,,,,,0.0,,,,0.0,,,Fang,方,Kenhuo,肯穫,19.0,0.0,Index year algorithmically generated: Rule 10;,0.0,0.0,,,,,,,,,,,,,load,,1.0,2013-09-23 00:00:00,
212023,Fang Shi(Wife of Chenlv),方氏(陳履妻),1537.0,3.0,206008.0,1.0,,,0.0,0.0,,,0.0,,,,0.0,,,,,,0.0,,,,0.0,,,Fang,方,Shi(Wife of Chenlv),氏(陳履妻),19.0,0.0,Index year algorithmically generated: Rule 4W;,0.0,0.0,,,,,,,,,,,,,load,,1.0,2013-09-23 00:00:00,
212389,Fang Shi(Wife of Linzuanzhen),方氏(林纉振妻),1553.0,3.0,206028.0,1.0,,,0.0,0.0,,,0.0,,,,0.0,,,,,,0.0,,,,0.0,,,Fang,方,Shi(Wife of Linzuanzhen),氏(林纉振妻),19.0,0.0,Index year algorithmically generated: Rule 4W;,0.0,0.0,,,,,,,,,,,,,load,,1.0,2013-09-23 00:00:00,
212403,Fang Shi(Wife of Linbi),方氏(林璧妻),1435.0,3.0,198969.0,1.0,,,0.0,0.0,,,0.0,,,,0.0,,,,,,0.0,,,,0.0,,,Fang,方,Shi(Wife of Linbi),氏(林璧妻),19.0,0.0,Index year algorithmically generated: Rule 4W;,0.0,0.0,,,,,,,,,,,,,load,,1.0,2013-09-23 00:00:00,
213124,Fang Shi(Mother of Niuweibing),方氏(牛惟炳母),,,,1.0,,,0.0,0.0,,,0.0,,,,0.0,,,,,,0.0,,,,0.0,,,Fang,方,Shi(Mother of Niuweibing),氏(牛惟炳母),19.0,0.0,,0.0,0.0,,,,,,,,,,,,,load,,1.0,2013-09-23 00:00:00,
213641,Fang Shi(Wife of Lijichunji),方氏(李際春繼妻),1546.0,3.0,206125.0,1.0,,,0.0,0.0,,,0.0,,,,0.0,,,,,,0.0,,,,0.0,,,Fang,方,Shi(Wife of Lijichunji),氏(李際春繼妻),19.0,0.0,Index year algorithmically generated: Rule 4W;,0.0,0.0,,,,,,,,,,,,,load,,1.0,2013-09-23 00:00:00,
213915,Fang Shi(Wife of Heshang),方氏(何恦妻),1436.0,3.0,198979.0,1.0,,,0.0,0.0,,,0.0,,,,0.0,,,,,,0.0,,,,0.0,,,Fang,方,Shi(Wife of Heshang),氏(何恦妻),19.0,0.0,Index year algorithmically generated: Rule 4W;,0.0,0.0,,,,,,,,,,,,,load,,1.0,2013-09-23 00:00:00,
214598,Fang Shi(Stepmother of Hesideng),方氏(何思登繼母),,,,1.0,,,0.0,0.0,,,0.0,,,,0.0,,,,,,0.0,,,,0.0,,,Fang,方,Shi(Stepmother of Hesideng),氏(何思登繼母),19.0,0.0,,0.0,0.0,,,,,,,,,,,,,load,,1.0,2013-09-23 00:00:00,
214650,Fang Shi(Wife of Huangyunlong),方氏(黃雲龍妻),1544.0,3.0,206193.0,1.0,,,0.0,0.0,,,0.0,,,,0.0,,,,,,0.0,,,,0.0,,,Fang,方,Shi(Wife of Huangyunlong),氏(黃雲龍妻),19.0,0.0,Index year algorithmically generated: Rule 4W;,0.0,0.0,,,,,,,,,,,,,load,,1.0,2013-09-23 00:00:00,
214760,Fang Shi(Mother of Zhangzuozhi),方氏(張佐治母),1519.0,15.0,,1.0,,,0.0,0.0,,,0.0,,,,0.0,,,,,,0.0,,,,0.0,,,Fang,方,Shi(Mother of Zhangzuozhi),氏(張佐治母),19.0,0.0,Index year algorithmically generated: Rule 9W;,0.0,0.0,,,,,,,,,,,,,load,,1.0,2013-09-23 00:00:00,
215422,Fang Sheng,方盛,,,,0.0,,,0.0,0.0,,,0.0,,,,0.0,,,,,,0.0,,,,0.0,,,Fang,方,Sheng,盛,19.0,0.0,,0.0,0.0,,,,,,,,,,,,,load,,1.0,2013-09-23 00:00:00,
215423,Fang Lin,方麟,,,,0.0,,,0.0,0.0,,,0.0,,,,0.0,,,,,,0.0,,,,0.0,,,Fang,方,Lin,麟,19.0,0.0,,0.0,0.0,,,,,,,,,,,,,load,,1.0,2013-09-23 00:00:00,
215424,Fang Feng,方鳳,1514.0,13.0,,0.0,4596.0,1.0,0.0,0.0,,,0.0,,,,0.0,,,,,,0.0,,,,0.0,,,Fang,方,Feng,鳳,19.0,0.0,Index year algorithmically generated: Rule 9;,0.0,0.0,,,,,,,,,,,,,load,,1.0,2013-09-23 00:00:00,
215429,Fang Ce,方策,1542.0,21.0,,0.0,4596.0,1.0,0.0,0.0,,,0.0,,,,0.0,,,,,,0.0,,,,0.0,,,Fang,方,Ce,策,19.0,0.0,Index year algorithmically generated: Rule 11;,0.0,0.0,,,,,,,,,,,,,load,,1.0,2013-09-23 00:00:00,
215430,Fang Zhu,方築,1542.0,21.0,,0.0,4596.0,1.0,0.0,0.0,,,0.0,,,,0.0,,,,,,0.0,,,,0.0,,,Fang,方,Zhu,築,19.0,0.0,Index year algorithmically generated: Rule 11;,0.0,0.0,,,,,,,,,,,,,load,,1.0,2013-09-23 00:00:00,
215858,Fang Shi(Mother of Yujin),方氏(俞藎母),1403.0,15.0,,1.0,,,0.0,0.0,,,0.0,,,,0.0,,,,,,0.0,,,,0.0,,,Fang,方,Shi(Mother of Yujin),氏(俞藎母),19.0,0.0,Index year algorithmically generated: Rule 9W;,0.0,0.0,,,,,,,,,,,,,load,,1.0,2013-09-23 00:00:00,
216889,Fang Wan,方完,,,,0.0,,,0.0,0.0,,,0.0,,,,0.0,,,,,,0.0,,,,0.0,,,Fang,方,Wan,完,19.0,0.0,,0.0,0.0,,,,,,,,,,,,,load,,1.0,2013-09-23 00:00:00,
216890,Fang Shen,方伸,,,,0.0,,,0.0,0.0,,,0.0,,,,0.0,,,,,,0.0,,,,0.0,,,Fang,方,Shen,伸,19.0,0.0,,0.0,0.0,,,,,,,,,,,,,load,,1.0,2013-09-23 00:00:00,
216891,Fang Zhichong,方志充,1517.0,13.0,,0.0,5154.0,1.0,0.0,0.0,,,0.0,,,,0.0,,,,,,0.0,,,,0.0,,,Fang,方,Zhichong,志充,19.0,0.0,Index year algorithmically generated: Rule 9;,0.0,0.0,,,,,,,,,,,,,load,,1.0,2013-09-23 00:00:00,
216895,Fang Jing,方靖,1545.0,21.0,,0.0,5154.0,1.0,0.0,0.0,,,0.0,,,,0.0,,,,,,0.0,,,,0.0,,,Fang,方,Jing,靖,19.0,0.0,Index year algorithmically generated: Rule 11;,0.0,0.0,,,,,,,,,,,,,load,,1.0,2013-09-23 00:00:00,
218297,Fang Congdao,方從道,,,,0.0,,,0.0,0.0,,,0.0,,,,0.0,,,,,,0.0,,,,0.0,,,Fang,方,Congdao,從道,19.0,0.0,,0.0,0.0,,,,,,,,,,,,,load,,1.0,2013-09-23 00:00:00,
218298,Fang Yi,方錡,,,,0.0,,,0.0,0.0,,,0.0,,,,0.0,,,,,,0.0,,,,0.0,,,Fang,方,Yi,錡,19.0,0.0,,0.0,0.0,,,,,,,,,,,,,load,,1.0,2013-09-23 00:00:00,
218299,Fang Rizhang,方日章,1517.0,13.0,,0.0,4688.0,1.0,0.0,0.0,,,0.0,,,,0.0,,,,,,0.0,,,,0.0,,,Fang,方,Rizhang,日章,19.0,0.0,Index year algorithmically generated: Rule 9;,0.0,0.0,,,,,,,,,,,,,load,,1.0,2013-09-23 00:00:00,
218302,Fang Wanchuan,方萬川,1549.0,19.0,,0.0,4688.0,1.0,0.0,0.0,,,0.0,,,,0.0,,,,,,0.0,,,,0.0,,,Fang,方,Wanchuan,萬川,19.0,0.0,Index year algorithmically generated: Rule 10;,0.0,0.0,,,,,,,,,,,,,load,,1.0,2013-09-23 00:00:00,
218304,Fang Wansong,方萬嵩,1549.0,19.0,,0.0,4688.0,1.0,0.0,0.0,,,0.0,,,,0.0,,,,,,0.0,,,,0.0,,,Fang,方,Wansong,萬嵩,19.0,0.0,Index year algorithmically generated: Rule 10;,0.0,0.0,,,,,,,,,,,,,load,,1.0,2013-09-23 00:00:00,
218305,Fang Wanshun,方萬順,1549.0,19.0,,0.0,4688.0,1.0,0.0,0.0,,,0.0,,,,0.0,,,,,,0.0,,,,0.0,,,Fang,方,Wanshun,萬順,19.0,0.0,Index year algorithmically generated: Rule 10;,0.0,0.0,,,,,,,,,,,,,load,,1.0,2013-09-23 00:00:00,
218393,Fang Shi(Father'S Late Wife of Yangkeli),方氏(羊可立前母),,,,1.0,,,0.0,0.0,,,0.0,,,,0.0,,,,,,0.0,,,,0.0,,,Fang,方,Shi(Father'S Late Wife of Yangkeli),氏(羊可立前母),19.0,0.0,,0.0,0.0,,,,,,,,,,,,,load,,1.0,2013-09-23 00:00:00,
219148,Fang Shi(Wife of Zhuqian),方氏(朱謙妻),1433.0,3.0,199019.0,1.0,,,0.0,0.0,,,0.0,,,,0.0,,,,,,0.0,,,,0.0,,,Fang,方,Shi(Wife of Zhuqian),氏(朱謙妻),19.0,0.0,Index year algorithmically generated: Rule 4W;,0.0,0.0,,,,,,,,,,,,,load,,1.0,2013-09-23 00:00:00,
220763,Fang Shi(Wife of Linkecheng),方氏(林可成妻),1551.0,3.0,206633.0,1.0,,,0.0,0.0,,,0.0,,,,0.0,,,,,,0.0,,,,0.0,,,Fang,方,Shi(Wife of Linkecheng),氏(林可成妻),19.0,0.0,Index year algorithmically generated: Rule 4W;,0.0,0.0,,,,,,,,,,,,,load,,1.0,2013-09-23 00:00:00,
222351,Fang Fu,方輔,,,,0.0,,,0.0,0.0,,,0.0,,,,0.0,,,,,,0.0,,,,0.0,,,Fang,方,Fu,輔,19.0,0.0,,0.0,0.0,,,,,,,,,,,,,load,,1.0,2013-09-23 00:00:00,
222353,Fang Zhu,方柱,1523.0,14.0,,0.0,4605.0,1.0,0.0,0.0,,,0.0,,,,0.0,,,,,,0.0,,,,0.0,,,Fang,方,Zhu,柱,19.0,0.0,,0.0,0.0,,,,,,,,,,,,,load,,1.0,2013-09-23 00:00:00,
222357,Fang Yinglin,方應遴,1555.0,20.0,,0.0,4605.0,1.0,0.0,0.0,,,0.0,,,,0.0,,,,,,0.0,,,,0.0,,,Fang,方,Yinglin,應遴,19.0,0.0,,0.0,0.0,,,,,,,,,,,,,load,,1.0,2013-09-23 00:00:00,
222358,Fang Yingyu,方應遇,1555.0,20.0,,0.0,4605.0,1.0,0.0,0.0,,,0.0,,,,0.0,,,,,,0.0,,,,0.0,,,Fang,方,Yingyu,應遇,19.0,0.0,,0.0,0.0,,,,,,,,,,,,,load,,1.0,2013-09-23 00:00:00,
222446,Fang Yun,方允,,,,0.0,,,0.0,0.0,,,0.0,,,,0.0,,,,,,0.0,,,,0.0,,,Fang,方,Yun,允,19.0,0.0,,0.0,0.0,,,,,,,,,,,,,load,,1.0,2013-09-23 00:00:00,
222447,Fang Hua,方華,,,,0.0,,,0.0,0.0,,,0.0,,,,0.0,,,,,,0.0,,,,0.0,,,Fang,方,Hua,華,19.0,0.0,,0.0,0.0,,,,,,,,,,,,,load,,1.0,2013-09-23 00:00:00,
222448,Fang Tianxu,方天敘,1535.0,14.0,,0.0,5356.0,1.0,0.0,0.0,,,0.0,,,,0.0,,,,,,0.0,,,,0.0,,,Fang,方,Tianxu,天敘,19.0,0.0,Index year algorithmically generated: Rule 15;,0.0,0.0,,,,,,,,,,,,,load,,1.0,2013-09-23 00:00:00,
222454,Fang Xizhe,方希哲,1563.0,22.0,,0.0,5356.0,1.0,0.0,0.0,,,0.0,,,,0.0,,,,,,0.0,,,,0.0,,,Fang,方,Xizhe,希哲,19.0,0.0,Index year algorithmically generated: Rule 16;,0.0,0.0,,,,,,,,,,,,,load,,1.0,2013-09-23 00:00:00,
222684,Fang Shi(Wife of Chenyijian),方氏(陳一簡妻),1558.0,3.0,206751.0,1.0,,,0.0,0.0,,,0.0,,,,0.0,,,,,,0.0,,,,0.0,,,Fang,方,Shi(Wife of Chenyijian),氏(陳一簡妻),19.0,0.0,Index year algorithmically generated: Rule 4W;,0.0,0.0,,,,,,,,,,,,,load,,1.0,2013-09-23 00:00:00,
222962,Fang Xiong,方熊,,,,0.0,,,0.0,0.0,,,0.0,,,,0.0,,,,,,0.0,,,,0.0,,,Fang,方,Xiong,熊,19.0,0.0,,0.0,0.0,,,,,,,,,,,,,load,,1.0,2013-09-23 00:00:00,
222963,Fang Zichun,方子春,,,,0.0,,,0.0,0.0,,,0.0,,,,0.0,,,,,,0.0,,,,0.0,,,Fang,方,Zichun,子春,19.0,0.0,,0.0,0.0,,,,,,,,,,,,,load,,1.0,2013-09-23 00:00:00,
222964,Fang Mou,方鍪,1527.0,13.0,,0.0,6034.0,1.0,0.0,0.0,,,0.0,,,,0.0,,,,,,0.0,,,,0.0,,,Fang,方,Mou,鍪,19.0,0.0,Index year algorithmically generated: Rule 9;,0.0,0.0,,,,,,,,,,,,,load,,1.0,2013-09-23 00:00:00,
222970,Fang Kun,方鯤,1555.0,21.0,,0.0,6034.0,1.0,0.0,0.0,,,0.0,,,,0.0,,,,,,0.0,,,,0.0,,,Fang,方,Kun,鯤,19.0,0.0,Index year algorithmically generated: Rule 11;,0.0,0.0,,,,,,,,,,,,,load,,1.0,2013-09-23 00:00:00,
222972,Fang Wanyou,方萬有,1555.0,21.0,,0.0,6034.0,1.0,0.0,0.0,,,0.0,,,,0.0,,,,,,0.0,,,,0.0,,,Fang,方,Wanyou,萬有,19.0,0.0,Index year algorithmically generated: Rule 11;,0.0,0.0,,,,,,,,,,,,,load,,1.0,2013-09-23 00:00:00,
222973,Fang Shanyue,方山岳,1555.0,21.0,,0.0,6034.0,1.0,0.0,0.0,,,0.0,,,,0.0,,,,,,0.0,,,,0.0,,,Fang,方,Shanyue,山岳,19.0,0.0,Index year algorithmically generated: Rule 11;,0.0,0.0,,,,,,,,,,,,,load,,1.0,2013-09-23 00:00:00,
222974,Fang JiZeng,方繼曾,1555.0,21.0,,0.0,6034.0,1.0,0.0,0.0,,,0.0,,,,0.0,,,,,,0.0,,,,0.0,,,Fang,方,JiZeng,繼曾,19.0,0.0,Index year algorithmically generated: Rule 11;,0.0,0.0,,,,,,,,,,,,,load,,1.0,2013-09-23 00:00:00,
222975,Fang Wanyu,方萬育,1555.0,21.0,,0.0,6034.0,1.0,0.0,0.0,,,0.0,,,,0.0,,,,,,0.0,,,,0.0,,,Fang,方,Wanyu,萬育,19.0,0.0,Index year algorithmically generated: Rule 11;,0.0,0.0,,,,,,,,,,,,,load,,1.0,2013-09-23 00:00:00,
222976,Fang Wanren,方萬仞,1559.0,19.0,,0.0,6034.0,1.0,0.0,0.0,,,0.0,,,,0.0,,,,,,0.0,,,,0.0,,,Fang,方,Wanren,萬仞,19.0,0.0,Index year algorithmically generated: Rule 10;,0.0,0.0,,,,,,,,,,,,,load,,1.0,2013-09-23 00:00:00,
222988,Fang Yuan,方垣,,,,0.0,,,0.0,0.0,,,0.0,,,,0.0,,,,,,0.0,,,,0.0,,,Fang,方,Yuan,垣,19.0,0.0,,0.0,0.0,,,,,,,,,,,,,load,,1.0,2013-09-23 00:00:00,
222989,Fang Wenyou,方文佑,,,,0.0,,,0.0,0.0,,,0.0,,,,0.0,,,,,,0.0,,,,0.0,,,Fang,方,Wenyou,文佑,19.0,0.0,,0.0,0.0,,,,,,,,,,,,,load,,1.0,2013-09-23 00:00:00,
222990,Fang Tang,方鏜,1529.0,13.0,,0.0,5991.0,1.0,0.0,0.0,,,0.0,,,,0.0,,,,,,0.0,,,,0.0,,,Fang,方,Tang,鏜,19.0,0.0,Index year algorithmically generated: Rule 9;,0.0,0.0,,,,,,,,,,,,,load,,1.0,2013-09-23 00:00:00,
222995,Fang Maoyan,方懋言,1561.0,19.0,,0.0,5991.0,1.0,0.0,0.0,,,0.0,,,,0.0,,,,,,0.0,,,,0.0,,,Fang,方,Maoyan,懋言,19.0,0.0,Index year algorithmically generated: Rule 10;,0.0,0.0,,,,,,,,,,,,,load,,1.0,2013-09-23 00:00:00,
222996,Fang Maogong,方懋功,1561.0,19.0,,0.0,5991.0,1.0,0.0,0.0,,,0.0,,,,0.0,,,,,,0.0,,,,0.0,,,Fang,方,Maogong,懋功,19.0,0.0,Index year algorithmically generated: Rule 10;,0.0,0.0,,,,,,,,,,,,,load,,1.0,2013-09-23 00:00:00,
222997,Fang Maoben,方懋本,1561.0,19.0,,0.0,5991.0,1.0,0.0,0.0,,,0.0,,,,0.0,,,,,,0.0,,,,0.0,,,Fang,方,Maoben,懋本,19.0,0.0,Index year algorithmically generated: Rule 10;,0.0,0.0,,,,,,,,,,,,,load,,1.0,2013-09-23 00:00:00,
223316,Fang Shi(Mother of Jiangzhongxin),方氏(江中信母),1530.0,15.0,,1.0,,,0.0,0.0,,,0.0,,,,0.0,,,,,,0.0,,,,0.0,,,Fang,方,Shi(Mother of Jiangzhongxin),氏(江中信母),19.0,0.0,Index year algorithmically generated: Rule 9W;,0.0,0.0,,,,,,,,,,,,,load,,1.0,2013-09-23 00:00:00,
223377,Fang Shi(Wife of Kemaozhu),方氏(柯茂竹妻),1559.0,3.0,206794.0,1.0,,,0.0,0.0,,,0.0,,,,0.0,,,,,,0.0,,,,0.0,,,Fang,方,Shi(Wife of Kemaozhu),氏(柯茂竹妻),19.0,0.0,Index year algorithmically generated: Rule 4W;,0.0,0.0,,,,,,,,,,,,,load,,1.0,2013-09-23 00:00:00,
223917,Fang Shi(Mother of Chenjiude),方氏(陳九德母),1526.0,15.0,,1.0,,,0.0,0.0,,,0.0,,,,0.0,,,,,,0.0,,,,0.0,,,Fang,方,Shi(Mother of Chenjiude),氏(陳九德母),19.0,0.0,Index year algorithmically generated: Rule 9W;,0.0,0.0,,,,,,,,,,,,,load,,1.0,2013-09-23 00:00:00,
223995,Fang Shi(Mother of Jiangjing),方氏(姜鏡母),1531.0,15.0,,1.0,,,0.0,0.0,,,0.0,,,,0.0,,,,,,0.0,,,,0.0,,,Fang,方,Shi(Mother of Jiangjing),氏(姜鏡母),19.0,0.0,Index year algorithmically generated: Rule 9W;,0.0,0.0,,,,,,,,,,,,,load,,1.0,2013-09-23 00:00:00,
224915,Fang Shi(Wife of Biyu),方氏(畢瑜妻),1439.0,3.0,199054.0,1.0,,,0.0,0.0,,,0.0,,,,0.0,,,,,,0.0,,,,0.0,,,Fang,方,Shi(Wife of Biyu),氏(畢瑜妻),19.0,0.0,Index year algorithmically generated: Rule 4W;,0.0,0.0,,,,,,,,,,,,,load,,1.0,2013-09-23 00:00:00,
225603,Fang Shi(Father'S Late Wife of Meiyu),方氏(梅愈前母),,,,1.0,,,0.0,0.0,,,0.0,,,,0.0,,,,,,0.0,,,,0.0,,,Fang,方,Shi(Father'S Late Wife of Meiyu),氏(梅愈前母),19.0,0.0,,0.0,0.0,,,,,,,,,,,,,load,,1.0,2013-09-23 00:00:00,
226100,Fang Shi(Wife of Shengshiyi),方氏(盛世翼妻),1554.0,3.0,207002.0,1.0,,,0.0,0.0,,,0.0,,,,0.0,,,,,,0.0,,,,0.0,,,Fang,方,Shi(Wife of Shengshiyi),氏(盛世翼妻),19.0,0.0,Index year algorithmically generated: Rule 4W;,0.0,0.0,,,,,,,,,,,,,load,,1.0,2013-09-23 00:00:00,
226498,Fang Shi(Mother of Zhangguoji),方氏(張國紀母),1526.0,15.0,,1.0,,,0.0,0.0,,,0.0,,,,0.0,,,,,,0.0,,,,0.0,,,Fang,方,Shi(Mother of Zhangguoji),氏(張國紀母),19.0,0.0,Index year algorithmically generated: Rule 9W;,0.0,0.0,,,,,,,,,,,,,load,,1.0,2013-09-23 00:00:00,
226564,Fang Shi(Mother Blood-Related of Wangzongzhen),方氏(王宗蓁生母),,,,1.0,,,0.0,0.0,,,0.0,,,,0.0,,,,,,0.0,,,,0.0,,,Fang,方,Shi(Mother Blood-Related of Wangzongzhen),氏(王宗蓁生母),19.0,0.0,,0.0,0.0,,,,,,,,,,,,,load,,1.0,2013-09-23 00:00:00,
226664,Fang Jiong,方綗,,,,0.0,,,0.0,0.0,,,0.0,,,,0.0,,,,,,0.0,,,,0.0,,,Fang,方,Jiong,綗,19.0,0.0,,0.0,0.0,,,,,,,,,,,,,load,,1.0,2013-09-23 00:00:00,
226665,Fang Mengyang,方夢陽,,,,0.0,,,0.0,0.0,,,0.0,,,,0.0,,,,,,0.0,,,,0.0,,,Fang,方,Mengyang,夢陽,19.0,0.0,,0.0,0.0,,,,,,,,,,,,,load,,1.0,2013-09-23 00:00:00,
226666,Fang Xueyin,方學尹,1524.0,13.0,,0.0,4664.0,1.0,0.0,0.0,,,0.0,,,,0.0,,,,,,0.0,,,,0.0,,,Fang,方,Xueyin,學尹,19.0,0.0,Index year algorithmically generated: Rule 9;,0.0,0.0,,,,,,,,,,,,,load,,1.0,2013-09-23 00:00:00,
226669,Fang Dazhen,方大鎮,1556.0,19.0,,0.0,4664.0,1.0,0.0,0.0,,,0.0,,,,0.0,,,,,,0.0,,,,0.0,,,Fang,方,Dazhen,大鎮,19.0,0.0,Index year algorithmically generated: Rule 10;,0.0,0.0,,,,,,,,,,,,,load,,1.0,2013-09-23 00:00:00,
226670,Fang Dashan,方大善,1556.0,19.0,,0.0,4664.0,1.0,0.0,0.0,,,0.0,,,,0.0,,,,,,0.0,,,,0.0,,,Fang,方,Dashan,大善,19.0,0.0,Index year algorithmically generated: Rule 10;,0.0,0.0,,,,,,,,,,,,,load,,1.0,2013-09-23 00:00:00,
226673,Fang Ruozhuan,方若篆,1584.0,11.0,207038.0,0.0,4664.0,1.0,0.0,0.0,,,0.0,,,,0.0,,,,,,0.0,,,,0.0,,,Fang,方,Ruozhuan,若篆,19.0,0.0,Index year algorithmically generated: Rule 8;,0.0,0.0,,,,,,,,,,,,,load,,1.0,2013-09-23 00:00:00,
226674,Fang Ruohu,方若笏,1584.0,11.0,207038.0,0.0,4664.0,1.0,0.0,0.0,,,0.0,,,,0.0,,,,,,0.0,,,,0.0,,,Fang,方,Ruohu,若笏,19.0,0.0,Index year algorithmically generated: Rule 8;,0.0,0.0,,,,,,,,,,,,,load,,1.0,2013-09-23 00:00:00,
226675,Fang Ruojie,方若節,1584.0,11.0,207038.0,0.0,4664.0,1.0,0.0,0.0,,,0.0,,,,0.0,,,,,,0.0,,,,0.0,,,Fang,方,Ruojie,若節,19.0,0.0,Index year algorithmically generated: Rule 8;,0.0,0.0,,,,,,,,,,,,,load,,1.0,2013-09-23 00:00:00,
227134,Fang Shi(Mother Blood-Related of Lishouzhen),方氏(李守貞生母),,,,1.0,,,0.0,0.0,,,0.0,,,,0.0,,,,,,0.0,,,,0.0,,,Fang,方,Shi(Mother Blood-Related of Lishouzhen),氏(李守貞生母),19.0,0.0,,0.0,0.0,,,,,,,,,,,,,load,,1.0,2013-09-23 00:00:00,
227310,Fang Shi(Wife of Yushan),方氏(余炶妻),1559.0,3.0,207079.0,1.0,,,0.0,0.0,,,0.0,,,,0.0,,,,,,0.0,,,,0.0,,,Fang,方,Shi(Wife of Yushan),氏(余炶妻),19.0,0.0,Index year algorithmically generated: Rule 4W;,0.0,0.0,,,,,,,,,,,,,load,,1.0,2013-09-23 00:00:00,
227375,Fang Shi(Mother of Caishukui),方氏(蔡淑逵母),1529.0,15.0,,1.0,,,0.0,0.0,,,0.0,,,,0.0,,,,,,0.0,,,,0.0,,,Fang,方,Shi(Mother of Caishukui),氏(蔡淑逵母),19.0,0.0,Index year algorithmically generated: Rule 9W;,0.0,0.0,,,,,,,,,,,,,load,,1.0,2013-09-23 00:00:00,
227783,Fang Shi(Mother of Zhangfuzhi),方氏(張輔之母),1530.0,15.0,,1.0,,,0.0,0.0,,,0.0,,,,0.0,,,,,,0.0,,,,0.0,,,Fang,方,Shi(Mother of Zhangfuzhi),氏(張輔之母),19.0,0.0,Index year algorithmically generated: Rule 9W;,0.0,0.0,,,,,,,,,,,,,load,,1.0,2013-09-23 00:00:00,
227887,Fang You,方祐,,,,0.0,,,0.0,0.0,,,0.0,,,,0.0,,,,,,0.0,,,,0.0,,,Fang,方,You,祐,19.0,0.0,,0.0,0.0,,,,,,,,,,,,,load,,1.0,2013-09-23 00:00:00,
227888,Fang Yue,方鉞,,,,0.0,,,0.0,0.0,,,0.0,,,,0.0,,,,,,0.0,,,,0.0,,,Fang,方,Yue,鉞,19.0,0.0,,0.0,0.0,,,,,,,,,,,,,load,,1.0,2013-09-23 00:00:00,
227889,Fang Liangru,方良儒,1528.0,13.0,,0.0,4688.0,1.0,0.0,0.0,,,0.0,,,,0.0,,,,,,0.0,,,,0.0,,,Fang,方,Liangru,良儒,19.0,0.0,Index year algorithmically generated: Rule 9;,0.0,0.0,,,,,,,,,,,,,load,,1.0,2013-09-23 00:00:00,
227892,Fang Yuanhuan,方元煥,1556.0,21.0,,0.0,4688.0,1.0,0.0,0.0,,,0.0,,,,0.0,,,,,,0.0,,,,0.0,,,Fang,方,Yuanhuan,元煥,19.0,0.0,Index year algorithmically generated: Rule 11;,0.0,0.0,,,,,,,,,,,,,load,,1.0,2013-09-23 00:00:00,
227893,Fang Yuanhui,方元潓,1556.0,21.0,,0.0,4688.0,1.0,0.0,0.0,,,0.0,,,,0.0,,,,,,0.0,,,,0.0,,,Fang,方,Yuanhui,元潓,19.0,0.0,Index year algorithmically generated: Rule 11;,0.0,0.0,,,,,,,,,,,,,load,,1.0,2013-09-23 00:00:00,
227894,Fang Yuanyou,方元脩,1556.0,21.0,,0.0,4688.0,1.0,0.0,0.0,,,0.0,,,,0.0,,,,,,0.0,,,,0.0,,,Fang,方,Yuanyou,元脩,19.0,0.0,Index year algorithmically generated: Rule 11;,0.0,0.0,,,,,,,,,,,,,load,,1.0,2013-09-23 00:00:00,
227896,Fang Shirong,方士榮,1556.0,21.0,,0.0,4688.0,1.0,0.0,0.0,,,0.0,,,,0.0,,,,,,0.0,,,,0.0,,,Fang,方,Shirong,士榮,19.0,0.0,Index year algorithmically generated: Rule 11;,0.0,0.0,,,,,,,,,,,,,load,,1.0,2013-09-23 00:00:00,
227897,Fang Yuanli,方元立,1560.0,19.0,,0.0,4688.0,1.0,0.0,0.0,,,0.0,,,,0.0,,,,,,0.0,,,,0.0,,,Fang,方,Yuanli,元立,19.0,0.0,Index year algorithmically generated: Rule 10;,0.0,0.0,,,,,,,,,,,,,load,,1.0,2013-09-23 00:00:00,
227898,Fang Yuanshan,方元善,1560.0,19.0,,0.0,4688.0,1.0,0.0,0.0,,,0.0,,,,0.0,,,,,,0.0,,,,0.0,,,Fang,方,Yuanshan,元善,19.0,0.0,Index year algorithmically generated: Rule 10;,0.0,0.0,,,,,,,,,,,,,load,,1.0,2013-09-23 00:00:00,
227899,Fang Wenhua,方文華,1588.0,11.0,207115.0,0.0,4688.0,1.0,0.0,0.0,,,0.0,,,,0.0,,,,,,0.0,,,,0.0,,,Fang,方,Wenhua,文華,19.0,0.0,Index year algorithmically generated: Rule 8;,0.0,0.0,,,,,,,,,,,,,load,,1.0,2013-09-23 00:00:00,
228398,Fang Shi(Mother of Yuejiukui),方氏(岳九逵母),1531.0,15.0,,1.0,,,0.0,0.0,,,0.0,,,,0.0,,,,,,0.0,,,,0.0,,,Fang,方,Shi(Mother of Yuejiukui),氏(岳九逵母),19.0,0.0,Index year algorithmically generated: Rule 9W;,0.0,0.0,,,,,,,,,,,,,load,,1.0,2013-09-23 00:00:00,
229664,Fang Dayou,方大有,,,,0.0,,,0.0,0.0,,,0.0,,,,0.0,,,,,,0.0,,,,0.0,,,Fang,方,Dayou,大有,19.0,0.0,,0.0,0.0,,,,,,,,,,,,,load,,1.0,2013-09-23 00:00:00,
229675,Fang Jing,方敬,,,,0.0,,,0.0,0.0,,,0.0,,,,0.0,,,,,,0.0,,,,0.0,,,Fang,方,Jing,敬,19.0,0.0,,0.0,0.0,,,,,,,,,,,,,load,,1.0,2013-09-23 00:00:00,
229686,Fang Kuan,方寬,1403.0,13.0,,0.0,5349.0,1.0,0.0,0.0,,,0.0,,,,0.0,,,,,,0.0,,,,0.0,,,Fang,方,Kuan,寬,19.0,0.0,Index year algorithmically generated: Rule 9;,0.0,0.0,,,,,,,,,,,,,load,,1.0,2013-09-23 00:00:00,
229719,Fang Lei,方瓃,1431.0,21.0,,0.0,5349.0,1.0,0.0,0.0,,,0.0,,,,0.0,,,,,,0.0,,,,0.0,,,Fang,方,Lei,瓃,19.0,0.0,Index year algorithmically generated: Rule 11;,0.0,0.0,,,,,,,,,,,,,load,,1.0,2013-09-23 00:00:00,
229730,Fang Gong,方珙,1431.0,21.0,,0.0,5349.0,1.0,0.0,0.0,,,0.0,,,,0.0,,,,,,0.0,,,,0.0,,,Fang,方,Gong,珙,19.0,0.0,Index year algorithmically generated: Rule 11;,0.0,0.0,,,,,,,,,,,,,load,,1.0,2013-09-23 00:00:00,
229741,Fang Rong,方瑢,1435.0,19.0,,0.0,5349.0,1.0,0.0,0.0,,,0.0,,,,0.0,,,,,,0.0,,,,0.0,,,Fang,方,Rong,瑢,19.0,0.0,Index year algorithmically generated: Rule 10;,0.0,0.0,,,,,,,,,,,,,load,,1.0,2013-09-23 00:00:00,
230213,Fang Shi(Wife of Zhuchang),方氏(朱昌妻),1566.0,3.0,207251.0,1.0,,,0.0,0.0,,,0.0,,,,0.0,,,,,,0.0,,,,0.0,,,Fang,方,Shi(Wife of Zhuchang),氏(朱昌妻),19.0,0.0,Index year algorithmically generated: Rule 4W;,0.0,0.0,,,,,,,,,,,,,load,,1.0,2013-09-23 00:00:00,
231200,Fang Xianzong,方顯宗,,,,0.0,,,0.0,0.0,,,0.0,,,,0.0,,,,,,0.0,,,,0.0,,,Fang,方,Xianzong,顯宗,19.0,0.0,,0.0,0.0,,,,,,,,,,,,,load,,1.0,2013-09-23 00:00:00,
231201,Fang Deyu,方德玉,,,,0.0,,,0.0,0.0,,,0.0,,,,0.0,,,,,,0.0,,,,0.0,,,Fang,方,Deyu,德玉,19.0,0.0,,0.0,0.0,,,,,,,,,,,,,load,,1.0,2013-09-23 00:00:00,
231202,Fang Shouchu,方守初,1373.0,13.0,,0.0,6034.0,1.0,0.0,0.0,,,0.0,,,,0.0,,,,,,0.0,,,,0.0,,,Fang,方,Shouchu,守初,19.0,0.0,Index year algorithmically generated: Rule 9;,0.0,0.0,,,,,,,,,,,,,load,,1.0,2013-09-23 00:00:00,
231736,Fang Zhongxuan,方仲選,,,,0.0,,,0.0,0.0,,,0.0,,,,0.0,,,,,,0.0,,,,0.0,,,Fang,方,Zhongxuan,仲選,19.0,0.0,,0.0,0.0,,,,,,,,,,,,,load,,1.0,2013-09-23 00:00:00,
231737,Fang Lu,方錄,,,,0.0,,,0.0,0.0,,,0.0,,,,0.0,,,,,,0.0,,,,0.0,,,Fang,方,Lu,錄,19.0,0.0,,0.0,0.0,,,,,,,,,,,,,load,,1.0,2013-09-23 00:00:00,
231738,Fang Hao,方浩,1377.0,13.0,,0.0,5986.0,1.0,0.0,0.0,,,0.0,,,,0.0,,,,,,0.0,,,,0.0,,,Fang,方,Hao,浩,19.0,0.0,Index year algorithmically generated: Rule 9;,0.0,0.0,,,,,,,,,,,,,load,,1.0,2013-09-23 00:00:00,
231741,Fang Bo,方伯,1409.0,19.0,,0.0,5986.0,1.0,0.0,0.0,,,0.0,,,,0.0,,,,,,0.0,,,,0.0,,,Fang,方,Bo,伯,19.0,0.0,Index year algorithmically generated: Rule 10;,0.0,0.0,,,,,,,,,,,,,load,,1.0,2013-09-23 00:00:00,
234358,Fang Shi(Mother of Lixiao),方氏(李斆母),1405.0,15.0,,1.0,,,0.0,0.0,,,0.0,,,,0.0,,,,,,0.0,,,,0.0,,,Fang,方,Shi(Mother of Lixiao),氏(李斆母),19.0,0.0,Index year algorithmically generated: Rule 9W;,0.0,0.0,,,,,,,,,,,,,load,,1.0,2013-09-23 00:00:00,
234989,Fang Shi(Wife of Wanganshun),方氏(王安舜妻),1585.0,3.0,207738.0,1.0,,,0.0,0.0,,,0.0,,,,0.0,,,,,,0.0,,,,0.0,,,Fang,方,Shi(Wife of Wanganshun),氏(王安舜妻),19.0,0.0,Index year algorithmically generated: Rule 4W;,0.0,0.0,,,,,,,,,,,,,load,,1.0,2013-09-23 00:00:00,
235219,Fang Shi(Mother of Lida),方氏(李達母),1556.0,15.0,,1.0,,,0.0,0.0,,,0.0,,,,0.0,,,,,,0.0,,,,0.0,,,Fang,方,Shi(Mother of Lida),氏(李達母),19.0,0.0,Index year algorithmically generated: Rule 9W;,0.0,0.0,,,,,,,,,,,,,load,,1.0,2013-09-23 00:00:00,
235290,Fang Shi(Wife of Lichunhao),方氏(李春皜妻),1586.0,3.0,207755.0,1.0,,,0.0,0.0,,,0.0,,,,0.0,,,,,,0.0,,,,0.0,,,Fang,方,Shi(Wife of Lichunhao),氏(李春皜妻),19.0,0.0,Index year algorithmically generated: Rule 4W;,0.0,0.0,,,,,,,,,,,,,load,,1.0,2013-09-23 00:00:00,
235905,Fang Shi(Mother of Tanghui),方氏(唐暉母),,,,1.0,,,0.0,0.0,,,0.0,,,,0.0,,,,,,0.0,,,,0.0,,,Fang,方,Shi(Mother of Tanghui),氏(唐暉母),19.0,0.0,,0.0,0.0,,,,,,,,,,,,,load,,1.0,2013-09-23 00:00:00,
237020,Fang Shi(Stepmother of Qiushan),方氏(丘山繼母),,,,1.0,,,0.0,0.0,,,0.0,,,,0.0,,,,,,0.0,,,,0.0,,,Fang,方,Shi(Stepmother of Qiushan),氏(丘山繼母),19.0,0.0,,0.0,0.0,,,,,,,,,,,,,load,,1.0,2013-09-23 00:00:00,
237148,Fang Zuoji,方作楫,,,,0.0,,,0.0,0.0,,,0.0,,,,0.0,,,,,,0.0,,,,0.0,,,Fang,方,Zuoji,作楫,19.0,0.0,,0.0,0.0,,,,,,,,,,,,,load,,1.0,2013-09-23 00:00:00,
237149,Fang Huan,方環,,,,0.0,,,0.0,0.0,,,0.0,,,,0.0,,,,,,0.0,,,,0.0,,,Fang,方,Huan,環,19.0,0.0,,0.0,0.0,,,,,,,,,,,,,load,,1.0,2013-09-23 00:00:00,
237150,Fang Nu,方砮,1361.0,13.0,,0.0,6034.0,1.0,0.0,0.0,,,0.0,,,,0.0,,,,,,0.0,,,,0.0,,,Fang,方,Nu,砮,19.0,0.0,Index year algorithmically generated: Rule 9;,0.0,0.0,,,,,,,,,,,,,load,,1.0,2013-09-23 00:00:00,
237156,Fang Duo,方沱,1393.0,19.0,,0.0,6034.0,1.0,0.0,0.0,,,0.0,,,,0.0,,,,,,0.0,,,,0.0,,,Fang,方,Duo,沱,19.0,0.0,Index year algorithmically generated: Rule 10;,0.0,0.0,,,,,,,,,,,,,load,,1.0,2013-09-23 00:00:00,
237157,Fang Xin,方新,1393.0,19.0,,0.0,6034.0,1.0,0.0,0.0,,,0.0,,,,0.0,,,,,,0.0,,,,0.0,,,Fang,方,Xin,新,19.0,0.0,Index year algorithmically generated: Rule 10;,0.0,0.0,,,,,,,,,,,,,load,,1.0,2013-09-23 00:00:00,
237158,Fang Hu,方滸,1393.0,19.0,,0.0,6034.0,1.0,0.0,0.0,,,0.0,,,,0.0,,,,,,0.0,,,,0.0,,,Fang,方,Hu,滸,19.0,0.0,Index year algorithmically generated: Rule 10;,0.0,0.0,,,,,,,,,,,,,load,,1.0,2013-09-23 00:00:00,
237159,Fang Si,方汜,1393.0,19.0,,0.0,6034.0,1.0,0.0,0.0,,,0.0,,,,0.0,,,,,,0.0,,,,0.0,,,Fang,方,Si,汜,19.0,0.0,Index year algorithmically generated: Rule 10;,0.0,0.0,,,,,,,,,,,,,load,,1.0,2013-09-23 00:00:00,
237160,Fang Zhou,方洲,1393.0,19.0,,0.0,6034.0,1.0,0.0,0.0,,,0.0,,,,0.0,,,,,,0.0,,,,0.0,,,Fang,方,Zhou,洲,19.0,0.0,Index year algorithmically generated: Rule 10;,0.0,0.0,,,,,,,,,,,,,load,,1.0,2013-09-23 00:00:00,
237397,Fang Shi(Mother of Guozhongnan),方氏(郭仲南母),1379.0,15.0,,1.0,,,0.0,0.0,,,0.0,,,,0.0,,,,,,0.0,,,,0.0,,,Fang,方,Shi(Mother of Guozhongnan),氏(郭仲南母),19.0,0.0,Index year algorithmically generated: Rule 9W;,0.0,0.0,,,,,,,,,,,,,load,,1.0,2013-09-23 00:00:00,
237818,Fang Shi(Mother of Xiaoyan),方氏(蕭儼母),,,,1.0,,,0.0,0.0,,,0.0,,,,0.0,,,,,,0.0,,,,0.0,,,Fang,方,Shi(Mother of Xiaoyan),氏(蕭儼母),19.0,0.0,,0.0,0.0,,,,,,,,,,,,,load,,1.0,2013-09-23 00:00:00,
238487,Fang Shi(Mother of Chenghong),方氏(程宏母),1403.0,15.0,,1.0,,,0.0,0.0,,,0.0,,,,0.0,,,,,,0.0,,,,0.0,,,Fang,方,Shi(Mother of Chenghong),氏(程宏母),19.0,0.0,Index year algorithmically generated: Rule 9W;,0.0,0.0,,,,,,,,,,,,,load,,1.0,2013-09-23 00:00:00,
238657,Fang Shi(Mother of Wangyan),方氏(汪琰母),1391.0,15.0,,1.0,,,0.0,0.0,,,0.0,,,,0.0,,,,,,0.0,,,,0.0,,,Fang,方,Shi(Mother of Wangyan),氏(汪琰母),19.0,0.0,Index year algorithmically generated: Rule 9W;,0.0,0.0,,,,,,,,,,,,,load,,1.0,2013-09-23 00:00:00,
238973,Fang Zhong,方中,,,,0.0,,,0.0,0.0,,,0.0,,,,0.0,,,,,,0.0,,,,0.0,,,Fang,方,Zhong,中,19.0,0.0,,0.0,0.0,,,,,,,,,,,,,load,,1.0,2013-09-23 00:00:00,
238974,Fang Ce,方策,,,,0.0,,,0.0,0.0,,,0.0,,,,0.0,,,,,,0.0,,,,0.0,,,Fang,方,Ce,策,19.0,0.0,,0.0,0.0,,,,,,,,,,,,,load,,1.0,2013-09-23 00:00:00,
238976,Fang Zheng,方正,1391.0,13.0,,0.0,4653.0,1.0,0.0,0.0,,,0.0,,,,0.0,,,,,,0.0,,,,0.0,,,Fang,方,Zheng,正,19.0,0.0,Index year algorithmically generated: Rule 9;,0.0,0.0,,,,,,,,,,,,,load,,1.0,2013-09-23 00:00:00,
238980,Fang Sheng,方昇,1419.0,21.0,,0.0,4653.0,1.0,0.0,0.0,,,0.0,,,,0.0,,,,,,0.0,,,,0.0,,,Fang,方,Sheng,昇,19.0,0.0,Index year algorithmically generated: Rule 11;,0.0,0.0,,,,,,,,,,,,,load,,1.0,2013-09-23 00:00:00,
238981,Fang Zhao,方昭,1419.0,21.0,,0.0,4653.0,1.0,0.0,0.0,,,0.0,,,,0.0,,,,,,0.0,,,,0.0,,,Fang,方,Zhao,昭,19.0,0.0,Index year algorithmically generated: Rule 11;,0.0,0.0,,,,,,,,,,,,,load,,1.0,2013-09-23 00:00:00,
239039,Fang Shi(Mother of Liliang),方氏(李梁母),1391.0,15.0,,1.0,,,0.0,0.0,,,0.0,,,,0.0,,,,,,0.0,,,,0.0,,,Fang,方,Shi(Mother of Liliang),氏(李梁母),19.0,0.0,Index year algorithmically generated: Rule 9W;,0.0,0.0,,,,,,,,,,,,,load,,1.0,2013-09-23 00:00:00,
239197,Fang Yu,方昱,,,,0.0,,,0.0,0.0,,,0.0,,,,0.0,,,,,,0.0,,,,0.0,,,Fang,方,Yu,昱,19.0,0.0,,0.0,0.0,,,,,,,,,,,,,load,,1.0,2013-09-23 00:00:00,
239207,Fang Shi(Wife of Liuhui),方氏(劉會妻),1424.0,3.0,208010.0,1.0,,,0.0,0.0,,,0.0,,,,0.0,,,,,,0.0,,,,0.0,,,Fang,方,Shi(Wife of Liuhui),氏(劉會妻),19.0,0.0,Index year algorithmically generated: Rule 4W;,0.0,0.0,,,,,,,,,,,,,load,,1.0,2013-09-23 00:00:00,
239208,Fang Lin,方琳,,,,0.0,,,0.0,0.0,,,0.0,,,,0.0,,,,,,0.0,,,,0.0,,,Fang,方,Lin,琳,19.0,0.0,,0.0,0.0,,,,,,,,,,,,,load,,1.0,2013-09-23 00:00:00,
239219,Fang Shu,方恕,1406.0,14.0,,0.0,300360.0,1.0,0.0,0.0,,,0.0,,,,0.0,,,,,,0.0,,,,0.0,,,Fang,方,Shu,恕,19.0,0.0,,0.0,0.0,,,,,,,,,,,,,load,,1.0,2013-09-23 00:00:00,
239248,Fang Shi(Mother of Yinghao),方氏(應顥母),,,,1.0,,,0.0,0.0,,,0.0,,,,0.0,,,,,,0.0,,,,0.0,,,Fang,方,Shi(Mother of Yinghao),氏(應顥母),19.0,0.0,,0.0,0.0,,,,,,,,,,,,,load,,1.0,2013-09-23 00:00:00,
239249,Fang Shi(Stepmother of Yinghao),方氏(應顥繼母),,,,1.0,,,0.0,0.0,,,0.0,,,,0.0,,,,,,0.0,,,,0.0,,,Fang,方,Shi(Stepmother of Yinghao),氏(應顥繼母),19.0,0.0,,0.0,0.0,,,,,,,,,,,,,load,,1.0,2013-09-23 00:00:00,
239253,Fang Ding,方鼎,1434.0,22.0,,0.0,300360.0,1.0,0.0,0.0,,,0.0,,,,0.0,,,,,,0.0,,,,0.0,,,Fang,方,Ding,鼎,19.0,0.0,,0.0,0.0,,,,,,,,,,,,,load,,1.0,2013-09-23 00:00:00,
239264,Fang Qian,方謙,1434.0,22.0,,0.0,300360.0,1.0,0.0,0.0,,,0.0,,,,0.0,,,,,,0.0,,,,0.0,,,Fang,方,Qian,謙,19.0,0.0,,0.0,0.0,,,,,,,,,,,,,load,,1.0,2013-09-23 00:00:00,
239275,Fang Heng,方恆,1434.0,22.0,,0.0,300360.0,1.0,0.0,0.0,,,0.0,,,,0.0,,,,,,0.0,,,,0.0,,,Fang,方,Heng,恆,19.0,0.0,,0.0,0.0,,,,,,,,,,,,,load,,1.0,2013-09-23 00:00:00,
239286,Fang Guan,方觀,1438.0,20.0,,0.0,300360.0,1.0,0.0,0.0,,,0.0,,,,0.0,,,,,,0.0,,,,0.0,,,Fang,方,Guan,觀,19.0,0.0,,0.0,0.0,,,,,,,,,,,,,load,,1.0,2013-09-23 00:00:00,
239297,Fang Kun,方坤,1438.0,20.0,,0.0,300360.0,1.0,0.0,0.0,,,0.0,,,,0.0,,,,,,0.0,,,,0.0,,,Fang,方,Kun,坤,19.0,0.0,,0.0,0.0,,,,,,,,,,,,,load,,1.0,2013-09-23 00:00:00,
239592,Fang Shi(Mother of Hushen),方氏(胡深母),1384.0,15.0,,1.0,,,0.0,0.0,,,0.0,,,,0.0,,,,,,0.0,,,,0.0,,,Fang,方,Shi(Mother of Hushen),氏(胡深母),19.0,0.0,Index year algorithmically generated: Rule 9W;,0.0,0.0,,,,,,,,,,,,,load,,1.0,2013-09-23 00:00:00,
240817,Fang Zhonggao,方仲高,,,,0.0,,,0.0,0.0,,,0.0,,,,0.0,,,,,,0.0,,,,0.0,,,Fang,方,Zhonggao,仲高,19.0,0.0,,0.0,0.0,,,,,,,,,,,,,load,,1.0,2013-09-23 00:00:00,
240818,Fang Shiheng,方時亨,,,,0.0,,,0.0,0.0,,,0.0,,,,0.0,,,,,,0.0,,,,0.0,,,Fang,方,Shiheng,時亨,19.0,0.0,,0.0,0.0,,,,,,,,,,,,,load,,1.0,2013-09-23 00:00:00,
240819,Fang 稜,方稜,1388.0,14.0,,0.0,5365.0,1.0,0.0,0.0,,,0.0,,,,0.0,,,,,,0.0,,,,0.0,,,Fang,方,稜,稜,19.0,0.0,,0.0,0.0,,,,,,,,,,,,,load,,1.0,2013-09-23 00:00:00,
242090,Fang Shi(Stepmother of Zhangshu),方氏(張澍繼母),,,,1.0,,,0.0,0.0,,,0.0,,,,0.0,,,,,,0.0,,,,0.0,,,Fang,方,Shi(Stepmother of Zhangshu),氏(張澍繼母),19.0,0.0,,0.0,0.0,,,,,,,,,,,,,load,,1.0,2013-09-23 00:00:00,
242113,Fang Shi(Wife of Lizhe),方氏(李轍妻),1437.0,3.0,199233.0,1.0,,,0.0,0.0,,,0.0,,,,0.0,,,,,,0.0,,,,0.0,,,Fang,方,Shi(Wife of Lizhe),氏(李轍妻),19.0,0.0,Index year algorithmically generated: Rule 4W;,0.0,0.0,,,,,,,,,,,,,load,,1.0,2013-09-23 00:00:00,
243151,Fang Jishan,方積善,,,,0.0,,,0.0,0.0,,,0.0,,,,0.0,,,,,,0.0,,,,0.0,,,Fang,方,Jishan,積善,19.0,0.0,,0.0,0.0,,,,,,,,,,,,,load,,1.0,2013-09-23 00:00:00,
243153,Fang Mengzhou,方夢周,,,,0.0,,,0.0,0.0,,,0.0,,,,0.0,,,,,,0.0,,,,0.0,,,Fang,方,Mengzhou,夢周,19.0,0.0,,0.0,0.0,,,,,,,,,,,,,load,,1.0,2013-09-23 00:00:00,
243154,Fang Xiuzheng,方休徵,1406.0,13.0,,0.0,6034.0,1.0,0.0,0.0,,,0.0,,,,0.0,,,,,,0.0,,,,0.0,,,Fang,方,Xiuzheng,休徵,19.0,0.0,Index year algorithmically generated: Rule 9;,0.0,0.0,,,,,,,,,,,,,load,,1.0,2013-09-23 00:00:00,
243157,Fang Xian,方賢,1434.0,21.0,,0.0,6034.0,1.0,0.0,0.0,,,0.0,,,,0.0,,,,,,0.0,,,,0.0,,,Fang,方,Xian,賢,19.0,0.0,Index year algorithmically generated: Rule 11;,0.0,0.0,,,,,,,,,,,,,load,,1.0,2013-09-23 00:00:00,
243158,Fang Cong,方聰,1434.0,21.0,,0.0,6034.0,1.0,0.0,0.0,,,0.0,,,,0.0,,,,,,0.0,,,,0.0,,,Fang,方,Cong,聰,19.0,0.0,Index year algorithmically generated: Rule 11;,0.0,0.0,,,,,,,,,,,,,load,,1.0,2013-09-23 00:00:00,
243159,Fang Zhen,方貞,1434.0,21.0,,0.0,6034.0,1.0,0.0,0.0,,,0.0,,,,0.0,,,,,,0.0,,,,0.0,,,Fang,方,Zhen,貞,19.0,0.0,Index year algorithmically generated: Rule 11;,0.0,0.0,,,,,,,,,,,,,load,,1.0,2013-09-23 00:00:00,
243160,Fang Zhi,方誌,1434.0,21.0,,0.0,6034.0,1.0,0.0,0.0,,,0.0,,,,0.0,,,,,,0.0,,,,0.0,,,Fang,方,Zhi,誌,19.0,0.0,Index year algorithmically generated: Rule 11;,0.0,0.0,,,,,,,,,,,,,load,,1.0,2013-09-23 00:00:00,
243161,Fang Zai,方宰,1438.0,19.0,,0.0,6034.0,1.0,0.0,0.0,,,0.0,,,,0.0,,,,,,0.0,,,,0.0,,,Fang,方,Zai,宰,19.0,0.0,Index year algorithmically generated: Rule 10;,0.0,0.0,,,,,,,,,,,,,load,,1.0,2013-09-23 00:00:00,
243162,Fang Kuan,方寬,1438.0,19.0,,0.0,6034.0,1.0,0.0,0.0,,,0.0,,,,0.0,,,,,,0.0,,,,0.0,,,Fang,方,Kuan,寬,19.0,0.0,Index year algorithmically generated: Rule 10;,0.0,0.0,,,,,,,,,,,,,load,,1.0,2013-09-23 00:00:00,
243291,Fang Shi(Wife of Jiangying),方氏(姜英妻),1434.0,3.0,199310.0,1.0,,,0.0,0.0,,,0.0,,,,0.0,,,,,,0.0,,,,0.0,,,Fang,方,Shi(Wife of Jiangying),氏(姜英妻),19.0,0.0,Index year algorithmically generated: Rule 4W;,0.0,0.0,,,,,,,,,,,,,load,,1.0,2013-09-23 00:00:00,
243301,Fang Shi(Wife of Zhengling),方氏(鄭齡妻),1443.0,3.0,199311.0,1.0,,,0.0,0.0,,,0.0,,,,0.0,,,,,,0.0,,,,0.0,,,Fang,方,Shi(Wife of Zhengling),氏(鄭齡妻),19.0,0.0,Index year algorithmically generated: Rule 4W;,0.0,0.0,,,,,,,,,,,,,load,,1.0,2013-09-23 00:00:00,
243368,Fang Shi(Mother of Zhouzheng),方氏(周政母),1414.0,15.0,,1.0,,,0.0,0.0,,,0.0,,,,0.0,,,,,,0.0,,,,0.0,,,Fang,方,Shi(Mother of Zhouzheng),氏(周政母),19.0,0.0,Index year algorithmically generated: Rule 9W;,0.0,0.0,,,,,,,,,,,,,load,,1.0,2013-09-23 00:00:00,
243662,Fang Shi(Wife of Shaoyou),方氏(卲猷妻),1443.0,3.0,199339.0,1.0,,,0.0,0.0,,,0.0,,,,0.0,,,,,,0.0,,,,0.0,,,Fang,方,Shi(Wife of Shaoyou),氏(卲猷妻),19.0,0.0,Index year algorithmically generated: Rule 4W;,0.0,0.0,,,,,,,,,,,,,load,,1.0,2013-09-23 00:00:00,
243672,Fang Shi(Wife of Wangzheng),方氏(汪正妻),1446.0,3.0,199340.0,1.0,,,0.0,0.0,,,0.0,,,,0.0,,,,,,0.0,,,,0.0,,,Fang,方,Shi(Wife of Wangzheng),氏(汪正妻),19.0,0.0,Index year algorithmically generated: Rule 4W;,0.0,0.0,,,,,,,,,,,,,load,,1.0,2013-09-23 00:00:00,
243699,Fang Shi(Mother of Shaoxin),方氏(邵新母),1405.0,15.0,,1.0,,,0.0,0.0,,,0.0,,,,0.0,,,,,,0.0,,,,0.0,,,Fang,方,Shi(Mother of Shaoxin),氏(邵新母),19.0,0.0,Index year algorithmically generated: Rule 9W;,0.0,0.0,,,,,,,,,,,,,load,,1.0,2013-09-23 00:00:00,
243700,Fang Shi(Stepmother of Shaoxin),方氏(邵新繼母),,,,1.0,,,0.0,0.0,,,0.0,,,,0.0,,,,,,0.0,,,,0.0,,,Fang,方,Shi(Stepmother of Shaoxin),氏(邵新繼母),19.0,0.0,,0.0,0.0,,,,,,,,,,,,,load,,1.0,2013-09-23 00:00:00,
243701,Fang Shi(Wife of Shaoxin),方氏(邵新妻),1435.0,3.0,199343.0,1.0,,,0.0,0.0,,,0.0,,,,0.0,,,,,,0.0,,,,0.0,,,Fang,方,Shi(Wife of Shaoxin),氏(邵新妻),19.0,0.0,Index year algorithmically generated: Rule 4W;,0.0,0.0,,,,,,,,,,,,,load,,1.0,2013-09-23 00:00:00,
243980,Fang Shijian,方士堅,,,,0.0,,,0.0,0.0,,,0.0,,,,0.0,,,,,,0.0,,,,0.0,,,Fang,方,Shijian,士堅,19.0,0.0,,0.0,0.0,,,,,,,,,,,,,load,,1.0,2013-09-23 00:00:00,
243981,Fang Xie,方澥,,,,0.0,,,0.0,0.0,,,0.0,,,,0.0,,,,,,0.0,,,,0.0,,,Fang,方,Xie,澥,19.0,0.0,,0.0,0.0,,,,,,,,,,,,,load,,1.0,2013-09-23 00:00:00,
243982,Fang Xubo,方旭伯,1412.0,13.0,,0.0,6034.0,1.0,0.0,0.0,,,0.0,,,,0.0,,,,,,0.0,,,,0.0,,,Fang,方,Xubo,旭伯,19.0,0.0,Index year algorithmically generated: Rule 9;,0.0,0.0,,,,,,,,,,,,,load,,1.0,2013-09-23 00:00:00,
243985,Fang Dai,方岱,1444.0,19.0,,0.0,6034.0,1.0,0.0,0.0,,,0.0,,,,0.0,,,,,,0.0,,,,0.0,,,Fang,方,Dai,岱,19.0,0.0,Index year algorithmically generated: Rule 10;,0.0,0.0,,,,,,,,,,,,,load,,1.0,2013-09-23 00:00:00,
244190,Fang Shi(Mother of Helin),方氏(賀霖母),1414.0,15.0,,1.0,,,0.0,0.0,,,0.0,,,,0.0,,,,,,0.0,,,,0.0,,,Fang,方,Shi(Mother of Helin),氏(賀霖母),19.0,0.0,Index year algorithmically generated: Rule 9W;,0.0,0.0,,,,,,,,,,,,,load,,1.0,2013-09-23 00:00:00,
244766,Fang Shi(Wife of Zhangkan),方氏(張衎妻),1441.0,3.0,199420.0,1.0,,,0.0,0.0,,,0.0,,,,0.0,,,,,,0.0,,,,0.0,,,Fang,方,Shi(Wife of Zhangkan),氏(張衎妻),19.0,0.0,Index year algorithmically generated: Rule 4W;,0.0,0.0,,,,,,,,,,,,,load,,1.0,2013-09-23 00:00:00,
244768,Fang Siguang,方思廣,,,,0.0,,,0.0,0.0,,,0.0,,,,0.0,,,,,,0.0,,,,0.0,,,Fang,方,Siguang,思廣,19.0,0.0,,0.0,0.0,,,,,,,,,,,,,load,,1.0,2013-09-23 00:00:00,
244769,Fang Tingji,方廷積,,,,0.0,,,0.0,0.0,,,0.0,,,,0.0,,,,,,0.0,,,,0.0,,,Fang,方,Tingji,廷積,19.0,0.0,,0.0,0.0,,,,,,,,,,,,,load,,1.0,2013-09-23 00:00:00,
244770,Fang Bingling,方秉齡,1415.0,13.0,,0.0,6034.0,1.0,0.0,0.0,,,0.0,,,,0.0,,,,,,0.0,,,,0.0,,,Fang,方,Bingling,秉齡,19.0,0.0,Index year algorithmically generated: Rule 9;,0.0,0.0,,,,,,,,,,,,,load,,1.0,2013-09-23 00:00:00,
244773,Fang Zhang,方璋,1447.0,19.0,,0.0,6034.0,1.0,0.0,0.0,,,0.0,,,,0.0,,,,,,0.0,,,,0.0,,,Fang,方,Zhang,璋,19.0,0.0,Index year algorithmically generated: Rule 10;,0.0,0.0,,,,,,,,,,,,,load,,1.0,2013-09-23 00:00:00,
244774,Fang Shan,方珊,1447.0,19.0,,0.0,6034.0,1.0,0.0,0.0,,,0.0,,,,0.0,,,,,,0.0,,,,0.0,,,Fang,方,Shan,珊,19.0,0.0,Index year algorithmically generated: Rule 10;,0.0,0.0,,,,,,,,,,,,,load,,1.0,2013-09-23 00:00:00,
244979,Fang Shi(Father'S Late Wife of Wuzuo),方氏(吳祚前母),,,,1.0,,,0.0,0.0,,,0.0,,,,0.0,,,,,,0.0,,,,0.0,,,Fang,方,Shi(Father'S Late Wife of Wuzuo),氏(吳祚前母),19.0,0.0,,0.0,0.0,,,,,,,,,,,,,load,,1.0,2013-09-23 00:00:00,
245444,Fang Chengqing,方誠卿,,,,0.0,,,0.0,0.0,,,0.0,,,,0.0,,,,,,0.0,,,,0.0,,,Fang,方,Chengqing,誠卿,19.0,0.0,,0.0,0.0,,,,,,,,,,,,,load,,1.0,2013-09-23 00:00:00,
245445,Fang Mengzhen,方夢鎮,,,,0.0,,,0.0,0.0,,,0.0,,,,0.0,,,,,,0.0,,,,0.0,,,Fang,方,Mengzhen,夢鎮,19.0,0.0,,0.0,0.0,,,,,,,,,,,,,load,,1.0,2013-09-23 00:00:00,
245446,Fang Daozhao,方道昭,1412.0,13.0,,0.0,6034.0,1.0,0.0,0.0,,,0.0,,,,0.0,,,,,,0.0,,,,0.0,,,Fang,方,Daozhao,道昭,19.0,0.0,Index year algorithmically generated: Rule 9;,0.0,0.0,,,,,,,,,,,,,load,,1.0,2013-09-23 00:00:00,
245450,Fang Zongwei,方宗偉,1440.0,21.0,,0.0,6034.0,1.0,0.0,0.0,,,0.0,,,,0.0,,,,,,0.0,,,,0.0,,,Fang,方,Zongwei,宗偉,19.0,0.0,Index year algorithmically generated: Rule 11;,0.0,0.0,,,,,,,,,,,,,load,,1.0,2013-09-23 00:00:00,
245451,Fang Zhi,方誌,1440.0,21.0,,0.0,6034.0,1.0,0.0,0.0,,,0.0,,,,0.0,,,,,,0.0,,,,0.0,,,Fang,方,Zhi,誌,19.0,0.0,Index year algorithmically generated: Rule 11;,0.0,0.0,,,,,,,,,,,,,load,,1.0,2013-09-23 00:00:00,
245453,Fang Xianxin,方顯信,1440.0,21.0,,0.0,6034.0,1.0,0.0,0.0,,,0.0,,,,0.0,,,,,,0.0,,,,0.0,,,Fang,方,Xianxin,顯信,19.0,0.0,Index year algorithmically generated: Rule 11;,0.0,0.0,,,,,,,,,,,,,load,,1.0,2013-09-23 00:00:00,
245454,Fang Mou,方某,1440.0,21.0,,0.0,6034.0,1.0,0.0,0.0,,,0.0,,,,0.0,,,,,,0.0,,,,0.0,,,Fang,方,Mou,某,19.0,0.0,Index year algorithmically generated: Rule 11;,0.0,0.0,,,,,,,,,,,,,load,,1.0,2013-09-23 00:00:00,
245455,Fang Rong,方肜,1444.0,19.0,,0.0,6034.0,1.0,0.0,0.0,,,0.0,,,,0.0,,,,,,0.0,,,,0.0,,,Fang,方,Rong,肜,19.0,0.0,Index year algorithmically generated: Rule 10;,0.0,0.0,,,,,,,,,,,,,load,,1.0,2013-09-23 00:00:00,
245456,Fang Peng,方彭,1444.0,19.0,,0.0,6034.0,1.0,0.0,0.0,,,0.0,,,,0.0,,,,,,0.0,,,,0.0,,,Fang,方,Peng,彭,19.0,0.0,Index year algorithmically generated: Rule 10;,0.0,0.0,,,,,,,,,,,,,load,,1.0,2013-09-23 00:00:00,
245892,Fang Shi(Wife of Huchao),方氏(胡超妻),1428.0,3.0,129060.0,1.0,,,0.0,0.0,,,0.0,,,,0.0,,,,,,0.0,,,,0.0,,,Fang,方,Shi(Wife of Huchao),氏(胡超妻),19.0,0.0,Index year algorithmically generated: Rule 4W;,0.0,0.0,,,,,,,,,,,,,load,,1.0,2013-09-23 00:00:00,
246558,Fang Shihua,方世華,,,,0.0,,,0.0,0.0,,,0.0,,,,0.0,,,,,,0.0,,,,0.0,,,Fang,方,Shihua,世華,19.0,0.0,,0.0,0.0,,,,,,,,,,,,,load,,1.0,2013-09-23 00:00:00,
246559,Fang Bizheng,方必政,,,,0.0,,,0.0,0.0,,,0.0,,,,0.0,,,,,,0.0,,,,0.0,,,Fang,方,Bizheng,必政,19.0,0.0,,0.0,0.0,,,,,,,,,,,,,load,,1.0,2013-09-23 00:00:00,
246560,Fang Youdao,方有道,1413.0,13.0,,0.0,5902.0,1.0,0.0,0.0,,,0.0,,,,0.0,,,,,,0.0,,,,0.0,,,Fang,方,Youdao,有道,19.0,0.0,Index year algorithmically generated: Rule 9;,0.0,0.0,,,,,,,,,,,,,load,,1.0,2013-09-23 00:00:00,
246563,Fang Mao,方茂,1441.0,21.0,,0.0,5902.0,1.0,0.0,0.0,,,0.0,,,,0.0,,,,,,0.0,,,,0.0,,,Fang,方,Mao,茂,19.0,0.0,Index year algorithmically generated: Rule 11;,0.0,0.0,,,,,,,,,,,,,load,,1.0,2013-09-23 00:00:00,
246565,Fang Zan,方瓚,1441.0,21.0,,0.0,5902.0,1.0,0.0,0.0,,,0.0,,,,0.0,,,,,,0.0,,,,0.0,,,Fang,方,Zan,瓚,19.0,0.0,Index year algorithmically generated: Rule 11;,0.0,0.0,,,,,,,,,,,,,load,,1.0,2013-09-23 00:00:00,
246566,Fang Ying,方英,1445.0,19.0,,0.0,5902.0,1.0,0.0,0.0,,,0.0,,,,0.0,,,,,,0.0,,,,0.0,,,Fang,方,Ying,英,19.0,0.0,Index year algorithmically generated: Rule 10;,0.0,0.0,,,,,,,,,,,,,load,,1.0,2013-09-23 00:00:00,
246567,Fang Jun,方俊,1445.0,19.0,,0.0,5902.0,1.0,0.0,0.0,,,0.0,,,,0.0,,,,,,0.0,,,,0.0,,,Fang,方,Jun,俊,19.0,0.0,Index year algorithmically generated: Rule 10;,0.0,0.0,,,,,,,,,,,,,load,,1.0,2013-09-23 00:00:00,
246568,Fang Da,方達,1445.0,19.0,,0.0,5902.0,1.0,0.0,0.0,,,0.0,,,,0.0,,,,,,0.0,,,,0.0,,,Fang,方,Da,達,19.0,0.0,Index year algorithmically generated: Rule 10;,0.0,0.0,,,,,,,,,,,,,load,,1.0,2013-09-23 00:00:00,
247569,Fang Tianxiang,方天祥,,,,0.0,,,0.0,0.0,,,0.0,,,,0.0,,,,,,0.0,,,,0.0,,,Fang,方,Tianxiang,天祥,19.0,0.0,,0.0,0.0,,,,,,,,,,,,,load,,1.0,2013-09-23 00:00:00,
247570,Fang Jin,方進,,,,0.0,,,0.0,0.0,,,0.0,,,,0.0,,,,,,0.0,,,,0.0,,,Fang,方,Jin,進,19.0,0.0,,0.0,0.0,,,,,,,,,,,,,load,,1.0,2013-09-23 00:00:00,
247571,Fang Liang,方亮,1410.0,13.0,,0.0,4653.0,1.0,0.0,0.0,,,0.0,,,,0.0,,,,,,0.0,,,,0.0,,,Fang,方,Liang,亮,19.0,0.0,Index year algorithmically generated: Rule 9;,0.0,0.0,,,,,,,,,,,,,load,,1.0,2013-09-23 00:00:00,
247576,Fang Ju,方聚,1438.0,21.0,,0.0,4653.0,1.0,0.0,0.0,,,0.0,,,,0.0,,,,,,0.0,,,,0.0,,,Fang,方,Ju,聚,19.0,0.0,Index year algorithmically generated: Rule 11;,0.0,0.0,,,,,,,,,,,,,load,,1.0,2013-09-23 00:00:00,
247577,Fang Zhen,方振,1438.0,21.0,,0.0,4653.0,1.0,0.0,0.0,,,0.0,,,,0.0,,,,,,0.0,,,,0.0,,,Fang,方,Zhen,振,19.0,0.0,Index year algorithmically generated: Rule 11;,0.0,0.0,,,,,,,,,,,,,load,,1.0,2013-09-23 00:00:00,
247578,Fang Neng,方能,1438.0,21.0,,0.0,4653.0,1.0,0.0,0.0,,,0.0,,,,0.0,,,,,,0.0,,,,0.0,,,Fang,方,Neng,能,19.0,0.0,Index year algorithmically generated: Rule 11;,0.0,0.0,,,,,,,,,,,,,load,,1.0,2013-09-23 00:00:00,
247579,Fang Kai,方愷,1438.0,21.0,,0.0,4653.0,1.0,0.0,0.0,,,0.0,,,,0.0,,,,,,0.0,,,,0.0,,,Fang,方,Kai,愷,19.0,0.0,Index year algorithmically generated: Rule 11;,0.0,0.0,,,,,,,,,,,,,load,,1.0,2013-09-23 00:00:00,
247580,Fang Li,方里,1438.0,21.0,,0.0,4653.0,1.0,0.0,0.0,,,0.0,,,,0.0,,,,,,0.0,,,,0.0,,,Fang,方,Li,里,19.0,0.0,Index year algorithmically generated: Rule 11;,0.0,0.0,,,,,,,,,,,,,load,,1.0,2013-09-23 00:00:00,
247946,Fang Shi(Stepmother of Chenzhen),方氏(陳珍繼母),,,,1.0,,,0.0,0.0,,,0.0,,,,0.0,,,,,,0.0,,,,0.0,,,Fang,方,Shi(Stepmother of Chenzhen),氏(陳珍繼母),19.0,0.0,,0.0,0.0,,,,,,,,,,,,,load,,1.0,2013-09-23 00:00:00,
248257,Fang Shi(Wife of Luhong),方氏(盧鴻妻),1448.0,3.0,199669.0,1.0,,,0.0,0.0,,,0.0,,,,0.0,,,,,,0.0,,,,0.0,,,Fang,方,Shi(Wife of Luhong),氏(盧鴻妻),19.0,0.0,Index year algorithmically generated: Rule 4W;,0.0,0.0,,,,,,,,,,,,,load,,1.0,2013-09-23 00:00:00,
248368,Fang Shi(Mother of Zhurang),方氏(諸讓母),1412.0,15.0,,1.0,,,0.0,0.0,,,0.0,,,,0.0,,,,,,0.0,,,,0.0,,,Fang,方,Shi(Mother of Zhurang),氏(諸讓母),19.0,0.0,Index year algorithmically generated: Rule 9W;,0.0,0.0,,,,,,,,,,,,,load,,1.0,2013-09-23 00:00:00,
249690,Fang Shi(Wife of Yanjing),方氏(顏涇妻),1444.0,3.0,199790.0,1.0,,,0.0,0.0,,,0.0,,,,0.0,,,,,,0.0,,,,0.0,,,Fang,方,Shi(Wife of Yanjing),氏(顏涇妻),19.0,0.0,Index year algorithmically generated: Rule 4W;,0.0,0.0,,,,,,,,,,,,,load,,1.0,2013-09-23 00:00:00,
249691,Fang Ce,方策,,,,0.0,,,0.0,0.0,,,0.0,,,,0.0,,,,,,0.0,,,,0.0,,,Fang,方,Ce,策,19.0,0.0,,0.0,0.0,,,,,,,,,,,,,load,,1.0,2013-09-23 00:00:00,
249692,Fang Zheng,方正,,,,0.0,,,0.0,0.0,,,0.0,,,,0.0,,,,,,0.0,,,,0.0,,,Fang,方,Zheng,正,19.0,0.0,,0.0,0.0,,,,,,,,,,,,,load,,1.0,2013-09-23 00:00:00,
249693,Fang Zhao,方昭,1415.0,14.0,,0.0,4653.0,1.0,0.0,0.0,,,0.0,,,,0.0,,,,,,0.0,,,,0.0,,,Fang,方,Zhao,昭,19.0,0.0,,0.0,0.0,,,,,,,,,,,,,load,,1.0,2013-09-23 00:00:00,
249699,Fang Long,方隆,1443.0,22.0,,0.0,4653.0,1.0,0.0,0.0,,,0.0,,,,0.0,,,,,,0.0,,,,0.0,,,Fang,方,Long,隆,19.0,0.0,,0.0,0.0,,,,,,,,,,,,,load,,1.0,2013-09-23 00:00:00,
249700,Fang Ling,方陵,1443.0,22.0,,0.0,4653.0,1.0,0.0,0.0,,,0.0,,,,0.0,,,,,,0.0,,,,0.0,,,Fang,方,Ling,陵,19.0,0.0,,0.0,0.0,,,,,,,,,,,,,load,,1.0,2013-09-23 00:00:00,
249701,Fang Zuo,方阼,1443.0,22.0,,0.0,4653.0,1.0,0.0,0.0,,,0.0,,,,0.0,,,,,,0.0,,,,0.0,,,Fang,方,Zuo,阼,19.0,0.0,,0.0,0.0,,,,,,,,,,,,,load,,1.0,2013-09-23 00:00:00,
249702,Fang Yu,方隅,1443.0,22.0,,0.0,4653.0,1.0,0.0,0.0,,,0.0,,,,0.0,,,,,,0.0,,,,0.0,,,Fang,方,Yu,隅,19.0,0.0,,0.0,0.0,,,,,,,,,,,,,load,,1.0,2013-09-23 00:00:00,
249703,Fang Pei,方陪,1447.0,20.0,,0.0,4653.0,1.0,0.0,0.0,,,0.0,,,,0.0,,,,,,0.0,,,,0.0,,,Fang,方,Pei,陪,19.0,0.0,,0.0,0.0,,,,,,,,,,,,,load,,1.0,2013-09-23 00:00:00,
249704,Fang Yin,方隱,1447.0,20.0,,0.0,4653.0,1.0,0.0,0.0,,,0.0,,,,0.0,,,,,,0.0,,,,0.0,,,Fang,方,Yin,隱,19.0,0.0,,0.0,0.0,,,,,,,,,,,,,load,,1.0,2013-09-23 00:00:00,
249835,Fang Shi(Wife of Zhangguji),方氏(張穀繼妻),1436.0,3.0,199799.0,1.0,,,0.0,0.0,,,0.0,,,,0.0,,,,,,0.0,,,,0.0,,,Fang,方,Shi(Wife of Zhangguji),氏(張穀繼妻),19.0,0.0,Index year algorithmically generated: Rule 4W;,0.0,0.0,,,,,,,,,,,,,load,,1.0,2013-09-23 00:00:00,
250033,Fang Shi(Mother of Huqi),方氏(胡棨母),1412.0,15.0,,1.0,,,0.0,0.0,,,0.0,,,,0.0,,,,,,0.0,,,,0.0,,,Fang,方,Shi(Mother of Huqi),氏(胡棨母),19.0,0.0,Index year algorithmically generated: Rule 9W;,0.0,0.0,,,,,,,,,,,,,load,,1.0,2013-09-23 00:00:00,
250034,Fang Shi(Wife of Huqi),方氏(胡棨妻),1442.0,3.0,199815.0,1.0,,,0.0,0.0,,,0.0,,,,0.0,,,,,,0.0,,,,0.0,,,Fang,方,Shi(Wife of Huqi),氏(胡棨妻),19.0,0.0,Index year algorithmically generated: Rule 4W;,0.0,0.0,,,,,,,,,,,,,load,,1.0,2013-09-23 00:00:00,
250966,Fang Shi(Wife of Linjun),方氏(林俊妻),1455.0,3.0,24554.0,1.0,,,0.0,0.0,,,0.0,,,,0.0,,,,,,0.0,,,,0.0,,,Fang,方,Shi(Wife of Linjun),氏(林俊妻),19.0,0.0,Index year algorithmically generated: Rule 4W;,0.0,0.0,,,,,,,,,,,,,load,,1.0,2013-09-23 00:00:00,
251145,Fang Shi(Mother of Wangxiang),方氏(王珦母),,,,1.0,,,0.0,0.0,,,0.0,,,,0.0,,,,,,0.0,,,,0.0,,,Fang,方,Shi(Mother of Wangxiang),氏(王珦母),19.0,0.0,,0.0,0.0,,,,,,,,,,,,,load,,1.0,2013-09-23 00:00:00,
251169,Fang Shi(Wife of Yaoshao),方氏(姚紹妻),1443.0,3.0,199899.0,1.0,,,0.0,0.0,,,0.0,,,,0.0,,,,,,0.0,,,,0.0,,,Fang,方,Shi(Wife of Yaoshao),氏(姚紹妻),19.0,0.0,Index year algorithmically generated: Rule 4W;,0.0,0.0,,,,,,,,,,,,,load,,1.0,2013-09-23 00:00:00,
252258,Fang Shi(Hufu  Mu),方氏(胡富母),,,,1.0,,,0.0,0.0,,,0.0,,,,0.0,,,,,,0.0,,,,0.0,,,Fang,方,Shi(Hufu  Mu),氏(胡富  母),19.0,0.0,,0.0,0.0,,,,,,,,,,,,,load,,1.0,2013-09-23 00:00:00,
252297,Fang Shi(Mother of Huangjiefu),方氏(黃節甫母),1411.0,15.0,,1.0,,,0.0,0.0,,,0.0,,,,0.0,,,,,,0.0,,,,0.0,,,Fang,方,Shi(Mother of Huangjiefu),氏(黃節甫母),19.0,0.0,Index year algorithmically generated: Rule 9W;,0.0,0.0,,,,,,,,,,,,,load,,1.0,2013-09-23 00:00:00,
252662,Fang Shi(Stepmother of Hutan),方氏(許坦繼母),,,,1.0,,,0.0,0.0,,,0.0,,,,0.0,,,,,,0.0,,,,0.0,,,Fang,方,Shi(Stepmother of Hutan),氏(許坦繼母),19.0,0.0,,0.0,0.0,,,,,,,,,,,,,load,,1.0,2013-09-23 00:00:00,
253357,Fang Shi(Wife of Huyin),方氏(許誾妻),1424.0,3.0,198294.0,1.0,,,0.0,0.0,,,0.0,,,,0.0,,,,,,0.0,,,,0.0,,,Fang,方,Shi(Wife of Huyin),氏(許誾妻),19.0,0.0,Index year algorithmically generated: Rule 4W;,0.0,0.0,,,,,,,,,,,,,load,,1.0,2013-09-23 00:00:00,
253420,Fang Shi(Wife of Zhengda),方氏(鄭達妻),1443.0,3.0,200072.0,1.0,,,0.0,0.0,,,0.0,,,,0.0,,,,,,0.0,,,,0.0,,,Fang,方,Shi(Wife of Zhengda),氏(鄭達 妻),19.0,0.0,Index year algorithmically generated: Rule 4W;,0.0,0.0,,,,,,,,,,,,,load,,1.0,2013-09-23 00:00:00,
253543,Fang Boxiang,方伯祥,,,,0.0,,,0.0,0.0,,,0.0,,,,0.0,,,,,,0.0,,,,0.0,,,Fang,方,Boxiang,伯祥,19.0,0.0,,0.0,0.0,,,,,,,,,,,,,load,,1.0,2013-09-23 00:00:00,
253544,Fang Deyuan,方得遠,,,,0.0,,,0.0,0.0,,,0.0,,,,0.0,,,,,,0.0,,,,0.0,,,Fang,方,Deyuan,得遠,19.0,0.0,,0.0,0.0,,,,,,,,,,,,,load,,1.0,2013-09-23 00:00:00,
253545,Fang Shuxian,方叔賢,1407.0,13.0,,0.0,,,0.0,0.0,,,0.0,,,,0.0,,,,,,0.0,,,,0.0,,,Fang,方,Shuxian,叔賢,19.0,0.0,Index year algorithmically generated: Rule 9;,0.0,0.0,,,,,,,,,,,,,load,,1.0,2013-09-23 00:00:00,
253549,Fang Hong,方宏,1435.0,21.0,,0.0,,,0.0,0.0,,,0.0,,,,0.0,,,,,,0.0,,,,0.0,,,Fang,方,Hong,宏,19.0,0.0,Index year algorithmically generated: Rule 11;,0.0,0.0,,,,,,,,,,,,,load,,1.0,2013-09-23 00:00:00,
253614,Fang Shi(Stepmother of Wangying ),方氏(汪瀅繼母),,,,1.0,,,0.0,0.0,,,0.0,,,,0.0,,,,,,0.0,,,,0.0,,,Fang,方,Shi(Stepmother of Wangying ),氏(汪瀅 繼母),19.0,0.0,,0.0,0.0,,,,,,,,,,,,,load,,1.0,2013-09-23 00:00:00,
253989,Fang Sheng,方昇,,,,0.0,,,0.0,0.0,,,0.0,,,,0.0,,,,,,0.0,,,,0.0,,,Fang,方,Sheng,昇,19.0,0.0,,0.0,0.0,,,,,,,,,,,,,load,,1.0,2013-09-23 00:00:00,
253990,Fang Zhao,方昭,,,,0.0,,,0.0,0.0,,,0.0,,,,0.0,,,,,,0.0,,,,0.0,,,Fang,方,Zhao,昭,19.0,0.0,,0.0,0.0,,,,,,,,,,,,,load,,1.0,2013-09-23 00:00:00,
253991,Fang Zhe,方哲,1349.0,13.0,,0.0,5442.0,1.0,0.0,0.0,,,0.0,,,,0.0,,,,,,0.0,,,,0.0,,,Fang,方,Zhe,哲,19.0,0.0,Index year algorithmically generated: Rule 9;,0.0,0.0,,,,,,,,,,,,,load,,1.0,2013-09-23 00:00:00,
253994,Fang Han,方翰,1377.0,21.0,,0.0,5442.0,1.0,0.0,0.0,,,0.0,,,,0.0,,,,,,0.0,,,,0.0,,,Fang,方,Han,翰,19.0,0.0,Index year algorithmically generated: Rule 11;,0.0,0.0,,,,,,,,,,,,,load,,1.0,2013-09-23 00:00:00,
253995,Fang Gan,方幹,1377.0,21.0,,0.0,5442.0,1.0,0.0,0.0,,,0.0,,,,0.0,,,,,,0.0,,,,0.0,,,Fang,方,Gan,幹,19.0,0.0,Index year algorithmically generated: Rule 11;,0.0,0.0,,,,,,,,,,,,,load,,1.0,2013-09-23 00:00:00,
253996,Fang Que,方確,1377.0,21.0,,0.0,5442.0,1.0,0.0,0.0,,,0.0,,,,0.0,,,,,,0.0,,,,0.0,,,Fang,方,Que,確,19.0,0.0,Index year algorithmically generated: Rule 11;,0.0,0.0,,,,,,,,,,,,,load,,1.0,2013-09-23 00:00:00,
253997,Fang Wusai,方五塞,1381.0,19.0,,0.0,5442.0,1.0,0.0,0.0,,,0.0,,,,0.0,,,,,,0.0,,,,0.0,,,Fang,方,Wusai,五塞,19.0,0.0,Index year algorithmically generated: Rule 10;,0.0,0.0,,,,,,,,,,,,,load,,1.0,2013-09-23 00:00:00,
254100,Fang Shi(Mother of Fenggui),方氏(馮貴母),,,,1.0,,,0.0,0.0,,,0.0,,,,0.0,,,,,,0.0,,,,0.0,,,Fang,方,Shi(Mother of Fenggui),氏(馮貴母),19.0,0.0,,0.0,0.0,,,,,,,,,,,,,load,,1.0,2013-09-23 00:00:00,
254130,Fang Shi(Mother of Xiongwenshou),方氏(熊文綬母),1345.0,15.0,,1.0,,,0.0,0.0,,,0.0,,,,0.0,,,,,,0.0,,,,0.0,,,Fang,方,Shi(Mother of Xiongwenshou),氏(熊文綬母),19.0,0.0,Index year algorithmically generated: Rule 9W;,0.0,0.0,,,,,,,,,,,,,load,,1.0,2013-09-23 00:00:00,
254131,Fang Shi(Wife of Xiongwenshou),方氏(熊文綬妻),1375.0,3.0,200134.0,1.0,,,0.0,0.0,,,0.0,,,,0.0,,,,,,0.0,,,,0.0,,,Fang,方,Shi(Wife of Xiongwenshou),氏(熊文綬妻),19.0,0.0,Index year algorithmically generated: Rule 4W;,0.0,0.0,,,,,,,,,,,,,load,,1.0,2013-09-23 00:00:00,
254465,Fang Shi(Mother of Tangjixiang),方氏(唐吉祥母),1343.0,16.0,,1.0,,,0.0,0.0,,,0.0,,,,0.0,,,,,,0.0,,,,0.0,,,Fang,方,Shi(Mother of Tangjixiang),氏(唐吉祥母),19.0,0.0,Index year algorithmically generated: Rule 15W;,0.0,0.0,,,,,,,,,,,,,load,,1.0,2013-09-23 00:00:00,
254514,Fang Shi(Mother of Tongquan),方氏(童銓母),1345.0,15.0,,1.0,,,0.0,0.0,,,0.0,,,,0.0,,,,,,0.0,,,,0.0,,,Fang,方,Shi(Mother of Tongquan),氏(童銓母),19.0,0.0,Index year algorithmically generated: Rule 9W;,0.0,0.0,,,,,,,,,,,,,load,,1.0,2013-09-23 00:00:00,
254515,Fang Shi(Wife of Tongquan),方氏(童銓妻),1375.0,3.0,200175.0,1.0,,,0.0,0.0,,,0.0,,,,0.0,,,,,,0.0,,,,0.0,,,Fang,方,Shi(Wife of Tongquan),氏(童銓妻),19.0,0.0,Index year algorithmically generated: Rule 4W;,0.0,0.0,,,,,,,,,,,,,load,,1.0,2013-09-23 00:00:00,
254851,Fang Shi(Stepmother of Yuzongfu),方氏(喻宗府繼母),,,,1.0,,,0.0,0.0,,,0.0,,,,0.0,,,,,,0.0,,,,0.0,,,Fang,方,Shi(Stepmother of Yuzongfu),氏(喻宗府繼母),19.0,0.0,,0.0,0.0,,,,,,,,,,,,,load,,1.0,2013-09-23 00:00:00,
255024,Fang Shi(Stepmother of Guxiong),方氏(顧雄繼母),,,,1.0,,,0.0,0.0,,,0.0,,,,0.0,,,,,,0.0,,,,0.0,,,Fang,方,Shi(Stepmother of Guxiong),氏(顧雄繼母),19.0,0.0,,0.0,0.0,,,,,,,,,,,,,load,,1.0,2013-09-23 00:00:00,
255123,Fang Shi(Mother of Wangyou),方氏(王宥母),1424.0,15.0,,1.0,,,0.0,0.0,,,0.0,,,,0.0,,,,,,0.0,,,,0.0,,,Fang,方,Shi(Mother of Wangyou),氏(王宥母),19.0,0.0,Index year algorithmically generated: Rule 9W;,0.0,0.0,,,,,,,,,,,,,load,,1.0,2013-09-23 00:00:00,
255439,Fang Fa,方法,,,,0.0,,,0.0,0.0,,,0.0,,,,0.0,,,,,,0.0,,,,0.0,,,Fang,方,Fa,法,19.0,0.0,,0.0,0.0,,,,,,,,,,,,,load,,1.0,2013-09-23 00:00:00,
255440,Fang Mao,方懋,,,,0.0,,,0.0,0.0,,,0.0,,,,0.0,,,,,,0.0,,,,0.0,,,Fang,方,Mao,懋,19.0,0.0,,0.0,0.0,,,,,,,,,,,,,load,,1.0,2013-09-23 00:00:00,
255441,Fang Yu,方瑜,1421.0,14.0,,0.0,4664.0,1.0,0.0,0.0,,,0.0,,,,0.0,,,,,,0.0,,,,0.0,,,Fang,方,Yu,瑜,19.0,0.0,,0.0,0.0,,,,,,,,,,,,,load,,1.0,2013-09-23 00:00:00,
255444,Fang Xi,方璽,1449.0,22.0,,0.0,4664.0,1.0,0.0,0.0,,,0.0,,,,0.0,,,,,,0.0,,,,0.0,,,Fang,方,Xi,璽,19.0,0.0,,0.0,0.0,,,,,,,,,,,,,load,,1.0,2013-09-23 00:00:00,
255445,Fang Zhou,方舟,1449.0,22.0,,0.0,4664.0,1.0,0.0,0.0,,,0.0,,,,0.0,,,,,,0.0,,,,0.0,,,Fang,方,Zhou,舟,19.0,0.0,,0.0,0.0,,,,,,,,,,,,,load,,1.0,2013-09-23 00:00:00,
255503,Fang Shi(Mother of Chenxuan),方氏(陳宣母),1411.0,15.0,,1.0,,,0.0,0.0,,,0.0,,,,0.0,,,,,,0.0,,,,0.0,,,Fang,方,Shi(Mother of Chenxuan),氏(陳宣母),19.0,0.0,Index year algorithmically generated: Rule 9W;,0.0,0.0,,,,,,,,,,,,,load,,1.0,2013-09-23 00:00:00,
256468,Fang Shi(Mother Blood-Related of Yuanqian),方氏(袁燫生母),,,,1.0,,,0.0,0.0,,,0.0,,,,0.0,,,,,,0.0,,,,0.0,,,Fang,方,Shi(Mother Blood-Related of Yuanqian),氏(袁燫生母),19.0,0.0,,0.0,0.0,,,,,,,,,,,,,load,,1.0,2013-09-23 00:00:00,
256641,Fang Shi(Mother of Wanghan),方氏(汪瀚母),1413.0,15.0,,1.0,,,0.0,0.0,,,0.0,,,,0.0,,,,,,0.0,,,,0.0,,,Fang,方,Shi(Mother of Wanghan),氏(汪瀚母),19.0,0.0,Index year algorithmically generated: Rule 9W;,0.0,0.0,,,,,,,,,,,,,load,,1.0,2013-09-23 00:00:00,
256830,Fang Shi(Mother of Chengyu),方氏(程愈母),1411.0,15.0,,1.0,,,0.0,0.0,,,0.0,,,,0.0,,,,,,0.0,,,,0.0,,,Fang,方,Shi(Mother of Chengyu),氏(程愈母),19.0,0.0,Index year algorithmically generated: Rule 9W;,0.0,0.0,,,,,,,,,,,,,load,,1.0,2013-09-23 00:00:00,
256971,Fang Shi(Wife of Yuxun),方氏(余絢妻),1447.0,3.0,200378.0,1.0,,,0.0,0.0,,,0.0,,,,0.0,,,,,,0.0,,,,0.0,,,Fang,方,Shi(Wife of Yuxun),氏(余絢妻),19.0,0.0,Index year algorithmically generated: Rule 4W;,0.0,0.0,,,,,,,,,,,,,load,,1.0,2013-09-23 00:00:00,
257074,Fang Shi(Mother of Wangyue),方氏(王嶽母),1421.0,15.0,,1.0,,,0.0,0.0,,,0.0,,,,0.0,,,,,,0.0,,,,0.0,,,Fang,方,Shi(Mother of Wangyue),氏(王嶽母),19.0,0.0,Index year algorithmically generated: Rule 9W;,0.0,0.0,,,,,,,,,,,,,load,,1.0,2013-09-23 00:00:00,
257179,Fang Shi(Mother of Lizhengang),方氏(李振綱母),1425.0,15.0,,1.0,,,0.0,0.0,,,0.0,,,,0.0,,,,,,0.0,,,,0.0,,,Fang,方,Shi(Mother of Lizhengang),氏(李振綱母),19.0,0.0,Index year algorithmically generated: Rule 9W;,0.0,0.0,,,,,,,,,,,,,load,,1.0,2013-09-23 00:00:00,
257593,Fang Shi(Wife of Chenhao),方氏(陳鎬妻),1460.0,6.0,68020.0,1.0,,,0.0,0.0,,,0.0,,,,0.0,,,,,,0.0,,,,0.0,,,Fang,方,Shi(Wife of Chenhao),氏(陳鎬妻),19.0,0.0,,0.0,0.0,,,,,,,,,,,,,load,,1.0,2013-09-23 00:00:00,
257776,Fang Shi(Mother of Fanping),方氏(范玶母),1426.0,15.0,,1.0,,,0.0,0.0,,,0.0,,,,0.0,,,,,,0.0,,,,0.0,,,Fang,方,Shi(Mother of Fanping),氏(范玶母),19.0,0.0,Index year algorithmically generated: Rule 9W;,0.0,0.0,,,,,,,,,,,,,load,,1.0,2013-09-23 00:00:00,
258172,Fang Shian,方仕安,,,,0.0,,,0.0,0.0,,,0.0,,,,0.0,,,,,,0.0,,,,0.0,,,Fang,方,Shian,仕安,19.0,0.0,,0.0,0.0,,,,,,,,,,,,,load,,1.0,2013-09-23 00:00:00,
258173,Fang Daoyin,方道隱,,,,0.0,,,0.0,0.0,,,0.0,,,,0.0,,,,,,0.0,,,,0.0,,,Fang,方,Daoyin,道隱,19.0,0.0,,0.0,0.0,,,,,,,,,,,,,load,,1.0,2013-09-23 00:00:00,
258174,Fang Jingyuan,方景元,1423.0,13.0,,0.0,5449.0,1.0,0.0,0.0,,,0.0,,,,0.0,,,,,,0.0,,,,0.0,,,Fang,方,Jingyuan,景元,19.0,0.0,Index year algorithmically generated: Rule 9;,0.0,0.0,,,,,,,,,,,,,load,,1.0,2013-09-23 00:00:00,
258178,Fang Qi,方麒,1451.0,21.0,,0.0,5449.0,1.0,0.0,0.0,,,0.0,,,,0.0,,,,,,0.0,,,,0.0,,,Fang,方,Qi,麒,19.0,0.0,Index year algorithmically generated: Rule 11;,0.0,0.0,,,,,,,,,,,,,load,,1.0,2013-09-23 00:00:00,
258179,Fang Lin,方麟,1451.0,21.0,,0.0,5449.0,1.0,0.0,0.0,,,0.0,,,,0.0,,,,,,0.0,,,,0.0,,,Fang,方,Lin,麟,19.0,0.0,Index year algorithmically generated: Rule 11;,0.0,0.0,,,,,,,,,,,,,load,,1.0,2013-09-23 00:00:00,
258181,Fang Zhi,方智,1451.0,21.0,,0.0,5449.0,1.0,0.0,0.0,,,0.0,,,,0.0,,,,,,0.0,,,,0.0,,,Fang,方,Zhi,智,19.0,0.0,Index year algorithmically generated: Rule 11;,0.0,0.0,,,,,,,,,,,,,load,,1.0,2013-09-23 00:00:00,
258792,Fang Shi(Wife of Zhengzhao),方氏(鄭炤妻),1466.0,3.0,200494.0,1.0,,,0.0,0.0,,,0.0,,,,0.0,,,,,,0.0,,,,0.0,,,Fang,方,Shi(Wife of Zhengzhao),氏(鄭炤妻),19.0,0.0,Index year algorithmically generated: Rule 4W;,0.0,0.0,,,,,,,,,,,,,load,,1.0,2013-09-23 00:00:00,
259254,Fang Yuanzheng,方原正,,,,0.0,,,0.0,0.0,,,0.0,,,,0.0,,,,,,0.0,,,,0.0,,,Fang,方,Yuanzheng,原正,19.0,0.0,,0.0,0.0,,,,,,,,,,,,,load,,1.0,2013-09-23 00:00:00,
259255,Fang Yu,方玉,,,,0.0,,,0.0,0.0,,,0.0,,,,0.0,,,,,,0.0,,,,0.0,,,Fang,方,Yu,玉,19.0,0.0,,0.0,0.0,,,,,,,,,,,,,load,,1.0,2013-09-23 00:00:00,
259256,Fang Zuo,方祚,1420.0,13.0,,0.0,300309.0,1.0,0.0,0.0,,,0.0,,,,0.0,,,,,,0.0,,,,0.0,,,Fang,方,Zuo,祚,19.0,0.0,Index year algorithmically generated: Rule 9;,0.0,0.0,,,,,,,,,,,,,load,,1.0,2013-09-23 00:00:00,
259261,Fang Tianxiang,方天祥,1448.0,21.0,,0.0,300309.0,1.0,0.0,0.0,,,0.0,,,,0.0,,,,,,0.0,,,,0.0,,,Fang,方,Tianxiang,天祥,19.0,0.0,Index year algorithmically generated: Rule 11;,0.0,0.0,,,,,,,,,,,,,load,,1.0,2013-09-23 00:00:00,
259262,Fang Tianrui,方天瑞,1448.0,21.0,,0.0,300309.0,1.0,0.0,0.0,,,0.0,,,,0.0,,,,,,0.0,,,,0.0,,,Fang,方,Tianrui,天瑞,19.0,0.0,Index year algorithmically generated: Rule 11;,0.0,0.0,,,,,,,,,,,,,load,,1.0,2013-09-23 00:00:00,
259263,Fang Tianqi,方天奇,1452.0,19.0,,0.0,300309.0,1.0,0.0,0.0,,,0.0,,,,0.0,,,,,,0.0,,,,0.0,,,Fang,方,Tianqi,天奇,19.0,0.0,Index year algorithmically generated: Rule 10;,0.0,0.0,,,,,,,,,,,,,load,,1.0,2013-09-23 00:00:00,
259264,Fang Tianlun,方天倫,1452.0,19.0,,0.0,300309.0,1.0,0.0,0.0,,,0.0,,,,0.0,,,,,,0.0,,,,0.0,,,Fang,方,Tianlun,天倫,19.0,0.0,Index year algorithmically generated: Rule 10;,0.0,0.0,,,,,,,,,,,,,load,,1.0,2013-09-23 00:00:00,
259265,Fang Tianxu,方天敘,1452.0,19.0,,0.0,300309.0,1.0,0.0,0.0,,,0.0,,,,0.0,,,,,,0.0,,,,0.0,,,Fang,方,Tianxu,天敘,19.0,0.0,Index year algorithmically generated: Rule 10;,0.0,0.0,,,,,,,,,,,,,load,,1.0,2013-09-23 00:00:00,
259266,Fang Tianzhi,方天秩,1452.0,19.0,,0.0,300309.0,1.0,0.0,0.0,,,0.0,,,,0.0,,,,,,0.0,,,,0.0,,,Fang,方,Tianzhi,天秩,19.0,0.0,Index year algorithmically generated: Rule 10;,0.0,0.0,,,,,,,,,,,,,load,,1.0,2013-09-23 00:00:00,
259394,Fang Shi(Stepmother of Zhanglan),方氏(張瀾繼母),,,,1.0,,,0.0,0.0,,,0.0,,,,0.0,,,,,,0.0,,,,0.0,,,Fang,方,Shi(Stepmother of Zhanglan),氏(張瀾繼母),19.0,0.0,,0.0,0.0,,,,,,,,,,,,,load,,1.0,2013-09-23 00:00:00,
259972,Fang Tongweng,方仝翁,,,,0.0,,,0.0,0.0,,,0.0,,,,0.0,,,,,,0.0,,,,0.0,,,Fang,方,Tongweng,仝翁,19.0,0.0,,0.0,0.0,,,,,,,,,,,,,load,,1.0,2013-09-23 00:00:00,
259973,Fang Zuo,方佐,,,,0.0,,,0.0,0.0,,,0.0,,,,0.0,,,,,,0.0,,,,0.0,,,Fang,方,Zuo,佐,19.0,0.0,,0.0,0.0,,,,,,,,,,,,,load,,1.0,2013-09-23 00:00:00,
259974,Fang Yu,方愚,1422.0,13.0,,0.0,5407.0,1.0,0.0,0.0,,,0.0,,,,0.0,,,,,,0.0,,,,0.0,,,Fang,方,Yu,愚,19.0,0.0,Index year algorithmically generated: Rule 9;,0.0,0.0,,,,,,,,,,,,,load,,1.0,2013-09-23 00:00:00,
259978,Fang Dai,方詒,1454.0,19.0,,0.0,5407.0,1.0,0.0,0.0,,,0.0,,,,0.0,,,,,,0.0,,,,0.0,,,Fang,方,Dai,詒,19.0,0.0,Index year algorithmically generated: Rule 10;,0.0,0.0,,,,,,,,,,,,,load,,1.0,2013-09-23 00:00:00,
259980,Fang Xu,方詡,1454.0,19.0,,0.0,5407.0,1.0,0.0,0.0,,,0.0,,,,0.0,,,,,,0.0,,,,0.0,,,Fang,方,Xu,詡,19.0,0.0,Index year algorithmically generated: Rule 10;,0.0,0.0,,,,,,,,,,,,,load,,1.0,2013-09-23 00:00:00,
259981,Fang Yuan,方謜,1454.0,19.0,,0.0,5407.0,1.0,0.0,0.0,,,0.0,,,,0.0,,,,,,0.0,,,,0.0,,,Fang,方,Yuan,謜,19.0,0.0,Index year algorithmically generated: Rule 10;,0.0,0.0,,,,,,,,,,,,,load,,1.0,2013-09-23 00:00:00,
260139,Fang Dayong,方達用,,,,0.0,,,0.0,0.0,,,0.0,,,,0.0,,,,,,0.0,,,,0.0,,,Fang,方,Dayong,達用,19.0,0.0,,0.0,0.0,,,,,,,,,,,,,load,,1.0,2013-09-23 00:00:00,
260140,Fang Man,方滿,,,,0.0,,,0.0,0.0,,,0.0,,,,0.0,,,,,,0.0,,,,0.0,,,Fang,方,Man,滿,19.0,0.0,,0.0,0.0,,,,,,,,,,,,,load,,1.0,2013-09-23 00:00:00,
260141,Fang Sheng,方昇,1430.0,13.0,,0.0,6237.0,1.0,0.0,0.0,,,0.0,,,,0.0,,,,,,0.0,,,,0.0,,,Fang,方,Sheng,昇,19.0,0.0,Index year algorithmically generated: Rule 9;,0.0,0.0,,,,,,,,,,,,,load,,1.0,2013-09-23 00:00:00,
260144,Fang Hong,方洪,1458.0,21.0,,0.0,6237.0,1.0,0.0,0.0,,,0.0,,,,0.0,,,,,,0.0,,,,0.0,,,Fang,方,Hong,洪,19.0,0.0,Index year algorithmically generated: Rule 11;,0.0,0.0,,,,,,,,,,,,,load,,1.0,2013-09-23 00:00:00,
260146,Fang Yuan,方源,1458.0,21.0,,0.0,6237.0,1.0,0.0,0.0,,,0.0,,,,0.0,,,,,,0.0,,,,0.0,,,Fang,方,Yuan,源,19.0,0.0,Index year algorithmically generated: Rule 11;,0.0,0.0,,,,,,,,,,,,,load,,1.0,2013-09-23 00:00:00,
260147,Fang Qing,方清,1458.0,21.0,,0.0,6237.0,1.0,0.0,0.0,,,0.0,,,,0.0,,,,,,0.0,,,,0.0,,,Fang,方,Qing,清,19.0,0.0,Index year algorithmically generated: Rule 11;,0.0,0.0,,,,,,,,,,,,,load,,1.0,2013-09-23 00:00:00,
261197,Fang Mengzhang,方孟章,,,,0.0,,,0.0,0.0,,,0.0,,,,0.0,,,,,,0.0,,,,0.0,,,Fang,方,Mengzhang,孟章,19.0,0.0,,0.0,0.0,,,,,,,,,,,,,load,,1.0,2013-09-23 00:00:00,
261198,Fang Xianghui,方象輝,,,,0.0,,,0.0,0.0,,,0.0,,,,0.0,,,,,,0.0,,,,0.0,,,Fang,方,Xianghui,象輝,19.0,0.0,,0.0,0.0,,,,,,,,,,,,,load,,1.0,2013-09-23 00:00:00,
261199,Fang Chaoshen,方朝深,1431.0,13.0,,0.0,6034.0,1.0,0.0,0.0,,,0.0,,,,0.0,,,,,,0.0,,,,0.0,,,Fang,方,Chaoshen,朝深,19.0,0.0,Index year algorithmically generated: Rule 9;,0.0,0.0,,,,,,,,,,,,,load,,1.0,2013-09-23 00:00:00,
261204,Fang Liangsheng,方良盛,1463.0,19.0,,0.0,6034.0,1.0,0.0,0.0,,,0.0,,,,0.0,,,,,,0.0,,,,0.0,,,Fang,方,Liangsheng,良盛,19.0,0.0,Index year algorithmically generated: Rule 10;,0.0,0.0,,,,,,,,,,,,,load,,1.0,2013-09-23 00:00:00,
261205,Fang Liangcai,方良材,1463.0,19.0,,0.0,6034.0,1.0,0.0,0.0,,,0.0,,,,0.0,,,,,,0.0,,,,0.0,,,Fang,方,Liangcai,良材,19.0,0.0,Index year algorithmically generated: Rule 10;,0.0,0.0,,,,,,,,,,,,,load,,1.0,2013-09-23 00:00:00,
261416,Fang Shi(Mother of Huangyu),方氏(黃顒母),1436.0,15.0,,1.0,,,0.0,0.0,,,0.0,,,,0.0,,,,,,0.0,,,,0.0,,,Fang,方,Shi(Mother of Huangyu),氏(黃顒母),19.0,0.0,Index year algorithmically generated: Rule 9W;,0.0,0.0,,,,,,,,,,,,,load,,1.0,2013-09-23 00:00:00,
261554,Fang Shi(Wife of Wusheng),方氏(吳晟妻),1453.0,3.0,200696.0,1.0,,,0.0,0.0,,,0.0,,,,0.0,,,,,,0.0,,,,0.0,,,Fang,方,Shi(Wife of Wusheng),氏(吳晟妻),19.0,0.0,Index year algorithmically generated: Rule 4W;,0.0,0.0,,,,,,,,,,,,,load,,1.0,2013-09-23 00:00:00,
261869,Fang Zongmou,方宗侔,1453.0,21.0,,0.0,6034.0,1.0,0.0,0.0,,,0.0,,,,0.0,,,,,,0.0,,,,0.0,,,Fang,方,Zongmou,宗侔,19.0,0.0,Index year algorithmically generated: Rule 11;,0.0,0.0,,,,,,,,,,,,,load,,1.0,2013-09-23 00:00:00,
261873,Fang Bin,方彬,1453.0,21.0,,0.0,6034.0,1.0,0.0,0.0,,,0.0,,,,0.0,,,,,,0.0,,,,0.0,,,Fang,方,Bin,彬,19.0,0.0,Index year algorithmically generated: Rule 11;,0.0,0.0,,,,,,,,,,,,,load,,1.0,2013-09-23 00:00:00,
261874,Fang Hong,方宏,1457.0,19.0,,0.0,6034.0,1.0,0.0,0.0,,,0.0,,,,0.0,,,,,,0.0,,,,0.0,,,Fang,方,Hong,宏,19.0,0.0,Index year algorithmically generated: Rule 10;,0.0,0.0,,,,,,,,,,,,,load,,1.0,2013-09-23 00:00:00,
262312,Fang Shi(Mother of Sunwuqing),方氏(孫武卿母),1426.0,15.0,,1.0,,,0.0,0.0,,,0.0,,,,0.0,,,,,,0.0,,,,0.0,,,Fang,方,Shi(Mother of Sunwuqing),氏(孫武卿母),19.0,0.0,Index year algorithmically generated: Rule 9W;,0.0,0.0,,,,,,,,,,,,,load,,1.0,2013-09-23 00:00:00,
262478,Fang Shi(Wife of Zhengshizhong),方氏(鄭士忠妻),1463.0,3.0,200755.0,1.0,,,0.0,0.0,,,0.0,,,,0.0,,,,,,0.0,,,,0.0,,,Fang,方,Shi(Wife of Zhengshizhong),氏(鄭士忠妻),19.0,0.0,Index year algorithmically generated: Rule 4W;,0.0,0.0,,,,,,,,,,,,,load,,1.0,2013-09-23 00:00:00,
263003,Fang Hui,方回,,,,0.0,,,0.0,0.0,,,0.0,,,,0.0,,,,,,0.0,,,,0.0,,,Fang,方,Hui,回,19.0,0.0,,0.0,0.0,,,,,,,,,,,,,load,,1.0,2013-09-23 00:00:00,
263014,Fang Fu,方復,,,,0.0,,,0.0,0.0,,,0.0,,,,0.0,,,,,,0.0,,,,0.0,,,Fang,方,Fu,復,19.0,0.0,,0.0,0.0,,,,,,,,,,,,,load,,1.0,2013-09-23 00:00:00,
263025,Fang Zhi,方智,1397.0,13.0,,0.0,6034.0,1.0,0.0,0.0,,,0.0,,,,0.0,,,,,,0.0,,,,0.0,,,Fang,方,Zhi,智,19.0,0.0,Index year algorithmically generated: Rule 9;,0.0,0.0,,,,,,,,,,,,,load,,1.0,2013-09-23 00:00:00,
263058,Fang Shu,方述,1425.0,21.0,,0.0,6034.0,1.0,0.0,0.0,,,0.0,,,,0.0,,,,,,0.0,,,,0.0,,,Fang,方,Shu,述,19.0,0.0,Index year algorithmically generated: Rule 11;,0.0,0.0,,,,,,,,,,,,,load,,1.0,2013-09-23 00:00:00,
263069,Fang Da,方達,1425.0,21.0,,0.0,6034.0,1.0,0.0,0.0,,,0.0,,,,0.0,,,,,,0.0,,,,0.0,,,Fang,方,Da,達,19.0,0.0,Index year algorithmically generated: Rule 11;,0.0,0.0,,,,,,,,,,,,,load,,1.0,2013-09-23 00:00:00,
263081,Fang Sui,方遂,1425.0,21.0,,0.0,6034.0,1.0,0.0,0.0,,,0.0,,,,0.0,,,,,,0.0,,,,0.0,,,Fang,方,Sui,遂,19.0,0.0,Index year algorithmically generated: Rule 11;,0.0,0.0,,,,,,,,,,,,,load,,1.0,2013-09-23 00:00:00,
263092,Fang Xuan,方選,1425.0,21.0,,0.0,6034.0,1.0,0.0,0.0,,,0.0,,,,0.0,,,,,,0.0,,,,0.0,,,Fang,方,Xuan,選,19.0,0.0,Index year algorithmically generated: Rule 11;,0.0,0.0,,,,,,,,,,,,,load,,1.0,2013-09-23 00:00:00,
263203,Fang Shi(Mother of Zhenghua),方氏(鄭華母),1394.0,15.0,,1.0,,,0.0,0.0,,,0.0,,,,0.0,,,,,,0.0,,,,0.0,,,Fang,方,Shi(Mother of Zhenghua),氏(鄭華母),19.0,0.0,Index year algorithmically generated: Rule 9W;,0.0,0.0,,,,,,,,,,,,,load,,1.0,2013-09-23 00:00:00,
263413,Fang Shi(Mother of Sunren),方氏(孫仁母),,,,1.0,,,0.0,0.0,,,0.0,,,,0.0,,,,,,0.0,,,,0.0,,,Fang,方,Shi(Mother of Sunren),氏(孫仁母),19.0,0.0,,0.0,0.0,,,,,,,,,,,,,load,,1.0,2013-09-23 00:00:00,
263875,Fang Shishou,方師授,,,,0.0,,,0.0,0.0,,,0.0,,,,0.0,,,,,,0.0,,,,0.0,,,Fang,方,Shishou,師授,19.0,0.0,,0.0,0.0,,,,,,,,,,,,,load,,1.0,2013-09-23 00:00:00,
263876,Fang Zhong,方仲,,,,0.0,,,0.0,0.0,,,0.0,,,,0.0,,,,,,0.0,,,,0.0,,,Fang,方,Zhong,仲,19.0,0.0,,0.0,0.0,,,,,,,,,,,,,load,,1.0,2013-09-23 00:00:00,
263877,Fang Kuan,方寬,1428.0,13.0,,0.0,6034.0,1.0,0.0,0.0,,,0.0,,,,0.0,,,,,,0.0,,,,0.0,,,Fang,方,Kuan,寬,19.0,0.0,Index year algorithmically generated: Rule 9;,0.0,0.0,,,,,,,,,,,,,load,,1.0,2013-09-23 00:00:00,
263880,Fang Jie,方玠,1460.0,19.0,,0.0,6034.0,1.0,0.0,0.0,,,0.0,,,,0.0,,,,,,0.0,,,,0.0,,,Fang,方,Jie,玠,19.0,0.0,Index year algorithmically generated: Rule 10;,0.0,0.0,,,,,,,,,,,,,load,,1.0,2013-09-23 00:00:00,
264067,Fang Shi(Wife of Zhoujifeng),方氏(周季鳳妻),1467.0,3.0,128832.0,1.0,,,0.0,0.0,,,0.0,,,,0.0,,,,,,0.0,,,,0.0,,,Fang,方,Shi(Wife of Zhoujifeng),氏(周季鳳妻),19.0,0.0,Index year algorithmically generated: Rule 4W;,0.0,0.0,,,,,,,,,,,,,load,,1.0,2013-09-23 00:00:00,
264226,Fang Shi(Wife of Likuan),方氏(李寬妻),1459.0,3.0,200890.0,1.0,,,0.0,0.0,,,0.0,,,,0.0,,,,,,0.0,,,,0.0,,,Fang,方,Shi(Wife of Likuan),氏(李寬妻),19.0,0.0,Index year algorithmically generated: Rule 4W;,0.0,0.0,,,,,,,,,,,,,load,,1.0,2013-09-23 00:00:00,
264373,Fang Shi(Mother of Zhangchao),方氏(張綽母),1424.0,15.0,,1.0,,,0.0,0.0,,,0.0,,,,0.0,,,,,,0.0,,,,0.0,,,Fang,方,Shi(Mother of Zhangchao),氏(張綽母),19.0,0.0,Index year algorithmically generated: Rule 9W;,0.0,0.0,,,,,,,,,,,,,load,,1.0,2013-09-23 00:00:00,
264717,Fang Shi(Mother of Wangchun),方氏(王純母),,,,1.0,,,0.0,0.0,,,0.0,,,,0.0,,,,,,0.0,,,,0.0,,,Fang,方,Shi(Mother of Wangchun),氏(王純母),19.0,0.0,,0.0,0.0,,,,,,,,,,,,,load,,1.0,2013-09-23 00:00:00,
265060,Fang Shi(Wife of Liuyu),方氏(劉瑜妻),1467.0,3.0,200950.0,1.0,,,0.0,0.0,,,0.0,,,,0.0,,,,,,0.0,,,,0.0,,,Fang,方,Shi(Wife of Liuyu),氏(劉瑜妻),19.0,0.0,Index year algorithmically generated: Rule 4W;,0.0,0.0,,,,,,,,,,,,,load,,1.0,2013-09-23 00:00:00,
265164,Fang Shi(Mother of Chengzhongxian),方氏(程忠顯母),1442.0,15.0,,1.0,,,0.0,0.0,,,0.0,,,,0.0,,,,,,0.0,,,,0.0,,,Fang,方,Shi(Mother of Chengzhongxian),氏(程忠顯母),19.0,0.0,Index year algorithmically generated: Rule 9W;,0.0,0.0,,,,,,,,,,,,,load,,1.0,2013-09-23 00:00:00,
265329,Fang Chengcun,方成存,,,,0.0,,,0.0,0.0,,,0.0,,,,0.0,,,,,,0.0,,,,0.0,,,Fang,方,Chengcun,成存,19.0,0.0,,0.0,0.0,,,,,,,,,,,,,load,,1.0,2013-09-23 00:00:00,
265330,Fang Ji,方霽,,,,0.0,,,0.0,0.0,,,0.0,,,,0.0,,,,,,0.0,,,,0.0,,,Fang,方,Ji,霽,19.0,0.0,,0.0,0.0,,,,,,,,,,,,,load,,1.0,2013-09-23 00:00:00,
265331,Fang Qi,方玘,1433.0,14.0,,0.0,4572.0,1.0,0.0,0.0,,,0.0,,,,0.0,,,,,,0.0,,,,0.0,,,Fang,方,Qi,玘,19.0,0.0,,0.0,0.0,,,,,,,,,,,,,load,,1.0,2013-09-23 00:00:00,
265334,Fang Zheng,方政,1461.0,22.0,,0.0,4572.0,1.0,0.0,0.0,,,0.0,,,,0.0,,,,,,0.0,,,,0.0,,,Fang,方,Zheng,政,19.0,0.0,,0.0,0.0,,,,,,,,,,,,,load,,1.0,2013-09-23 00:00:00,
265335,Fang Jing,方敬,1461.0,22.0,,0.0,4572.0,1.0,0.0,0.0,,,0.0,,,,0.0,,,,,,0.0,,,,0.0,,,Fang,方,Jing,敬,19.0,0.0,,0.0,0.0,,,,,,,,,,,,,load,,1.0,2013-09-23 00:00:00,
265336,Fang Min,方敏,1461.0,22.0,,0.0,4572.0,1.0,0.0,0.0,,,0.0,,,,0.0,,,,,,0.0,,,,0.0,,,Fang,方,Min,敏,19.0,0.0,,0.0,0.0,,,,,,,,,,,,,load,,1.0,2013-09-23 00:00:00,
265433,Fang Shi(Mother of Yangru),方氏(仰儒母),,,,1.0,,,0.0,0.0,,,0.0,,,,0.0,,,,,,0.0,,,,0.0,,,Fang,方,Shi(Mother of Yangru),氏(仰儒母),19.0,0.0,,0.0,0.0,,,,,,,,,,,,,load,,1.0,2013-09-23 00:00:00,
266151,Fang Shi(Mother of Huen),方氏(胡恩母),1430.0,15.0,,1.0,,,0.0,0.0,,,0.0,,,,0.0,,,,,,0.0,,,,0.0,,,Fang,方,Shi(Mother of Huen),氏(胡恩母),19.0,0.0,Index year algorithmically generated: Rule 9W;,0.0,0.0,,,,,,,,,,,,,load,,1.0,2013-09-23 00:00:00,
266939,Fang Shi(Mother of Wangjin),方氏(王藎母),,,,1.0,,,0.0,0.0,,,0.0,,,,0.0,,,,,,0.0,,,,0.0,,,Fang,方,Shi(Mother of Wangjin),氏(王藎母),19.0,0.0,,0.0,0.0,,,,,,,,,,,,,load,,1.0,2013-09-23 00:00:00,
266960,Fang Shi(Wife of Wangchaoqing),方氏(王朝卿妻),1481.0,3.0,201090.0,1.0,,,0.0,0.0,,,0.0,,,,0.0,,,,,,0.0,,,,0.0,,,Fang,方,Shi(Wife of Wangchaoqing),氏(王朝卿妻),19.0,0.0,Index year algorithmically generated: Rule 4W;,0.0,0.0,,,,,,,,,,,,,load,,1.0,2013-09-23 00:00:00,
268051,Fang Shi(Mother of Wangxun),方氏(汪循母),,,,1.0,,,0.0,0.0,,,0.0,,,,0.0,,,,,,0.0,,,,0.0,,,Fang,方,Shi(Mother of Wangxun),氏(汪循母),19.0,0.0,,0.0,0.0,,,,,,,,,,,,,load,,1.0,2013-09-23 00:00:00,
268376,Fang Kerang,方克讓,,,,0.0,,,0.0,0.0,,,0.0,,,,0.0,,,,,,0.0,,,,0.0,,,Fang,方,Kerang,克讓,19.0,0.0,,0.0,0.0,,,,,,,,,,,,,load,,1.0,2013-09-23 00:00:00,
268377,Fang Mengqi,方夢麒,,,,0.0,,,0.0,0.0,,,0.0,,,,0.0,,,,,,0.0,,,,0.0,,,Fang,方,Mengqi,夢麒,19.0,0.0,,0.0,0.0,,,,,,,,,,,,,load,,1.0,2013-09-23 00:00:00,
268378,Fang Yu,方裕,1439.0,13.0,,0.0,5447.0,1.0,0.0,0.0,,,0.0,,,,0.0,,,,,,0.0,,,,0.0,,,Fang,方,Yu,裕,19.0,0.0,Index year algorithmically generated: Rule 9;,0.0,0.0,,,,,,,,,,,,,load,,1.0,2013-09-23 00:00:00,
268381,Fang Chong,方崇,1467.0,21.0,,0.0,5447.0,1.0,0.0,0.0,,,0.0,,,,0.0,,,,,,0.0,,,,0.0,,,Fang,方,Chong,崇,19.0,0.0,Index year algorithmically generated: Rule 11;,0.0,0.0,,,,,,,,,,,,,load,,1.0,2013-09-23 00:00:00,
268382,Fang Song,方嵩,1467.0,21.0,,0.0,5447.0,1.0,0.0,0.0,,,0.0,,,,0.0,,,,,,0.0,,,,0.0,,,Fang,方,Song,嵩,19.0,0.0,Index year algorithmically generated: Rule 11;,0.0,0.0,,,,,,,,,,,,,load,,1.0,2013-09-23 00:00:00,
268384,Fang Xue,方嶨,1467.0,21.0,,0.0,5447.0,1.0,0.0,0.0,,,0.0,,,,0.0,,,,,,0.0,,,,0.0,,,Fang,方,Xue,嶨,19.0,0.0,Index year algorithmically generated: Rule 11;,0.0,0.0,,,,,,,,,,,,,load,,1.0,2013-09-23 00:00:00,
268385,Fang Kun,方崑,1467.0,21.0,,0.0,5447.0,1.0,0.0,0.0,,,0.0,,,,0.0,,,,,,0.0,,,,0.0,,,Fang,方,Kun,崑,19.0,0.0,Index year algorithmically generated: Rule 11;,0.0,0.0,,,,,,,,,,,,,load,,1.0,2013-09-23 00:00:00,
268679,Fang Shi(Mother of Lixiang),方氏(李翔母),1440.0,15.0,,1.0,,,0.0,0.0,,,0.0,,,,0.0,,,,,,0.0,,,,0.0,,,Fang,方,Shi(Mother of Lixiang),氏(李翔母),19.0,0.0,Index year algorithmically generated: Rule 9W;,0.0,0.0,,,,,,,,,,,,,load,,1.0,2013-09-23 00:00:00,
268760,Fang Shi(Mother of Qianchaofeng),方氏(錢朝鳳母),1442.0,15.0,,1.0,,,0.0,0.0,,,0.0,,,,0.0,,,,,,0.0,,,,0.0,,,Fang,方,Shi(Mother of Qianchaofeng),氏(錢朝鳳母),19.0,0.0,Index year algorithmically generated: Rule 9W;,0.0,0.0,,,,,,,,,,,,,load,,1.0,2013-09-23 00:00:00,
269003,Fang Shi(Wife of Chengcai),方氏(程材妻),1469.0,3.0,131637.0,1.0,,,0.0,0.0,,,0.0,,,,0.0,,,,,,0.0,,,,0.0,,,Fang,方,Shi(Wife of Chengcai),氏(程材妻),19.0,0.0,Index year algorithmically generated: Rule 4W;,0.0,0.0,,,,,,,,,,,,,load,,1.0,2013-09-23 00:00:00,
269812,Fang Shi(Wife of Huyu),方氏(胡煜妻),1475.0,6.0,129069.0,1.0,,,0.0,0.0,,,0.0,,,,0.0,,,,,,0.0,,,,0.0,,,Fang,方,Shi(Wife of Huyu),氏(胡煜妻),19.0,0.0,,0.0,0.0,,,,,,,,,,,,,load,,1.0,2013-09-23 00:00:00,
269974,Fang Yuanren,方原仁,,,,0.0,,,0.0,0.0,,,0.0,,,,0.0,,,,,,0.0,,,,0.0,,,Fang,方,Yuanren,原仁,19.0,0.0,,0.0,0.0,,,,,,,,,,,,,load,,1.0,2013-09-23 00:00:00,
269975,Fang Wenjie,方文傑,,,,0.0,,,0.0,0.0,,,0.0,,,,0.0,,,,,,0.0,,,,0.0,,,Fang,方,Wenjie,文傑,19.0,0.0,,0.0,0.0,,,,,,,,,,,,,load,,1.0,2013-09-23 00:00:00,
269976,Fang Zhong,方中,1434.0,13.0,,0.0,5365.0,1.0,0.0,0.0,,,0.0,,,,0.0,,,,,,0.0,,,,0.0,,,Fang,方,Zhong,中,19.0,0.0,Index year algorithmically generated: Rule 9;,0.0,0.0,,,,,,,,,,,,,load,,1.0,2013-09-23 00:00:00,
269979,Fang Tianxu,方天敘,1466.0,19.0,,0.0,5365.0,1.0,0.0,0.0,,,0.0,,,,0.0,,,,,,0.0,,,,0.0,,,Fang,方,Tianxu,天敘,19.0,0.0,Index year algorithmically generated: Rule 10;,0.0,0.0,,,,,,,,,,,,,load,,1.0,2013-09-23 00:00:00,
269980,Fang Tianmin,方天民,1466.0,19.0,,0.0,5365.0,1.0,0.0,0.0,,,0.0,,,,0.0,,,,,,0.0,,,,0.0,,,Fang,方,Tianmin,天民,19.0,0.0,Index year algorithmically generated: Rule 10;,0.0,0.0,,,,,,,,,,,,,load,,1.0,2013-09-23 00:00:00,
269981,Fang Tianzhi,方天陟,1466.0,19.0,,0.0,5365.0,1.0,0.0,0.0,,,0.0,,,,0.0,,,,,,0.0,,,,0.0,,,Fang,方,Tianzhi,天陟,19.0,0.0,Index year algorithmically generated: Rule 10;,0.0,0.0,,,,,,,,,,,,,load,,1.0,2013-09-23 00:00:00,
270190,Fang Shi(Mother of Bijichuan),方氏(畢濟川母),1442.0,15.0,,1.0,,,0.0,0.0,,,0.0,,,,0.0,,,,,,0.0,,,,0.0,,,Fang,方,Shi(Mother of Bijichuan),氏(畢濟川母),19.0,0.0,Index year algorithmically generated: Rule 9W;,0.0,0.0,,,,,,,,,,,,,load,,1.0,2013-09-23 00:00:00,
271010,Fang Shou,方壽,,,,0.0,,,0.0,0.0,,,0.0,,,,0.0,,,,,,0.0,,,,0.0,,,Fang,方,Shou,壽,19.0,0.0,,0.0,0.0,,,,,,,,,,,,,load,,1.0,2013-09-23 00:00:00,
271011,Fang Yuntong,方贇同,,,,0.0,,,0.0,0.0,,,0.0,,,,0.0,,,,,,0.0,,,,0.0,,,Fang,方,Yuntong,贇同,19.0,0.0,,0.0,0.0,,,,,,,,,,,,,load,,1.0,2013-09-23 00:00:00,
271012,Fang Fuqing,方福慶,1426.0,13.0,,0.0,4690.0,1.0,0.0,0.0,,,0.0,,,,0.0,,,,,,0.0,,,,0.0,,,Fang,方,Fuqing,福慶,19.0,0.0,Index year algorithmically generated: Rule 9;,0.0,0.0,,,,,,,,,,,,,load,,1.0,2013-09-23 00:00:00,
271018,Fang Cai,方才,1454.0,21.0,,0.0,4690.0,1.0,0.0,0.0,,,0.0,,,,0.0,,,,,,0.0,,,,0.0,,,Fang,方,Cai,才,19.0,0.0,Index year algorithmically generated: Rule 11;,0.0,0.0,,,,,,,,,,,,,load,,1.0,2013-09-23 00:00:00,
271019,Fang Kui,方奎,1454.0,21.0,,0.0,4690.0,1.0,0.0,0.0,,,0.0,,,,0.0,,,,,,0.0,,,,0.0,,,Fang,方,Kui,奎,19.0,0.0,Index year algorithmically generated: Rule 11;,0.0,0.0,,,,,,,,,,,,,load,,1.0,2013-09-23 00:00:00,
271286,Fang Shi(Mother of Qianrujing),方氏(錢如京母),,,,1.0,,,0.0,0.0,,,0.0,,,,0.0,,,,,,0.0,,,,0.0,,,Fang,方,Shi(Mother of Qianrujing),氏(錢如京母),19.0,0.0,,0.0,0.0,,,,,,,,,,,,,load,,1.0,2013-09-23 00:00:00,
271971,Fang Shi(Mother of Zhangzheng),方氏(章拯母),1452.0,15.0,,1.0,,,0.0,0.0,,,0.0,,,,0.0,,,,,,0.0,,,,0.0,,,Fang,方,Shi(Mother of Zhangzheng),氏(章拯母),19.0,0.0,Index year algorithmically generated: Rule 9W;,0.0,0.0,,,,,,,,,,,,,load,,1.0,2013-09-23 00:00:00,
272041,Fang Shi(Mother of Wuhe),方氏(吾翯母),1434.0,15.0,,1.0,,,0.0,0.0,,,0.0,,,,0.0,,,,,,0.0,,,,0.0,,,Fang,方,Shi(Mother of Wuhe),氏(吾翯母),19.0,0.0,Index year algorithmically generated: Rule 9W;,0.0,0.0,,,,,,,,,,,,,load,,1.0,2013-09-23 00:00:00,
272042,Fang Shi(Wife of Wuhe),方氏(吾翯妻),1464.0,3.0,201417.0,1.0,,,0.0,0.0,,,0.0,,,,0.0,,,,,,0.0,,,,0.0,,,Fang,方,Shi(Wife of Wuhe),氏(吾翯妻),19.0,0.0,Index year algorithmically generated: Rule 4W;,0.0,0.0,,,,,,,,,,,,,load,,1.0,2013-09-23 00:00:00,
272476,Fang Shi(Wife of Linshu),方氏(林塾妻),1482.0,3.0,128642.0,1.0,,,0.0,0.0,,,0.0,,,,0.0,,,,,,0.0,,,,0.0,,,Fang,方,Shi(Wife of Linshu),氏(林塾妻),19.0,0.0,Index year algorithmically generated: Rule 4W;,0.0,0.0,,,,,,,,,,,,,load,,1.0,2013-09-23 00:00:00,
272657,Fang Shi(Mother of Linfu),方氏(林富母),,,,1.0,,,0.0,0.0,,,0.0,,,,0.0,,,,,,0.0,,,,0.0,,,Fang,方,Shi(Mother of Linfu),氏(林富母),19.0,0.0,,0.0,0.0,,,,,,,,,,,,,load,,1.0,2013-09-23 00:00:00,
272855,Fang Shi(Mother of Lixun),方氏(李汛母),,,,1.0,,,0.0,0.0,,,0.0,,,,0.0,,,,,,0.0,,,,0.0,,,Fang,方,Shi(Mother of Lixun),氏(李汛母),19.0,0.0,,0.0,0.0,,,,,,,,,,,,,load,,1.0,2013-09-23 00:00:00,
273150,Fang Shi(Mother of Zhengrui),方氏(鄭瑞母),,,,1.0,,,0.0,0.0,,,0.0,,,,0.0,,,,,,0.0,,,,0.0,,,Fang,方,Shi(Mother of Zhengrui),氏(鄭瑞母),19.0,0.0,,0.0,0.0,,,,,,,,,,,,,load,,1.0,2013-09-23 00:00:00,
273182,Fang Mindao,方敏道,,,,0.0,,,0.0,0.0,,,0.0,,,,0.0,,,,,,0.0,,,,0.0,,,Fang,方,Mindao,敏道,19.0,0.0,,0.0,0.0,,,,,,,,,,,,,load,,1.0,2013-09-23 00:00:00,
273184,Fang Jian,方鑑,,,,0.0,,,0.0,0.0,,,0.0,,,,0.0,,,,,,0.0,,,,0.0,,,Fang,方,Jian,鑑,19.0,0.0,,0.0,0.0,,,,,,,,,,,,,load,,1.0,2013-09-23 00:00:00,
273185,Fang Jie,方碣,1436.0,13.0,,0.0,4612.0,1.0,0.0,0.0,,,0.0,,,,0.0,,,,,,0.0,,,,0.0,,,Fang,方,Jie,碣,19.0,0.0,Index year algorithmically generated: Rule 9;,0.0,0.0,,,,,,,,,,,,,load,,1.0,2013-09-23 00:00:00,
273188,Fang Xiang,方庠,1464.0,21.0,,0.0,4612.0,1.0,0.0,0.0,,,0.0,,,,0.0,,,,,,0.0,,,,0.0,,,Fang,方,Xiang,庠,19.0,0.0,Index year algorithmically generated: Rule 11;,0.0,0.0,,,,,,,,,,,,,load,,1.0,2013-09-23 00:00:00,
273189,Fang Xu,方序,1464.0,21.0,,0.0,4612.0,1.0,0.0,0.0,,,0.0,,,,0.0,,,,,,0.0,,,,0.0,,,Fang,方,Xu,序,19.0,0.0,Index year algorithmically generated: Rule 11;,0.0,0.0,,,,,,,,,,,,,load,,1.0,2013-09-23 00:00:00,
273190,Fang Shu,方塾,1464.0,21.0,,0.0,4612.0,1.0,0.0,0.0,,,0.0,,,,0.0,,,,,,0.0,,,,0.0,,,Fang,方,Shu,塾,19.0,0.0,Index year algorithmically generated: Rule 11;,0.0,0.0,,,,,,,,,,,,,load,,1.0,2013-09-23 00:00:00,
273191,Fang Jiong,方絅,1468.0,19.0,,0.0,4612.0,1.0,0.0,0.0,,,0.0,,,,0.0,,,,,,0.0,,,,0.0,,,Fang,方,Jiong,絅,19.0,0.0,Index year algorithmically generated: Rule 10;,0.0,0.0,,,,,,,,,,,,,load,,1.0,2013-09-23 00:00:00,
273275,Fang Bomou,方伯某,,,,0.0,,,0.0,0.0,,,0.0,,,,0.0,,,,,,0.0,,,,0.0,,,Fang,方,Bomou,伯某,19.0,0.0,,0.0,0.0,,,,,,,,,,,,,load,,1.0,2013-09-23 00:00:00,
273276,Fang Simou,方思某,,,,0.0,,,0.0,0.0,,,0.0,,,,0.0,,,,,,0.0,,,,0.0,,,Fang,方,Simou,思某,19.0,0.0,,0.0,0.0,,,,,,,,,,,,,load,,1.0,2013-09-23 00:00:00,
273277,Fang Mou,方某,1437.0,13.0,,0.0,5446.0,1.0,0.0,0.0,,,0.0,,,,0.0,,,,,,0.0,,,,0.0,,,Fang,方,Mou,某,19.0,0.0,Index year algorithmically generated: Rule 9;,0.0,0.0,,,,,,,,,,,,,load,,1.0,2013-09-23 00:00:00,
273281,Fang Mou,方某,1465.0,21.0,,0.0,5446.0,1.0,0.0,0.0,,,0.0,,,,0.0,,,,,,0.0,,,,0.0,,,Fang,方,Mou,某,19.0,0.0,Index year algorithmically generated: Rule 11;,0.0,0.0,,,,,,,,,,,,,load,,1.0,2013-09-23 00:00:00,
273282,Fang Mou,方某,1469.0,19.0,,0.0,5446.0,1.0,0.0,0.0,,,0.0,,,,0.0,,,,,,0.0,,,,0.0,,,Fang,方,Mou,某,19.0,0.0,Index year algorithmically generated: Rule 10;,0.0,0.0,,,,,,,,,,,,,load,,1.0,2013-09-23 00:00:00,
273464,Fang Shi(Mother Blood-Related of Xiangyiyang),方氏(向一陽生母),,,,1.0,,,0.0,0.0,,,0.0,,,,0.0,,,,,,0.0,,,,0.0,,,Fang,方,Shi(Mother Blood-Related of Xiangyiyang),氏(向一陽 生母),19.0,0.0,,0.0,0.0,,,,,,,,,,,,,load,,1.0,2013-09-23 00:00:00,
273961,Fang Shi(Masicong Mu),方氏(馬思聰母),,,,1.0,,,0.0,0.0,,,0.0,,,,0.0,,,,,,0.0,,,,0.0,,,Fang,方,Shi(Masicong Mu),氏(馬思聰 母),19.0,0.0,,0.0,0.0,,,,,,,,,,,,,load,,1.0,2013-09-23 00:00:00,
274966,Fang Shi(Nizhang Mu),方氏(倪璋母),1441.0,15.0,,1.0,,,0.0,0.0,,,0.0,,,,0.0,,,,,,0.0,,,,0.0,,,Fang,方,Shi(Nizhang Mu),氏(倪璋 母),19.0,0.0,Index year algorithmically generated: Rule 9W;,0.0,0.0,,,,,,,,,,,,,load,,1.0,2013-09-23 00:00:00,
275199,Fang Shihong,方勢宏,,,,0.0,,,0.0,0.0,,,0.0,,,,0.0,,,,,,0.0,,,,0.0,,,Fang,方,Shihong,勢宏,19.0,0.0,,0.0,0.0,,,,,,,,,,,,,load,,1.0,2013-09-23 00:00:00,
275200,Fang Yongzhong,方用中,,,,0.0,,,0.0,0.0,,,0.0,,,,0.0,,,,,,0.0,,,,0.0,,,Fang,方,Yongzhong,用中,19.0,0.0,,0.0,0.0,,,,,,,,,,,,,load,,1.0,2013-09-23 00:00:00,
275201,Fang Sui,方遂,1455.0,13.0,,0.0,6066.0,1.0,0.0,0.0,,,0.0,,,,0.0,,,,,,0.0,,,,0.0,,,Fang,方,Sui,遂,19.0,0.0,Index year algorithmically generated: Rule 9;,0.0,0.0,,,,,,,,,,,,,load,,1.0,2013-09-23 00:00:00,
275204,Fang Guike,方貴科,1483.0,21.0,,0.0,6066.0,1.0,0.0,0.0,,,0.0,,,,0.0,,,,,,0.0,,,,0.0,,,Fang,方,Guike,貴科,19.0,0.0,Index year algorithmically generated: Rule 11;,0.0,0.0,,,,,,,,,,,,,load,,1.0,2013-09-23 00:00:00,
275205,Fang Maoke,方茂科,1483.0,21.0,,0.0,6066.0,1.0,0.0,0.0,,,0.0,,,,0.0,,,,,,0.0,,,,0.0,,,Fang,方,Maoke,茂科,19.0,0.0,Index year algorithmically generated: Rule 10;,0.0,0.0,,,,,,,,,,,,,load,,1.0,2013-09-23 00:00:00,
275358,Fang Shi(Xiongtai Mu),方氏(熊泰母),1443.0,15.0,,1.0,,,0.0,0.0,,,0.0,,,,0.0,,,,,,0.0,,,,0.0,,,Fang,方,Shi(Xiongtai Mu),氏(熊泰 母),19.0,0.0,Index year algorithmically generated: Rule 9W;,0.0,0.0,,,,,,,,,,,,,load,,1.0,2013-09-23 00:00:00,
275549,Fang Shi(Mother of Huangxiying),方氏(黃希英母),,,,1.0,,,0.0,0.0,,,0.0,,,,0.0,,,,,,0.0,,,,0.0,,,Fang,方,Shi(Mother of Huangxiying),氏(黃希英母),19.0,0.0,,0.0,0.0,,,,,,,,,,,,,load,,1.0,2013-09-23 00:00:00,
276144,Fang Shi(Mother of Bijishi),方氏(畢濟時母),1443.0,15.0,,1.0,,,0.0,0.0,,,0.0,,,,0.0,,,,,,0.0,,,,0.0,,,Fang,方,Shi(Mother of Bijishi),氏(畢濟時母),19.0,0.0,Index year algorithmically generated: Rule 9W;,0.0,0.0,,,,,,,,,,,,,load,,1.0,2013-09-23 00:00:00,
276192,Fang Shi(Mother Blood-Related of Tuying),方氏(屠俓生母),,,,1.0,,,0.0,0.0,,,0.0,,,,0.0,,,,,,0.0,,,,0.0,,,Fang,方,Shi(Mother Blood-Related of Tuying),氏(屠俓生母),19.0,0.0,,0.0,0.0,,,,,,,,,,,,,load,,1.0,2013-09-23 00:00:00,
276470,Fang Shi(Mother of Tuqiao),方氏(屠僑母),1453.0,15.0,,1.0,,,0.0,0.0,,,0.0,,,,0.0,,,,,,0.0,,,,0.0,,,Fang,方,Shi(Mother of Tuqiao),氏(屠僑母),19.0,0.0,Index year algorithmically generated: Rule 9W;,0.0,0.0,,,,,,,,,,,,,load,,1.0,2013-09-23 00:00:00,
277384,Fang Shi(Wife of Wengsu),方氏(翁素妻),1484.0,6.0,201737.0,1.0,,,0.0,0.0,,,0.0,,,,0.0,,,,,,0.0,,,,0.0,,,Fang,方,Shi(Wife of Wengsu),氏(翁素妻),19.0,0.0,,0.0,0.0,,,,,,,,,,,,,load,,1.0,2013-09-23 00:00:00,
277885,Fang Shi(Mother of Yuluan),方氏(余鑾母),1451.0,15.0,,1.0,,,0.0,0.0,,,0.0,,,,0.0,,,,,,0.0,,,,0.0,,,Fang,方,Shi(Mother of Yuluan),氏(余鑾母),19.0,0.0,Index year algorithmically generated: Rule 9W;,0.0,0.0,,,,,,,,,,,,,load,,1.0,2013-09-23 00:00:00,
278320,Fang Shi(Mother of Hejing),方氏(何經母),1401.0,15.0,,1.0,,,0.0,0.0,,,0.0,,,,0.0,,,,,,0.0,,,,0.0,,,Fang,方,Shi(Mother of Hejing),氏(何經母),19.0,0.0,Index year algorithmically generated: Rule 9W;,0.0,0.0,,,,,,,,,,,,,load,,1.0,2013-09-23 00:00:00,
278358,Fang Shi(Wife of Yuzhang),方氏(俞璋妻),1488.0,3.0,201796.0,1.0,,,0.0,0.0,,,0.0,,,,0.0,,,,,,0.0,,,,0.0,,,Fang,方,Shi(Wife of Yuzhang),氏(俞璋妻),19.0,0.0,Index year algorithmically generated: Rule 4W;,0.0,0.0,,,,,,,,,,,,,load,,1.0,2013-09-23 00:00:00,
279054,Fang Shi(Father'S Late Wife of Wangning),方氏(王寧前母),,,,1.0,,,0.0,0.0,,,0.0,,,,0.0,,,,,,0.0,,,,0.0,,,Fang,方,Shi(Father'S Late Wife of Wangning),氏(王寧前母),19.0,0.0,,0.0,0.0,,,,,,,,,,,,,load,,1.0,2013-09-23 00:00:00,
279226,Fang Mou,方某,,,,0.0,,,0.0,0.0,,,0.0,,,,0.0,,,,,,0.0,,,,0.0,,,Fang,方,Mou,某,19.0,0.0,,0.0,0.0,,,,,,,,,,,,,load,,1.0,2013-09-23 00:00:00,
279227,Fang Rang,方讓,,,,0.0,,,0.0,0.0,,,0.0,,,,0.0,,,,,,0.0,,,,0.0,,,Fang,方,Rang,讓,19.0,0.0,,0.0,0.0,,,,,,,,,,,,,load,,1.0,2013-09-23 00:00:00,
279228,Fang Xiang,方祥,1444.0,13.0,,0.0,5337.0,1.0,0.0,0.0,,,0.0,,,,0.0,,,,,,0.0,,,,0.0,,,Fang,方,Xiang,祥,19.0,0.0,Index year algorithmically generated: Rule 9;,0.0,0.0,,,,,,,,,,,,,load,,1.0,2013-09-23 00:00:00,
279233,Fang Shan,方山,1472.0,21.0,,0.0,5337.0,1.0,0.0,0.0,,,0.0,,,,0.0,,,,,,0.0,,,,0.0,,,Fang,方,Shan,山,19.0,0.0,Index year algorithmically generated: Rule 11;,0.0,0.0,,,,,,,,,,,,,load,,1.0,2013-09-23 00:00:00,
279234,Fang Wen,方文,1472.0,21.0,,0.0,5337.0,1.0,0.0,0.0,,,0.0,,,,0.0,,,,,,0.0,,,,0.0,,,Fang,方,Wen,文,19.0,0.0,Index year algorithmically generated: Rule 11;,0.0,0.0,,,,,,,,,,,,,load,,1.0,2013-09-23 00:00:00,
279235,Fang Sheng,方昇,1472.0,21.0,,0.0,5337.0,1.0,0.0,0.0,,,0.0,,,,0.0,,,,,,0.0,,,,0.0,,,Fang,方,Sheng,昇,19.0,0.0,Index year algorithmically generated: Rule 11;,0.0,0.0,,,,,,,,,,,,,load,,1.0,2013-09-23 00:00:00,
279236,Fang Gao,方杲,1472.0,21.0,,0.0,5337.0,1.0,0.0,0.0,,,0.0,,,,0.0,,,,,,0.0,,,,0.0,,,Fang,方,Gao,杲,19.0,0.0,Index year algorithmically generated: Rule 11;,0.0,0.0,,,,,,,,,,,,,load,,1.0,2013-09-23 00:00:00,
279237,Fang Xin,方昕,1472.0,21.0,,0.0,5337.0,1.0,0.0,0.0,,,0.0,,,,0.0,,,,,,0.0,,,,0.0,,,Fang,方,Xin,昕,19.0,0.0,Index year algorithmically generated: Rule 11;,0.0,0.0,,,,,,,,,,,,,load,,1.0,2013-09-23 00:00:00,
279238,Fang Nan,方南,1472.0,21.0,,0.0,5337.0,1.0,0.0,0.0,,,0.0,,,,0.0,,,,,,0.0,,,,0.0,,,Fang,方,Nan,南,19.0,0.0,Index year algorithmically generated: Rule 11;,0.0,0.0,,,,,,,,,,,,,load,,1.0,2013-09-23 00:00:00,
279239,Fang Kang,方康,1472.0,21.0,,0.0,5337.0,1.0,0.0,0.0,,,0.0,,,,0.0,,,,,,0.0,,,,0.0,,,Fang,方,Kang,康,19.0,0.0,Index year algorithmically generated: Rule 11;,0.0,0.0,,,,,,,,,,,,,load,,1.0,2013-09-23 00:00:00,
279240,Fang Yin,方印,1472.0,21.0,,0.0,5337.0,1.0,0.0,0.0,,,0.0,,,,0.0,,,,,,0.0,,,,0.0,,,Fang,方,Yin,印,19.0,0.0,Index year algorithmically generated: Rule 11;,0.0,0.0,,,,,,,,,,,,,load,,1.0,2013-09-23 00:00:00,
279241,Fang Qian,方乾,1472.0,21.0,,0.0,5337.0,1.0,0.0,0.0,,,0.0,,,,0.0,,,,,,0.0,,,,0.0,,,Fang,方,Qian,乾,19.0,0.0,Index year algorithmically generated: Rule 11;,0.0,0.0,,,,,,,,,,,,,load,,1.0,2013-09-23 00:00:00,
279243,Fang Yi,方翼,1476.0,19.0,,0.0,5337.0,1.0,0.0,0.0,,,0.0,,,,0.0,,,,,,0.0,,,,0.0,,,Fang,方,Yi,翼,19.0,0.0,Index year algorithmically generated: Rule 10;,0.0,0.0,,,,,,,,,,,,,load,,1.0,2013-09-23 00:00:00,
279526,Fang Shi(Mother of Yanmu),方氏(顏木母),,,,1.0,,,0.0,0.0,,,0.0,,,,0.0,,,,,,0.0,,,,0.0,,,Fang,方,Shi(Mother of Yanmu),氏(顏木母),19.0,0.0,,0.0,0.0,,,,,,,,,,,,,load,,1.0,2013-09-23 00:00:00,
279664,Fang Hongyuan,方宏遠,,,,0.0,,,0.0,0.0,,,0.0,,,,0.0,,,,,,0.0,,,,0.0,,,Fang,方,Hongyuan,宏遠,19.0,0.0,,0.0,0.0,,,,,,,,,,,,,load,,1.0,2013-09-23 00:00:00,
279675,Fang Shuijin,方水進,,,,0.0,,,0.0,0.0,,,0.0,,,,0.0,,,,,,0.0,,,,0.0,,,Fang,方,Shuijin,水進,19.0,0.0,,0.0,0.0,,,,,,,,,,,,,load,,1.0,2013-09-23 00:00:00,
279730,Fang Xu,方旭,1423.0,21.0,,0.0,4688.0,1.0,0.0,0.0,,,0.0,,,,0.0,,,,,,0.0,,,,0.0,,,Fang,方,Xu,旭,19.0,0.0,Index year algorithmically generated: Rule 11;,0.0,0.0,,,,,,,,,,,,,load,,1.0,2013-09-23 00:00:00,
279741,Fang Zao,方早,1438.0,7.0,,0.0,4688.0,1.0,0.0,0.0,,,0.0,,,,0.0,,,,,,0.0,,,,0.0,,,Fang,方,Zao,早,19.0,0.0,Index year algorithmically generated: Rule 10;,0.0,0.0,,,,,,,,,,,,,load,,1.0,2013-09-23 00:00:00,
279753,Fang Tan,方曇,1427.0,19.0,,0.0,4688.0,1.0,0.0,0.0,,,0.0,,,,0.0,,,,,,0.0,,,,0.0,,,Fang,方,Tan,曇,19.0,0.0,Index year algorithmically generated: Rule 10;,0.0,0.0,,,,,,,,,,,,,load,,1.0,2013-09-23 00:00:00,
280358,Fang Shi(Wife of Meie),方氏(梅鶚妻),1481.0,3.0,201911.0,1.0,,,0.0,0.0,,,0.0,,,,0.0,,,,,,0.0,,,,0.0,,,Fang,方,Shi(Wife of Meie),氏(梅鶚妻),19.0,0.0,Index year algorithmically generated: Rule 4W;,0.0,0.0,,,,,,,,,,,,,load,,1.0,2013-09-23 00:00:00,
280377,Fang Shi(Wife of Jintingruiji),方氏(金廷瑞繼妻),1480.0,3.0,201913.0,1.0,,,0.0,0.0,,,0.0,,,,0.0,,,,,,0.0,,,,0.0,,,Fang,方,Shi(Wife of Jintingruiji),氏(金廷瑞繼妻),19.0,0.0,Index year algorithmically generated: Rule 4W;,0.0,0.0,,,,,,,,,,,,,load,,1.0,2013-09-23 00:00:00,
280392,Fang Shi(Mother of Chenhuan),方氏(陳煥母),,,,1.0,,,0.0,0.0,,,0.0,,,,0.0,,,,,,0.0,,,,0.0,,,Fang,方,Shi(Mother of Chenhuan),氏(陳煥母),19.0,0.0,Index year algorithmically generated: Rule 9W;,0.0,0.0,,,,,,,,,,,,,load,,1.0,2013-09-23 00:00:00,
280840,"Fang Shi(Mother, Nominal of Linruozhou)",方氏(林若周嫡母),,,,1.0,,,0.0,0.0,,,0.0,,,,0.0,,,,,,0.0,,,,0.0,,,Fang,方,"Shi(Mother, Nominal of Linruozhou)",氏(林若周嫡母),19.0,0.0,,0.0,0.0,,,,,,,,,,,,,load,,1.0,2013-09-23 00:00:00,
280844,Fang Shi(Wife of Linruozhou),方氏(林若周妻),1490.0,6.0,24575.0,1.0,,,0.0,0.0,,,0.0,,,,0.0,,,,,,0.0,,,,0.0,,,Fang,方,Shi(Wife of Linruozhou),氏(林若周妻),19.0,0.0,,0.0,0.0,,,,,,,,,,,,,load,,1.0,2013-09-23 00:00:00,
281104,Fang Shi(Father'S Late Wife of Wangkun),方氏(王崑前母),,,,1.0,,,0.0,0.0,,,0.0,,,,0.0,,,,,,0.0,,,,0.0,,,Fang,方,Shi(Father'S Late Wife of Wangkun),氏(王崑前母),19.0,0.0,,0.0,0.0,,,,,,,,,,,,,load,,1.0,2013-09-23 00:00:00,
281596,Fang Shouchu,方守初,,,,0.0,,,0.0,0.0,,,0.0,,,,0.0,,,,,,0.0,,,,0.0,,,Fang,方,Shouchu,守初,19.0,0.0,,0.0,0.0,,,,,,,,,,,,,load,,1.0,2013-09-23 00:00:00,
281598,Fang Di,方迪,,,,0.0,,,0.0,0.0,,,0.0,,,,0.0,,,,,,0.0,,,,0.0,,,Fang,方,Di,迪,19.0,0.0,,0.0,0.0,,,,,,,,,,,,,load,,1.0,2013-09-23 00:00:00,
281599,Fang Chaogui,方朝貴,1452.0,13.0,,0.0,6034.0,1.0,0.0,0.0,,,0.0,,,,0.0,,,,,,0.0,,,,0.0,,,Fang,方,Chaogui,朝貴,19.0,0.0,Index year algorithmically generated: Rule 9;,0.0,0.0,,,,,,,,,,,,,load,,1.0,2013-09-23 00:00:00,
281604,Fang Xun,方浚,1480.0,21.0,,0.0,6034.0,1.0,0.0,0.0,,,0.0,,,,0.0,,,,,,0.0,,,,0.0,,,Fang,方,Xun,浚,19.0,0.0,Index year algorithmically generated: Rule 11;,0.0,0.0,,,,,,,,,,,,,load,,1.0,2013-09-23 00:00:00,
281747,Fang Shi(Father'S Late Wife of Chengzi),方氏(程資前母),,,,1.0,,,0.0,0.0,,,0.0,,,,0.0,,,,,,0.0,,,,0.0,,,Fang,方,Shi(Father'S Late Wife of Chengzi),氏(程資前母),19.0,0.0,,0.0,0.0,,,,,,,,,,,,,load,,1.0,2013-09-23 00:00:00,
281799,Fang Shi(Mother of Wujin),方氏(吾謹母),,,,1.0,,,0.0,0.0,,,0.0,,,,0.0,,,,,,0.0,,,,0.0,,,Fang,方,Shi(Mother of Wujin),氏(吾謹母),19.0,0.0,,0.0,0.0,,,,,,,,,,,,,load,,1.0,2013-09-23 00:00:00,
282218,Fang Xu,方旭,,,,0.0,,,0.0,0.0,,,0.0,,,,0.0,,,,,,0.0,,,,0.0,,,Fang,方,Xu,旭,19.0,0.0,,0.0,0.0,,,,,,,,,,,,,load,,1.0,2013-09-23 00:00:00,
282220,Fang Sixian,方思憲,1454.0,13.0,,0.0,4688.0,1.0,0.0,0.0,,,0.0,,,,0.0,,,,,,0.0,,,,0.0,,,Fang,方,Sixian,思憲,19.0,0.0,Index year algorithmically generated: Rule 9;,0.0,0.0,,,,,,,,,,,,,load,,1.0,2013-09-23 00:00:00,
282224,Fang Jiling,方紀齡,1482.0,21.0,,0.0,4688.0,1.0,0.0,0.0,,,0.0,,,,0.0,,,,,,0.0,,,,0.0,,,Fang,方,Jiling,紀齡,19.0,0.0,Index year algorithmically generated: Rule 11;,0.0,0.0,,,,,,,,,,,,,load,,1.0,2013-09-23 00:00:00,
282225,Fang Jitong,方紀通,1482.0,21.0,,0.0,4688.0,1.0,0.0,0.0,,,0.0,,,,0.0,,,,,,0.0,,,,0.0,,,Fang,方,Jitong,紀通,19.0,0.0,Index year algorithmically generated: Rule 11;,0.0,0.0,,,,,,,,,,,,,load,,1.0,2013-09-23 00:00:00,
282226,Fang Jidi,方紀迪,1482.0,21.0,,0.0,4688.0,1.0,0.0,0.0,,,0.0,,,,0.0,,,,,,0.0,,,,0.0,,,Fang,方,Jidi,紀迪,19.0,0.0,Index year algorithmically generated: Rule 11;,0.0,0.0,,,,,,,,,,,,,load,,1.0,2013-09-23 00:00:00,
282759,Fang Shi(Wife of Zhouzhaoji),方氏(周詔繼妻),1487.0,3.0,202062.0,1.0,,,0.0,0.0,,,0.0,,,,0.0,,,,,,0.0,,,,0.0,,,Fang,方,Shi(Wife of Zhouzhaoji),氏(周詔繼妻),19.0,0.0,Index year algorithmically generated: Rule 4W;,0.0,0.0,,,,,,,,,,,,,load,,1.0,2013-09-23 00:00:00,
283135,Fang Shi(Mother of Chentengluan),方氏(陳騰鸞母),1453.0,15.0,,1.0,,,0.0,0.0,,,0.0,,,,0.0,,,,,,0.0,,,,0.0,,,Fang,方,Shi(Mother of Chentengluan),氏(陳騰鸞母),19.0,0.0,Index year algorithmically generated: Rule 9W;,0.0,0.0,,,,,,,,,,,,,load,,1.0,2013-09-23 00:00:00,
283196,Fang Shi(Mother of Huangdajing),方氏(黃大經母),1468.0,15.0,,1.0,,,0.0,0.0,,,0.0,,,,0.0,,,,,,0.0,,,,0.0,,,Fang,方,Shi(Mother of Huangdajing),氏(黃大經母),19.0,0.0,Index year algorithmically generated: Rule 9W;,0.0,0.0,,,,,,,,,,,,,load,,1.0,2013-09-23 00:00:00,
283197,Fang Shi(Wife of Huangdajing),方氏(黃大經妻),1498.0,3.0,202083.0,1.0,,,0.0,0.0,,,0.0,,,,0.0,,,,,,0.0,,,,0.0,,,Fang,方,Shi(Wife of Huangdajing),氏(黃大經妻),19.0,0.0,Index year algorithmically generated: Rule 4W;,0.0,0.0,,,,,,,,,,,,,load,,1.0,2013-09-23 00:00:00,
283232,Fang Shi(Wife of Hedanji),方氏(何淡繼妻),1430.0,6.0,128429.0,1.0,,,0.0,0.0,,,0.0,,,,0.0,,,,,,0.0,,,,0.0,,,Fang,方,Shi(Wife of Hedanji),氏(何淡繼妻),19.0,0.0,,0.0,0.0,,,,,,,,,,,,,load,,1.0,2013-09-23 00:00:00,
283289,Fang Kejing,方克經,,,,0.0,,,0.0,0.0,,,0.0,,,,0.0,,,,,,0.0,,,,0.0,,,Fang,方,Kejing,克經,19.0,0.0,,0.0,0.0,,,,,,,,,,,,,load,,1.0,2013-09-23 00:00:00,
283290,Fang Yu,方顒,,,,0.0,,,0.0,0.0,,,0.0,,,,0.0,,,,,,0.0,,,,0.0,,,Fang,方,Yu,顒,19.0,0.0,,0.0,0.0,,,,,,,,,,,,,load,,1.0,2013-09-23 00:00:00,
283291,Fang Hui,方惠,1450.0,13.0,,0.0,5450.0,1.0,0.0,0.0,,,0.0,,,,0.0,,,,,,0.0,,,,0.0,,,Fang,方,Hui,惠,19.0,0.0,Index year algorithmically generated: Rule 9;,0.0,0.0,,,,,,,,,,,,,load,,1.0,2013-09-23 00:00:00,
283295,Fang Chang,方昌,1478.0,21.0,,0.0,5450.0,1.0,0.0,0.0,,,0.0,,,,0.0,,,,,,0.0,,,,0.0,,,Fang,方,Chang,昌,19.0,0.0,Index year algorithmically generated: Rule 11;,0.0,0.0,,,,,,,,,,,,,load,,1.0,2013-09-23 00:00:00,
283296,Fang Feng,方奉,1478.0,21.0,,0.0,5450.0,1.0,0.0,0.0,,,0.0,,,,0.0,,,,,,0.0,,,,0.0,,,Fang,方,Feng,奉,19.0,0.0,Index year algorithmically generated: Rule 11;,0.0,0.0,,,,,,,,,,,,,load,,1.0,2013-09-23 00:00:00,
283297,Fang Ji,方季,1478.0,21.0,,0.0,5450.0,1.0,0.0,0.0,,,0.0,,,,0.0,,,,,,0.0,,,,0.0,,,Fang,方,Ji,季,19.0,0.0,Index year algorithmically generated: Rule 11;,0.0,0.0,,,,,,,,,,,,,load,,1.0,2013-09-23 00:00:00,
283299,Fang Chun,方淳,1478.0,21.0,,0.0,5450.0,1.0,0.0,0.0,,,0.0,,,,0.0,,,,,,0.0,,,,0.0,,,Fang,方,Chun,淳,19.0,0.0,Index year algorithmically generated: Rule 11;,0.0,0.0,,,,,,,,,,,,,load,,1.0,2013-09-23 00:00:00,
283300,Fang Chao,方朝,1478.0,21.0,,0.0,5450.0,1.0,0.0,0.0,,,0.0,,,,0.0,,,,,,0.0,,,,0.0,,,Fang,方,Chao,朝,19.0,0.0,Index year algorithmically generated: Rule 11;,0.0,0.0,,,,,,,,,,,,,load,,1.0,2013-09-23 00:00:00,
283301,Fang Teng,方騰,1478.0,21.0,,0.0,5450.0,1.0,0.0,0.0,,,0.0,,,,0.0,,,,,,0.0,,,,0.0,,,Fang,方,Teng,騰,19.0,0.0,Index year algorithmically generated: Rule 11;,0.0,0.0,,,,,,,,,,,,,load,,1.0,2013-09-23 00:00:00,
283853,Fang Shi(Father'S Late Wife of Xielin),方氏(謝霖前母),,,,1.0,,,0.0,0.0,,,0.0,,,,0.0,,,,,,0.0,,,,0.0,,,Fang,方,Shi(Father'S Late Wife of Xielin),氏(謝霖前母),19.0,0.0,,0.0,0.0,,,,,,,,,,,,,load,,1.0,2013-09-23 00:00:00,
283928,Fang Shi(Wife of Wangtongzu),方氏(王同祖妻),1500.0,3.0,126516.0,1.0,,,0.0,0.0,,,0.0,,,,0.0,,,,,,0.0,,,,0.0,,,Fang,方,Shi(Wife of Wangtongzu),氏(王同祖妻),19.0,0.0,Index year algorithmically generated: Rule 4W;,0.0,0.0,,,,,,,,,,,,,load,,1.0,2013-09-23 00:00:00,
284434,Fang Shi(Mother of Huangxian),方氏(黃憲母),1401.0,15.0,,1.0,,,0.0,0.0,,,0.0,,,,0.0,,,,,,0.0,,,,0.0,,,Fang,方,Shi(Mother of Huangxian),氏(黃憲母),19.0,0.0,Index year algorithmically generated: Rule 9W;,0.0,0.0,,,,,,,,,,,,,load,,1.0,2013-09-23 00:00:00,
284444,Fang Shi(Wife of Panhuang),方氏(潘潢妻),1494.0,6.0,132331.0,1.0,,,0.0,0.0,,,0.0,,,,0.0,,,,,,0.0,,,,0.0,,,Fang,方,Shi(Wife of Panhuang),氏(潘潢妻),19.0,0.0,,0.0,0.0,,,,,,,,,,,,,load,,1.0,2013-09-23 00:00:00,
284445,Fang Shi(Wife of Huangxian),方氏(黃憲妻),1431.0,3.0,198529.0,1.0,,,0.0,0.0,,,0.0,,,,0.0,,,,,,0.0,,,,0.0,,,Fang,方,Shi(Wife of Huangxian),氏(黃憲妻),19.0,0.0,Index year algorithmically generated: Rule 4W;,0.0,0.0,,,,,,,,,,,,,load,,1.0,2013-09-23 00:00:00,
284708,Fang Shi(Father'S Late Wife of Gaoqian),方氏(高淺前母),,,,1.0,,,0.0,0.0,,,0.0,,,,0.0,,,,,,0.0,,,,0.0,,,Fang,方,Shi(Father'S Late Wife of Gaoqian),氏(高淺前母),19.0,0.0,,0.0,0.0,,,,,,,,,,,,,load,,1.0,2013-09-23 00:00:00,
285270,Fang Shi(Wife of Humingshan),方氏(胡明善妻),1494.0,3.0,202223.0,1.0,,,0.0,0.0,,,0.0,,,,0.0,,,,,,0.0,,,,0.0,,,Fang,方,Shi(Wife of Humingshan),氏(胡明善妻),19.0,0.0,Index year algorithmically generated: Rule 4W;,0.0,0.0,,,,,,,,,,,,,load,,1.0,2013-09-23 00:00:00,
285438,Fang Zhao,方昭,,,,0.0,,,0.0,0.0,,,0.0,,,,0.0,,,,,,0.0,,,,0.0,,,Fang,方,Zhao,昭,19.0,0.0,,0.0,0.0,,,,,,,,,,,,,load,,1.0,2013-09-23 00:00:00,
285439,Fang Zongmi,方宗密,,,,0.0,,,0.0,0.0,,,0.0,,,,0.0,,,,,,0.0,,,,0.0,,,Fang,方,Zongmi,宗密,19.0,0.0,,0.0,0.0,,,,,,,,,,,,,load,,1.0,2013-09-23 00:00:00,
285441,Fang Zao,方藻,1460.0,13.0,,0.0,5612.0,1.0,0.0,0.0,,,0.0,,,,0.0,,,,,,0.0,,,,0.0,,,Fang,方,Zao,藻,19.0,0.0,Index year algorithmically generated: Rule 9;,0.0,0.0,,,,,,,,,,,,,load,,1.0,2013-09-23 00:00:00,
285444,Fang Qigong,方啟贑,1492.0,19.0,,0.0,5612.0,1.0,0.0,0.0,,,0.0,,,,0.0,,,,,,0.0,,,,0.0,,,Fang,方,Qigong,啟贑,19.0,0.0,Index year algorithmically generated: Rule 10;,0.0,0.0,,,,,,,,,,,,,load,,1.0,2013-09-23 00:00:00,
285505,Fang Shi(Mother of Duanruli),方氏(段汝礪母),1466.0,15.0,,1.0,,,0.0,0.0,,,0.0,,,,0.0,,,,,,0.0,,,,0.0,,,Fang,方,Shi(Mother of Duanruli),氏(段汝礪母),19.0,0.0,Index year algorithmically generated: Rule 9W;,0.0,0.0,,,,,,,,,,,,,load,,1.0,2013-09-23 00:00:00,
286092,Fang Tingxi,方庭璽,,,,0.0,,,0.0,0.0,,,0.0,,,,0.0,,,,,,0.0,,,,0.0,,,Fang,方,Tingxi,庭璽,19.0,0.0,,0.0,0.0,,,,,,,,,,,,,load,,1.0,2013-09-23 00:00:00,
286093,Fang Mian,方俛,,,,0.0,,,0.0,0.0,,,0.0,,,,0.0,,,,,,0.0,,,,0.0,,,Fang,方,Mian,俛,19.0,0.0,,0.0,0.0,,,,,,,,,,,,,load,,1.0,2013-09-23 00:00:00,
286094,Fang Shihua,方世華,1461.0,14.0,,0.0,5612.0,1.0,0.0,0.0,,,0.0,,,,0.0,,,,,,0.0,,,,0.0,,,Fang,方,Shihua,世華,19.0,0.0,,0.0,0.0,,,,,,,,,,,,,load,,1.0,2013-09-23 00:00:00,
286099,Fang Zhu,方鑄,1493.0,20.0,,0.0,5612.0,1.0,0.0,0.0,,,0.0,,,,0.0,,,,,,0.0,,,,0.0,,,Fang,方,Zhu,鑄,19.0,0.0,,0.0,0.0,,,,,,,,,,,,,load,,1.0,2013-09-23 00:00:00,
286700,Fang Shi(Mother of Wuci),方氏(吳賜母),1359.0,15.0,,1.0,,,0.0,0.0,,,0.0,,,,0.0,,,,,,0.0,,,,0.0,,,Fang,方,Shi(Mother of Wuci),氏(吳賜母),19.0,0.0,Index year algorithmically generated: Rule 9W;,0.0,0.0,,,,,,,,,,,,,load,,1.0,2013-09-23 00:00:00,
287172,Fang Shi(Stepmother of Xiechen),方氏(謝忱繼母),,,,1.0,,,0.0,0.0,,,0.0,,,,0.0,,,,,,0.0,,,,0.0,,,Fang,方,Shi(Stepmother of Xiechen),氏(謝忱繼母),19.0,0.0,,0.0,0.0,,,,,,,,,,,,,load,,1.0,2013-09-23 00:00:00,
287275,Fang Shi(Mother of Wangkai),方氏(王凱母),1354.0,15.0,,1.0,,,0.0,0.0,,,0.0,,,,0.0,,,,,,0.0,,,,0.0,,,Fang,方,Shi(Mother of Wangkai),氏(王凱母),19.0,0.0,Index year algorithmically generated: Rule 9W;,0.0,0.0,,,,,,,,,,,,,load,,1.0,2013-09-23 00:00:00,
287303,Fang Shenglong,方勝隆,,,,0.0,,,0.0,0.0,,,0.0,,,,0.0,,,,,,0.0,,,,0.0,,,Fang,方,Shenglong,勝隆,19.0,0.0,,0.0,0.0,,,,,,,,,,,,,load,,1.0,2013-09-23 00:00:00,
287304,Fang Dezheng,方得政,,,,0.0,,,0.0,0.0,,,0.0,,,,0.0,,,,,,0.0,,,,0.0,,,Fang,方,Dezheng,得政,19.0,0.0,,0.0,0.0,,,,,,,,,,,,,load,,1.0,2013-09-23 00:00:00,
287305,Fang Guihua,方貴華,1351.0,13.0,,0.0,4665.0,1.0,0.0,0.0,,,0.0,,,,0.0,,,,,,0.0,,,,0.0,,,Fang,方,Guihua,貴華,19.0,0.0,Index year algorithmically generated: Rule 9;,0.0,0.0,,,,,,,,,,,,,load,,1.0,2013-09-23 00:00:00,
287309,Fang Shiying,方仕英,1379.0,21.0,,0.0,4665.0,1.0,0.0,0.0,,,0.0,,,,0.0,,,,,,0.0,,,,0.0,,,Fang,方,Shiying,仕英,19.0,0.0,Index year algorithmically generated: Rule 11;,0.0,0.0,,,,,,,,,,,,,load,,1.0,2013-09-23 00:00:00,
287310,Fang Shuying,方淑英,1379.0,21.0,,0.0,4665.0,1.0,0.0,0.0,,,0.0,,,,0.0,,,,,,0.0,,,,0.0,,,Fang,方,Shuying,淑英,19.0,0.0,Index year algorithmically generated: Rule 11;,0.0,0.0,,,,,,,,,,,,,load,,1.0,2013-09-23 00:00:00,
287798,Fang Shi(Wife of Chenglie),方氏(程烈妻),1500.0,3.0,202418.0,1.0,,,0.0,0.0,,,0.0,,,,0.0,,,,,,0.0,,,,0.0,,,Fang,方,Shi(Wife of Chenglie),氏(程烈妻),19.0,0.0,Index year algorithmically generated: Rule 4W;,0.0,0.0,,,,,,,,,,,,,load,,1.0,2013-09-23 00:00:00,
287825,Fang Shi(Stepmother of Xiongguo),方氏(熊過繼母),,,,1.0,,,0.0,0.0,,,0.0,,,,0.0,,,,,,0.0,,,,0.0,,,Fang,方,Shi(Stepmother of Xiongguo),氏(熊過繼母),19.0,0.0,,0.0,0.0,,,,,,,,,,,,,load,,1.0,2013-09-23 00:00:00,
287854,Fang Qi,方祺,,,,0.0,,,0.0,0.0,,,0.0,,,,0.0,,,,,,0.0,,,,0.0,,,Fang,方,Qi,祺,19.0,0.0,,0.0,0.0,,,,,,,,,,,,,load,,1.0,2013-09-23 00:00:00,
287855,Fang Bitong,方必通,,,,0.0,,,0.0,0.0,,,0.0,,,,0.0,,,,,,0.0,,,,0.0,,,Fang,方,Bitong,必通,19.0,0.0,,0.0,0.0,,,,,,,,,,,,,load,,1.0,2013-09-23 00:00:00,
287856,Fang Min,方玟,1469.0,14.0,,0.0,4677.0,1.0,0.0,0.0,,,0.0,,,,0.0,,,,,,0.0,,,,0.0,,,Fang,方,Min,玟,19.0,0.0,,0.0,0.0,,,,,,,,,,,,,load,,1.0,2013-09-23 00:00:00,
287859,Fang Pu,方溥,1497.0,22.0,,0.0,4677.0,1.0,0.0,0.0,,,0.0,,,,0.0,,,,,,0.0,,,,0.0,,,Fang,方,Pu,溥,19.0,0.0,,0.0,0.0,,,,,,,,,,,,,load,,1.0,2013-09-23 00:00:00,
287860,Fang Wei,方渭,1501.0,20.0,,0.0,4677.0,1.0,0.0,0.0,,,0.0,,,,0.0,,,,,,0.0,,,,0.0,,,Fang,方,Wei,渭,19.0,0.0,,0.0,0.0,,,,,,,,,,,,,load,,1.0,2013-09-23 00:00:00,
288652,Fang Shi(Mother of Wufu),方氏(吳福母),1394.0,15.0,,1.0,,,0.0,0.0,,,0.0,,,,0.0,,,,,,0.0,,,,0.0,,,Fang,方,Shi(Mother of Wufu),氏(吳福母),19.0,0.0,Index year algorithmically generated: Rule 9W;,0.0,0.0,,,,,,,,,,,,,load,,1.0,2013-09-23 00:00:00,
289279,Fang Sida,方思達,,,,0.0,,,0.0,0.0,,,0.0,,,,0.0,,,,,,0.0,,,,0.0,,,Fang,方,Sida,思達,19.0,0.0,,0.0,0.0,,,,,,,,,,,,,load,,1.0,2013-09-23 00:00:00,
289280,Fang Bao,方豹,,,,0.0,,,0.0,0.0,,,0.0,,,,0.0,,,,,,0.0,,,,0.0,,,Fang,方,Bao,豹,19.0,0.0,,0.0,0.0,,,,,,,,,,,,,load,,1.0,2013-09-23 00:00:00,
289281,Fang Jian,方建,1469.0,13.0,,0.0,4690.0,1.0,0.0,0.0,,,0.0,,,,0.0,,,,,,0.0,,,,0.0,,,Fang,方,Jian,建,19.0,0.0,Index year algorithmically generated: Rule 9;,0.0,0.0,,,,,,,,,,,,,load,,1.0,2013-09-23 00:00:00,
289284,Fang Pan,方磐,1501.0,19.0,,0.0,4690.0,1.0,0.0,0.0,,,0.0,,,,0.0,,,,,,0.0,,,,0.0,,,Fang,方,Pan,磐,19.0,0.0,Index year algorithmically generated: Rule 10;,0.0,0.0,,,,,,,,,,,,,load,,1.0,2013-09-23 00:00:00,
289285,Fang Meng,方艨,1501.0,19.0,,0.0,4690.0,1.0,0.0,0.0,,,0.0,,,,0.0,,,,,,0.0,,,,0.0,,,Fang,方,Meng,艨,19.0,0.0,Index year algorithmically generated: Rule 10;,0.0,0.0,,,,,,,,,,,,,load,,1.0,2013-09-23 00:00:00,
289286,Fang Ban,方般,1501.0,19.0,,0.0,4690.0,1.0,0.0,0.0,,,0.0,,,,0.0,,,,,,0.0,,,,0.0,,,Fang,方,Ban,般,19.0,0.0,Index year algorithmically generated: Rule 10;,0.0,0.0,,,,,,,,,,,,,load,,1.0,2013-09-23 00:00:00,
290113,Fang Shi(Wife of Zhangyunxian),方氏(章允賢妻),1502.0,6.0,130073.0,1.0,,,0.0,0.0,,,0.0,,,,0.0,,,,,,0.0,,,,0.0,,,Fang,方,Shi(Wife of Zhangyunxian),氏(章允賢妻),19.0,0.0,,0.0,0.0,,,,,,,,,,,,,load,,1.0,2013-09-23 00:00:00,
291065,Fang Shi(Mother of Zhouzonghao),方氏(周宗鎬母),1480.0,15.0,,1.0,,,0.0,0.0,,,0.0,,,,0.0,,,,,,0.0,,,,0.0,,,Fang,方,Shi(Mother of Zhouzonghao),氏(周宗鎬母),19.0,0.0,Index year algorithmically generated: Rule 9W;,0.0,0.0,,,,,,,,,,,,,load,,1.0,2013-09-23 00:00:00,
292942,Fang Shi(Wife of Shenyue),方氏(沈越妻),1504.0,3.0,202718.0,1.0,,,0.0,0.0,,,0.0,,,,0.0,,,,,,0.0,,,,0.0,,,Fang,方,Shi(Wife of Shenyue),氏(沈越妻),19.0,0.0,Index year algorithmically generated: Rule 4W;,0.0,0.0,,,,,,,,,,,,,load,,1.0,2013-09-23 00:00:00,
293162,Fang Shi(Mother of Wuxi),方氏(吳錫母),1400.0,15.0,,1.0,,,0.0,0.0,,,0.0,,,,0.0,,,,,,0.0,,,,0.0,,,Fang,方,Shi(Mother of Wuxi),氏(吳錫母),19.0,0.0,Index year algorithmically generated: Rule 9W;,0.0,0.0,,,,,,,,,,,,,load,,1.0,2013-09-23 00:00:00,
293683,Fang Shi(Mother of Wangxianzhi),方氏(王獻芝母),1473.0,15.0,,1.0,,,0.0,0.0,,,0.0,,,,0.0,,,,,,0.0,,,,0.0,,,Fang,方,Shi(Mother of Wangxianzhi),氏(王獻芝母),19.0,0.0,Index year algorithmically generated: Rule 9W;,0.0,0.0,,,,,,,,,,,,,load,,1.0,2013-09-23 00:00:00,
293778,Fang Shi(Mother of Liushikui),方氏(劉士逵母),1471.0,15.0,,1.0,,,0.0,0.0,,,0.0,,,,0.0,,,,,,0.0,,,,0.0,,,Fang,方,Shi(Mother of Liushikui),氏(劉士逵母),19.0,0.0,Index year algorithmically generated: Rule 9W;,0.0,0.0,,,,,,,,,,,,,load,,1.0,2013-09-23 00:00:00,
294147,Fang Xuan,方璿,,,,0.0,,,0.0,0.0,,,0.0,,,,0.0,,,,,,0.0,,,,0.0,,,Fang,方,Xuan,璿,19.0,0.0,,0.0,0.0,,,,,,,,,,,,,load,,1.0,2013-09-23 00:00:00,
294148,Fang Di,方迪,,,,0.0,,,0.0,0.0,,,0.0,,,,0.0,,,,,,0.0,,,,0.0,,,Fang,方,Di,迪,19.0,0.0,,0.0,0.0,,,,,,,,,,,,,load,,1.0,2013-09-23 00:00:00,
294149,Fang Shen,方紳,1439.0,14.0,,0.0,6034.0,1.0,0.0,0.0,,,0.0,,,,0.0,,,,,,0.0,,,,0.0,,,Fang,方,Shen,紳,19.0,0.0,Index year algorithmically generated: Rule 15;,0.0,0.0,,,,,,,,,,,,,load,,1.0,2013-09-23 00:00:00,
294154,Fang Shinan,方世南,1471.0,20.0,,0.0,6034.0,1.0,0.0,0.0,,,0.0,,,,0.0,,,,,,0.0,,,,0.0,,,Fang,方,Shinan,世南,19.0,0.0,Index year algorithmically generated: Rule 17;,0.0,0.0,,,,,,,,,,,,,load,,1.0,2013-09-23 00:00:00,
294155,Fang Daonan,方道南,1471.0,20.0,,0.0,6034.0,1.0,0.0,0.0,,,0.0,,,,0.0,,,,,,0.0,,,,0.0,,,Fang,方,Daonan,道南,19.0,0.0,Index year algorithmically generated: Rule 17;,0.0,0.0,,,,,,,,,,,,,load,,1.0,2013-09-23 00:00:00,
294794,Fang Jun,方俊,,,,0.0,,,0.0,0.0,,,0.0,,,,0.0,,,,,,0.0,,,,0.0,,,Fang,方,Jun,俊,19.0,0.0,,0.0,0.0,,,,,,,,,,,,,load,,1.0,2013-09-23 00:00:00,
294795,Fang Hua,方華,,,,0.0,,,0.0,0.0,,,0.0,,,,0.0,,,,,,0.0,,,,0.0,,,Fang,方,Hua,華,19.0,0.0,,0.0,0.0,,,,,,,,,,,,,load,,1.0,2013-09-23 00:00:00,
294797,Fang Yong,方勇,1472.0,14.0,,0.0,5579.0,1.0,0.0,0.0,,,0.0,,,,0.0,,,,,,0.0,,,,0.0,,,Fang,方,Yong,勇,19.0,0.0,,0.0,0.0,,,,,,,,,,,,,load,,1.0,2013-09-23 00:00:00,
294800,Fang Shi,方仕,1504.0,20.0,,0.0,5579.0,1.0,0.0,0.0,,,0.0,,,,0.0,,,,,,0.0,,,,0.0,,,Fang,方,Shi,仕,19.0,0.0,,0.0,0.0,,,,,,,,,,,,,load,,1.0,2013-09-23 00:00:00,
294801,Fang Zai,方在,1504.0,20.0,,0.0,5579.0,1.0,0.0,0.0,,,0.0,,,,0.0,,,,,,0.0,,,,0.0,,,Fang,方,Zai,在,19.0,0.0,,0.0,0.0,,,,,,,,,,,,,load,,1.0,2013-09-23 00:00:00,
294802,Fang Ji,方伋,1504.0,20.0,,0.0,5579.0,1.0,0.0,0.0,,,0.0,,,,0.0,,,,,,0.0,,,,0.0,,,Fang,方,Ji,伋,19.0,0.0,,0.0,0.0,,,,,,,,,,,,,load,,1.0,2013-09-23 00:00:00,
294803,Fang Zuo,方作,1504.0,20.0,,0.0,5579.0,1.0,0.0,0.0,,,0.0,,,,0.0,,,,,,0.0,,,,0.0,,,Fang,方,Zuo,作,19.0,0.0,,0.0,0.0,,,,,,,,,,,,,load,,1.0,2013-09-23 00:00:00,
294804,Fang Jie,方傑,1504.0,20.0,,0.0,5579.0,1.0,0.0,0.0,,,0.0,,,,0.0,,,,,,0.0,,,,0.0,,,Fang,方,Jie,傑,19.0,0.0,,0.0,0.0,,,,,,,,,,,,,load,,1.0,2013-09-23 00:00:00,
294805,Fang Yilong,方一龍,1532.0,12.0,126389.0,0.0,5579.0,1.0,0.0,0.0,,,0.0,,,,0.0,,,,,,0.0,,,,0.0,,,Fang,方,Yilong,一龍,19.0,0.0,,0.0,0.0,,,,,,,,,,,,,load,,1.0,2013-09-23 00:00:00,
294806,Fang Yilin,方一麟,1532.0,12.0,126389.0,0.0,5579.0,1.0,0.0,0.0,,,0.0,,,,0.0,,,,,,0.0,,,,0.0,,,Fang,方,Yilin,一麟,19.0,0.0,,0.0,0.0,,,,,,,,,,,,,load,,1.0,2013-09-23 00:00:00,
294936,Fang Shi(Mother of Guchong),方氏(顧翀母),,,,1.0,,,0.0,0.0,,,0.0,,,,0.0,,,,,,0.0,,,,0.0,,,Fang,方,Shi(Mother of Guchong),氏(顧翀母),19.0,0.0,,0.0,0.0,,,,,,,,,,,,,load,,1.0,2013-09-23 00:00:00,
295201,Fang Boji,方伯機,,,,0.0,,,0.0,0.0,,,0.0,,,,0.0,,,,,,0.0,,,,0.0,,,Fang,方,Boji,伯機,19.0,0.0,,0.0,0.0,,,,,,,,,,,,,load,,1.0,2013-09-23 00:00:00,
295202,Fang Shixue,方仕學,,,,0.0,,,0.0,0.0,,,0.0,,,,0.0,,,,,,0.0,,,,0.0,,,Fang,方,Shixue,仕學,19.0,0.0,,0.0,0.0,,,,,,,,,,,,,load,,1.0,2013-09-23 00:00:00,
295203,Fang Feng,方鳳,1475.0,13.0,,0.0,5582.0,1.0,0.0,0.0,,,0.0,,,,0.0,,,,,,0.0,,,,0.0,,,Fang,方,Feng,鳳,19.0,0.0,Index year algorithmically generated: Rule 9;,0.0,0.0,,,,,,,,,,,,,load,,1.0,2013-09-23 00:00:00,
295208,Fang Minyi,方民懌,1507.0,19.0,,0.0,5582.0,1.0,0.0,0.0,,,0.0,,,,0.0,,,,,,0.0,,,,0.0,,,Fang,方,Minyi,民懌,19.0,0.0,Index year algorithmically generated: Rule 10;,0.0,0.0,,,,,,,,,,,,,load,,1.0,2013-09-23 00:00:00,
295209,Fang Minhuai,方民懷,1507.0,19.0,,0.0,5582.0,1.0,0.0,0.0,,,0.0,,,,0.0,,,,,,0.0,,,,0.0,,,Fang,方,Minhuai,民懷,19.0,0.0,Index year algorithmically generated: Rule 10;,0.0,0.0,,,,,,,,,,,,,load,,1.0,2013-09-23 00:00:00,
295210,Fang Minxie,方民協,1507.0,19.0,,0.0,5582.0,1.0,0.0,0.0,,,0.0,,,,0.0,,,,,,0.0,,,,0.0,,,Fang,方,Minxie,民協,19.0,0.0,Index year algorithmically generated: Rule 10;,0.0,0.0,,,,,,,,,,,,,load,,1.0,2013-09-23 00:00:00,
295211,Fang Minxun,方民恂,1507.0,19.0,,0.0,5582.0,1.0,0.0,0.0,,,0.0,,,,0.0,,,,,,0.0,,,,0.0,,,Fang,方,Minxun,民恂,19.0,0.0,Index year algorithmically generated: Rule 10;,0.0,0.0,,,,,,,,,,,,,load,,1.0,2013-09-23 00:00:00,
295813,Fang Jinghua,方景華,,,,0.0,,,0.0,0.0,,,0.0,,,,0.0,,,,,,0.0,,,,0.0,,,Fang,方,Jinghua,景華,19.0,0.0,,0.0,0.0,,,,,,,,,,,,,load,,1.0,2013-09-23 00:00:00,
295814,Fang Runing,方汝寧,,,,0.0,,,0.0,0.0,,,0.0,,,,0.0,,,,,,0.0,,,,0.0,,,Fang,方,Runing,汝寧,19.0,0.0,,0.0,0.0,,,,,,,,,,,,,load,,1.0,2013-09-23 00:00:00,
295815,Fang Pu,方璞,1465.0,13.0,,0.0,5436.0,1.0,0.0,0.0,,,0.0,,,,0.0,,,,,,0.0,,,,0.0,,,Fang,方,Pu,璞,19.0,0.0,Index year algorithmically generated: Rule 9;,0.0,0.0,,,,,,,,,,,,,load,,1.0,2013-09-23 00:00:00,
295818,Fang Mengjing,方孟經,1493.0,21.0,,0.0,5436.0,1.0,0.0,0.0,,,0.0,,,,0.0,,,,,,0.0,,,,0.0,,,Fang,方,Mengjing,孟經,19.0,0.0,Index year algorithmically generated: Rule 11;,0.0,0.0,,,,,,,,,,,,,load,,1.0,2013-09-23 00:00:00,
295819,Fang Mengwei,方孟緯,1493.0,21.0,,0.0,5436.0,1.0,0.0,0.0,,,0.0,,,,0.0,,,,,,0.0,,,,0.0,,,Fang,方,Mengwei,孟緯,19.0,0.0,Index year algorithmically generated: Rule 11;,0.0,0.0,,,,,,,,,,,,,load,,1.0,2013-09-23 00:00:00,
295821,Fang Mengshen,方孟紳,1497.0,19.0,,0.0,5436.0,1.0,0.0,0.0,,,0.0,,,,0.0,,,,,,0.0,,,,0.0,,,Fang,方,Mengshen,孟紳,19.0,0.0,Index year algorithmically generated: Rule 10;,0.0,0.0,,,,,,,,,,,,,load,,1.0,2013-09-23 00:00:00,
295871,Fang Shi(Mother of Shiqianxiang),方氏(施千祥母),1477.0,15.0,,1.0,,,0.0,0.0,,,0.0,,,,0.0,,,,,,0.0,,,,0.0,,,Fang,方,Shi(Mother of Shiqianxiang),氏(施千祥母),19.0,0.0,Index year algorithmically generated: Rule 9W;,0.0,0.0,,,,,,,,,,,,,load,,1.0,2013-09-23 00:00:00,
296021,Fang Shi(Mother of Linqi),方氏(林棨母),1385.0,15.0,,1.0,,,0.0,0.0,,,0.0,,,,0.0,,,,,,0.0,,,,0.0,,,Fang,方,Shi(Mother of Linqi),氏(林棨母),19.0,0.0,Index year algorithmically generated: Rule 9W;,0.0,0.0,,,,,,,,,,,,,load,,1.0,2013-09-23 00:00:00,
296143,Fang Shi(Wife of Xuguan),方氏(徐貫妻),,,,1.0,,,0.0,0.0,,,0.0,,,,0.0,,,,,,0.0,,,,0.0,,,Fang,方,Shi(Wife of Xuguan),氏(徐貫妻),19.0,0.0,,0.0,0.0,,,,,,,,,,,,,load,,1.0,2013-09-23 00:00:00,
296777,Fang Shi(Wife of Lixiu),方氏(黎秀妻),1506.0,3.0,202921.0,1.0,,,0.0,0.0,,,0.0,,,,0.0,,,,,,0.0,,,,0.0,,,Fang,方,Shi(Wife of Lixiu),氏(黎秀妻),19.0,0.0,Index year algorithmically generated: Rule 4W;,0.0,0.0,,,,,,,,,,,,,load,,1.0,2013-09-23 00:00:00,
297390,Fang Zhongming,方仲名,,,,0.0,,,0.0,0.0,,,0.0,,,,0.0,,,,,,0.0,,,,0.0,,,Fang,方,Zhongming,仲名,19.0,0.0,,0.0,0.0,,,,,,,,,,,,,load,,1.0,2013-09-23 00:00:00,
297391,Fang Daheng,方大亨,,,,0.0,,,0.0,0.0,,,0.0,,,,0.0,,,,,,0.0,,,,0.0,,,Fang,方,Daheng,大亨,19.0,0.0,,0.0,0.0,,,,,,,,,,,,,load,,1.0,2013-09-23 00:00:00,
297392,Fang Yu,方裕,,,,0.0,,,0.0,0.0,,,0.0,,,,0.0,,,,,,0.0,,,,0.0,,,Fang,方,Yu,裕,19.0,0.0,,0.0,0.0,,,,,,,,,,,,,load,,1.0,2013-09-23 00:00:00,
297393,Fang Jian,方簡,1467.0,13.0,,0.0,4653.0,1.0,0.0,0.0,,,0.0,,,,0.0,,,,,,0.0,,,,0.0,,,Fang,方,Jian,簡,19.0,0.0,Index year algorithmically generated: Rule 9;,0.0,0.0,,,,,,,,,,,,,load,,1.0,2013-09-23 00:00:00,
297398,Fang Nian,方念,1499.0,19.0,,0.0,4653.0,1.0,0.0,0.0,,,0.0,,,,0.0,,,,,,0.0,,,,0.0,,,Fang,方,Nian,念,19.0,0.0,Index year algorithmically generated: Rule 10;,0.0,0.0,,,,,,,,,,,,,load,,1.0,2013-09-23 00:00:00,
297399,Fang Ren,方任,1499.0,19.0,,0.0,4653.0,1.0,0.0,0.0,,,0.0,,,,0.0,,,,,,0.0,,,,0.0,,,Fang,方,Ren,任,19.0,0.0,Index year algorithmically generated: Rule 10;,0.0,0.0,,,,,,,,,,,,,load,,1.0,2013-09-23 00:00:00,
297400,Fang He,方合,1499.0,19.0,,0.0,4653.0,1.0,0.0,0.0,,,0.0,,,,0.0,,,,,,0.0,,,,0.0,,,Fang,方,He,合,19.0,0.0,Index year algorithmically generated: Rule 10;,0.0,0.0,,,,,,,,,,,,,load,,1.0,2013-09-23 00:00:00,
297402,Fang Mengzhang,方孟章,,,,0.0,,,0.0,0.0,,,0.0,,,,0.0,,,,,,0.0,,,,0.0,,,Fang,方,Mengzhang,孟章,19.0,0.0,,0.0,0.0,,,,,,,,,,,,,load,,1.0,2013-09-23 00:00:00,
297413,Fang Luan,方鑾,,,,0.0,6034.0,1.0,0.0,0.0,,,0.0,,,,0.0,,,,,,0.0,,,,0.0,,,Fang,方,Luan,鑾,19.0,0.0,Index year algorithmically generated: Rule 15;,0.0,0.0,,,,,,,,,,,,,load,,1.0,2013-09-23 00:00:00,
297447,Fang Chaoyuan,方朝源,,,,0.0,6034.0,1.0,0.0,0.0,,,0.0,,,,0.0,,,,,,0.0,,,,0.0,,,Fang,方,Chaoyuan,朝源,19.0,0.0,Index year algorithmically generated: Rule 17;,0.0,0.0,,,,,,,,,,,,,load,,1.0,2013-09-23 00:00:00,
297458,Fang Chaoguang,方朝廣,,,,0.0,6034.0,1.0,0.0,0.0,,,0.0,,,,0.0,,,,,,0.0,,,,0.0,,,Fang,方,Chaoguang,朝廣,19.0,0.0,Index year algorithmically generated: Rule 17;,0.0,0.0,,,,,,,,,,,,,load,,1.0,2013-09-23 00:00:00,
297469,Fang Chaoqing,方朝清,,,,0.0,6034.0,1.0,0.0,0.0,,,0.0,,,,0.0,,,,,,0.0,,,,0.0,,,Fang,方,Chaoqing,朝清,19.0,0.0,Index year algorithmically generated: Rule 17;,0.0,0.0,,,,,,,,,,,,,load,,1.0,2013-09-23 00:00:00,
297480,Fang Shunde,方舜德,,,,0.0,6034.0,1.0,0.0,0.0,,,0.0,,,,0.0,,,,,,0.0,,,,0.0,,,Fang,方,Shunde,舜德,19.0,0.0,Index year algorithmically generated: Rule 17;,0.0,0.0,,,,,,,,,,,,,load,,1.0,2013-09-23 00:00:00,
297580,Fang Ding,方定,,,,0.0,,,0.0,0.0,,,0.0,,,,0.0,,,,,,0.0,,,,0.0,,,Fang,方,Ding,定,19.0,0.0,,0.0,0.0,,,,,,,,,,,,,load,,1.0,2013-09-23 00:00:00,
297591,Fang Wannu,方關奴,,,,0.0,,,0.0,0.0,,,0.0,,,,0.0,,,,,,0.0,,,,0.0,,,Fang,方,Wannu,關奴,19.0,0.0,,0.0,0.0,,,,,,,,,,,,,load,,1.0,2013-09-23 00:00:00,
297602,Fang Wenyin,方文印,1402.0,13.0,,0.0,5466.0,1.0,0.0,0.0,,,0.0,,,,0.0,,,,,,0.0,,,,0.0,,,Fang,方,Wenyin,文印,19.0,0.0,Index year algorithmically generated: Rule 9;,0.0,0.0,,,,,,,,,,,,,load,,1.0,2013-09-23 00:00:00,
298611,Fang Shi(Wife of Maozan),方氏(茅瓚妻),1503.0,3.0,69565.0,1.0,,,0.0,0.0,,,0.0,,,,0.0,,,,,,0.0,,,,0.0,,,Fang,方,Shi(Wife of Maozan),氏(茅瓚妻),19.0,0.0,Index year algorithmically generated: Rule 4W;,0.0,0.0,,,,,,,,,,,,,load,,1.0,2013-09-23 00:00:00,
298722,Fang Jingda,方景大,,,,0.0,,,0.0,0.0,,,0.0,,,,0.0,,,,,,0.0,,,,0.0,,,Fang,方,Jingda,景大,19.0,0.0,,0.0,0.0,,,,,,,,,,,,,load,,1.0,2013-09-23 00:00:00,
298723,Fang Xuewen,方學文,,,,0.0,,,0.0,0.0,,,0.0,,,,0.0,,,,,,0.0,,,,0.0,,,Fang,方,Xuewen,學文,19.0,0.0,,0.0,0.0,,,,,,,,,,,,,load,,1.0,2013-09-23 00:00:00,
298725,Fang Shikong,方師孔,1468.0,13.0,,0.0,6034.0,1.0,0.0,0.0,,,0.0,,,,0.0,,,,,,0.0,,,,0.0,,,Fang,方,Shikong,師孔,19.0,0.0,Index year algorithmically generated: Rule 9;,0.0,0.0,,,,,,,,,,,,,load,,1.0,2013-09-23 00:00:00,
298728,Fang Guolie,方國烈,1500.0,19.0,,0.0,6034.0,1.0,0.0,0.0,,,0.0,,,,0.0,,,,,,0.0,,,,0.0,,,Fang,方,Guolie,國烈,19.0,0.0,Index year algorithmically generated: Rule 10;,0.0,0.0,,,,,,,,,,,,,load,,1.0,2013-09-23 00:00:00,
298729,Fang Guozhao,方國照,1500.0,19.0,,0.0,6034.0,1.0,0.0,0.0,,,0.0,,,,0.0,,,,,,0.0,,,,0.0,,,Fang,方,Guozhao,國照,19.0,0.0,Index year algorithmically generated: Rule 10;,0.0,0.0,,,,,,,,,,,,,load,,1.0,2013-09-23 00:00:00,
298730,Fang Guoxiu,方國休,1500.0,19.0,,0.0,6034.0,1.0,0.0,0.0,,,0.0,,,,0.0,,,,,,0.0,,,,0.0,,,Fang,方,Guoxiu,國休,19.0,0.0,Index year algorithmically generated: Rule 10;,0.0,0.0,,,,,,,,,,,,,load,,1.0,2013-09-23 00:00:00,
298731,Fang Guoqiao,方國樵,1500.0,19.0,,0.0,6034.0,1.0,0.0,0.0,,,0.0,,,,0.0,,,,,,0.0,,,,0.0,,,Fang,方,Guoqiao,國樵,19.0,0.0,Index year algorithmically generated: Rule 10;,0.0,0.0,,,,,,,,,,,,,load,,1.0,2013-09-23 00:00:00,
298962,Fang Shi(Mother of Linmaozhi),方氏(林懋植母),1492.0,15.0,,1.0,,,0.0,0.0,,,0.0,,,,0.0,,,,,,0.0,,,,0.0,,,Fang,方,Shi(Mother of Linmaozhi),氏(林懋植母),19.0,0.0,Index year algorithmically generated: Rule 9W;,0.0,0.0,,,,,,,,,,,,,load,,1.0,2013-09-23 00:00:00,
299007,Fang Shi(Father'S Late Wife of Shen??),方氏(沈??前母),,,,1.0,,,0.0,0.0,,,0.0,,,,0.0,,,,,,0.0,,,,0.0,,,Fang,方,Shi(Father'S Late Wife of Shen??),氏(沈??前母),19.0,0.0,,0.0,0.0,,,,,,,,,,,,,load,,1.0,2013-09-23 00:00:00,
299962,Fang Shi(Mother of Wangyi),方氏(汪伊母),1473.0,15.0,,1.0,,,0.0,0.0,,,0.0,,,,0.0,,,,,,0.0,,,,0.0,,,Fang,方,Shi(Mother of Wangyi),氏(汪伊母),19.0,0.0,Index year algorithmically generated: Rule 9W;,0.0,0.0,,,,,,,,,,,,,load,,1.0,2013-09-23 00:00:00,
300731,Fang Shi(Wife of Sunmeng),方氏(孫孟妻),1507.0,3.0,203164.0,1.0,,,0.0,0.0,,,0.0,,,,0.0,,,,,,0.0,,,,0.0,,,Fang,方,Shi(Wife of Sunmeng),氏(孫孟妻),19.0,0.0,Index year algorithmically generated: Rule 4W;,0.0,0.0,,,,,,,,,,,,,load,,1.0,2013-09-23 00:00:00,
300833,Fang Shi(Wife of Baodaoming),方氏(鮑道明妻),1506.0,3.0,133086.0,1.0,,,0.0,0.0,,,0.0,,,,0.0,,,,,,0.0,,,,0.0,,,Fang,方,Shi(Wife of Baodaoming),氏(鮑道明妻),19.0,0.0,Index year algorithmically generated: Rule 4W;,0.0,0.0,,,,,,,,,,,,,load,,1.0,2013-09-23 00:00:00,
301447,Fang Shi(Mother of Wuweiyue),方氏(吳維嶽母),1487.0,15.0,,1.0,,,0.0,0.0,,,0.0,,,,0.0,,,,,,0.0,,,,0.0,,,Fang,方,Shi(Mother of Wuweiyue),氏(吳維嶽母),19.0,0.0,Index year algorithmically generated: Rule 9W;,0.0,0.0,,,,,,,,,,,,,load,,1.0,2013-09-23 00:00:00,
301665,Fang Shi(Mother of Huzongxian),方氏(胡宗憲母),,,,1.0,,,0.0,0.0,,,0.0,,,,0.0,,,,,,0.0,,,,0.0,,,Fang,方,Shi(Mother of Huzongxian),氏(胡宗憲母),19.0,0.0,,0.0,0.0,,,,,,,,,,,,,load,,1.0,2013-09-23 00:00:00,
302441,Fang Tianduo,方天鐸,,,,0.0,,,0.0,0.0,,,0.0,,,,0.0,,,,,,0.0,,,,0.0,,,Fang,方,Tianduo,天鐸,19.0,0.0,,0.0,0.0,,,,,,,,,,,,,load,,1.0,2013-09-23 00:00:00,
302442,Fang Xu,方緒,,,,0.0,,,0.0,0.0,,,0.0,,,,0.0,,,,,,0.0,,,,0.0,,,Fang,方,Xu,緒,19.0,0.0,,0.0,0.0,,,,,,,,,,,,,load,,1.0,2013-09-23 00:00:00,
302443,Fang Benhong,方本洪,1491.0,13.0,,0.0,5582.0,1.0,0.0,0.0,,,0.0,,,,0.0,,,,,,0.0,,,,0.0,,,Fang,方,Benhong,本洪,19.0,0.0,Index year algorithmically generated: Rule 9;,0.0,0.0,,,,,,,,,,,,,load,,1.0,2013-09-23 00:00:00,
302447,Fang Pan,方泮,1519.0,21.0,,0.0,5582.0,1.0,0.0,0.0,,,0.0,,,,0.0,,,,,,0.0,,,,0.0,,,Fang,方,Pan,泮,19.0,0.0,Index year algorithmically generated: Rule 11;,0.0,0.0,,,,,,,,,,,,,load,,1.0,2013-09-23 00:00:00,
302449,Fang Zhan,方沾,1523.0,19.0,,0.0,5582.0,1.0,0.0,0.0,,,0.0,,,,0.0,,,,,,0.0,,,,0.0,,,Fang,方,Zhan,沾,19.0,0.0,Index year algorithmically generated: Rule 10;,0.0,0.0,,,,,,,,,,,,,load,,1.0,2013-09-23 00:00:00,
302463,Fang Shi(Mother of Bijingkui),方氏(畢竟夔母),1475.0,15.0,,1.0,,,0.0,0.0,,,0.0,,,,0.0,,,,,,0.0,,,,0.0,,,Fang,方,Shi(Mother of Bijingkui),氏(畢竟夔母),19.0,0.0,Index year algorithmically generated: Rule 9W;,0.0,0.0,,,,,,,,,,,,,load,,1.0,2013-09-23 00:00:00,
302514,Fang Shi(Mother of Heli),方氏(何禮母),1395.0,15.0,,1.0,,,0.0,0.0,,,0.0,,,,0.0,,,,,,0.0,,,,0.0,,,Fang,方,Shi(Mother of Heli),氏(何禮母),19.0,0.0,Index year algorithmically generated: Rule 9W;,0.0,0.0,,,,,,,,,,,,,load,,1.0,2013-09-23 00:00:00,
302582,Fang Zongwu,方宗武,,,,0.0,,,0.0,0.0,,,0.0,,,,0.0,,,,,,0.0,,,,0.0,,,Fang,方,Zongwu,宗武,19.0,0.0,,0.0,0.0,,,,,,,,,,,,,load,,1.0,2013-09-23 00:00:00,
302604,Fang Wenjie,方文傑,1397.0,14.0,,0.0,5365.0,1.0,0.0,0.0,,,0.0,,,,0.0,,,,,,0.0,,,,0.0,,,Fang,方,Wenjie,文傑,19.0,0.0,,0.0,0.0,,,,,,,,,,,,,load,,1.0,2013-09-23 00:00:00,
302637,Fang He,方和,1429.0,20.0,,0.0,5365.0,1.0,0.0,0.0,,,0.0,,,,0.0,,,,,,0.0,,,,0.0,,,Fang,方,He,和,19.0,0.0,,0.0,0.0,,,,,,,,,,,,,load,,1.0,2013-09-23 00:00:00,
302648,Fang Zheng,方正,1429.0,20.0,,0.0,5365.0,1.0,0.0,0.0,,,0.0,,,,0.0,,,,,,0.0,,,,0.0,,,Fang,方,Zheng,正,19.0,0.0,,0.0,0.0,,,,,,,,,,,,,load,,1.0,2013-09-23 00:00:00,
302869,Fang Shi(Wife of Zhuqianhengji),方氏(朱乾亨繼妻),1516.0,3.0,203310.0,1.0,,,0.0,0.0,,,0.0,,,,0.0,,,,,,0.0,,,,0.0,,,Fang,方,Shi(Wife of Zhuqianhengji),氏(朱乾亨繼妻),19.0,0.0,Index year algorithmically generated: Rule 4W;,0.0,0.0,,,,,,,,,,,,,load,,1.0,2013-09-23 00:00:00,
303134,Fang Shi(Mother of Chenlong),方氏(陳鑨母),1479.0,15.0,,1.0,,,0.0,0.0,,,0.0,,,,0.0,,,,,,0.0,,,,0.0,,,Fang,方,Shi(Mother of Chenlong),氏(陳鑨母),19.0,0.0,Index year algorithmically generated: Rule 9W;,0.0,0.0,,,,,,,,,,,,,load,,1.0,2013-09-23 00:00:00,
303328,Fang Mengding,方孟錠,,,,0.0,,,0.0,0.0,,,0.0,,,,0.0,,,,,,0.0,,,,0.0,,,Fang,方,Mengding,孟錠,19.0,0.0,,0.0,0.0,,,,,,,,,,,,,load,,1.0,2013-09-23 00:00:00,
303329,Fang Chong,方寵,,,,0.0,,,0.0,0.0,,,0.0,,,,0.0,,,,,,0.0,,,,0.0,,,Fang,方,Chong,寵,19.0,0.0,,0.0,0.0,,,,,,,,,,,,,load,,1.0,2013-09-23 00:00:00,
303330,Fang Heng,方亨,1492.0,13.0,,0.0,5543.0,1.0,0.0,0.0,,,0.0,,,,0.0,,,,,,0.0,,,,0.0,,,Fang,方,Heng,亨,19.0,0.0,Index year algorithmically generated: Rule 15;,0.0,0.0,,,,,,,,,,,,,load,,1.0,2013-09-23 00:00:00,
303333,Fang Fengyuan,方逢源,1524.0,19.0,,0.0,5543.0,1.0,0.0,0.0,,,0.0,,,,0.0,,,,,,0.0,,,,0.0,,,Fang,方,Fengyuan,逢源,19.0,0.0,Index year algorithmically generated: Rule 17;,0.0,0.0,,,,,,,,,,,,,load,,1.0,2013-09-23 00:00:00,
303334,Fang Fengji,方逢吉,1524.0,19.0,,0.0,5543.0,1.0,0.0,0.0,,,0.0,,,,0.0,,,,,,0.0,,,,0.0,,,Fang,方,Fengji,逢吉,19.0,0.0,Index year algorithmically generated: Rule 17;,0.0,0.0,,,,,,,,,,,,,load,,1.0,2013-09-23 00:00:00,
303335,Fang Fengyin,方逢寅,1524.0,19.0,,0.0,5543.0,1.0,0.0,0.0,,,0.0,,,,0.0,,,,,,0.0,,,,0.0,,,Fang,方,Fengyin,逢寅,19.0,0.0,Index year algorithmically generated: Rule 17;,0.0,0.0,,,,,,,,,,,,,load,,1.0,2013-09-23 00:00:00,
303944,Fang Shi(Stepmother of Wangsanpin),方氏(王三聘繼母),,,,1.0,,,0.0,0.0,,,0.0,,,,0.0,,,,,,0.0,,,,0.0,,,Fang,方,Shi(Stepmother of Wangsanpin),氏(王三聘繼母),19.0,0.0,,0.0,0.0,,,,,,,,,,,,,load,,1.0,2013-09-23 00:00:00,
303985,Fang Wenmo,方文謨,,,,0.0,,,0.0,0.0,,,0.0,,,,0.0,,,,,,0.0,,,,0.0,,,Fang,方,Wenmo,文謨,19.0,0.0,,0.0,0.0,,,,,,,,,,,,,load,,1.0,2013-09-23 00:00:00,
303986,Fang Sishan,方思善,,,,0.0,,,0.0,0.0,,,0.0,,,,0.0,,,,,,0.0,,,,0.0,,,Fang,方,Sishan,思善,19.0,0.0,,0.0,0.0,,,,,,,,,,,,,load,,1.0,2013-09-23 00:00:00,
303987,Fang Zhongshen,方仲紳,1476.0,13.0,,0.0,6034.0,1.0,0.0,0.0,,,0.0,,,,0.0,,,,,,0.0,,,,0.0,,,Fang,方,Zhongshen,仲紳,19.0,0.0,Index year algorithmically generated: Rule 9;,0.0,0.0,,,,,,,,,,,,,load,,1.0,2013-09-23 00:00:00,
303991,Fang Dashun,方大順,1504.0,21.0,,0.0,6034.0,1.0,0.0,0.0,,,0.0,,,,0.0,,,,,,0.0,,,,0.0,,,Fang,方,Dashun,大順,19.0,0.0,Index year algorithmically generated: Rule 11;,0.0,0.0,,,,,,,,,,,,,load,,1.0,2013-09-23 00:00:00,
303994,Fang Daen,方大恩,1508.0,19.0,,0.0,6034.0,1.0,0.0,0.0,,,0.0,,,,0.0,,,,,,0.0,,,,0.0,,,Fang,方,Daen,大恩,19.0,0.0,Index year algorithmically generated: Rule 10;,0.0,0.0,,,,,,,,,,,,,load,,1.0,2013-09-23 00:00:00,
303995,Fang Dazhang,方大章,1508.0,19.0,,0.0,6034.0,1.0,0.0,0.0,,,0.0,,,,0.0,,,,,,0.0,,,,0.0,,,Fang,方,Dazhang,大章,19.0,0.0,Index year algorithmically generated: Rule 10;,0.0,0.0,,,,,,,,,,,,,load,,1.0,2013-09-23 00:00:00,
303996,Fang Dakai,方大愷,1508.0,19.0,,0.0,6034.0,1.0,0.0,0.0,,,0.0,,,,0.0,,,,,,0.0,,,,0.0,,,Fang,方,Dakai,大愷,19.0,0.0,Index year algorithmically generated: Rule 10;,0.0,0.0,,,,,,,,,,,,,load,,1.0,2013-09-23 00:00:00,
303997,Fang Daben,方大本,1508.0,19.0,,0.0,6034.0,1.0,0.0,0.0,,,0.0,,,,0.0,,,,,,0.0,,,,0.0,,,Fang,方,Daben,大本,19.0,0.0,Index year algorithmically generated: Rule 10;,0.0,0.0,,,,,,,,,,,,,load,,1.0,2013-09-23 00:00:00,
303998,Fang Daguan,方大觀,1508.0,19.0,,0.0,6034.0,1.0,0.0,0.0,,,0.0,,,,0.0,,,,,,0.0,,,,0.0,,,Fang,方,Daguan,大觀,19.0,0.0,Index year algorithmically generated: Rule 10;,0.0,0.0,,,,,,,,,,,,,load,,1.0,2013-09-23 00:00:00,
303999,Fang Daxu,方大旭,1508.0,19.0,,0.0,6034.0,1.0,0.0,0.0,,,0.0,,,,0.0,,,,,,0.0,,,,0.0,,,Fang,方,Daxu,大旭,19.0,0.0,Index year algorithmically generated: Rule 10;,0.0,0.0,,,,,,,,,,,,,load,,1.0,2013-09-23 00:00:00,
305277,Fang Shi(Wife of Daiwanji),方氏(戴完繼妻),1522.0,3.0,203478.0,1.0,,,0.0,0.0,,,0.0,,,,0.0,,,,,,0.0,,,,0.0,,,Fang,方,Shi(Wife of Daiwanji),氏(戴完繼妻),19.0,0.0,Index year algorithmically generated: Rule 4W;,0.0,0.0,,,,,,,,,,,,,load,,1.0,2013-09-23 00:00:00,
305350,Fang Shi(Mother of Wangzhichen),方氏(王之臣母),1483.0,15.0,,1.0,,,0.0,0.0,,,0.0,,,,0.0,,,,,,0.0,,,,0.0,,,Fang,方,Shi(Mother of Wangzhichen),氏(王之臣母),19.0,0.0,Index year algorithmically generated: Rule 9W;,0.0,0.0,,,,,,,,,,,,,load,,1.0,2013-09-23 00:00:00,
305390,Fang Shi(Wife of Xiebin),方氏(謝彬妻),1517.0,3.0,203486.0,1.0,,,0.0,0.0,,,0.0,,,,0.0,,,,,,0.0,,,,0.0,,,Fang,方,Shi(Wife of Xiebin),氏(謝彬 妻),19.0,0.0,Index year algorithmically generated: Rule 4W;,0.0,0.0,,,,,,,,,,,,,load,,1.0,2013-09-23 00:00:00,
305488,Fang Shi(Wife of Luoyiyue),方氏(羅一鸑妻),1514.0,3.0,203492.0,1.0,,,0.0,0.0,,,0.0,,,,0.0,,,,,,0.0,,,,0.0,,,Fang,方,Shi(Wife of Luoyiyue),氏(羅一鸑妻),19.0,0.0,Index year algorithmically generated: Rule 4W;,0.0,0.0,,,,,,,,,,,,,load,,1.0,2013-09-23 00:00:00,
305623,Fang Yanrong,方彥榮,,,,0.0,,,0.0,0.0,,,0.0,,,,0.0,,,,,,0.0,,,,0.0,,,Fang,方,Yanrong,彥榮,19.0,0.0,,0.0,0.0,,,,,,,,,,,,,load,,1.0,2013-09-23 00:00:00,
305624,Fang Liuzong,方柳宗,,,,0.0,,,0.0,0.0,,,0.0,,,,0.0,,,,,,0.0,,,,0.0,,,Fang,方,Liuzong,柳宗,19.0,0.0,,0.0,0.0,,,,,,,,,,,,,load,,1.0,2013-09-23 00:00:00,
305625,Fang Congzheng,方從政,1474.0,13.0,,0.0,4688.0,1.0,0.0,0.0,,,0.0,,,,0.0,,,,,,0.0,,,,0.0,,,Fang,方,Congzheng,從政,19.0,0.0,Index year algorithmically generated: Rule 9;,0.0,0.0,,,,,,,,,,,,,load,,1.0,2013-09-23 00:00:00,
305629,Fang Xiang,方珦,1506.0,19.0,,0.0,4688.0,1.0,0.0,0.0,,,0.0,,,,0.0,,,,,,0.0,,,,0.0,,,Fang,方,Xiang,珦,19.0,0.0,Index year algorithmically generated: Rule 10;,0.0,0.0,,,,,,,,,,,,,load,,1.0,2013-09-23 00:00:00,
305630,Fang Bi,方璧,1506.0,19.0,,0.0,4688.0,1.0,0.0,0.0,,,0.0,,,,0.0,,,,,,0.0,,,,0.0,,,Fang,方,Bi,璧,19.0,0.0,Index year algorithmically generated: Rule 10;,0.0,0.0,,,,,,,,,,,,,load,,1.0,2013-09-23 00:00:00,
305631,Fang Gun,方琯,1506.0,19.0,,0.0,4688.0,1.0,0.0,0.0,,,0.0,,,,0.0,,,,,,0.0,,,,0.0,,,Fang,方,Gun,琯,19.0,0.0,Index year algorithmically generated: Rule 10;,0.0,0.0,,,,,,,,,,,,,load,,1.0,2013-09-23 00:00:00,
305632,Fang Rui,方瑞,1506.0,19.0,,0.0,4688.0,1.0,0.0,0.0,,,0.0,,,,0.0,,,,,,0.0,,,,0.0,,,Fang,方,Rui,瑞,19.0,0.0,Index year algorithmically generated: Rule 10;,0.0,0.0,,,,,,,,,,,,,load,,1.0,2013-09-23 00:00:00,
305633,Fang Qi,方玘,1506.0,19.0,,0.0,4688.0,1.0,0.0,0.0,,,0.0,,,,0.0,,,,,,0.0,,,,0.0,,,Fang,方,Qi,玘,19.0,0.0,Index year algorithmically generated: Rule 10;,0.0,0.0,,,,,,,,,,,,,load,,1.0,2013-09-23 00:00:00,
305634,Fang Jie,方玠,1506.0,19.0,,0.0,4688.0,1.0,0.0,0.0,,,0.0,,,,0.0,,,,,,0.0,,,,0.0,,,Fang,方,Jie,玠,19.0,0.0,Index year algorithmically generated: Rule 10;,0.0,0.0,,,,,,,,,,,,,load,,1.0,2013-09-23 00:00:00,
305635,Fang Shen,方深,1506.0,19.0,,0.0,4688.0,1.0,0.0,0.0,,,0.0,,,,0.0,,,,,,0.0,,,,0.0,,,Fang,方,Shen,深,19.0,0.0,Index year algorithmically generated: Rule 10;,0.0,0.0,,,,,,,,,,,,,load,,1.0,2013-09-23 00:00:00,
305799,Fang Shi(Wife of Zhaoyi),方氏(趙釴妻),1515.0,3.0,132192.0,1.0,,,0.0,0.0,,,0.0,,,,0.0,,,,,,0.0,,,,0.0,,,Fang,方,Shi(Wife of Zhaoyi),氏(趙釴妻),19.0,0.0,Index year algorithmically generated: Rule 4W;,0.0,0.0,,,,,,,,,,,,,load,,1.0,2013-09-23 00:00:00,
305914,Fang Zhongren,方仲仁,,,,0.0,,,0.0,0.0,,,0.0,,,,0.0,,,,,,0.0,,,,0.0,,,Fang,方,Zhongren,仲仁,19.0,0.0,,0.0,0.0,,,,,,,,,,,,,load,,1.0,2013-09-23 00:00:00,
305915,Fang Gui,方貴,,,,0.0,,,0.0,0.0,,,0.0,,,,0.0,,,,,,0.0,,,,0.0,,,Fang,方,Gui,貴,19.0,0.0,,0.0,0.0,,,,,,,,,,,,,load,,1.0,2013-09-23 00:00:00,
305916,Fang Ren,方人,1477.0,13.0,,0.0,5333.0,1.0,0.0,0.0,,,0.0,,,,0.0,,,,,,0.0,,,,0.0,,,Fang,方,Ren,人,19.0,0.0,Index year algorithmically generated: Rule 9;,0.0,0.0,,,,,,,,,,,,,load,,1.0,2013-09-23 00:00:00,
305922,Fang Jiugong,方九功,1505.0,21.0,,0.0,5333.0,1.0,0.0,0.0,,,0.0,,,,0.0,,,,,,0.0,,,,0.0,,,Fang,方,Jiugong,九功,19.0,0.0,Index year algorithmically generated: Rule 11;,0.0,0.0,,,,,,,,,,,,,load,,1.0,2013-09-23 00:00:00,
305923,Fang Jiude,方九德,1509.0,19.0,,0.0,5333.0,1.0,0.0,0.0,,,0.0,,,,0.0,,,,,,0.0,,,,0.0,,,Fang,方,Jiude,九德,19.0,0.0,Index year algorithmically generated: Rule 10;,0.0,0.0,,,,,,,,,,,,,load,,1.0,2013-09-23 00:00:00,
305949,Fang Shi(Wife of Lumengbaoji),方氏(陸夢豹繼妻),1508.0,3.0,203523.0,1.0,,,0.0,0.0,,,0.0,,,,0.0,,,,,,0.0,,,,0.0,,,Fang,方,Shi(Wife of Lumengbaoji),氏(陸夢豹繼妻),19.0,0.0,Index year algorithmically generated: Rule 4W;,0.0,0.0,,,,,,,,,,,,,load,,1.0,2013-09-23 00:00:00,
305957,Fang Shi(Mother of Zhoujian),方氏(周鍵母),1488.0,15.0,,1.0,,,0.0,0.0,,,0.0,,,,0.0,,,,,,0.0,,,,0.0,,,Fang,方,Shi(Mother of Zhoujian),氏(周鍵母),19.0,0.0,Index year algorithmically generated: Rule 9W;,0.0,0.0,,,,,,,,,,,,,load,,1.0,2013-09-23 00:00:00,
306388,Fang Shi(Mother of Zhangdexi),方氏(張德熹母),1489.0,15.0,,1.0,,,0.0,0.0,,,0.0,,,,0.0,,,,,,0.0,,,,0.0,,,Fang,方,Shi(Mother of Zhangdexi),氏(張德熹母),19.0,0.0,Index year algorithmically generated: Rule 9W;,0.0,0.0,,,,,,,,,,,,,load,,1.0,2013-09-23 00:00:00,
306715,"Fang Shi(Mother, Nominal of Zhangzhixue)",方氏(張志學嫡母),,,,1.0,,,0.0,0.0,,,0.0,,,,0.0,,,,,,0.0,,,,0.0,,,Fang,方,"Shi(Mother, Nominal of Zhangzhixue)",氏(張志學嫡母),19.0,0.0,,0.0,0.0,,,,,,,,,,,,,load,,1.0,2013-09-23 00:00:00,
307184,Fang Youdao,方有道,,,,0.0,,,0.0,0.0,,,0.0,,,,0.0,,,,,,0.0,,,,0.0,,,Fang,方,Youdao,有道,19.0,0.0,,0.0,0.0,,,,,,,,,,,,,load,,1.0,2013-09-23 00:00:00,
307195,Fang Fa,方法,,,,0.0,,,0.0,0.0,,,0.0,,,,0.0,,,,,,0.0,,,,0.0,,,Fang,方,Fa,法,19.0,0.0,,0.0,0.0,,,,,,,,,,,,,load,,1.0,2013-09-23 00:00:00,
307206,Fang Mao,方懋,1388.0,13.0,,0.0,4664.0,1.0,0.0,0.0,,,0.0,,,,0.0,,,,,,0.0,,,,0.0,,,Fang,方,Mao,懋,19.0,0.0,Index year algorithmically generated: Rule 9;,0.0,0.0,,,,,,,,,,,,,load,,1.0,2013-09-23 00:00:00,
307240,Fang Lin,方琳,1416.0,21.0,,0.0,4664.0,1.0,0.0,0.0,,,0.0,,,,0.0,,,,,,0.0,,,,0.0,,,Fang,方,Lin,琳,19.0,0.0,Index year algorithmically generated: Rule 11;,0.0,0.0,,,,,,,,,,,,,load,,1.0,2013-09-23 00:00:00,
307251,Fang Qi,方玘,1416.0,21.0,,0.0,4664.0,1.0,0.0,0.0,,,0.0,,,,0.0,,,,,,0.0,,,,0.0,,,Fang,方,Qi,玘,19.0,0.0,Index year algorithmically generated: Rule 11;,0.0,0.0,,,,,,,,,,,,,load,,1.0,2013-09-23 00:00:00,
307262,Fang Yu,方瑜,1420.0,19.0,,0.0,4664.0,1.0,0.0,0.0,,,0.0,,,,0.0,,,,,,0.0,,,,0.0,,,Fang,方,Yu,瑜,19.0,0.0,Index year algorithmically generated: Rule 10;,0.0,0.0,,,,,,,,,,,,,load,,1.0,2013-09-23 00:00:00,
307273,Fang Li,方理,1420.0,19.0,,0.0,4664.0,1.0,0.0,0.0,,,0.0,,,,0.0,,,,,,0.0,,,,0.0,,,Fang,方,Li,理,19.0,0.0,Index year algorithmically generated: Rule 10;,0.0,0.0,,,,,,,,,,,,,load,,1.0,2013-09-23 00:00:00,
307284,Fang Yao,方瑤,1420.0,19.0,,0.0,4664.0,1.0,0.0,0.0,,,0.0,,,,0.0,,,,,,0.0,,,,0.0,,,Fang,方,Yao,瑤,19.0,0.0,Index year algorithmically generated: Rule 10;,0.0,0.0,,,,,,,,,,,,,load,,1.0,2013-09-23 00:00:00,
307295,Fang Zan,方瓚,1420.0,19.0,,0.0,4664.0,1.0,0.0,0.0,,,0.0,,,,0.0,,,,,,0.0,,,,0.0,,,Fang,方,Zan,瓚,19.0,0.0,Index year algorithmically generated: Rule 10;,0.0,0.0,,,,,,,,,,,,,load,,1.0,2013-09-23 00:00:00,
307306,Fang Guan,方瓘,1420.0,19.0,,0.0,4664.0,1.0,0.0,0.0,,,0.0,,,,0.0,,,,,,0.0,,,,0.0,,,Fang,方,Guan,瓘,19.0,0.0,Index year algorithmically generated: Rule 10;,0.0,0.0,,,,,,,,,,,,,load,,1.0,2013-09-23 00:00:00,
307317,Fang Jie,方玠,1420.0,19.0,,0.0,4664.0,1.0,0.0,0.0,,,0.0,,,,0.0,,,,,,0.0,,,,0.0,,,Fang,方,Jie,玠,19.0,0.0,Index year algorithmically generated: Rule 10;,0.0,0.0,,,,,,,,,,,,,load,,1.0,2013-09-23 00:00:00,
307621,Fang Shi(Wangyizhong Mu),方氏(汪一中母),,,,1.0,,,0.0,0.0,,,0.0,,,,0.0,,,,,,0.0,,,,0.0,,,Fang,方,Shi(Wangyizhong Mu),氏(汪一中 母),19.0,0.0,,0.0,0.0,,,,,,,,,,,,,load,,1.0,2013-09-23 00:00:00,
307819,Fang Shi(Mother of Fuqing),方氏(傅卿母),1483.0,15.0,,1.0,,,0.0,0.0,,,0.0,,,,0.0,,,,,,0.0,,,,0.0,,,Fang,方,Shi(Mother of Fuqing),氏(傅卿母),19.0,0.0,Index year algorithmically generated: Rule 9W;,0.0,0.0,,,,,,,,,,,,,load,,1.0,2013-09-23 00:00:00,
309435,Fang Shi(Wife of Xuwenmian),方氏(徐文沔妻),1518.0,3.0,203746.0,1.0,,,0.0,0.0,,,0.0,,,,0.0,,,,,,0.0,,,,0.0,,,Fang,方,Shi(Wife of Xuwenmian),氏(徐文沔妻),19.0,0.0,Index year algorithmically generated: Rule 4W;,0.0,0.0,,,,,,,,,,,,,load,,1.0,2013-09-23 00:00:00,
309950,Fang Shi(Father'S Late Wife of Haochengxing),方氏(郝成性前母),,,,1.0,,,0.0,0.0,,,0.0,,,,0.0,,,,,,0.0,,,,0.0,,,Fang,方,Shi(Father'S Late Wife of Haochengxing),氏(郝成性前母),19.0,0.0,,0.0,0.0,,,,,,,,,,,,,load,,1.0,2013-09-23 00:00:00,
309971,Fang Shi(Wife of Lvkongliang),方氏(呂孔良妻),1520.0,3.0,203784.0,1.0,,,0.0,0.0,,,0.0,,,,0.0,,,,,,0.0,,,,0.0,,,Fang,方,Shi(Wife of Lvkongliang),氏(呂孔良妻),19.0,0.0,Index year algorithmically generated: Rule 4W;,0.0,0.0,,,,,,,,,,,,,load,,1.0,2013-09-23 00:00:00,
310287,Fang Shi(Mother of Chengsigong),方氏(程嗣功母),1498.0,15.0,,1.0,,,0.0,0.0,,,0.0,,,,0.0,,,,,,0.0,,,,0.0,,,Fang,方,Shi(Mother of Chengsigong),氏(程嗣功母),19.0,0.0,Index year algorithmically generated: Rule 9W;,0.0,0.0,,,,,,,,,,,,,load,,1.0,2013-09-23 00:00:00,
310558,Fang Xun,方巽,,,,0.0,,,0.0,0.0,,,0.0,,,,0.0,,,,,,0.0,,,,0.0,,,Fang,方,Xun,巽,19.0,0.0,,0.0,0.0,,,,,,,,,,,,,load,,1.0,2013-09-23 00:00:00,
310559,Fang Wan,方琬,,,,0.0,,,0.0,0.0,,,0.0,,,,0.0,,,,,,0.0,,,,0.0,,,Fang,方,Wan,琬,19.0,0.0,,0.0,0.0,,,,,,,,,,,,,load,,1.0,2013-09-23 00:00:00,
310560,Fang Ren,方仁,1484.0,13.0,,0.0,5443.0,1.0,0.0,0.0,,,0.0,,,,0.0,,,,,,0.0,,,,0.0,,,Fang,方,Ren,仁,19.0,0.0,Index year algorithmically generated: Rule 9;,0.0,0.0,,,,,,,,,,,,,load,,1.0,2013-09-23 00:00:00,
310564,Fang Chu,方初,1512.0,21.0,,0.0,5443.0,1.0,0.0,0.0,,,0.0,,,,0.0,,,,,,0.0,,,,0.0,,,Fang,方,Chu,初,19.0,0.0,Index year algorithmically generated: Rule 11;,0.0,0.0,,,,,,,,,,,,,load,,1.0,2013-09-23 00:00:00,
310565,Fang Xi,方禧,1516.0,19.0,,0.0,5443.0,1.0,0.0,0.0,,,0.0,,,,0.0,,,,,,0.0,,,,0.0,,,Fang,方,Xi,禧,19.0,0.0,Index year algorithmically generated: Rule 10;,0.0,0.0,,,,,,,,,,,,,load,,1.0,2013-09-23 00:00:00,
311663,Fang Shi(Mother of Zhuzheng),方氏(諸正母),1401.0,15.0,,1.0,,,0.0,0.0,,,0.0,,,,0.0,,,,,,0.0,,,,0.0,,,Fang,方,Shi(Mother of Zhuzheng),氏(諸正母),19.0,0.0,Index year algorithmically generated: Rule 9W;,0.0,0.0,,,,,,,,,,,,,load,,1.0,2013-09-23 00:00:00,
311757,Fang Maofu,方茂富,,,,0.0,,,0.0,0.0,,,0.0,,,,0.0,,,,,,0.0,,,,0.0,,,Fang,方,Maofu,茂富,19.0,0.0,,0.0,0.0,,,,,,,,,,,,,load,,1.0,2013-09-23 00:00:00,
311758,Fang Taisun,方泰孫,,,,0.0,,,0.0,0.0,,,0.0,,,,0.0,,,,,,0.0,,,,0.0,,,Fang,方,Taisun,泰孫,19.0,0.0,,0.0,0.0,,,,,,,,,,,,,load,,1.0,2013-09-23 00:00:00,
311759,Fang Hu,方虎,1486.0,13.0,,0.0,4688.0,1.0,0.0,0.0,,,0.0,,,,0.0,,,,,,0.0,,,,0.0,,,Fang,方,Hu,虎,19.0,0.0,Index year algorithmically generated: Rule 9;,0.0,0.0,,,,,,,,,,,,,load,,1.0,2013-09-23 00:00:00,
311764,Fang Xuanjing,方玄靜,1514.0,21.0,,0.0,4688.0,1.0,0.0,0.0,,,0.0,,,,0.0,,,,,,0.0,,,,0.0,,,Fang,方,Xuanjing,玄靜,19.0,0.0,Index year algorithmically generated: Rule 11;,0.0,0.0,,,,,,,,,,,,,load,,1.0,2013-09-23 00:00:00,
311765,Fang Yijing,方頤靜,1514.0,21.0,,0.0,4688.0,1.0,0.0,0.0,,,0.0,,,,0.0,,,,,,0.0,,,,0.0,,,Fang,方,Yijing,頤靜,19.0,0.0,Index year algorithmically generated: Rule 11;,0.0,0.0,,,,,,,,,,,,,load,,1.0,2013-09-23 00:00:00,
311766,Fang Wujing,方武靜,1518.0,19.0,,0.0,4688.0,1.0,0.0,0.0,,,0.0,,,,0.0,,,,,,0.0,,,,0.0,,,Fang,方,Wujing,武靜,19.0,0.0,Index year algorithmically generated: Rule 10;,0.0,0.0,,,,,,,,,,,,,load,,1.0,2013-09-23 00:00:00,
311767,Fang Benjing,方本靜,1518.0,19.0,,0.0,4688.0,1.0,0.0,0.0,,,0.0,,,,0.0,,,,,,0.0,,,,0.0,,,Fang,方,Benjing,本靜,19.0,0.0,Index year algorithmically generated: Rule 10;,0.0,0.0,,,,,,,,,,,,,load,,1.0,2013-09-23 00:00:00,
311768,Fang Shoujing,方守靜,1518.0,19.0,,0.0,4688.0,1.0,0.0,0.0,,,0.0,,,,0.0,,,,,,0.0,,,,0.0,,,Fang,方,Shoujing,守靜,19.0,0.0,Index year algorithmically generated: Rule 10;,0.0,0.0,,,,,,,,,,,,,load,,1.0,2013-09-23 00:00:00,
312482,Fang Wenzuan,方文纘,,,,0.0,,,0.0,0.0,,,0.0,,,,0.0,,,,,,0.0,,,,0.0,,,Fang,方,Wenzuan,文纘,19.0,0.0,,0.0,0.0,,,,,,,,,,,,,load,,1.0,2013-09-23 00:00:00,
312483,Fang Shiming,方世明,,,,0.0,,,0.0,0.0,,,0.0,,,,0.0,,,,,,0.0,,,,0.0,,,Fang,方,Shiming,世明,19.0,0.0,,0.0,0.0,,,,,,,,,,,,,load,,1.0,2013-09-23 00:00:00,
312485,Fang Zhao,方照,1487.0,13.0,,0.0,4690.0,1.0,0.0,0.0,,,0.0,,,,0.0,,,,,,0.0,,,,0.0,,,Fang,方,Zhao,照,19.0,0.0,Index year algorithmically generated: Rule 9;,0.0,0.0,,,,,,,,,,,,,load,,1.0,2013-09-23 00:00:00,
312488,Fang Jiaqing,方家慶,1515.0,21.0,,0.0,4690.0,1.0,0.0,0.0,,,0.0,,,,0.0,,,,,,0.0,,,,0.0,,,Fang,方,Jiaqing,家慶,19.0,0.0,Index year algorithmically generated: Rule 11;,0.0,0.0,,,,,,,,,,,,,load,,1.0,2013-09-23 00:00:00,
312489,Fang Puqing,方普慶,1519.0,19.0,,0.0,4690.0,1.0,0.0,0.0,,,0.0,,,,0.0,,,,,,0.0,,,,0.0,,,Fang,方,Puqing,普慶,19.0,0.0,Index year algorithmically generated: Rule 10;,0.0,0.0,,,,,,,,,,,,,load,,1.0,2013-09-23 00:00:00,
312490,Fang Keqing,方可慶,1519.0,19.0,,0.0,4690.0,1.0,0.0,0.0,,,0.0,,,,0.0,,,,,,0.0,,,,0.0,,,Fang,方,Keqing,可慶,19.0,0.0,Index year algorithmically generated: Rule 10;,0.0,0.0,,,,,,,,,,,,,load,,1.0,2013-09-23 00:00:00,
312722,Fang Shi(Wife of Zhanli),方氏(詹理妻),1519.0,3.0,203974.0,1.0,,,0.0,0.0,,,0.0,,,,0.0,,,,,,0.0,,,,0.0,,,Fang,方,Shi(Wife of Zhanli),氏(詹理妻),19.0,0.0,Index year algorithmically generated: Rule 4W;,0.0,0.0,,,,,,,,,,,,,load,,1.0,2013-09-23 00:00:00,
312744,Fang Shi(Mother of Wangjia),方氏(王价母),1501.0,15.0,,1.0,,,0.0,0.0,,,0.0,,,,0.0,,,,,,0.0,,,,0.0,,,Fang,方,Shi(Mother of Wangjia),氏(王价母),19.0,0.0,Index year algorithmically generated: Rule 9W;,0.0,0.0,,,,,,,,,,,,,load,,1.0,2013-09-23 00:00:00,
313905,Fang Ce,方策,,,,0.0,,,0.0,0.0,,,0.0,,,,0.0,,,,,,0.0,,,,0.0,,,Fang,方,Ce,策,19.0,0.0,,0.0,0.0,,,,,,,,,,,,,load,,1.0,2013-09-23 00:00:00,
313906,Fang Zizhong,方自中,,,,0.0,,,0.0,0.0,,,0.0,,,,0.0,,,,,,0.0,,,,0.0,,,Fang,方,Zizhong,自中,19.0,0.0,,0.0,0.0,,,,,,,,,,,,,load,,1.0,2013-09-23 00:00:00,
313908,Fang Gong,方鞏,1488.0,13.0,,0.0,5732.0,1.0,0.0,0.0,,,0.0,,,,0.0,,,,,,0.0,,,,0.0,,,Fang,方,Gong,鞏,19.0,0.0,Index year algorithmically generated: Rule 9;,0.0,0.0,,,,,,,,,,,,,load,,1.0,2013-09-23 00:00:00,
313913,Fang Zhengyi,方正儀,1516.0,21.0,,0.0,5732.0,1.0,0.0,0.0,,,0.0,,,,0.0,,,,,,0.0,,,,0.0,,,Fang,方,Zhengyi,正儀,19.0,0.0,Index year algorithmically generated: Rule 11;,0.0,0.0,,,,,,,,,,,,,load,,1.0,2013-09-23 00:00:00,
313914,Fang Zhengming,方正明,1516.0,21.0,,0.0,5732.0,1.0,0.0,0.0,,,0.0,,,,0.0,,,,,,0.0,,,,0.0,,,Fang,方,Zhengming,正明,19.0,0.0,Index year algorithmically generated: Rule 11;,0.0,0.0,,,,,,,,,,,,,load,,1.0,2013-09-23 00:00:00,
313915,Fang Zhengchuan,方正傳,1516.0,21.0,,0.0,5732.0,1.0,0.0,0.0,,,0.0,,,,0.0,,,,,,0.0,,,,0.0,,,Fang,方,Zhengchuan,正傳,19.0,0.0,Index year algorithmically generated: Rule 11;,0.0,0.0,,,,,,,,,,,,,load,,1.0,2013-09-23 00:00:00,
314191,Fang Shen,方深,,,,0.0,,,0.0,0.0,,,0.0,,,,0.0,,,,,,0.0,,,,0.0,,,Fang,方,Shen,深,19.0,0.0,,0.0,0.0,,,,,,,,,,,,,load,,1.0,2013-09-23 00:00:00,
314192,Fang Liangjie,方良節,,,,0.0,,,0.0,0.0,,,0.0,,,,0.0,,,,,,0.0,,,,0.0,,,Fang,方,Liangjie,良節,19.0,0.0,,0.0,0.0,,,,,,,,,,,,,load,,1.0,2013-09-23 00:00:00,
314193,Fang Zhongxi,方重熙,1490.0,14.0,,0.0,6034.0,1.0,0.0,0.0,,,0.0,,,,0.0,,,,,,0.0,,,,0.0,,,Fang,方,Zhongxi,重熙,19.0,0.0,Index year algorithmically generated: Rule 15;,0.0,0.0,,,,,,,,,,,,,load,,1.0,2013-09-23 00:00:00,
314198,Fang Youxi,方攸塈,1518.0,22.0,,0.0,6034.0,1.0,0.0,0.0,,,0.0,,,,0.0,,,,,,0.0,,,,0.0,,,Fang,方,Youxi,攸塈,19.0,0.0,Index year algorithmically generated: Rule 16;,0.0,0.0,,,,,,,,,,,,,load,,1.0,2013-09-23 00:00:00,
314199,Fang Shuyou,方叔猷,1518.0,22.0,,0.0,6034.0,1.0,0.0,0.0,,,0.0,,,,0.0,,,,,,0.0,,,,0.0,,,Fang,方,Shuyou,叔猷,19.0,0.0,Index year algorithmically generated: Rule 16;,0.0,0.0,,,,,,,,,,,,,load,,1.0,2013-09-23 00:00:00,
314200,Fang Youning,方攸寧,1522.0,20.0,,0.0,6034.0,1.0,0.0,0.0,,,0.0,,,,0.0,,,,,,0.0,,,,0.0,,,Fang,方,Youning,攸寧,19.0,0.0,Index year algorithmically generated: Rule 17;,0.0,0.0,,,,,,,,,,,,,load,,1.0,2013-09-23 00:00:00,
314201,Fang Youyi,方攸宜,1522.0,20.0,,0.0,6034.0,1.0,0.0,0.0,,,0.0,,,,0.0,,,,,,0.0,,,,0.0,,,Fang,方,Youyi,攸宜,19.0,0.0,Index year algorithmically generated: Rule 17;,0.0,0.0,,,,,,,,,,,,,load,,1.0,2013-09-23 00:00:00,
314202,Fang Youju,方攸居,1522.0,20.0,,0.0,6034.0,1.0,0.0,0.0,,,0.0,,,,0.0,,,,,,0.0,,,,0.0,,,Fang,方,Youju,攸居,19.0,0.0,Index year algorithmically generated: Rule 17;,0.0,0.0,,,,,,,,,,,,,load,,1.0,2013-09-23 00:00:00,
314203,Fang Youxu,方攸敘,1522.0,20.0,,0.0,6034.0,1.0,0.0,0.0,,,0.0,,,,0.0,,,,,,0.0,,,,0.0,,,Fang,方,Youxu,攸敘,19.0,0.0,Index year algorithmically generated: Rule 17;,0.0,0.0,,,,,,,,,,,,,load,,1.0,2013-09-23 00:00:00,
314204,Fang Youtong,方攸同,1522.0,20.0,,0.0,6034.0,1.0,0.0,0.0,,,0.0,,,,0.0,,,,,,0.0,,,,0.0,,,Fang,方,Youtong,攸同,19.0,0.0,Index year algorithmically generated: Rule 17;,0.0,0.0,,,,,,,,,,,,,load,,1.0,2013-09-23 00:00:00,
314205,Fang Youbin,方攸賓,1522.0,20.0,,0.0,6034.0,1.0,0.0,0.0,,,0.0,,,,0.0,,,,,,0.0,,,,0.0,,,Fang,方,Youbin,攸賓,19.0,0.0,Index year algorithmically generated: Rule 17;,0.0,0.0,,,,,,,,,,,,,load,,1.0,2013-09-23 00:00:00,
314452,Fang Shi(Wife of Zhengfengyang),方氏(鄭逢陽妻),1517.0,3.0,204103.0,1.0,,,0.0,0.0,,,0.0,,,,0.0,,,,,,0.0,,,,0.0,,,Fang,方,Shi(Wife of Zhengfengyang),氏(鄭逢陽妻),19.0,0.0,Index year algorithmically generated: Rule 4W;,0.0,0.0,,,,,,,,,,,,,load,,1.0,2013-09-23 00:00:00,
315187,Fang Shi(Mother of Qiyu),方氏(齊遇母),1489.0,15.0,,1.0,,,0.0,0.0,,,0.0,,,,0.0,,,,,,0.0,,,,0.0,,,Fang,方,Shi(Mother of Qiyu),氏(齊遇母),19.0,0.0,Index year algorithmically generated: Rule 9W;,0.0,0.0,,,,,,,,,,,,,load,,1.0,2013-09-23 00:00:00,
315189,Fang Shi(Wife of Qiyuji),方氏(齊遇繼妻),1519.0,3.0,204155.0,1.0,,,0.0,0.0,,,0.0,,,,0.0,,,,,,0.0,,,,0.0,,,Fang,方,Shi(Wife of Qiyuji),氏(齊遇繼妻),19.0,0.0,Index year algorithmically generated: Rule 4W;,0.0,0.0,,,,,,,,,,,,,load,,1.0,2013-09-23 00:00:00,
315469,Fang Shi(Mother of Xubing),方氏(徐炳母),,,,1.0,,,0.0,0.0,,,0.0,,,,0.0,,,,,,0.0,,,,0.0,,,Fang,方,Shi(Mother of Xubing),氏(徐炳母),19.0,0.0,,0.0,0.0,,,,,,,,,,,,,load,,1.0,2013-09-23 00:00:00,
315470,Fang Shi(Wife of Xubing),方氏(徐炳妻),1526.0,6.0,129923.0,1.0,,,0.0,0.0,,,0.0,,,,0.0,,,,,,0.0,,,,0.0,,,Fang,方,Shi(Wife of Xubing),氏(徐炳妻),19.0,0.0,,0.0,0.0,,,,,,,,,,,,,load,,1.0,2013-09-23 00:00:00,
315619,Fang Shi(Wife of Daishiyong),方氏(戴時雍妻),1517.0,3.0,204182.0,1.0,,,0.0,0.0,,,0.0,,,,0.0,,,,,,0.0,,,,0.0,,,Fang,方,Shi(Wife of Daishiyong),氏(戴時雍妻),19.0,0.0,Index year algorithmically generated: Rule 4W;,0.0,0.0,,,,,,,,,,,,,load,,1.0,2013-09-23 00:00:00,
315676,Fang Maoan,方懋安,,,,0.0,,,0.0,0.0,,,0.0,,,,0.0,,,,,,0.0,,,,0.0,,,Fang,方,Maoan,懋安,19.0,0.0,,0.0,0.0,,,,,,,,,,,,,load,,1.0,2013-09-23 00:00:00,
315677,Fang Tai,方泰,,,,0.0,,,0.0,0.0,,,0.0,,,,0.0,,,,,,0.0,,,,0.0,,,Fang,方,Tai,泰,19.0,0.0,,0.0,0.0,,,,,,,,,,,,,load,,1.0,2013-09-23 00:00:00,
315678,Fang Xiangqing,方祥慶,1485.0,13.0,,0.0,4688.0,1.0,0.0,0.0,,,0.0,,,,0.0,,,,,,0.0,,,,0.0,,,Fang,方,Xiangqing,祥慶,19.0,0.0,Index year algorithmically generated: Rule 9;,0.0,0.0,,,,,,,,,,,,,load,,1.0,2013-09-23 00:00:00,
315681,Fang Liangming,方良明,1513.0,21.0,,0.0,4688.0,1.0,0.0,0.0,,,0.0,,,,0.0,,,,,,0.0,,,,0.0,,,Fang,方,Liangming,良明,19.0,0.0,Index year algorithmically generated: Rule 11;,0.0,0.0,,,,,,,,,,,,,load,,1.0,2013-09-23 00:00:00,
315682,Fang Liangqi,方良啟,1517.0,19.0,,0.0,4688.0,1.0,0.0,0.0,,,0.0,,,,0.0,,,,,,0.0,,,,0.0,,,Fang,方,Liangqi,良啟,19.0,0.0,Index year algorithmically generated: Rule 10;,0.0,0.0,,,,,,,,,,,,,load,,1.0,2013-09-23 00:00:00,
315683,Fang Liangyong,方良用,1517.0,19.0,,0.0,4688.0,1.0,0.0,0.0,,,0.0,,,,0.0,,,,,,0.0,,,,0.0,,,Fang,方,Liangyong,良用,19.0,0.0,Index year algorithmically generated: Rule 10;,0.0,0.0,,,,,,,,,,,,,load,,1.0,2013-09-23 00:00:00,
315685,Fang Liangkai,方良鎧,1517.0,19.0,,0.0,4688.0,1.0,0.0,0.0,,,0.0,,,,0.0,,,,,,0.0,,,,0.0,,,Fang,方,Liangkai,良鎧,19.0,0.0,Index year algorithmically generated: Rule 10;,0.0,0.0,,,,,,,,,,,,,load,,1.0,2013-09-23 00:00:00,
315686,Fang Liangzhen,方良鎮,1517.0,19.0,,0.0,4688.0,1.0,0.0,0.0,,,0.0,,,,0.0,,,,,,0.0,,,,0.0,,,Fang,方,Liangzhen,良鎮,19.0,0.0,Index year algorithmically generated: Rule 10;,0.0,0.0,,,,,,,,,,,,,load,,1.0,2013-09-23 00:00:00,
315687,Fang Liangzhao,方良肇,1517.0,19.0,,0.0,4688.0,1.0,0.0,0.0,,,0.0,,,,0.0,,,,,,0.0,,,,0.0,,,Fang,方,Liangzhao,良肇,19.0,0.0,Index year algorithmically generated: Rule 10;,0.0,0.0,,,,,,,,,,,,,load,,1.0,2013-09-23 00:00:00,
315739,Fang Boxiang,方伯祥,,,,0.0,,,0.0,0.0,,,0.0,,,,0.0,,,,,,0.0,,,,0.0,,,Fang,方,Boxiang,伯祥,19.0,0.0,,0.0,0.0,,,,,,,,,,,,,load,,1.0,2013-09-23 00:00:00,
315750,Fang Jifang,方季芳,,,,0.0,,,0.0,0.0,,,0.0,,,,0.0,,,,,,0.0,,,,0.0,,,Fang,方,Jifang,季芳,19.0,0.0,,0.0,0.0,,,,,,,,,,,,,load,,1.0,2013-09-23 00:00:00,
315761,Fang Ying,方瑛,1395.0,13.0,,0.0,5384.0,1.0,0.0,0.0,,,0.0,,,,0.0,,,,,,0.0,,,,0.0,,,Fang,方,Ying,瑛,19.0,0.0,Index year algorithmically generated: Rule 9;,0.0,0.0,,,,,,,,,,,,,load,,1.0,2013-09-23 00:00:00,
315795,Fang Hui,方洄,1427.0,19.0,,0.0,5384.0,1.0,0.0,0.0,,,0.0,,,,0.0,,,,,,0.0,,,,0.0,,,Fang,方,Hui,洄,19.0,0.0,Index year algorithmically generated: Rule 10;,0.0,0.0,,,,,,,,,,,,,load,,1.0,2013-09-23 00:00:00,
315896,Fang Shujin,方叔進,,,,0.0,,,0.0,0.0,,,0.0,,,,0.0,,,,,,0.0,,,,0.0,,,Fang,方,Shujin,叔進,19.0,0.0,,0.0,0.0,,,,,,,,,,,,,load,,1.0,2013-09-23 00:00:00,
315898,Fang Lin,方臨,,,,0.0,,,0.0,0.0,,,0.0,,,,0.0,,,,,,0.0,,,,0.0,,,Fang,方,Lin,臨,19.0,0.0,,0.0,0.0,,,,,,,,,,,,,load,,1.0,2013-09-23 00:00:00,
315899,Fang Zaiyuan,方在淵,1493.0,14.0,,0.0,6034.0,1.0,0.0,0.0,,,0.0,,,,0.0,,,,,,0.0,,,,0.0,,,Fang,方,Zaiyuan,在淵,19.0,0.0,Index year algorithmically generated: Rule 15;,0.0,0.0,,,,,,,,,,,,,load,,1.0,2013-09-23 00:00:00,
315902,Fang Wanzai,方萬載,1521.0,22.0,,0.0,6034.0,1.0,0.0,0.0,,,0.0,,,,0.0,,,,,,0.0,,,,0.0,,,Fang,方,Wanzai,萬載,19.0,0.0,Index year algorithmically generated: Rule 16;,0.0,0.0,,,,,,,,,,,,,load,,1.0,2013-09-23 00:00:00,
315903,Fang Wanxiang,方萬箱,1521.0,22.0,,0.0,6034.0,1.0,0.0,0.0,,,0.0,,,,0.0,,,,,,0.0,,,,0.0,,,Fang,方,Wanxiang,萬箱,19.0,0.0,Index year algorithmically generated: Rule 16;,0.0,0.0,,,,,,,,,,,,,load,,1.0,2013-09-23 00:00:00,
315904,Fang Huolin,方獲麟,1521.0,22.0,,0.0,6034.0,1.0,0.0,0.0,,,0.0,,,,0.0,,,,,,0.0,,,,0.0,,,Fang,方,Huolin,獲麟,19.0,0.0,Index year algorithmically generated: Rule 16;,0.0,0.0,,,,,,,,,,,,,load,,1.0,2013-09-23 00:00:00,
315905,Fang Wansong,方萬松,1521.0,22.0,,0.0,6034.0,1.0,0.0,0.0,,,0.0,,,,0.0,,,,,,0.0,,,,0.0,,,Fang,方,Wansong,萬松,19.0,0.0,Index year algorithmically generated: Rule 16;,0.0,0.0,,,,,,,,,,,,,load,,1.0,2013-09-23 00:00:00,
315906,Fang JiZeng,方繼曾,1525.0,20.0,,0.0,6034.0,1.0,0.0,0.0,,,0.0,,,,0.0,,,,,,0.0,,,,0.0,,,Fang,方,JiZeng,繼曾,19.0,0.0,Index year algorithmically generated: Rule 17;,0.0,0.0,,,,,,,,,,,,,load,,1.0,2013-09-23 00:00:00,
316089,Fang Yangao,方彥高,,,,0.0,,,0.0,0.0,,,0.0,,,,0.0,,,,,,0.0,,,,0.0,,,Fang,方,Yangao,彥高,19.0,0.0,,0.0,0.0,,,,,,,,,,,,,load,,1.0,2013-09-23 00:00:00,
316090,Fang Binglin,方秉琳,,,,0.0,,,0.0,0.0,,,0.0,,,,0.0,,,,,,0.0,,,,0.0,,,Fang,方,Binglin,秉琳,19.0,0.0,,0.0,0.0,,,,,,,,,,,,,load,,1.0,2013-09-23 00:00:00,
316091,Fang Wenzao,方文早,1483.0,13.0,,0.0,4691.0,1.0,0.0,0.0,,,0.0,,,,0.0,,,,,,0.0,,,,0.0,,,Fang,方,Wenzao,文早,19.0,0.0,Index year algorithmically generated: Rule 9;,0.0,0.0,,,,,,,,,,,,,load,,1.0,2013-09-23 00:00:00,
316095,Fang Yu,方敔,1511.0,21.0,,0.0,4691.0,1.0,0.0,0.0,,,0.0,,,,0.0,,,,,,0.0,,,,0.0,,,Fang,方,Yu,敔,19.0,0.0,Index year algorithmically generated: Rule 11;,0.0,0.0,,,,,,,,,,,,,load,,1.0,2013-09-23 00:00:00,
316097,Fang Xiao,方效,1511.0,21.0,,0.0,4691.0,1.0,0.0,0.0,,,0.0,,,,0.0,,,,,,0.0,,,,0.0,,,Fang,方,Xiao,效,19.0,0.0,Index year algorithmically generated: Rule 11;,0.0,0.0,,,,,,,,,,,,,load,,1.0,2013-09-23 00:00:00,
316098,Fang She,方赦,1511.0,21.0,,0.0,4691.0,1.0,0.0,0.0,,,0.0,,,,0.0,,,,,,0.0,,,,0.0,,,Fang,方,She,赦,19.0,0.0,Index year algorithmically generated: Rule 11;,0.0,0.0,,,,,,,,,,,,,load,,1.0,2013-09-23 00:00:00,
316897,Fang Shi(Wife of Yangjunxiji),方氏(楊君璽繼妻),1522.0,3.0,204274.0,1.0,,,0.0,0.0,,,0.0,,,,0.0,,,,,,0.0,,,,0.0,,,Fang,方,Shi(Wife of Yangjunxiji),氏(楊君璽繼妻),19.0,0.0,Index year algorithmically generated: Rule 4W;,0.0,0.0,,,,,,,,,,,,,load,,1.0,2013-09-23 00:00:00,
316945,Fang Shi(Wife of Chenzhi),方氏(陳志妻),1526.0,6.0,66819.0,1.0,,,0.0,0.0,,,0.0,,,,0.0,,,,,,0.0,,,,0.0,,,Fang,方,Shi(Wife of Chenzhi),氏(陳志妻),19.0,0.0,,0.0,0.0,,,,,,,,,,,,,load,,1.0,2013-09-23 00:00:00,
316973,Fang Shi(Stepmother of Xierun),方氏(謝潤繼母),,,,1.0,,,0.0,0.0,,,0.0,,,,0.0,,,,,,0.0,,,,0.0,,,Fang,方,Shi(Stepmother of Xierun),氏(謝潤繼母),19.0,0.0,,0.0,0.0,,,,,,,,,,,,,load,,1.0,2013-09-23 00:00:00,
317438,Fang Shi(Mother of Linyouwang),方氏(林有望母),1500.0,15.0,,1.0,,,0.0,0.0,,,0.0,,,,0.0,,,,,,0.0,,,,0.0,,,Fang,方,Shi(Mother of Linyouwang),氏(林有望母),19.0,0.0,Index year algorithmically generated: Rule 9W;,0.0,0.0,,,,,,,,,,,,,load,,1.0,2013-09-23 00:00:00,
317439,Fang Shi(Wife of Linyouwang),方氏(林有望妻),1530.0,3.0,204319.0,1.0,,,0.0,0.0,,,0.0,,,,0.0,,,,,,0.0,,,,0.0,,,Fang,方,Shi(Wife of Linyouwang),氏(林有望妻),19.0,0.0,Index year algorithmically generated: Rule 4W;,0.0,0.0,,,,,,,,,,,,,load,,1.0,2013-09-23 00:00:00,
317521,Fang Shi(Wife of Niushanmu),方氏(牛山木妻),1527.0,3.0,204327.0,1.0,,,0.0,0.0,,,0.0,,,,0.0,,,,,,0.0,,,,0.0,,,Fang,方,Shi(Wife of Niushanmu),氏(牛山木妻),19.0,0.0,Index year algorithmically generated: Rule 4W;,0.0,0.0,,,,,,,,,,,,,load,,1.0,2013-09-23 00:00:00,
317650,Fang Zheng,方整,,,,0.0,,,0.0,0.0,,,0.0,,,,0.0,,,,,,0.0,,,,0.0,,,Fang,方,Zheng,整,19.0,0.0,,0.0,0.0,,,,,,,,,,,,,load,,1.0,2013-09-23 00:00:00,
317652,Fang Xuan,方瑄,,,,0.0,,,0.0,0.0,,,0.0,,,,0.0,,,,,,0.0,,,,0.0,,,Fang,方,Xuan,瑄,19.0,0.0,,0.0,0.0,,,,,,,,,,,,,load,,1.0,2013-09-23 00:00:00,
317653,Fang Bin,方鑌,1489.0,13.0,,0.0,300343.0,1.0,0.0,0.0,,,0.0,,,,0.0,,,,,,0.0,,,,0.0,,,Fang,方,Bin,鑌,19.0,0.0,Index year algorithmically generated: Rule 9;,0.0,0.0,,,,,,,,,,,,,load,,1.0,2013-09-23 00:00:00,
317656,Fang Shisheng,方時升,1521.0,19.0,,0.0,300343.0,1.0,0.0,0.0,,,0.0,,,,0.0,,,,,,0.0,,,,0.0,,,Fang,方,Shisheng,時升,19.0,0.0,Index year algorithmically generated: Rule 10;,0.0,0.0,,,,,,,,,,,,,load,,1.0,2013-09-23 00:00:00,
318033,Fang Shi(Wife of Jiangzigaoji),方氏(姜子羔繼妻),1526.0,6.0,128964.0,1.0,,,0.0,0.0,,,0.0,,,,0.0,,,,,,0.0,,,,0.0,,,Fang,方,Shi(Wife of Jiangzigaoji),氏(姜子羔繼妻),19.0,0.0,,0.0,0.0,,,,,,,,,,,,,load,,1.0,2013-09-23 00:00:00,
318458,Fang Chaoshen,方朝深,,,,0.0,,,0.0,0.0,,,0.0,,,,0.0,,,,,,0.0,,,,0.0,,,Fang,方,Chaoshen,朝深,19.0,0.0,,0.0,0.0,,,,,,,,,,,,,load,,1.0,2013-09-23 00:00:00,
318459,Fang Liangyong,方良永,,,,0.0,,,0.0,0.0,,,0.0,,,,0.0,,,,,,0.0,,,,0.0,,,Fang,方,Liangyong,良永,19.0,0.0,,0.0,0.0,,,,,,,,,,,,,load,,1.0,2013-09-23 00:00:00,
318460,Fang Zhongen,方重恩,1493.0,14.0,,0.0,6034.0,1.0,0.0,0.0,,,0.0,,,,0.0,,,,,,0.0,,,,0.0,,,Fang,方,Zhongen,重恩,19.0,0.0,Index year algorithmically generated: Rule 15;,0.0,0.0,,,,,,,,,,,,,load,,1.0,2013-09-23 00:00:00,
318464,Fang Mengsheng,方夢升,1521.0,22.0,,0.0,6034.0,1.0,0.0,0.0,,,0.0,,,,0.0,,,,,,0.0,,,,0.0,,,Fang,方,Mengsheng,夢升,19.0,0.0,Index year algorithmically generated: Rule 16;,0.0,0.0,,,,,,,,,,,,,load,,1.0,2013-09-23 00:00:00,
318465,Fang Shuyou,方叔猷,1521.0,22.0,,0.0,6034.0,1.0,0.0,0.0,,,0.0,,,,0.0,,,,,,0.0,,,,0.0,,,Fang,方,Shuyou,叔猷,19.0,0.0,Index year algorithmically generated: Rule 16;,0.0,0.0,,,,,,,,,,,,,load,,1.0,2013-09-23 00:00:00,
318466,Fang Youji,方攸躋,1521.0,22.0,,0.0,6034.0,1.0,0.0,0.0,,,0.0,,,,0.0,,,,,,0.0,,,,0.0,,,Fang,方,Youji,攸躋,19.0,0.0,Index year algorithmically generated: Rule 16;,0.0,0.0,,,,,,,,,,,,,load,,1.0,2013-09-23 00:00:00,
318467,Fang Tiandong,方天東,1521.0,22.0,,0.0,6034.0,1.0,0.0,0.0,,,0.0,,,,0.0,,,,,,0.0,,,,0.0,,,Fang,方,Tiandong,天東,19.0,0.0,Index year algorithmically generated: Rule 16;,0.0,0.0,,,,,,,,,,,,,load,,1.0,2013-09-23 00:00:00,
318468,Fang Youxu,方攸敘,1521.0,22.0,,0.0,6034.0,1.0,0.0,0.0,,,0.0,,,,0.0,,,,,,0.0,,,,0.0,,,Fang,方,Youxu,攸敘,19.0,0.0,Index year algorithmically generated: Rule 16;,0.0,0.0,,,,,,,,,,,,,load,,1.0,2013-09-23 00:00:00,
318469,Fang Youtong,方攸同,1521.0,22.0,,0.0,6034.0,1.0,0.0,0.0,,,0.0,,,,0.0,,,,,,0.0,,,,0.0,,,Fang,方,Youtong,攸同,19.0,0.0,Index year algorithmically generated: Rule 16;,0.0,0.0,,,,,,,,,,,,,load,,1.0,2013-09-23 00:00:00,
318470,Fang Tianzuo,方天祚,1521.0,22.0,,0.0,6034.0,1.0,0.0,0.0,,,0.0,,,,0.0,,,,,,0.0,,,,0.0,,,Fang,方,Tianzuo,天祚,19.0,0.0,Index year algorithmically generated: Rule 16;,0.0,0.0,,,,,,,,,,,,,load,,1.0,2013-09-23 00:00:00,
318471,Fang Youbin,方攸賓,1521.0,22.0,,0.0,6034.0,1.0,0.0,0.0,,,0.0,,,,0.0,,,,,,0.0,,,,0.0,,,Fang,方,Youbin,攸賓,19.0,0.0,Index year algorithmically generated: Rule 16;,0.0,0.0,,,,,,,,,,,,,load,,1.0,2013-09-23 00:00:00,
318472,Fang Youjia,方攸嘉,1525.0,20.0,,0.0,6034.0,1.0,0.0,0.0,,,0.0,,,,0.0,,,,,,0.0,,,,0.0,,,Fang,方,Youjia,攸嘉,19.0,0.0,Index year algorithmically generated: Rule 17;,0.0,0.0,,,,,,,,,,,,,load,,1.0,2013-09-23 00:00:00,
318473,Fang Tianqu,方天衢,1525.0,20.0,,0.0,6034.0,1.0,0.0,0.0,,,0.0,,,,0.0,,,,,,0.0,,,,0.0,,,Fang,方,Tianqu,天衢,19.0,0.0,Index year algorithmically generated: Rule 17;,0.0,0.0,,,,,,,,,,,,,load,,1.0,2013-09-23 00:00:00,
318475,Fang Youxun,方攸訓,1525.0,20.0,,0.0,6034.0,1.0,0.0,0.0,,,0.0,,,,0.0,,,,,,0.0,,,,0.0,,,Fang,方,Youxun,攸訓,19.0,0.0,Index year algorithmically generated: Rule 17;,0.0,0.0,,,,,,,,,,,,,load,,1.0,2013-09-23 00:00:00,
318476,Fang Youzhen,方攸箴,1525.0,20.0,,0.0,6034.0,1.0,0.0,0.0,,,0.0,,,,0.0,,,,,,0.0,,,,0.0,,,Fang,方,Youzhen,攸箴,19.0,0.0,Index year algorithmically generated: Rule 17;,0.0,0.0,,,,,,,,,,,,,load,,1.0,2013-09-23 00:00:00,
318477,Fang Yousi,方攸司,1525.0,20.0,,0.0,6034.0,1.0,0.0,0.0,,,0.0,,,,0.0,,,,,,0.0,,,,0.0,,,Fang,方,Yousi,攸司,19.0,0.0,Index year algorithmically generated: Rule 17;,0.0,0.0,,,,,,,,,,,,,load,,1.0,2013-09-23 00:00:00,
318478,Fang Tianzuo,方天佐,1525.0,20.0,,0.0,6034.0,1.0,0.0,0.0,,,0.0,,,,0.0,,,,,,0.0,,,,0.0,,,Fang,方,Tianzuo,天佐,19.0,0.0,Index year algorithmically generated: Rule 17;,0.0,0.0,,,,,,,,,,,,,load,,1.0,2013-09-23 00:00:00,
319331,Fang Feng,方鳳,,,,0.0,,,0.0,0.0,,,0.0,,,,0.0,,,,,,0.0,,,,0.0,,,Fang,方,Feng,鳳,19.0,0.0,,0.0,0.0,,,,,,,,,,,,,load,,1.0,2013-09-23 00:00:00,
319332,Fang Jia,方价,,,,0.0,,,0.0,0.0,,,0.0,,,,0.0,,,,,,0.0,,,,0.0,,,Fang,方,Jia,价,19.0,0.0,,0.0,0.0,,,,,,,,,,,,,load,,1.0,2013-09-23 00:00:00,
319333,Fang Yikui,方一奎,1503.0,13.0,,0.0,5431.0,1.0,0.0,0.0,,,0.0,,,,0.0,,,,,,0.0,,,,0.0,,,Fang,方,Yikui,一奎,19.0,0.0,Index year algorithmically generated: Rule 9;,0.0,0.0,,,,,,,,,,,,,load,,1.0,2013-09-23 00:00:00,
319336,Fang Laixian,方來獻,1528.0,7.0,,0.0,5431.0,1.0,0.0,0.0,,,0.0,,,,0.0,,,,,,0.0,,,,0.0,,,Fang,方,Laixian,來獻,19.0,0.0,Index year algorithmically generated: Rule 10;,0.0,0.0,,,,,,,,,,,,,load,,1.0,2013-09-23 00:00:00,
319337,Fang Laihe,方來賀,1535.0,19.0,,0.0,5431.0,1.0,0.0,0.0,,,0.0,,,,0.0,,,,,,0.0,,,,0.0,,,Fang,方,Laihe,來賀,19.0,0.0,Index year algorithmically generated: Rule 10;,0.0,0.0,,,,,,,,,,,,,load,,1.0,2013-09-23 00:00:00,
319338,Fang Laibin,方來賔,1535.0,19.0,,0.0,5431.0,1.0,0.0,0.0,,,0.0,,,,0.0,,,,,,0.0,,,,0.0,,,Fang,方,Laibin,來賔,19.0,0.0,Index year algorithmically generated: Rule 10;,0.0,0.0,,,,,,,,,,,,,load,,1.0,2013-09-23 00:00:00,
319393,Fang Shi(Mother of Yezongchun),方氏(葉宗春母),1493.0,15.0,,1.0,,,0.0,0.0,,,0.0,,,,0.0,,,,,,0.0,,,,0.0,,,Fang,方,Shi(Mother of Yezongchun),氏(葉宗春母),19.0,0.0,Index year algorithmically generated: Rule 9W;,0.0,0.0,,,,,,,,,,,,,load,,1.0,2013-09-23 00:00:00,
320165,Fang Zheng,方政,,,,0.0,,,0.0,0.0,,,0.0,,,,0.0,,,,,,0.0,,,,0.0,,,Fang,方,Zheng,政,19.0,0.0,,0.0,0.0,,,,,,,,,,,,,load,,1.0,2013-09-23 00:00:00,
320166,Fang Cong,方琮,,,,0.0,,,0.0,0.0,,,0.0,,,,0.0,,,,,,0.0,,,,0.0,,,Fang,方,Cong,琮,19.0,0.0,,0.0,0.0,,,,,,,,,,,,,load,,1.0,2013-09-23 00:00:00,
320167,Fang Rui,方銳,1496.0,14.0,,0.0,5582.0,1.0,0.0,0.0,,,0.0,,,,0.0,,,,,,0.0,,,,0.0,,,Fang,方,Rui,銳,19.0,0.0,,0.0,0.0,,,,,,,,,,,,,load,,1.0,2013-09-23 00:00:00,
320170,Fang Xue,方嶨,1524.0,22.0,,0.0,5582.0,1.0,0.0,0.0,,,0.0,,,,0.0,,,,,,0.0,,,,0.0,,,Fang,方,Xue,嶨,19.0,0.0,,0.0,0.0,,,,,,,,,,,,,load,,1.0,2013-09-23 00:00:00,
320893,Fang Shi(Wife of Zhang?),方氏(張?妻),1528.0,3.0,204566.0,1.0,,,0.0,0.0,,,0.0,,,,0.0,,,,,,0.0,,,,0.0,,,Fang,方,Shi(Wife of Zhang?),氏(張?妻),19.0,0.0,Index year algorithmically generated: Rule 4W;,0.0,0.0,,,,,,,,,,,,,load,,1.0,2013-09-23 00:00:00,
321007,Fang Shi(Wife of Chenxiang),方氏(陳相妻),1423.0,3.0,198821.0,1.0,,,0.0,0.0,,,0.0,,,,0.0,,,,,,0.0,,,,0.0,,,Fang,方,Shi(Wife of Chenxiang),氏(陳相 妻),19.0,0.0,Index year algorithmically generated: Rule 4W;,0.0,0.0,,,,,,,,,,,,,load,,1.0,2013-09-23 00:00:00,
321557,Fang Shi(Wife of Hebangli),方氏(何邦禮妻),1528.0,3.0,204612.0,1.0,,,0.0,0.0,,,0.0,,,,0.0,,,,,,0.0,,,,0.0,,,Fang,方,Shi(Wife of Hebangli),氏(何邦禮妻),19.0,0.0,Index year algorithmically generated: Rule 4W;,0.0,0.0,,,,,,,,,,,,,load,,1.0,2013-09-23 00:00:00,
321830,Fang Shi(Wife of Huanggao),方氏(黃誥妻),1527.0,3.0,204634.0,1.0,,,0.0,0.0,,,0.0,,,,0.0,,,,,,0.0,,,,0.0,,,Fang,方,Shi(Wife of Huanggao),氏(黃誥妻),19.0,0.0,Index year algorithmically generated: Rule 4W;,0.0,0.0,,,,,,,,,,,,,load,,1.0,2013-09-23 00:00:00,
322047,Fang Zhigao,方志高,,,,0.0,,,0.0,0.0,,,0.0,,,,0.0,,,,,,0.0,,,,0.0,,,Fang,方,Zhigao,志高,19.0,0.0,,0.0,0.0,,,,,,,,,,,,,load,,1.0,2013-09-23 00:00:00,
322048,Fang Yongkang,方永康,,,,0.0,,,0.0,0.0,,,0.0,,,,0.0,,,,,,0.0,,,,0.0,,,Fang,方,Yongkang,永康,19.0,0.0,,0.0,0.0,,,,,,,,,,,,,load,,1.0,2013-09-23 00:00:00,
322049,Fang Ren,方仁,1496.0,14.0,,0.0,4682.0,1.0,0.0,0.0,,,0.0,,,,0.0,,,,,,0.0,,,,0.0,,,Fang,方,Ren,仁,19.0,0.0,,0.0,0.0,,,,,,,,,,,,,load,,1.0,2013-09-23 00:00:00,
322055,Fang Fen,方棻,1524.0,22.0,,0.0,4682.0,1.0,0.0,0.0,,,0.0,,,,0.0,,,,,,0.0,,,,0.0,,,Fang,方,Fen,棻,19.0,0.0,,0.0,0.0,,,,,,,,,,,,,load,,1.0,2013-09-23 00:00:00,
322056,Fang Mao,方懋,1524.0,22.0,,0.0,4682.0,1.0,0.0,0.0,,,0.0,,,,0.0,,,,,,0.0,,,,0.0,,,Fang,方,Mao,懋,19.0,0.0,,0.0,0.0,,,,,,,,,,,,,load,,1.0,2013-09-23 00:00:00,
322180,Fang Feng,方逢,,,,0.0,,,0.0,0.0,,,0.0,,,,0.0,,,,,,0.0,,,,0.0,,,Fang,方,Feng,逢,19.0,0.0,,0.0,0.0,,,,,,,,,,,,,load,,1.0,2013-09-23 00:00:00,
322181,Fang Ning,方寧,,,,0.0,,,0.0,0.0,,,0.0,,,,0.0,,,,,,0.0,,,,0.0,,,Fang,方,Ning,寧,19.0,0.0,,0.0,0.0,,,,,,,,,,,,,load,,1.0,2013-09-23 00:00:00,
322182,Fang Guan,方觀,1370.0,14.0,,0.0,6034.0,1.0,0.0,0.0,,,0.0,,,,0.0,,,,,,0.0,,,,0.0,,,Fang,方,Guan,觀,19.0,0.0,Index year algorithmically generated: Rule 15;,0.0,0.0,,,,,,,,,,,,,load,,1.0,2013-09-23 00:00:00,
322187,Fang Xiong,方熊,1402.0,20.0,,0.0,6034.0,1.0,0.0,0.0,,,0.0,,,,0.0,,,,,,0.0,,,,0.0,,,Fang,方,Xiong,熊,19.0,0.0,Index year algorithmically generated: Rule 17;,0.0,0.0,,,,,,,,,,,,,load,,1.0,2013-09-23 00:00:00,
322188,Fang Pi,方羆,1402.0,20.0,,0.0,6034.0,1.0,0.0,0.0,,,0.0,,,,0.0,,,,,,0.0,,,,0.0,,,Fang,方,Pi,羆,19.0,0.0,Index year algorithmically generated: Rule 17;,0.0,0.0,,,,,,,,,,,,,load,,1.0,2013-09-23 00:00:00,
322189,Fang Lie,方烈,1402.0,20.0,,0.0,6034.0,1.0,0.0,0.0,,,0.0,,,,0.0,,,,,,0.0,,,,0.0,,,Fang,方,Lie,烈,19.0,0.0,Index year algorithmically generated: Rule 17;,0.0,0.0,,,,,,,,,,,,,load,,1.0,2013-09-23 00:00:00,
322190,Fang Dong,方動,1402.0,20.0,,0.0,6034.0,1.0,0.0,0.0,,,0.0,,,,0.0,,,,,,0.0,,,,0.0,,,Fang,方,Dong,動,19.0,0.0,Index year algorithmically generated: Rule 17;,0.0,0.0,,,,,,,,,,,,,load,,1.0,2013-09-23 00:00:00,
322191,Fang Jie,方傑,1402.0,20.0,,0.0,6034.0,1.0,0.0,0.0,,,0.0,,,,0.0,,,,,,0.0,,,,0.0,,,Fang,方,Jie,傑,19.0,0.0,Index year algorithmically generated: Rule 17;,0.0,0.0,,,,,,,,,,,,,load,,1.0,2013-09-23 00:00:00,
322197,Fang Shi(Wife of Hunanjie),方氏(許南傑妻),1405.0,3.0,204659.0,1.0,,,0.0,0.0,,,0.0,,,,0.0,,,,,,0.0,,,,0.0,,,Fang,方,Shi(Wife of Hunanjie),氏(許南傑妻),19.0,0.0,Index year algorithmically generated: Rule 4W;,0.0,0.0,,,,,,,,,,,,,load,,1.0,2013-09-23 00:00:00,
322748,Fang Shi(Mother of Xuexilian),方氏(薛希璉母),1372.0,15.0,,1.0,,,0.0,0.0,,,0.0,,,,0.0,,,,,,0.0,,,,0.0,,,Fang,方,Shi(Mother of Xuexilian),氏(薛希璉母),19.0,0.0,Index year algorithmically generated: Rule 9W;,0.0,0.0,,,,,,,,,,,,,load,,1.0,2013-09-23 00:00:00,
323699,Fang Shi(Father'S Late Wife of Jiangguohua),方氏(姜國華前母),,,,1.0,,,0.0,0.0,,,0.0,,,,0.0,,,,,,0.0,,,,0.0,,,Fang,方,Shi(Father'S Late Wife of Jiangguohua),氏(姜國華前母),19.0,0.0,,0.0,0.0,,,,,,,,,,,,,load,,1.0,2013-09-23 00:00:00,
324136,Fang Shi(Wife of Linmaoxun),方氏(林茂勛妻),1530.0,3.0,204790.0,1.0,,,0.0,0.0,,,0.0,,,,0.0,,,,,,0.0,,,,0.0,,,Fang,方,Shi(Wife of Linmaoxun),氏(林茂勛妻),19.0,0.0,Index year algorithmically generated: Rule 4W;,0.0,0.0,,,,,,,,,,,,,load,,1.0,2013-09-23 00:00:00,
324310,Fang Shi(Father'S Late Wife of Linyingjie),方氏(林應節前母),,,,1.0,,,0.0,0.0,,,0.0,,,,0.0,,,,,,0.0,,,,0.0,,,Fang,方,Shi(Father'S Late Wife of Linyingjie),氏(林應節前母),19.0,0.0,,0.0,0.0,,,,,,,,,,,,,load,,1.0,2013-09-23 00:00:00,
325200,Fang Shi(Mother of Baodaguan),方氏(包大爟母),1498.0,15.0,,1.0,,,0.0,0.0,,,0.0,,,,0.0,,,,,,0.0,,,,0.0,,,Fang,方,Shi(Mother of Baodaguan),氏(包大爟母),19.0,0.0,Index year algorithmically generated: Rule 9W;,0.0,0.0,,,,,,,,,,,,,load,,1.0,2013-09-23 00:00:00,
327300,Fang Shi(Mother of Wuweijing),方氏(吳維京母),1504.0,15.0,,1.0,,,0.0,0.0,,,0.0,,,,0.0,,,,,,0.0,,,,0.0,,,Fang,方,Shi(Mother of Wuweijing),氏(吳維京母),19.0,0.0,Index year algorithmically generated: Rule 9W;,0.0,0.0,,,,,,,,,,,,,load,,1.0,2013-09-23 00:00:00,
329035,Fang Shi(Stepmother of Dengzongkong),方氏(鄧宗孔繼母),,,,1.0,,,0.0,0.0,,,0.0,,,,0.0,,,,,,0.0,,,,0.0,,,Fang,方,Shi(Stepmother of Dengzongkong),氏(鄧宗孔繼母),19.0,0.0,,0.0,0.0,,,,,,,,,,,,,load,,1.0,2013-09-23 00:00:00,
329197,Fang Shi(Wife of Panjuji),方氏(潘琚繼妻),1442.0,3.0,198881.0,1.0,,,0.0,0.0,,,0.0,,,,0.0,,,,,,0.0,,,,0.0,,,Fang,方,Shi(Wife of Panjuji),氏(潘琚繼妻),19.0,0.0,Index year algorithmically generated: Rule 4W;,0.0,0.0,,,,,,,,,,,,,load,,1.0,2013-09-23 00:00:00,
329245,Fang Shi(Wife of Wuzidong),方氏(吳自峒妻),1539.0,3.0,205175.0,1.0,,,0.0,0.0,,,0.0,,,,0.0,,,,,,0.0,,,,0.0,,,Fang,方,Shi(Wife of Wuzidong),氏(吳自峒妻),19.0,0.0,Index year algorithmically generated: Rule 4W;,0.0,0.0,,,,,,,,,,,,,load,,1.0,2013-09-23 00:00:00,
330621,Fang Xian,方顯,,,,0.0,,,0.0,0.0,,,0.0,,,,0.0,,,,,,0.0,,,,0.0,,,Fang,方,Xian,顯,19.0,0.0,,0.0,0.0,,,,,,,,,,,,,load,,1.0,2013-09-23 00:00:00,
330622,Fang Sicong,方思聰,,,,0.0,,,0.0,0.0,,,0.0,,,,0.0,,,,,,0.0,,,,0.0,,,Fang,方,Sicong,思聰,19.0,0.0,,0.0,0.0,,,,,,,,,,,,,load,,1.0,2013-09-23 00:00:00,
330623,Fang Zhi,方豸,1505.0,14.0,,0.0,5118.0,1.0,0.0,0.0,,,0.0,,,,0.0,,,,,,0.0,,,,0.0,,,Fang,方,Zhi,豸,19.0,0.0,,0.0,0.0,,,,,,,,,,,,,load,,1.0,2013-09-23 00:00:00,
330627,Fang Jiude,方九德,1533.0,22.0,,0.0,5118.0,1.0,0.0,0.0,,,0.0,,,,0.0,,,,,,0.0,,,,0.0,,,Fang,方,Jiude,九德,19.0,0.0,,0.0,0.0,,,,,,,,,,,,,load,,1.0,2013-09-23 00:00:00,
330628,Fang Jiujing,方九經,1533.0,22.0,,0.0,5118.0,1.0,0.0,0.0,,,0.0,,,,0.0,,,,,,0.0,,,,0.0,,,Fang,方,Jiujing,九經,19.0,0.0,,0.0,0.0,,,,,,,,,,,,,load,,1.0,2013-09-23 00:00:00,
330629,Fang Jiushao,方九韶,1533.0,22.0,,0.0,5118.0,1.0,0.0,0.0,,,0.0,,,,0.0,,,,,,0.0,,,,0.0,,,Fang,方,Jiushao,九韶,19.0,0.0,,0.0,0.0,,,,,,,,,,,,,load,,1.0,2013-09-23 00:00:00,
330630,Fang Jiuxu,方九敘,1537.0,20.0,,0.0,5118.0,1.0,0.0,0.0,,,0.0,,,,0.0,,,,,,0.0,,,,0.0,,,Fang,方,Jiuxu,九敘,19.0,0.0,,0.0,0.0,,,,,,,,,,,,,load,,1.0,2013-09-23 00:00:00,
330632,Fang Jiufa,方九法,1537.0,20.0,,0.0,5118.0,1.0,0.0,0.0,,,0.0,,,,0.0,,,,,,0.0,,,,0.0,,,Fang,方,Jiufa,九法,19.0,0.0,,0.0,0.0,,,,,,,,,,,,,load,,1.0,2013-09-23 00:00:00,
330633,Fang Jiuguan,方九官,1537.0,20.0,,0.0,5118.0,1.0,0.0,0.0,,,0.0,,,,0.0,,,,,,0.0,,,,0.0,,,Fang,方,Jiuguan,九官,19.0,0.0,,0.0,0.0,,,,,,,,,,,,,load,,1.0,2013-09-23 00:00:00,
330638,Fang Shi(Wife of Linxiechun),方氏(林偕春妻),1540.0,3.0,128624.0,1.0,,,0.0,0.0,,,0.0,,,,0.0,,,,,,0.0,,,,0.0,,,Fang,方,Shi(Wife of Linxiechun),氏(林偕春妻),19.0,0.0,Index year algorithmically generated: Rule 4W;,0.0,0.0,,,,,,,,,,,,,load,,1.0,2013-09-23 00:00:00,
331914,Fang Shi(Mother Blood-Related of Liubo),方氏(劉伯生母),1502.0,15.0,,1.0,,,0.0,0.0,,,0.0,,,,0.0,,,,,,0.0,,,,0.0,,,Fang,方,Shi(Mother Blood-Related of Liubo),氏(劉伯生母),19.0,0.0,Index year algorithmically generated: Rule 9W;,0.0,0.0,,,,,,,,,,,,,load,,1.0,2013-09-23 00:00:00,
332405,Fang Shi(Mother of Jiqianheng),方氏(計謙亨母),1508.0,15.0,,1.0,,,0.0,0.0,,,0.0,,,,0.0,,,,,,0.0,,,,0.0,,,Fang,方,Shi(Mother of Jiqianheng),氏(計謙亨母),19.0,0.0,Index year algorithmically generated: Rule 9W;,0.0,0.0,,,,,,,,,,,,,load,,1.0,2013-09-23 00:00:00,
332841,Fang Shi(Mother of Huxian),方氏(許僴母),,,,1.0,,,0.0,0.0,,,0.0,,,,0.0,,,,,,0.0,,,,0.0,,,Fang,方,Shi(Mother of Huxian),氏(許僴母),19.0,0.0,,0.0,0.0,,,,,,,,,,,,,load,,1.0,2013-09-23 00:00:00,
333570,Fang Shi(Wife of Zhaozhigao),方氏(趙志臯妻),1527.0,3.0,132155.0,1.0,,,0.0,0.0,,,0.0,,,,0.0,,,,,,0.0,,,,0.0,,,Fang,方,Shi(Wife of Zhaozhigao),氏(趙志臯妻),19.0,0.0,Index year algorithmically generated: Rule 4W;,0.0,0.0,,,,,,,,,,,,,load,,1.0,2013-09-23 00:00:00,
333934,Fang Liangjie,方良節,,,,0.0,,,0.0,0.0,,,0.0,,,,0.0,,,,,,0.0,,,,0.0,,,Fang,方,Liangjie,良節,19.0,0.0,,0.0,0.0,,,,,,,,,,,,,load,,1.0,2013-09-23 00:00:00,
333935,Fang Zhongxi,方重熙,,,,0.0,,,0.0,0.0,,,0.0,,,,0.0,,,,,,0.0,,,,0.0,,,Fang,方,Zhongxi,重熙,19.0,0.0,,0.0,0.0,,,,,,,,,,,,,load,,1.0,2013-09-23 00:00:00,
333936,Fang Youji,方攸躋,1512.0,13.0,,0.0,6034.0,1.0,0.0,0.0,,,0.0,,,,0.0,,,,,,0.0,,,,0.0,,,Fang,方,Youji,攸躋,19.0,0.0,Index year algorithmically generated: Rule 9;,0.0,0.0,,,,,,,,,,,,,load,,1.0,2013-09-23 00:00:00,
333939,Fang Lin,方淋,1540.0,21.0,,0.0,6034.0,1.0,0.0,0.0,,,0.0,,,,0.0,,,,,,0.0,,,,0.0,,,Fang,方,Lin,淋,19.0,0.0,Index year algorithmically generated: Rule 11;,0.0,0.0,,,,,,,,,,,,,load,,1.0,2013-09-23 00:00:00,
333940,Fang Hui,方匯,1540.0,21.0,,0.0,6034.0,1.0,0.0,0.0,,,0.0,,,,0.0,,,,,,0.0,,,,0.0,,,Fang,方,Hui,匯,19.0,0.0,Index year algorithmically generated: Rule 11;,0.0,0.0,,,,,,,,,,,,,load,,1.0,2013-09-23 00:00:00,
333941,Fang Han,方瀚,1540.0,21.0,,0.0,6034.0,1.0,0.0,0.0,,,0.0,,,,0.0,,,,,,0.0,,,,0.0,,,Fang,方,Han,瀚,19.0,0.0,Index year algorithmically generated: Rule 11;,0.0,0.0,,,,,,,,,,,,,load,,1.0,2013-09-23 00:00:00,
333942,Fang Pu,方溥,1540.0,21.0,,0.0,6034.0,1.0,0.0,0.0,,,0.0,,,,0.0,,,,,,0.0,,,,0.0,,,Fang,方,Pu,溥,19.0,0.0,Index year algorithmically generated: Rule 11;,0.0,0.0,,,,,,,,,,,,,load,,1.0,2013-09-23 00:00:00,
333943,Fang Xun,方洵,1540.0,21.0,,0.0,6034.0,1.0,0.0,0.0,,,0.0,,,,0.0,,,,,,0.0,,,,0.0,,,Fang,方,Xun,洵,19.0,0.0,Index year algorithmically generated: Rule 11;,0.0,0.0,,,,,,,,,,,,,load,,1.0,2013-09-23 00:00:00,
333945,Fang Zhan,方湛,1540.0,21.0,,0.0,6034.0,1.0,0.0,0.0,,,0.0,,,,0.0,,,,,,0.0,,,,0.0,,,Fang,方,Zhan,湛,19.0,0.0,Index year algorithmically generated: Rule 11;,0.0,0.0,,,,,,,,,,,,,load,,1.0,2013-09-23 00:00:00,
333946,Fang Long,方湰,1540.0,21.0,,0.0,6034.0,1.0,0.0,0.0,,,0.0,,,,0.0,,,,,,0.0,,,,0.0,,,Fang,方,Long,湰,19.0,0.0,Index year algorithmically generated: Rule 11;,0.0,0.0,,,,,,,,,,,,,load,,1.0,2013-09-23 00:00:00,
333947,Fang Yang,方洋,1540.0,21.0,,0.0,6034.0,1.0,0.0,0.0,,,0.0,,,,0.0,,,,,,0.0,,,,0.0,,,Fang,方,Yang,洋,19.0,0.0,Index year algorithmically generated: Rule 11;,0.0,0.0,,,,,,,,,,,,,load,,1.0,2013-09-23 00:00:00,
333948,Fang Yuan,方源,1540.0,21.0,,0.0,6034.0,1.0,0.0,0.0,,,0.0,,,,0.0,,,,,,0.0,,,,0.0,,,Fang,方,Yuan,源,19.0,0.0,Index year algorithmically generated: Rule 11;,0.0,0.0,,,,,,,,,,,,,load,,1.0,2013-09-23 00:00:00,
333949,Fang Jing,方涇,1544.0,19.0,,0.0,6034.0,1.0,0.0,0.0,,,0.0,,,,0.0,,,,,,0.0,,,,0.0,,,Fang,方,Jing,涇,19.0,0.0,Index year algorithmically generated: Rule 10;,0.0,0.0,,,,,,,,,,,,,load,,1.0,2013-09-23 00:00:00,
333950,Fang Wu,方洖,1544.0,19.0,,0.0,6034.0,1.0,0.0,0.0,,,0.0,,,,0.0,,,,,,0.0,,,,0.0,,,Fang,方,Wu,洖,19.0,0.0,Index year algorithmically generated: Rule 10;,0.0,0.0,,,,,,,,,,,,,load,,1.0,2013-09-23 00:00:00,
333951,Fang Pan,方泮,1544.0,19.0,,0.0,6034.0,1.0,0.0,0.0,,,0.0,,,,0.0,,,,,,0.0,,,,0.0,,,Fang,方,Pan,泮,19.0,0.0,Index year algorithmically generated: Rule 10;,0.0,0.0,,,,,,,,,,,,,load,,1.0,2013-09-23 00:00:00,
333952,Fang Lai,方淶,1544.0,19.0,,0.0,6034.0,1.0,0.0,0.0,,,0.0,,,,0.0,,,,,,0.0,,,,0.0,,,Fang,方,Lai,淶,19.0,0.0,Index year algorithmically generated: Rule 10;,0.0,0.0,,,,,,,,,,,,,load,,1.0,2013-09-23 00:00:00,
333953,Fang Yan,方演,1544.0,19.0,,0.0,6034.0,1.0,0.0,0.0,,,0.0,,,,0.0,,,,,,0.0,,,,0.0,,,Fang,方,Yan,演,19.0,0.0,Index year algorithmically generated: Rule 10;,0.0,0.0,,,,,,,,,,,,,load,,1.0,2013-09-23 00:00:00,
334056,Fang Shi(Wife of Libofangji),方氏(李伯芳繼妻),1536.0,3.0,205487.0,1.0,,,0.0,0.0,,,0.0,,,,0.0,,,,,,0.0,,,,0.0,,,Fang,方,Shi(Wife of Libofangji),氏(李伯芳繼妻),19.0,0.0,Index year algorithmically generated: Rule 4W;,0.0,0.0,,,,,,,,,,,,,load,,1.0,2013-09-23 00:00:00,
334319,Fang Shi(Mother of Liuboxie),方氏(劉伯爕母),1505.0,15.0,,1.0,,,0.0,0.0,,,0.0,,,,0.0,,,,,,0.0,,,,0.0,,,Fang,方,Shi(Mother of Liuboxie),氏(劉伯爕母),19.0,0.0,Index year algorithmically generated: Rule 9W;,0.0,0.0,,,,,,,,,,,,,load,,1.0,2013-09-23 00:00:00,
334528,Fang Shi(Wife of Luobi),方氏(羅璧妻),1534.0,3.0,205513.0,1.0,,,0.0,0.0,,,0.0,,,,0.0,,,,,,0.0,,,,0.0,,,Fang,方,Shi(Wife of Luobi),氏(羅璧妻),19.0,0.0,Index year algorithmically generated: Rule 4W;,0.0,0.0,,,,,,,,,,,,,load,,1.0,2013-09-23 00:00:00,
335087,Fang Shi(Mother of Zhangqi),方氏(張玘母),1411.0,15.0,,1.0,,,0.0,0.0,,,0.0,,,,0.0,,,,,,0.0,,,,0.0,,,Fang,方,Shi(Mother of Zhangqi),氏(張玘母),19.0,0.0,Index year algorithmically generated: Rule 9W;,0.0,0.0,,,,,,,,,,,,,load,,1.0,2013-09-23 00:00:00,
335516,Fang Shi(Stepmother of Caiyingke　),方氏(蔡應科　繼母),,,,1.0,,,0.0,0.0,,,0.0,,,,0.0,,,,,,0.0,,,,0.0,,,Fang,方,Shi(Stepmother of Caiyingke　),氏(蔡應科　繼母),19.0,0.0,,0.0,0.0,,,,,,,,,,,,,load,,1.0,2013-09-23 00:00:00,
335883,Fang Shi(Mother of Huangyingkun),方氏(黃應坤母),1505.0,15.0,,1.0,,,0.0,0.0,,,0.0,,,,0.0,,,,,,0.0,,,,0.0,,,Fang,方,Shi(Mother of Huangyingkun),氏(黃應坤母),19.0,0.0,Index year algorithmically generated: Rule 9W;,0.0,0.0,,,,,,,,,,,,,load,,1.0,2013-09-23 00:00:00,
336174,Fang Shi(Wife of Liangchengxue),方氏(梁承學妻),1535.0,3.0,130034.0,1.0,,,0.0,0.0,,,0.0,,,,0.0,,,,,,0.0,,,,0.0,,,Fang,方,Shi(Wife of Liangchengxue),氏(梁承學妻),19.0,0.0,Index year algorithmically generated: Rule 4W;,0.0,0.0,,,,,,,,,,,,,load,,1.0,2013-09-23 00:00:00,
337316,Fang Shi(Stepmother of Liurugao),方氏(劉如臯繼母),,,,1.0,,,0.0,0.0,,,0.0,,,,0.0,,,,,,0.0,,,,0.0,,,Fang,方,Shi(Stepmother of Liurugao),氏(劉如臯繼母),19.0,0.0,,0.0,0.0,,,,,,,,,,,,,load,,1.0,2013-09-23 00:00:00,
337670,Fang Yizhi,方宜之,,,,0.0,,,0.0,0.0,,,0.0,,,,0.0,,,,,,0.0,,,,0.0,,,Fang,方,Yizhi,宜之,19.0,0.0,,0.0,0.0,,,,,,,,,,,,,load,,1.0,2013-09-23 00:00:00,
337671,Fang Xuan,方選,,,,0.0,,,0.0,0.0,,,0.0,,,,0.0,,,,,,0.0,,,,0.0,,,Fang,方,Xuan,選,19.0,0.0,,0.0,0.0,,,,,,,,,,,,,load,,1.0,2013-09-23 00:00:00,
337672,Fang Yu,方宇,1504.0,13.0,,0.0,5443.0,1.0,0.0,0.0,,,0.0,,,,0.0,,,,,,0.0,,,,0.0,,,Fang,方,Yu,宇,19.0,0.0,Index year algorithmically generated: Rule 9;,0.0,0.0,,,,,,,,,,,,,load,,1.0,2013-09-23 00:00:00,
337677,Fang Xuekong,方學孔,1532.0,21.0,,0.0,5443.0,1.0,0.0,0.0,,,0.0,,,,0.0,,,,,,0.0,,,,0.0,,,Fang,方,Xuekong,學孔,19.0,0.0,Index year algorithmically generated: Rule 11;,0.0,0.0,,,,,,,,,,,,,load,,1.0,2013-09-23 00:00:00,
337678,Fang Xueyi,方學伊,1536.0,19.0,,0.0,5443.0,1.0,0.0,0.0,,,0.0,,,,0.0,,,,,,0.0,,,,0.0,,,Fang,方,Xueyi,學伊,19.0,0.0,Index year algorithmically generated: Rule 10;,0.0,0.0,,,,,,,,,,,,,load,,1.0,2013-09-23 00:00:00,
337679,Fang Xuezhou,方學周,1536.0,19.0,,0.0,5443.0,1.0,0.0,0.0,,,0.0,,,,0.0,,,,,,0.0,,,,0.0,,,Fang,方,Xuezhou,學周,19.0,0.0,Index year algorithmically generated: Rule 10;,0.0,0.0,,,,,,,,,,,,,load,,1.0,2013-09-23 00:00:00,
338039,Fang Shechang,方社昌,,,,0.0,,,0.0,0.0,,,0.0,,,,0.0,,,,,,0.0,,,,0.0,,,Fang,方,Shechang,社昌,19.0,0.0,,0.0,0.0,,,,,,,,,,,,,load,,1.0,2013-09-23 00:00:00,
338040,Fang Jingying,方景英,,,,0.0,,,0.0,0.0,,,0.0,,,,0.0,,,,,,0.0,,,,0.0,,,Fang,方,Jingying,景英,19.0,0.0,,0.0,0.0,,,,,,,,,,,,,load,,1.0,2013-09-23 00:00:00,
338041,Fang Congben,方從本,1510.0,13.0,,0.0,4688.0,1.0,0.0,0.0,,,0.0,,,,0.0,,,,,,0.0,,,,0.0,,,Fang,方,Congben,從本,19.0,0.0,Index year algorithmically generated: Rule 9;,0.0,0.0,,,,,,,,,,,,,load,,1.0,2013-09-23 00:00:00,
338045,Fang Zhong,方忠,1538.0,21.0,,0.0,4688.0,1.0,0.0,0.0,,,0.0,,,,0.0,,,,,,0.0,,,,0.0,,,Fang,方,Zhong,忠,19.0,0.0,Index year algorithmically generated: Rule 11;,0.0,0.0,,,,,,,,,,,,,load,,1.0,2013-09-23 00:00:00,
338046,Fang Lian,方廉,1538.0,21.0,,0.0,4688.0,1.0,0.0,0.0,,,0.0,,,,0.0,,,,,,0.0,,,,0.0,,,Fang,方,Lian,廉,19.0,0.0,Index year algorithmically generated: Rule 11;,0.0,0.0,,,,,,,,,,,,,load,,1.0,2013-09-23 00:00:00,
338302,Fang Zun,方嶟,1689.0,29.0,,0.0,,,0.0,0.0,,,0.0,,,1752.0,662.0,17.0,,,,,0.0,,,,0.0,,,Fang,方,Zun,嶟,20.0,0.0,《江蘇藝文誌·揚州卷》,0.0,0.0,,,,,,,,,,,,,load,,0.0,2014-01-10 00:00:00,
338303,Fang Yinhua,方蔭華,1793.0,29.0,,0.0,,,0.0,0.0,,,0.0,,,1856.0,665.0,6.0,,,,,0.0,,,,0.0,,,Fang,方,Yinhua,蔭華,20.0,0.0,趙烈文《落花春雨巢日記》（南京圖書館藏稿本）卷末附記,0.0,0.0,,,,,,,,,,,,,load,,0.0,2014-01-10 00:00:00,
338656,Fang Kui,方逵,1427.0,1.0,,0.0,6034.0,1.0,0.0,2.0,,1427.0,643.0,2.0,,,0.0,,,,,,0.0,,,,0.0,,,Fang,方,Kui,逵,19.0,0.0,,0.0,0.0,12.0,,1.0,,,,,,,,,,load,,1.0,2013-09-23 00:00:00,
338666,Fang Bin,方彬,1442.0,1.0,,0.0,6034.0,1.0,0.0,30.0,,1442.0,644.0,7.0,,,0.0,,,,,,0.0,,,,0.0,,,Fang,方,Bin,彬,19.0,0.0,,0.0,0.0,12.0,,21.0,,,,,,,,,,load,,1.0,2013-09-23 00:00:00,
338671,Fang Xian,方憲,1455.0,1.0,,0.0,6034.0,1.0,0.0,5.0,,1455.0,645.0,6.0,,,0.0,,,,,,0.0,,,,0.0,,,Fang,方,Xian,憲,19.0,0.0,,0.0,0.0,12.0,,24.0,,,,,,,,,,load,,1.0,2013-09-23 00:00:00,
338675,Fang Lan,方瀾,1482.0,1.0,,0.0,6034.0,1.0,0.0,1.0,,1482.0,647.0,18.0,,,0.0,,,,,,0.0,,,,0.0,,,Fang,方,Lan,瀾,19.0,0.0,,0.0,0.0,6.0,,7.0,,,,,,,,,,load,,1.0,2013-09-23 00:00:00,
338930,Fang Hengqu,方亨衢,1787.0,5.0,,0.0,7867.0,1.0,1.0,0.0,,,0.0,,,,0.0,,,,,,0.0,,,,0.0,,,Fang,方,Hengqu,亨衢,20.0,0.0,Index year algorithmically generated: Rule 5;,0.0,0.0,,,,,,,,,,,,,load,,0.0,2015-02-02 00:00:00,
338932,Fang Yinggeng,方應庚,1577.0,5.0,,0.0,4739.0,16.0,1.0,1.0,,,0.0,,,,0.0,,,,,,0.0,,,,0.0,,,Fang,方,Yinggeng,應庚,19.0,0.0,Index year algorithmically generated: Rule 5;,0.0,0.0,,,,,,,,,,,,,load,,0.0,2015-02-02 00:00:00,
338933,Fang Yinglun,方應綸,1769.0,5.0,,0.0,8343.0,1.0,1.0,0.0,,,0.0,,,,0.0,,,,,,0.0,,,,0.0,,,Fang,方,Yinglun,應綸,20.0,0.0,Index year algorithmically generated: Rule 5;,0.0,0.0,,,,,,,,,,,,,load,,0.0,2015-02-02 00:00:00,
338935,Fang Yingming,方應明,1574.0,5.0,,0.0,5151.0,16.0,1.0,1.0,,,0.0,,,,0.0,,,,,,0.0,,,,0.0,,,Fang,方,Yingming,應明,19.0,0.0,Index year algorithmically generated: Rule 5;,0.0,0.0,,,,,,,,,,,,,load,,0.0,2015-02-02 00:00:00,
338936,Fang Hao,方豪,1478.0,5.0,,0.0,5384.0,16.0,1.0,1.0,,,0.0,,,,0.0,,,,,,0.0,,,,0.0,,,Fang,方,Hao,豪,19.0,0.0,Index year algorithmically generated: Rule 5;,0.0,0.0,,,,,,,,,,,,,load,,0.0,2015-02-02 00:00:00,
338937,Fang Lian,方廉,1511.0,5.0,,0.0,4418.0,16.0,1.0,1.0,,,0.0,,,,0.0,,,,,,0.0,,,,0.0,,,Fang,方,Lian,廉,19.0,0.0,Index year algorithmically generated: Rule 5;,0.0,0.0,,,,,,,,,,,,,load,,0.0,2015-02-02 00:00:00,
338938,Fang Tingyu,方庭玉,1385.0,5.0,,0.0,5612.0,16.0,1.0,1.0,,,0.0,,,,0.0,,,,,,0.0,,,,0.0,,,Fang,方,Tingyu,庭玉,19.0,0.0,Index year algorithmically generated: Rule 5;,0.0,0.0,,,,,,,,,,,,,load,,0.0,2015-02-02 00:00:00,
338939,Fang Guangde,方廣德,1601.0,5.0,,0.0,5118.0,16.0,1.0,1.0,,,0.0,,,,0.0,,,,,,0.0,,,,0.0,,,Fang,方,Guangde,廣德,19.0,0.0,Index year algorithmically generated: Rule 5;,0.0,0.0,,,,,,,,,,,,,load,,0.0,2015-02-02 00:00:00,
338940,Fang Wenrui,方文瑞,1664.0,5.0,,0.0,8215.0,1.0,1.0,0.0,,,0.0,,,,0.0,,,,,,0.0,,,,0.0,,,Fang,方,Wenrui,文瑞,20.0,0.0,Index year algorithmically generated: Rule 5;,0.0,0.0,,,,,,,,,,,,,load,,0.0,2015-02-02 00:00:00,
338941,Fang Wenyao,方文耀,1610.0,5.0,,0.0,6045.0,16.0,1.0,1.0,,,0.0,,,,0.0,,,,,,0.0,,,,0.0,,,Fang,方,Wenyao,文耀,19.0,0.0,Index year algorithmically generated: Rule 5;,0.0,0.0,,,,,,,,,,,,,load,,0.0,2015-02-02 00:00:00,
338942,Fang Xuancheng,方玄成,1619.0,5.0,,0.0,7706.0,1.0,1.0,0.0,,,0.0,,,,0.0,,,,,,0.0,,,,0.0,,,Fang,方,Xuancheng,玄成,20.0,0.0,Index year algorithmically generated: Rule 5;,0.0,0.0,,,,,,,,,,,,,load,,0.0,2015-02-02 00:00:00,
338944,Fang Qian,方謙,1469.0,5.0,,0.0,4691.0,16.0,1.0,2.0,,,0.0,,,,0.0,,,,,,0.0,,,,0.0,,,Fang,方,Qian,謙,19.0,0.0,Index year algorithmically generated: Rule 5;,0.0,0.0,,,,,,,,,,,,,load,,0.0,2015-02-02 00:00:00,
338945,Fang Yilan,方一蘭,1493.0,5.0,,0.0,6034.0,16.0,1.0,2.0,,,0.0,,,,0.0,,,,,,0.0,,,,0.0,,,Fang,方,Yilan,一蘭,19.0,0.0,Index year algorithmically generated: Rule 5;,0.0,0.0,,,,,,,,,,,,,load,,0.0,2015-02-02 00:00:00,
338946,Fang Yihan,方一韓,1679.0,5.0,,0.0,7729.0,1.0,1.0,0.0,,,0.0,,,,0.0,,,,,,0.0,,,,0.0,,,Fang,方,Yihan,一韓,20.0,0.0,Index year algorithmically generated: Rule 5;,0.0,0.0,,,,,,,,,,,,,load,,0.0,2015-02-02 00:00:00,
338947,Fang Yigui,方一桂,1493.0,5.0,,0.0,6034.0,16.0,1.0,2.0,,,0.0,,,,0.0,,,,,,0.0,,,,0.0,,,Fang,方,Yigui,一桂,19.0,0.0,Index year algorithmically generated: Rule 5;,0.0,0.0,,,,,,,,,,,,,load,,0.0,2015-02-02 00:00:00,
338948,Fang Zheng,方正,1388.0,5.0,,0.0,5579.0,1.0,1.0,0.0,,,0.0,,,,0.0,,,,,,0.0,,,,0.0,,,Fang,方,Zheng,正,19.0,0.0,Index year algorithmically generated: Rule 5;,0.0,0.0,,,,,,,,,,,,,load,,0.0,2015-02-02 00:00:00,
338949,Fang Zheng,方正,1868.0,5.0,,0.0,8784.0,1.0,1.0,0.0,,,0.0,,,,0.0,,,,,,0.0,,,,0.0,,,Fang,方,Zheng,正,20.0,0.0,Index year algorithmically generated: Rule 5;,0.0,0.0,,,,,,,,,,,,,load,,0.0,2015-02-02 00:00:00,
338950,Fang Yulin,方玉麟,1718.0,5.0,,0.0,7706.0,1.0,1.0,0.0,,,0.0,,,,0.0,,,,,,0.0,,,,0.0,,,Fang,方,Yulin,玉麟,20.0,0.0,Index year algorithmically generated: Rule 5;,0.0,0.0,,,,,,,,,,,,,load,,0.0,2015-02-02 00:00:00,
338951,Fang Yuzao,方玉璪,1789.0,5.0,,0.0,7162.0,1.0,1.0,0.0,,,0.0,,,,0.0,,,,,,0.0,,,,0.0,,,Fang,方,Yuzao,玉璪,20.0,0.0,Index year algorithmically generated: Rule 5;,0.0,0.0,,,,,,,,,,,,,load,,0.0,2015-02-02 00:00:00,
338952,Fang Zhang,方璋,1454.0,5.0,,0.0,6034.0,16.0,1.0,2.0,,,0.0,,,,0.0,,,,,,0.0,,,,0.0,,,Fang,方,Zhang,璋,19.0,0.0,Index year algorithmically generated: Rule 5;,0.0,0.0,,,,,,,,,,,,,load,,0.0,2015-02-02 00:00:00,
338953,Fang Yuanqi,方元啟,1631.0,5.0,,0.0,7656.0,1.0,1.0,0.0,,,0.0,,,,0.0,,,,,,0.0,,,,0.0,,,Fang,方,Yuanqi,元啟,20.0,0.0,Index year algorithmically generated: Rule 5;,0.0,0.0,,,,,,,,,,,,,load,,0.0,2015-02-02 00:00:00,
338954,Fang Yuanhui,方元會,1613.0,5.0,,0.0,6034.0,16.0,1.0,1.0,,,0.0,,,,0.0,,,,,,0.0,,,,0.0,,,Fang,方,Yuanhui,元會,19.0,0.0,Index year algorithmically generated: Rule 5;,0.0,0.0,,,,,,,,,,,,,load,,0.0,2015-02-02 00:00:00,
338955,Fang Zhenru,方震孺,1583.0,5.0,,0.0,4575.0,16.0,1.0,12.0,,,0.0,,,,0.0,,,,,,0.0,,,,0.0,,,Fang,方,Zhenru,震孺,19.0,0.0,Index year algorithmically generated: Rule 5;,0.0,0.0,,,,,,,,,,,,,load,,0.0,2015-02-02 00:00:00,
338956,Fang Yuguang,方于光,1619.0,5.0,,0.0,7213.0,1.0,1.0,0.0,,,0.0,,,,0.0,,,,,,0.0,,,,0.0,,,Fang,方,Yuguang,于光,20.0,0.0,Index year algorithmically generated: Rule 5;,0.0,0.0,,,,,,,,,,,,,load,,0.0,2015-02-02 00:00:00,
338957,Fang Ting,方霆,1860.0,5.0,,0.0,7704.0,1.0,1.0,0.0,,,0.0,,,,0.0,,,,,,0.0,,,,0.0,,,Fang,方,Ting,霆,20.0,0.0,Index year algorithmically generated: Rule 5;,0.0,0.0,,,,,,,,,,,,,load,,0.0,2015-02-02 00:00:00,
338958,Fang Tianbao,方天寶,1715.0,5.0,,0.0,8448.0,1.0,1.0,0.0,,,0.0,,,,0.0,,,,,,0.0,,,,0.0,,,Fang,方,Tianbao,天寶,20.0,0.0,Index year algorithmically generated: Rule 5;,0.0,0.0,,,,,,,,,,,,,load,,0.0,2015-02-02 00:00:00,
338959,Fang Lei,方雷,1868.0,5.0,,0.0,7706.0,1.0,1.0,0.0,,,0.0,,,,0.0,,,,,,0.0,,,,0.0,,,Fang,方,Lei,雷,20.0,0.0,Index year algorithmically generated: Rule 5;,0.0,0.0,,,,,,,,,,,,,load,,0.0,2015-02-02 00:00:00,
338960,Fang Kedan,方可丹,1703.0,5.0,,0.0,8226.0,1.0,1.0,0.0,,,0.0,,,,0.0,,,,,,0.0,,,,0.0,,,Fang,方,Kedan,可丹,20.0,0.0,Index year algorithmically generated: Rule 5;,0.0,0.0,,,,,,,,,,,,,load,,0.0,2015-02-02 00:00:00,
338961,Fang Yunhe,方雲鶴,1493.0,5.0,,0.0,5401.0,16.0,1.0,2.0,,,0.0,,,,0.0,,,,,,0.0,,,,0.0,,,Fang,方,Yunhe,雲鶴,19.0,0.0,Index year algorithmically generated: Rule 5;,0.0,0.0,,,,,,,,,,,,,load,,0.0,2015-02-02 00:00:00,
338962,Fang Jue,方珏,1388.0,5.0,,0.0,4739.0,1.0,1.0,0.0,,,0.0,,,,0.0,,,,,,0.0,,,,0.0,,,Fang,方,Jue,珏,19.0,0.0,Index year algorithmically generated: Rule 5;,0.0,0.0,,,,,,,,,,,,,load,,0.0,2015-02-02 00:00:00,
338963,Fang Ruilin,方瑞麟,1838.0,5.0,,0.0,8259.0,1.0,1.0,0.0,,,0.0,,,,0.0,,,,,,0.0,,,,0.0,,,Fang,方,Ruilin,瑞麟,20.0,0.0,Index year algorithmically generated: Rule 5;,0.0,0.0,,,,,,,,,,,,,load,,0.0,2015-02-02 00:00:00,
338964,Fang Ruihe,方瑞合,1652.0,5.0,,0.0,7663.0,1.0,1.0,0.0,,,0.0,,,,0.0,,,,,,0.0,,,,0.0,,,Fang,方,Ruihe,瑞合,20.0,0.0,Index year algorithmically generated: Rule 5;,0.0,0.0,,,,,,,,,,,,,load,,0.0,2015-02-02 00:00:00,
338965,Fang Faxiang,方發祥,1796.0,5.0,,0.0,8735.0,1.0,1.0,0.0,,,0.0,,,,0.0,,,,,,0.0,,,,0.0,,,Fang,方,Faxiang,發祥,20.0,0.0,Index year algorithmically generated: Rule 5;,0.0,0.0,,,,,,,,,,,,,load,,0.0,2015-02-02 00:00:00,
338966,Fang Tingchang,方廷淐,1604.0,5.0,,0.0,5443.0,16.0,1.0,1.0,,,0.0,,,,0.0,,,,,,0.0,,,,0.0,,,Fang,方,Tingchang,廷淐,19.0,0.0,Index year algorithmically generated: Rule 5;,0.0,0.0,,,,,,,,,,,,,load,,0.0,2015-02-02 00:00:00,
338967,Fang Tingxi,方廷熺,1724.0,5.0,,0.0,7665.0,1.0,1.0,0.0,,,0.0,,,,0.0,,,,,,0.0,,,,0.0,,,Fang,方,Tingxi,廷熺,20.0,0.0,Index year algorithmically generated: Rule 5;,0.0,0.0,,,,,,,,,,,,,load,,0.0,2015-02-02 00:00:00,
338969,Fang Gongbo,方功渤,1841.0,5.0,,0.0,8343.0,1.0,1.0,0.0,,,0.0,,,,0.0,,,,,,0.0,,,,0.0,,,Fang,方,Gongbo,功渤,20.0,0.0,Index year algorithmically generated: Rule 5;,0.0,0.0,,,,,,,,,,,,,load,,0.0,2015-02-02 00:00:00,
338970,Fang Gongyue,方功鉞,1790.0,5.0,,0.0,8343.0,1.0,1.0,0.0,,,0.0,,,,0.0,,,,,,0.0,,,,0.0,,,Fang,方,Gongyue,功鉞,20.0,0.0,Index year algorithmically generated: Rule 5;,0.0,0.0,,,,,,,,,,,,,load,,0.0,2015-02-02 00:00:00,
338971,Fang Ying,方瑛,1394.0,5.0,,0.0,5384.0,1.0,1.0,0.0,,,0.0,,,,0.0,,,,,,0.0,,,,0.0,,,Fang,方,Ying,瑛,19.0,0.0,Index year algorithmically generated: Rule 5;,0.0,0.0,,,,,,,,,,,,,load,,0.0,2015-02-02 00:00:00,
338972,Fang Chongliang,方翀亮,1793.0,5.0,,0.0,8386.0,1.0,1.0,0.0,,,0.0,,,,0.0,,,,,,0.0,,,,0.0,,,Fang,方,Chongliang,翀亮,20.0,0.0,Index year algorithmically generated: Rule 5;,0.0,0.0,,,,,,,,,,,,,load,,0.0,2015-02-02 00:00:00,
338973,Fang Jianzhong,方建鐘,1757.0,5.0,,0.0,7706.0,1.0,1.0,0.0,,,0.0,,,,0.0,,,,,,0.0,,,,0.0,,,Fang,方,Jianzhong,建鐘,20.0,0.0,Index year algorithmically generated: Rule 5;,0.0,0.0,,,,,,,,,,,,,load,,0.0,2015-02-02 00:00:00,
338974,Fang Chengyu,方承郁,1568.0,5.0,,0.0,6034.0,16.0,1.0,1.0,,,0.0,,,,0.0,,,,,,0.0,,,,0.0,,,Fang,方,Chengyu,承郁,19.0,0.0,Index year algorithmically generated: Rule 5;,0.0,0.0,,,,,,,,,,,,,load,,0.0,2015-02-02 00:00:00,
338975,Fang Chenghu,方承笏,1583.0,5.0,,0.0,6034.0,16.0,1.0,1.0,,,0.0,,,,0.0,,,,,,0.0,,,,0.0,,,Fang,方,Chenghu,承笏,19.0,0.0,Index year algorithmically generated: Rule 5;,0.0,0.0,,,,,,,,,,,,,load,,0.0,2015-02-02 00:00:00,
338976,Fang Yu,方豫,1388.0,5.0,,0.0,5365.0,1.0,1.0,0.0,,,0.0,,,,0.0,,,,,,0.0,,,,0.0,,,Fang,方,Yu,豫,19.0,0.0,Index year algorithmically generated: Rule 5;,0.0,0.0,,,,,,,,,,,,,load,,0.0,2015-02-02 00:00:00,
338977,Fang Wuru,方婺如,1676.0,5.0,,0.0,7663.0,1.0,1.0,0.0,,,0.0,,,,0.0,,,,,,0.0,,,,0.0,,,Fang,方,Wuru,婺如,20.0,0.0,Index year algorithmically generated: Rule 5;,0.0,0.0,,,,,,,,,,,,,load,,0.0,2015-02-02 00:00:00,
338978,Fang Bingzhen,方秉楨,1631.0,5.0,,0.0,7315.0,1.0,1.0,0.0,,,0.0,,,,0.0,,,,,,0.0,,,,0.0,,,Fang,方,Bingzhen,秉楨,20.0,0.0,Index year algorithmically generated: Rule 5;,0.0,0.0,,,,,,,,,,,,,load,,0.0,2015-02-02 00:00:00,
338979,Fang Rutang,方儒棠,1850.0,5.0,,0.0,7628.0,1.0,1.0,0.0,,,0.0,,,,0.0,,,,,,0.0,,,,0.0,,,Fang,方,Rutang,儒棠,20.0,0.0,Index year algorithmically generated: Rule 5;,0.0,0.0,,,,,,,,,,,,,load,,0.0,2015-02-02 00:00:00,
338980,Fang Xiongxiang,方熊祥,1823.0,5.0,,0.0,7603.0,1.0,1.0,0.0,,,0.0,,,,0.0,,,,,,0.0,,,,0.0,,,Fang,方,Xiongxiang,熊祥,20.0,0.0,Index year algorithmically generated: Rule 5;,0.0,0.0,,,,,,,,,,,,,load,,0.0,2015-02-02 00:00:00,
338981,Fang Shihui,方師誨,1622.0,5.0,,0.0,8217.0,1.0,1.0,0.0,,,0.0,,,,0.0,,,,,,0.0,,,,0.0,,,Fang,方,Shihui,師誨,20.0,0.0,Index year algorithmically generated: Rule 5;,0.0,0.0,,,,,,,,,,,,,load,,0.0,2015-02-02 00:00:00,
338982,Fang Zhen,方貞,1874.0,5.0,,0.0,8182.0,1.0,1.0,0.0,,,0.0,,,,0.0,,,,,,0.0,,,,0.0,,,Fang,方,Zhen,貞,20.0,0.0,Index year algorithmically generated: Rule 5;,0.0,0.0,,,,,,,,,,,,,load,,0.0,2015-02-02 00:00:00,
338984,Fang Feng,方豐,1374.0,5.0,,0.0,5457.0,1.0,1.0,0.0,,,0.0,,,,0.0,,,,,,0.0,,,,0.0,,,Fang,方,Feng,豐,19.0,0.0,Index year algorithmically generated: Rule 5;,0.0,0.0,,,,,,,,,,,,,load,,0.0,2015-02-02 00:00:00,
338985,Fang Cen,方岑,1496.0,5.0,,0.0,4623.0,16.0,1.0,1.0,,,0.0,,,,0.0,,,,,,0.0,,,,0.0,,,Fang,方,Cen,岑,19.0,0.0,Index year algorithmically generated: Rule 5;,0.0,0.0,,,,,,,,,,,,,load,,0.0,2015-02-02 00:00:00,
338986,Fang Dingxuan,方鼎鉉,1565.0,5.0,,0.0,6046.0,16.0,1.0,1.0,,,0.0,,,,0.0,,,,,,0.0,,,,0.0,,,Fang,方,Dingxuan,鼎鉉,19.0,0.0,Index year algorithmically generated: Rule 5;,0.0,0.0,,,,,,,,,,,,,load,,0.0,2015-02-02 00:00:00,
338988,Fang Songde,方嵩德,1697.0,5.0,,0.0,8448.0,1.0,1.0,0.0,,,0.0,,,,0.0,,,,,,0.0,,,,0.0,,,Fang,方,Songde,嵩德,20.0,0.0,Index year algorithmically generated: Rule 5;,0.0,0.0,,,,,,,,,,,,,load,,0.0,2015-02-02 00:00:00,
338989,Fang Yunchang,方允昌,1604.0,5.0,,0.0,5400.0,1.0,1.0,0.0,,,0.0,,,,0.0,,,,,,0.0,,,,0.0,,,Fang,方,Yunchang,允昌,19.0,0.0,Index year algorithmically generated: Rule 5;,0.0,0.0,,,,,,,,,,,,,load,,0.0,2015-02-02 00:00:00,
338990,Fang Xianke,方獻科,1475.0,5.0,,0.0,6066.0,16.0,1.0,1.0,,,0.0,,,,0.0,,,,,,0.0,,,,0.0,,,Fang,方,Xianke,獻科,19.0,0.0,Index year algorithmically generated: Rule 5;,0.0,0.0,,,,,,,,,,,,,load,,0.0,2015-02-02 00:00:00,
338991,Fang Jun,方俊,1806.0,5.0,,0.0,7557.0,1.0,1.0,0.0,,,0.0,,,,0.0,,,,,,0.0,,,,0.0,,,Fang,方,Jun,俊,20.0,0.0,Index year algorithmically generated: Rule 5;,0.0,0.0,,,,,,,,,,,,,load,,0.0,2015-02-02 00:00:00,
338992,Fang Ran,方然,1718.0,5.0,,0.0,20021.0,1.0,1.0,0.0,,,0.0,,,,0.0,,,,,,0.0,,,,0.0,,,Fang,方,Ran,然,20.0,0.0,Index year algorithmically generated: Rule 5;,0.0,0.0,,,,,,,,,,,,,load,,0.0,2015-02-02 00:00:00,
338993,Fang Shi,方仕,1478.0,5.0,,0.0,5154.0,16.0,1.0,1.0,,,0.0,,,,0.0,,,,,,0.0,,,,0.0,,,Fang,方,Shi,仕,19.0,0.0,Index year algorithmically generated: Rule 5;,0.0,0.0,,,,,,,,,,,,,load,,0.0,2015-02-02 00:00:00,
338994,Fang Derun,方德潤,1779.0,5.0,,0.0,7706.0,1.0,1.0,0.0,,,0.0,,,,0.0,,,,,,0.0,,,,0.0,,,Fang,方,Derun,德潤,20.0,0.0,Index year algorithmically generated: Rule 5;,0.0,0.0,,,,,,,,,,,,,load,,0.0,2015-02-02 00:00:00,
338996,Fang Sheng,方升,1493.0,5.0,,0.0,4690.0,16.0,1.0,1.0,,,0.0,,,,0.0,,,,,,0.0,,,,0.0,,,Fang,方,Sheng,升,19.0,0.0,Index year algorithmically generated: Rule 5;,0.0,0.0,,,,,,,,,,,,,load,,0.0,2015-02-02 00:00:00,
338998,Fang Ke,方科,1703.0,5.0,,0.0,7932.0,1.0,1.0,0.0,,,0.0,,,,0.0,,,,,,0.0,,,,0.0,,,Fang,方,Ke,科,20.0,0.0,Index year algorithmically generated: Rule 5;,0.0,0.0,,,,,,,,,,,,,load,,0.0,2015-02-02 00:00:00,
338999,Fang Shen,方伸,1649.0,5.0,,0.0,7746.0,1.0,1.0,0.0,,,0.0,,,,0.0,,,,,,0.0,,,,0.0,,,Fang,方,Shen,伸,20.0,0.0,Index year algorithmically generated: Rule 5;,0.0,0.0,,,,,,,,,,,,,load,,0.0,2015-02-02 00:00:00,
339000,Fang Chuanmu,方傳穆,1789.0,5.0,,0.0,7706.0,1.0,1.0,0.0,,,0.0,,,,0.0,,,,,,0.0,,,,0.0,,,Fang,方,Chuanmu,傳穆,20.0,0.0,Index year algorithmically generated: Rule 5;,0.0,0.0,,,,,,,,,,,,,load,,0.0,2015-02-02 00:00:00,
339001,Fang Chunru,方純儒,1700.0,5.0,,0.0,8179.0,1.0,1.0,0.0,,,0.0,,,,0.0,,,,,,0.0,,,,0.0,,,Fang,方,Chunru,純儒,20.0,0.0,Index year algorithmically generated: Rule 5;,0.0,0.0,,,,,,,,,,,,,load,,0.0,2015-02-02 00:00:00,
339002,Fang Bo,方伯,1679.0,5.0,,0.0,7714.0,1.0,1.0,0.0,,,0.0,,,,0.0,,,,,,0.0,,,,0.0,,,Fang,方,Bo,伯,20.0,0.0,Index year algorithmically generated: Rule 5;,0.0,0.0,,,,,,,,,,,,,load,,0.0,2015-02-02 00:00:00,
339003,Fang Boli,方伯禮,1355.0,5.0,,0.0,5411.0,1.0,1.0,0.0,,,0.0,,,,0.0,,,,,,0.0,,,,0.0,,,Fang,方,Boli,伯禮,19.0,0.0,Index year algorithmically generated: Rule 5;,0.0,0.0,,,,,,,,,,,,,load,,0.0,2015-02-02 00:00:00,
339004,Fang ??,方?,1367.0,5.0,,0.0,4849.0,1.0,1.0,0.0,,,0.0,,,,0.0,,,,,,0.0,,,,0.0,,,Fang,方,??,?,19.0,0.0,Index year algorithmically generated: Rule 5;,0.0,0.0,,,,,,,,,,,,,load,,0.0,2015-02-02 00:00:00,
339005,Fang Baosheng,方保升,1778.0,5.0,,0.0,7706.0,1.0,1.0,0.0,,,0.0,,,,0.0,,,,,,0.0,,,,0.0,,,Fang,方,Baosheng,保升,20.0,0.0,Index year algorithmically generated: Rule 5;,0.0,0.0,,,,,,,,,,,,,load,,0.0,2015-02-02 00:00:00,
339006,Fang Li,方鯉,1388.0,5.0,,0.0,6034.0,1.0,1.0,0.0,,,0.0,,,,0.0,,,,,,0.0,,,,0.0,,,Fang,方,Li,鯉,19.0,0.0,Index year algorithmically generated: Rule 5;,0.0,0.0,,,,,,,,,,,,,load,,0.0,2015-02-02 00:00:00,
339007,Fang Xiangkun,方象堃,1868.0,5.0,,0.0,7706.0,1.0,1.0,0.0,,,0.0,,,,0.0,,,,,,0.0,,,,0.0,,,Fang,方,Xiangkun,象堃,20.0,0.0,Index year algorithmically generated: Rule 5;,0.0,0.0,,,,,,,,,,,,,load,,0.0,2015-02-02 00:00:00,
339008,Fang Xiangying,方象瑛,1637.0,5.0,,0.0,7664.0,1.0,1.0,0.0,,,0.0,,,,0.0,,,,,,0.0,,,,0.0,,,Fang,方,Xiangying,象瑛,20.0,0.0,Index year algorithmically generated: Rule 5;,0.0,0.0,,,,,,,,,,,,,load,,0.0,2015-02-02 00:00:00,
339009,Fang Xiangying,方象瑛,1649.0,5.0,,0.0,7664.0,1.0,1.0,0.0,,,0.0,,,,0.0,,,,,,0.0,,,,0.0,,,Fang,方,Xiangying,象瑛,20.0,0.0,Index year algorithmically generated: Rule 5;,0.0,0.0,,,,,,,,,,,,,load,,0.0,2015-02-02 00:00:00,
339010,Fang Xianghuang,方象璜,1629.0,5.0,,0.0,7664.0,1.0,1.0,0.0,,,0.0,,,,0.0,,,,,,0.0,,,,0.0,,,Fang,方,Xianghuang,象璜,20.0,0.0,Index year algorithmically generated: Rule 5;,0.0,0.0,,,,,,,,,,,,,load,,0.0,2015-02-02 00:00:00,
339011,Fang Zhou,方舟,1631.0,5.0,,0.0,7695.0,1.0,1.0,0.0,,,0.0,,,,0.0,,,,,,0.0,,,,0.0,,,Fang,方,Zhou,舟,20.0,0.0,Index year algorithmically generated: Rule 5;,0.0,0.0,,,,,,,,,,,,,load,,0.0,2015-02-02 00:00:00,
339012,Fang Mingrong,方名榮,1613.0,5.0,,0.0,4658.0,16.0,1.0,1.0,,,0.0,,,,0.0,,,,,,0.0,,,,0.0,,,Fang,方,Mingrong,名榮,19.0,0.0,Index year algorithmically generated: Rule 5;,0.0,0.0,,,,,,,,,,,,,load,,0.0,2015-02-02 00:00:00,
339013,Fang Shuzhong,方叔忠,1565.0,5.0,,0.0,5737.0,16.0,1.0,1.0,,,0.0,,,,0.0,,,,,,0.0,,,,0.0,,,Fang,方,Shuzhong,叔忠,19.0,0.0,Index year algorithmically generated: Rule 5;,0.0,0.0,,,,,,,,,,,,,load,,0.0,2015-02-02 00:00:00,
339014,Fang Yizheng,方以正,1385.0,5.0,,0.0,5421.0,16.0,1.0,1.0,,,0.0,,,,0.0,,,,,,0.0,,,,0.0,,,Fang,方,Yizheng,以正,19.0,0.0,Index year algorithmically generated: Rule 5;,0.0,0.0,,,,,,,,,,,,,load,,0.0,2015-02-02 00:00:00,
339015,Fang Quan,方佺,1385.0,5.0,,0.0,5612.0,16.0,1.0,2.0,,,0.0,,,,0.0,,,,,,0.0,,,,0.0,,,Fang,方,Quan,佺,19.0,0.0,Index year algorithmically generated: Rule 5;,0.0,0.0,,,,,,,,,,,,,load,,0.0,2015-02-02 00:00:00,
339016,Fang Hang,方沆,1588.0,5.0,,0.0,6034.0,16.0,1.0,1.0,,,0.0,,,,0.0,,,,,,0.0,,,,0.0,,,Fang,方,Hang,沆,19.0,0.0,Index year algorithmically generated: Rule 5;,0.0,0.0,,,,,,,,,,,,,load,,0.0,2015-02-02 00:00:00,
339017,Fang Jikui,方濟奎,1628.0,5.0,,0.0,8177.0,1.0,1.0,0.0,,,0.0,,,,0.0,,,,,,0.0,,,,0.0,,,Fang,方,Jikui,濟奎,20.0,0.0,Index year algorithmically generated: Rule 5;,0.0,0.0,,,,,,,,,,,,,load,,0.0,2015-02-02 00:00:00,
339018,Fang Yongcheng,方永澄,1658.0,5.0,,0.0,8072.0,1.0,1.0,0.0,,,0.0,,,,0.0,,,,,,0.0,,,,0.0,,,Fang,方,Yongcheng,永澄,20.0,0.0,Index year algorithmically generated: Rule 5;,0.0,0.0,,,,,,,,,,,,,load,,0.0,2015-02-02 00:00:00,
339019,Fang Jiashu,方家澍,1862.0,5.0,,0.0,7771.0,1.0,1.0,0.0,,,0.0,,,,0.0,,,,,,0.0,,,,0.0,,,Fang,方,Jiashu,家澍,20.0,0.0,Index year algorithmically generated: Rule 5;,0.0,0.0,,,,,,,,,,,,,load,,0.0,2015-02-02 00:00:00,
339020,Fang Jiamo,方家模,1835.0,5.0,,0.0,7867.0,1.0,1.0,0.0,,,0.0,,,,0.0,,,,,,0.0,,,,0.0,,,Fang,方,Jiamo,家模,20.0,0.0,Index year algorithmically generated: Rule 5;,0.0,0.0,,,,,,,,,,,,,load,,0.0,2015-02-02 00:00:00,
339021,Fang Chen,方宸,1478.0,5.0,,0.0,6034.0,1.0,1.0,2.0,,,0.0,,,,0.0,,,,,,0.0,,,,0.0,,,Fang,方,Chen,宸,19.0,0.0,Index year algorithmically generated: Rule 5;,0.0,0.0,,,,,,,,,,,,,load,,0.0,2015-02-02 00:00:00,
339022,Fang Jian,方騫,1706.0,5.0,,0.0,7755.0,1.0,1.0,0.0,,,0.0,,,,0.0,,,,,,0.0,,,,0.0,,,Fang,方,Jian,騫,20.0,0.0,Index year algorithmically generated: Rule 5;,0.0,0.0,,,,,,,,,,,,,load,,0.0,2015-02-02 00:00:00,
339023,Fang Shoudi,方守地,1583.0,5.0,,0.0,4560.0,1.0,1.0,1.0,,,0.0,,,,0.0,,,,,,0.0,,,,0.0,,,Fang,方,Shoudi,守地,19.0,0.0,Index year algorithmically generated: Rule 5;,0.0,0.0,,,,,,,,,,,,,load,,0.0,2015-02-02 00:00:00,
339024,Fang Hongdu,方宏度,1683.0,5.0,,0.0,7213.0,1.0,1.0,0.0,,,0.0,,,,0.0,,,,,,0.0,,,,0.0,,,Fang,方,Hongdu,宏度,20.0,0.0,Index year algorithmically generated: Rule 5;,0.0,0.0,,,,,,,,,,,,,load,,0.0,2015-02-02 00:00:00,
339025,Fang Baoqing,方寶慶,1796.0,5.0,,0.0,7706.0,1.0,1.0,0.0,,,0.0,,,,0.0,,,,,,0.0,,,,0.0,,,Fang,方,Baoqing,寶慶,20.0,0.0,Index year algorithmically generated: Rule 5;,0.0,0.0,,,,,,,,,,,,,load,,0.0,2015-02-02 00:00:00,
339026,Fang Zongjun,方宗鈞,1796.0,5.0,,0.0,8343.0,1.0,1.0,0.0,,,0.0,,,,0.0,,,,,,0.0,,,,0.0,,,Fang,方,Zongjun,宗鈞,20.0,0.0,Index year algorithmically generated: Rule 5;,0.0,0.0,,,,,,,,,,,,,load,,0.0,2015-02-02 00:00:00,
339027,Fang Ya,方涯,1499.0,5.0,,0.0,4677.0,16.0,1.0,2.0,,,0.0,,,,0.0,,,,,,0.0,,,,0.0,,,Fang,方,Ya,涯,19.0,0.0,Index year algorithmically generated: Rule 5;,0.0,0.0,,,,,,,,,,,,,load,,0.0,2015-02-02 00:00:00,
339029,Fang Zhaoao,方兆鼇,1874.0,5.0,,0.0,7770.0,1.0,1.0,0.0,,,0.0,,,,0.0,,,,,,0.0,,,,0.0,,,Fang,方,Zhaoao,兆鼇,20.0,0.0,Index year algorithmically generated: Rule 5;,0.0,0.0,,,,,,,,,,,,,load,,0.0,2015-02-02 00:00:00,
339030,Fang Bishou,方必受,1355.0,5.0,,0.0,5612.0,1.0,1.0,0.0,,,0.0,,,,0.0,,,,,,0.0,,,,0.0,,,Fang,方,Bishou,必受,19.0,0.0,Index year algorithmically generated: Rule 5;,0.0,0.0,,,,,,,,,,,,,load,,0.0,2015-02-02 00:00:00,
339031,Fang Bijue,方必爵,1355.0,5.0,,0.0,5614.0,1.0,1.0,0.0,,,0.0,,,,0.0,,,,,,0.0,,,,0.0,,,Fang,方,Bijue,必爵,19.0,0.0,Index year algorithmically generated: Rule 5;,0.0,0.0,,,,,,,,,,,,,load,,0.0,2015-02-02 00:00:00,
339032,Fang Weikai,方為楷,1802.0,5.0,,0.0,8826.0,1.0,1.0,0.0,,,0.0,,,,0.0,,,,,,0.0,,,,0.0,,,Fang,方,Weikai,為楷,20.0,0.0,Index year algorithmically generated: Rule 5;,0.0,0.0,,,,,,,,,,,,,load,,0.0,2015-02-02 00:00:00,
339033,Fang Ruqian,方汝謙,1727.0,5.0,,0.0,7215.0,1.0,1.0,0.0,,,0.0,,,,0.0,,,,,,0.0,,,,0.0,,,Fang,方,Ruqian,汝謙,20.0,0.0,Index year algorithmically generated: Rule 5;,0.0,0.0,,,,,,,,,,,,,load,,0.0,2015-02-02 00:00:00,
339034,Fang Tao,方濤,1790.0,5.0,,0.0,7224.0,1.0,1.0,0.0,,,0.0,,,,0.0,,,,,,0.0,,,,0.0,,,Fang,方,Tao,濤,20.0,0.0,Index year algorithmically generated: Rule 5;,0.0,0.0,,,,,,,,,,,,,load,,0.0,2015-02-02 00:00:00,
339035,Fang Linghan,方凌翰,1751.0,5.0,,0.0,7899.0,1.0,1.0,0.0,,,0.0,,,,0.0,,,,,,0.0,,,,0.0,,,Fang,方,Linghan,凌翰,20.0,0.0,Index year algorithmically generated: Rule 5;,0.0,0.0,,,,,,,,,,,,,load,,0.0,2015-02-02 00:00:00,
339036,Fang Yuanyi,方遠宜,1493.0,5.0,,0.0,4688.0,16.0,1.0,1.0,,,0.0,,,,0.0,,,,,,0.0,,,,0.0,,,Fang,方,Yuanyi,遠宜,19.0,0.0,Index year algorithmically generated: Rule 5;,0.0,0.0,,,,,,,,,,,,,load,,0.0,2015-02-02 00:00:00,
339037,Fang Sheng,方泩,1833.0,5.0,,0.0,7570.0,1.0,1.0,0.0,,,0.0,,,,0.0,,,,,,0.0,,,,0.0,,,Fang,方,Sheng,泩,20.0,0.0,Index year algorithmically generated: Rule 5;,0.0,0.0,,,,,,,,,,,,,load,,0.0,2015-02-02 00:00:00,
339038,Fang Zhu,方洙,1397.0,5.0,,0.0,5545.0,1.0,1.0,0.0,,,0.0,,,,0.0,,,,,,0.0,,,,0.0,,,Fang,方,Zhu,洙,19.0,0.0,Index year algorithmically generated: Rule 5;,0.0,0.0,,,,,,,,,,,,,load,,0.0,2015-02-02 00:00:00,
339039,Fang Lianyi,方連翼,1835.0,5.0,,0.0,8175.0,1.0,1.0,0.0,,,0.0,,,,0.0,,,,,,0.0,,,,0.0,,,Fang,方,Lianyi,連翼,20.0,0.0,Index year algorithmically generated: Rule 5;,0.0,0.0,,,,,,,,,,,,,load,,0.0,2015-02-02 00:00:00,
339040,Fang Lianjian,方連澗,1709.0,5.0,,0.0,7816.0,1.0,1.0,0.0,,,0.0,,,,0.0,,,,,,0.0,,,,0.0,,,Fang,方,Lianjian,連澗,20.0,0.0,Index year algorithmically generated: Rule 5;,0.0,0.0,,,,,,,,,,,,,load,,0.0,2015-02-02 00:00:00,
339041,Fang Lianzhen,方連軫,1844.0,5.0,,0.0,8175.0,1.0,1.0,0.0,,,0.0,,,,0.0,,,,,,0.0,,,,0.0,,,Fang,方,Lianzhen,連軫,20.0,0.0,Index year algorithmically generated: Rule 5;,0.0,0.0,,,,,,,,,,,,,load,,0.0,2015-02-02 00:00:00,
339042,Fang Chang,方昶,1374.0,5.0,,0.0,5365.0,1.0,1.0,0.0,,,0.0,,,,0.0,,,,,,0.0,,,,0.0,,,Fang,方,Chang,昶,19.0,0.0,Index year algorithmically generated: Rule 5;,0.0,0.0,,,,,,,,,,,,,load,,0.0,2015-02-02 00:00:00,
339043,Fang Run,方潤,1493.0,5.0,,0.0,4688.0,16.0,1.0,1.0,,,0.0,,,,0.0,,,,,,0.0,,,,0.0,,,Fang,方,Run,潤,19.0,0.0,Index year algorithmically generated: Rule 5;,0.0,0.0,,,,,,,,,,,,,load,,0.0,2015-02-02 00:00:00,
339044,Fang Fengnian,方逢年,1592.0,5.0,,0.0,5367.0,16.0,1.0,1.0,,,0.0,,,,0.0,,,,,,0.0,,,,0.0,,,Fang,方,Fengnian,逢年,19.0,0.0,Index year algorithmically generated: Rule 5;,0.0,0.0,,,,,,,,,,,,,load,,0.0,2015-02-02 00:00:00,
339045,Fang Xuan,方選,1478.0,5.0,,0.0,5443.0,16.0,1.0,2.0,,,0.0,,,,0.0,,,,,,0.0,,,,0.0,,,Fang,方,Xuan,選,19.0,0.0,Index year algorithmically generated: Rule 5;,0.0,0.0,,,,,,,,,,,,,load,,0.0,2015-02-02 00:00:00,
339047,Fang Sui,方遂,1559.0,5.0,,0.0,5527.0,16.0,1.0,2.0,,,0.0,,,,0.0,,,,,,0.0,,,,0.0,,,Fang,方,Sui,遂,19.0,0.0,Index year algorithmically generated: Rule 5;,0.0,0.0,,,,,,,,,,,,,load,,0.0,2015-02-02 00:00:00,
339048,Fang Daotong,方道通,1574.0,5.0,,0.0,4688.0,16.0,1.0,1.0,,,0.0,,,,0.0,,,,,,0.0,,,,0.0,,,Fang,方,Daotong,道通,19.0,0.0,Index year algorithmically generated: Rule 5;,0.0,0.0,,,,,,,,,,,,,load,,0.0,2015-02-02 00:00:00,
339049,Fang Qixian,方啟憲,1830.0,5.0,,0.0,7745.0,1.0,1.0,0.0,,,0.0,,,,0.0,,,,,,0.0,,,,0.0,,,Fang,方,Qixian,啟憲,20.0,0.0,Index year algorithmically generated: Rule 5;,0.0,0.0,,,,,,,,,,,,,load,,0.0,2015-02-02 00:00:00,
339050,Fang Jiuxu,方九敘,1514.0,5.0,,0.0,5333.0,16.0,1.0,1.0,,,0.0,,,,0.0,,,,,,0.0,,,,0.0,,,Fang,方,Jiuxu,九敘,19.0,0.0,Index year algorithmically generated: Rule 5;,0.0,0.0,,,,,,,,,,,,,load,,0.0,2015-02-02 00:00:00,
339051,Fang Daren,方大任,1586.0,5.0,,0.0,4664.0,16.0,1.0,2.0,,,0.0,,,,0.0,,,,,,0.0,,,,0.0,,,Fang,方,Daren,大任,19.0,0.0,Index year algorithmically generated: Rule 5;,0.0,0.0,,,,,,,,,,,,,load,,0.0,2015-02-02 00:00:00,
339054,Fang Daxuan,方大鉉,1583.0,5.0,,0.0,4664.0,16.0,1.0,2.0,,,0.0,,,,0.0,,,,,,0.0,,,,0.0,,,Fang,方,Daxuan,大鉉,19.0,0.0,Index year algorithmically generated: Rule 5;,0.0,0.0,,,,,,,,,,,,,load,,0.0,2015-02-02 00:00:00,
339055,Fang Dazhen,方大鎮,1559.0,5.0,,0.0,4664.0,16.0,1.0,2.0,,,0.0,,,,0.0,,,,,,0.0,,,,0.0,,,Fang,方,Dazhen,大鎮,19.0,0.0,Index year algorithmically generated: Rule 5;,0.0,0.0,,,,,,,,,,,,,load,,0.0,2015-02-02 00:00:00,
339057,Fang Kuijiong,方奎炯,1810.0,5.0,,0.0,7706.0,1.0,1.0,0.0,,,0.0,,,,0.0,,,,,,0.0,,,,0.0,,,Fang,方,Kuijiong,奎炯,20.0,0.0,Index year algorithmically generated: Rule 5;,0.0,0.0,,,,,,,,,,,,,load,,0.0,2015-02-02 00:00:00,
339058,Fang Yong,方墉,1808.0,5.0,,0.0,7602.0,1.0,1.0,0.0,,,0.0,,,,0.0,,,,,,0.0,,,,0.0,,,Fang,方,Yong,墉,20.0,0.0,Index year algorithmically generated: Rule 5;,0.0,0.0,,,,,,,,,,,,,load,,0.0,2015-02-02 00:00:00,
339059,Fang Peizhi,方培之,1805.0,5.0,,0.0,7603.0,1.0,1.0,0.0,,,0.0,,,,0.0,,,,,,0.0,,,,0.0,,,Fang,方,Peizhi,培之,20.0,0.0,Index year algorithmically generated: Rule 5;,0.0,0.0,,,,,,,,,,,,,load,,0.0,2015-02-02 00:00:00,
339060,Fang Peikai,方培愷,1856.0,5.0,,0.0,8175.0,1.0,1.0,0.0,,,0.0,,,,0.0,,,,,,0.0,,,,0.0,,,Fang,方,Peikai,培愷,20.0,0.0,Index year algorithmically generated: Rule 5;,0.0,0.0,,,,,,,,,,,,,load,,0.0,2015-02-02 00:00:00,
339061,Fang Ke,方克,1496.0,5.0,,0.0,4664.0,16.0,1.0,1.0,,,0.0,,,,0.0,,,,,,0.0,,,,0.0,,,Fang,方,Ke,克,19.0,0.0,Index year algorithmically generated: Rule 5;,0.0,0.0,,,,,,,,,,,,,load,,0.0,2015-02-02 00:00:00,
339062,Fang Kezhuang,方克壯,1685.0,5.0,,0.0,7664.0,1.0,1.0,0.0,,,0.0,,,,0.0,,,,,,0.0,,,,0.0,,,Fang,方,Kezhuang,克壯,20.0,0.0,Index year algorithmically generated: Rule 5;,0.0,0.0,,,,,,,,,,,,,load,,0.0,2015-02-02 00:00:00,
339063,Fang Keyou,方克猷,1860.0,5.0,,0.0,7609.0,1.0,1.0,0.0,,,0.0,,,,0.0,,,,,,0.0,,,,0.0,,,Fang,方,Keyou,克猷,20.0,0.0,Index year algorithmically generated: Rule 5;,0.0,0.0,,,,,,,,,,,,,load,,0.0,2015-02-02 00:00:00,
339064,Fang Xixian,方希賢,1622.0,5.0,,0.0,7214.0,1.0,1.0,0.0,,,0.0,,,,0.0,,,,,,0.0,,,,0.0,,,Fang,方,Xixian,希賢,20.0,0.0,Index year algorithmically generated: Rule 5;,0.0,0.0,,,,,,,,,,,,,load,,0.0,2015-02-02 00:00:00,
339065,Fang Youdu,方有度,1586.0,5.0,,0.0,4688.0,16.0,1.0,1.0,,,0.0,,,,0.0,,,,,,0.0,,,,0.0,,,Fang,方,Youdu,有度,19.0,0.0,Index year algorithmically generated: Rule 5;,0.0,0.0,,,,,,,,,,,,,load,,0.0,2015-02-02 00:00:00,
339066,Fang Jiafa,方嘉發,1706.0,5.0,,0.0,8449.0,1.0,1.0,0.0,,,0.0,,,,0.0,,,,,,0.0,,,,0.0,,,Fang,方,Jiafa,嘉發,20.0,0.0,Index year algorithmically generated: Rule 5;,0.0,0.0,,,,,,,,,,,,,load,,0.0,2015-02-02 00:00:00,
339067,Fang Musheng,方木生,1796.0,5.0,,0.0,7704.0,1.0,1.0,0.0,,,0.0,,,,0.0,,,,,,0.0,,,,0.0,,,Fang,方,Musheng,木生,20.0,0.0,Index year algorithmically generated: Rule 5;,0.0,0.0,,,,,,,,,,,,,load,,0.0,2015-02-02 00:00:00,
339068,Fang Lai,方來,1640.0,5.0,,0.0,8243.0,1.0,1.0,0.0,,,0.0,,,,0.0,,,,,,0.0,,,,0.0,,,Fang,方,Lai,來,20.0,0.0,Index year algorithmically generated: Rule 5;,0.0,0.0,,,,,,,,,,,,,load,,0.0,2015-02-02 00:00:00,
339069,Fang Kai,方楷,1484.0,5.0,,0.0,4667.0,1.0,1.0,12.0,,,0.0,,,,0.0,,,,,,0.0,,,,0.0,,,Fang,方,Kai,楷,19.0,0.0,Index year algorithmically generated: Rule 5;,0.0,0.0,,,,,,,,,,,,,load,,0.0,2015-02-02 00:00:00,
339070,Fang Cheng,方城,1802.0,5.0,,0.0,7252.0,1.0,1.0,0.0,,,0.0,,,,0.0,,,,,,0.0,,,,0.0,,,Fang,方,Cheng,城,20.0,0.0,Index year algorithmically generated: Rule 5;,0.0,0.0,,,,,,,,,,,,,load,,0.0,2015-02-02 00:00:00,
339071,Fang Mengzhen,方夢禎,,,,0.0,4654.0,16.0,1.0,1.0,,,0.0,,,,0.0,,,,,,0.0,,,,0.0,,,Fang,方,Mengzhen,夢禎,19.0,0.0,,0.0,0.0,,,,,,,,,,,,,load,,0.0,2015-02-02 00:00:00,
339072,Fang Feilin,方芾林,1853.0,5.0,,0.0,7162.0,1.0,1.0,0.0,,,0.0,,,,0.0,,,,,,0.0,,,,0.0,,,Fang,方,Feilin,芾林,20.0,0.0,Index year algorithmically generated: Rule 5;,0.0,0.0,,,,,,,,,,,,,load,,0.0,2015-02-02 00:00:00,
339073,Fang Baoshan,方葆珊,1820.0,5.0,,0.0,7706.0,1.0,1.0,0.0,,,0.0,,,,0.0,,,,,,0.0,,,,0.0,,,Fang,方,Baoshan,葆珊,20.0,0.0,Index year algorithmically generated: Rule 5;,0.0,0.0,,,,,,,,,,,,,load,,0.0,2015-02-02 00:00:00,
339074,Fang Yannian,方燕年,1860.0,5.0,,0.0,7162.0,1.0,1.0,0.0,,,0.0,,,,0.0,,,,,,0.0,,,,0.0,,,Fang,方,Yannian,燕年,20.0,0.0,Index year algorithmically generated: Rule 5;,0.0,0.0,,,,,,,,,,,,,load,,0.0,2015-02-02 00:00:00,
339075,Fang Gongming,方恭銘,1833.0,5.0,,0.0,7603.0,1.0,1.0,0.0,,,0.0,,,,0.0,,,,,,0.0,,,,0.0,,,Fang,方,Gongming,恭銘,20.0,0.0,Index year algorithmically generated: Rule 5;,0.0,0.0,,,,,,,,,,,,,load,,0.0,2015-02-02 00:00:00,
339076,Fang Maolu,方懋祿,1718.0,5.0,,0.0,7541.0,1.0,1.0,0.0,,,0.0,,,,0.0,,,,,,0.0,,,,0.0,,,Fang,方,Maolu,懋祿,20.0,0.0,Index year algorithmically generated: Rule 5;,0.0,0.0,,,,,,,,,,,,,load,,0.0,2015-02-02 00:00:00,
339078,Fang Han,方韓,1646.0,5.0,,0.0,7664.0,1.0,1.0,0.0,,,0.0,,,,0.0,,,,,,0.0,,,,0.0,,,Fang,方,Han,韓,20.0,0.0,Index year algorithmically generated: Rule 5;,0.0,0.0,,,,,,,,,,,,,load,,0.0,2015-02-02 00:00:00,
339079,Fang Ruoting,方若珽,1617.0,5.0,,0.0,7706.0,1.0,1.0,0.0,,,0.0,,,,0.0,,,,,,0.0,,,,0.0,,,Fang,方,Ruoting,若珽,20.0,0.0,Index year algorithmically generated: Rule 5;,0.0,0.0,,,,,,,,,,,,,load,,0.0,2015-02-02 00:00:00,
339080,Fang Chuzheng,方楚正,1706.0,5.0,,0.0,8228.0,1.0,1.0,0.0,,,0.0,,,,0.0,,,,,,0.0,,,,0.0,,,Fang,方,Chuzheng,楚正,20.0,0.0,Index year algorithmically generated: Rule 5;,0.0,0.0,,,,,,,,,,,,,load,,0.0,2015-02-02 00:00:00,
339081,Fang Lin,方林,1745.0,5.0,,0.0,7252.0,1.0,1.0,0.0,,,0.0,,,,0.0,,,,,,0.0,,,,0.0,,,Fang,方,Lin,林,20.0,0.0,Index year algorithmically generated: Rule 5;,0.0,0.0,,,,,,,,,,,,,load,,0.0,2015-02-02 00:00:00,
339082,Fang Tan,方坦,1814.0,5.0,,0.0,7266.0,1.0,1.0,0.0,,,0.0,,,,0.0,,,,,,0.0,,,,0.0,,,Fang,方,Tan,坦,20.0,0.0,Index year algorithmically generated: Rule 5;,0.0,0.0,,,,,,,,,,,,,load,,0.0,2015-02-02 00:00:00,
339083,Fang Chaozong,方朝宗,1427.0,5.0,,0.0,6034.0,16.0,1.0,1.0,,,0.0,,,,0.0,,,,,,0.0,,,,0.0,,,Fang,方,Chaozong,朝宗,19.0,0.0,Index year algorithmically generated: Rule 5;,0.0,0.0,,,,,,,,,,,,,load,,0.0,2015-02-02 00:00:00,
339084,Fang Chaozhi,方朝治,1865.0,5.0,,0.0,8343.0,1.0,1.0,0.0,,,0.0,,,,0.0,,,,,,0.0,,,,0.0,,,Fang,方,Chaozhi,朝治,20.0,0.0,Index year algorithmically generated: Rule 5;,0.0,0.0,,,,,,,,,,,,,load,,0.0,2015-02-02 00:00:00,
339085,Fang Chaojin,方朝觐,1833.0,5.0,,0.0,7706.0,1.0,1.0,0.0,,,0.0,,,,0.0,,,,,,0.0,,,,0.0,,,Fang,方,Chaojin,朝觐,20.0,0.0,Index year algorithmically generated: Rule 5;,0.0,0.0,,,,,,,,,,,,,load,,0.0,2015-02-02 00:00:00,
339087,Fang Taihe,方泰和,1496.0,5.0,,0.0,5349.0,16.0,1.0,1.0,,,0.0,,,,0.0,,,,,,0.0,,,,0.0,,,Fang,方,Taihe,泰和,19.0,0.0,Index year algorithmically generated: Rule 5;,0.0,0.0,,,,,,,,,,,,,load,,0.0,2015-02-02 00:00:00,
339088,Fang Chunxi,方春熙,1727.0,5.0,,0.0,7546.0,1.0,1.0,0.0,,,0.0,,,,0.0,,,,,,0.0,,,,0.0,,,Fang,方,Chunxi,春熙,20.0,0.0,Index year algorithmically generated: Rule 5;,0.0,0.0,,,,,,,,,,,,,load,,0.0,2015-02-02 00:00:00,
339089,Fang Guiwen,方貴文,1406.0,5.0,,0.0,4688.0,16.0,1.0,1.0,,,0.0,,,,0.0,,,,,,0.0,,,,0.0,,,Fang,方,Guiwen,貴文,19.0,0.0,Index year algorithmically generated: Rule 5;,0.0,0.0,,,,,,,,,,,,,load,,0.0,2015-02-02 00:00:00,
339091,Fang Bangji,方邦基,1700.0,5.0,,0.0,7603.0,1.0,1.0,0.0,,,0.0,,,,0.0,,,,,,0.0,,,,0.0,,,Fang,方,Bangji,邦基,20.0,0.0,Index year algorithmically generated: Rule 5;,0.0,0.0,,,,,,,,,,,,,load,,0.0,2015-02-02 00:00:00,
339092,Fang Lu,方輅,1388.0,5.0,,0.0,5471.0,1.0,1.0,0.0,,,0.0,,,,0.0,,,,,,0.0,,,,0.0,,,Fang,方,Lu,輅,19.0,0.0,Index year algorithmically generated: Rule 5;,0.0,0.0,,,,,,,,,,,,,load,,0.0,2015-02-02 00:00:00,
339093,Fang Riqian,方日乾,1493.0,5.0,,0.0,5991.0,16.0,1.0,19.0,,,0.0,,,,0.0,,,,,,0.0,,,,0.0,,,Fang,方,Riqian,日乾,19.0,0.0,Index year algorithmically generated: Rule 5;,0.0,0.0,,,,,,,,,,,,,load,,0.0,2015-02-02 00:00:00,
339094,Fang Rilian,方日璉,1652.0,5.0,,0.0,7789.0,1.0,1.0,0.0,,,0.0,,,,0.0,,,,,,0.0,,,,0.0,,,Fang,方,Rilian,日璉,20.0,0.0,Index year algorithmically generated: Rule 5;,0.0,0.0,,,,,,,,,,,,,load,,0.0,2015-02-02 00:00:00,
339095,Fang Sheng,方晟,1631.0,5.0,,0.0,7656.0,1.0,1.0,0.0,,,0.0,,,,0.0,,,,,,0.0,,,,0.0,,,Fang,方,Sheng,晟,20.0,0.0,Index year algorithmically generated: Rule 5;,0.0,0.0,,,,,,,,,,,,,load,,0.0,2015-02-02 00:00:00,
339096,Fang Sheng,方昇,1355.0,5.0,,0.0,4663.0,1.0,1.0,0.0,,,0.0,,,,0.0,,,,,,0.0,,,,0.0,,,Fang,方,Sheng,昇,19.0,0.0,Index year algorithmically generated: Rule 5;,0.0,0.0,,,,,,,,,,,,,load,,0.0,2015-02-02 00:00:00,
339098,Fang Jingxu,方景詡,1685.0,5.0,,0.0,7544.0,1.0,1.0,0.0,,,0.0,,,,0.0,,,,,,0.0,,,,0.0,,,Fang,方,Jingxu,景詡,20.0,0.0,Index year algorithmically generated: Rule 5;,0.0,0.0,,,,,,,,,,,,,load,,0.0,2015-02-02 00:00:00,
339099,Fang Shiliang,方時亮,1778.0,5.0,,0.0,7762.0,1.0,1.0,0.0,,,0.0,,,,0.0,,,,,,0.0,,,,0.0,,,Fang,方,Shiliang,時亮,20.0,0.0,Index year algorithmically generated: Rule 5;,0.0,0.0,,,,,,,,,,,,,load,,0.0,2015-02-02 00:00:00,
339102,Fang Mingqiu,方鳴球,1706.0,5.0,,0.0,7252.0,1.0,1.0,0.0,,,0.0,,,,0.0,,,,,,0.0,,,,0.0,,,Fang,方,Mingqiu,鳴球,20.0,0.0,Index year algorithmically generated: Rule 5;,0.0,0.0,,,,,,,,,,,,,load,,0.0,2015-02-02 00:00:00,
339103,Fang Mingnie,方鳴臬,1830.0,5.0,,0.0,8227.0,1.0,1.0,0.0,,,0.0,,,,0.0,,,,,,0.0,,,,0.0,,,Fang,方,Mingnie,鳴臬,20.0,0.0,Index year algorithmically generated: Rule 5;,0.0,0.0,,,,,,,,,,,,,load,,0.0,2015-02-02 00:00:00,
339104,Fang Yuelong,方躍龍,1619.0,5.0,,0.0,7609.0,1.0,1.0,0.0,,,0.0,,,,0.0,,,,,,0.0,,,,0.0,,,Fang,方,Yuelong,躍龍,20.0,0.0,Index year algorithmically generated: Rule 5;,0.0,0.0,,,,,,,,,,,,,load,,0.0,2015-02-02 00:00:00,
339105,Fang Jimo,方暨謨,1700.0,5.0,,0.0,7665.0,1.0,1.0,0.0,,,0.0,,,,0.0,,,,,,0.0,,,,0.0,,,Fang,方,Jimo,暨謨,20.0,0.0,Index year algorithmically generated: Rule 5;,0.0,0.0,,,,,,,,,,,,,load,,0.0,2015-02-02 00:00:00,
339106,Fang Chen,方辰,1670.0,5.0,,0.0,7213.0,1.0,1.0,0.0,,,0.0,,,,0.0,,,,,,0.0,,,,0.0,,,Fang,方,Chen,辰,20.0,0.0,Index year algorithmically generated: Rule 5;,0.0,0.0,,,,,,,,,,,,,load,,0.0,2015-02-02 00:00:00,
339107,Fang Changgeng,方長庚,1789.0,5.0,,0.0,7706.0,1.0,1.0,0.0,,,0.0,,,,0.0,,,,,,0.0,,,,0.0,,,Fang,方,Changgeng,長庚,20.0,0.0,Index year algorithmically generated: Rule 5;,0.0,0.0,,,,,,,,,,,,,load,,0.0,2015-02-02 00:00:00,
339109,Fang Ti,方體,1760.0,5.0,,0.0,7759.0,1.0,1.0,0.0,,,0.0,,,,0.0,,,,,,0.0,,,,0.0,,,Fang,方,Ti,體,20.0,0.0,Index year algorithmically generated: Rule 5;,0.0,0.0,,,,,,,,,,,,,load,,0.0,2015-02-02 00:00:00,
339110,Fang Fengming,方鳳鳴,1859.0,5.0,,0.0,20021.0,1.0,1.0,0.0,,,0.0,,,,0.0,,,,,,0.0,,,,0.0,,,Fang,方,Fengming,鳳鳴,20.0,0.0,Index year algorithmically generated: Rule 5;,0.0,0.0,,,,,,,,,,,,,load,,0.0,2015-02-02 00:00:00,
339111,Fang Yongyi,方用儀,1790.0,5.0,,0.0,7852.0,1.0,1.0,0.0,,,0.0,,,,0.0,,,,,,0.0,,,,0.0,,,Fang,方,Yongyi,用儀,20.0,0.0,Index year algorithmically generated: Rule 5;,0.0,0.0,,,,,,,,,,,,,load,,0.0,2015-02-02 00:00:00,
339112,Fang Tongxu,方同煦,1771.0,5.0,,0.0,8344.0,1.0,1.0,0.0,,,0.0,,,,0.0,,,,,,0.0,,,,0.0,,,Fang,方,Tongxu,同煦,20.0,0.0,Index year algorithmically generated: Rule 5;,0.0,0.0,,,,,,,,,,,,,load,,0.0,2015-02-02 00:00:00,
339113,Fang Peng,方鵬,1496.0,5.0,,0.0,4685.0,1.0,1.0,1.0,,,0.0,,,,0.0,,,,,,0.0,,,,0.0,,,Fang,方,Peng,鵬,19.0,0.0,Index year algorithmically generated: Rule 5;,0.0,0.0,,,,,,,,,,,,,load,,0.0,2015-02-02 00:00:00,
339114,Fang Dianmo,方殿謨,1808.0,5.0,,0.0,7646.0,1.0,1.0,0.0,,,0.0,,,,0.0,,,,,,0.0,,,,0.0,,,Fang,方,Dianmo,殿謨,20.0,0.0,Index year algorithmically generated: Rule 5;,0.0,0.0,,,,,,,,,,,,,load,,0.0,2015-02-02 00:00:00,
339115,Fang Lvzhong,方履中,1873.0,5.0,,0.0,7706.0,1.0,1.0,0.0,,,0.0,,,,0.0,,,,,,0.0,,,,0.0,,,Fang,方,Lvzhong,履中,20.0,0.0,Index year algorithmically generated: Rule 5;,0.0,0.0,,,,,,,,,,,,,load,,0.0,2015-02-02 00:00:00,
339117,Fang Lu,方騄,1823.0,5.0,,0.0,7654.0,1.0,1.0,0.0,,,0.0,,,,0.0,,,,,,0.0,,,,0.0,,,Fang,方,Lu,騄,20.0,0.0,Index year algorithmically generated: Rule 5;,0.0,0.0,,,,,,,,,,,,,load,,0.0,2015-02-02 00:00:00,
339118,Fang Xuelong,方學龍,1559.0,5.0,,0.0,5365.0,16.0,1.0,1.0,,,0.0,,,,0.0,,,,,,0.0,,,,0.0,,,Fang,方,Xuelong,學龍,19.0,0.0,Index year algorithmically generated: Rule 5;,0.0,0.0,,,,,,,,,,,,,load,,0.0,2015-02-02 00:00:00,
339119,Fang Xuesheng,方學聖,1613.0,5.0,,0.0,4681.0,16.0,1.0,1.0,,,0.0,,,,0.0,,,,,,0.0,,,,0.0,,,Fang,方,Xuesheng,學聖,19.0,0.0,Index year algorithmically generated: Rule 5;,0.0,0.0,,,,,,,,,,,,,load,,0.0,2015-02-02 00:00:00,
339121,Fang Xueyi,方學伊,1835.0,5.0,,0.0,7224.0,1.0,1.0,0.0,,,0.0,,,,0.0,,,,,,0.0,,,,0.0,,,Fang,方,Xueyi,學伊,20.0,0.0,Index year algorithmically generated: Rule 5;,0.0,0.0,,,,,,,,,,,,,load,,0.0,2015-02-02 00:00:00,
339122,Fang Xuesu,方學蘇,1817.0,5.0,,0.0,7224.0,1.0,1.0,0.0,,,0.0,,,,0.0,,,,,,0.0,,,,0.0,,,Fang,方,Xuesu,學蘇,20.0,0.0,Index year algorithmically generated: Rule 5;,0.0,0.0,,,,,,,,,,,,,load,,0.0,2015-02-02 00:00:00,
339123,Fang Ce,方冊,1388.0,5.0,,0.0,5444.0,1.0,1.0,0.0,,,0.0,,,,0.0,,,,,,0.0,,,,0.0,,,Fang,方,Ce,冊,19.0,0.0,Index year algorithmically generated: Rule 5;,0.0,0.0,,,,,,,,,,,,,load,,0.0,2015-02-02 00:00:00,
339124,Fang Kaize,方開澤,1622.0,5.0,,0.0,7771.0,1.0,1.0,0.0,,,0.0,,,,0.0,,,,,,0.0,,,,0.0,,,Fang,方,Kaize,開澤,20.0,0.0,Index year algorithmically generated: Rule 5;,0.0,0.0,,,,,,,,,,,,,load,,0.0,2015-02-02 00:00:00,
339125,Fang Yong,方鏞,1830.0,5.0,,0.0,7772.0,1.0,1.0,0.0,,,0.0,,,,0.0,,,,,,0.0,,,,0.0,,,Fang,方,Yong,鏞,20.0,0.0,Index year algorithmically generated: Rule 5;,0.0,0.0,,,,,,,,,,,,,load,,0.0,2015-02-02 00:00:00,
339126,Fang Yi,方義,1391.0,5.0,,0.0,4663.0,1.0,1.0,0.0,,,0.0,,,,0.0,,,,,,0.0,,,,0.0,,,Fang,方,Yi,義,19.0,0.0,Index year algorithmically generated: Rule 5;,0.0,0.0,,,,,,,,,,,,,load,,0.0,2015-02-02 00:00:00,
339127,Fang Cengwen,方曾文,1694.0,5.0,,0.0,7774.0,1.0,1.0,0.0,,,0.0,,,,0.0,,,,,,0.0,,,,0.0,,,Fang,方,Cengwen,曾文,20.0,0.0,Index year algorithmically generated: Rule 5;,0.0,0.0,,,,,,,,,,,,,load,,0.0,2015-02-02 00:00:00,
339128,Fang Zhu,方鑄,1853.0,5.0,,0.0,7706.0,1.0,1.0,0.0,,,0.0,,,,0.0,,,,,,0.0,,,,0.0,,,Fang,方,Zhu,鑄,20.0,0.0,Index year algorithmically generated: Rule 5;,0.0,0.0,,,,,,,,,,,,,load,,0.0,2015-02-02 00:00:00,
339130,Fang Duo,方鐸,1484.0,5.0,,0.0,4653.0,16.0,1.0,1.0,,,0.0,,,,0.0,,,,,,0.0,,,,0.0,,,Fang,方,Duo,鐸,19.0,0.0,Index year algorithmically generated: Rule 5;,0.0,0.0,,,,,,,,,,,,,load,,0.0,2015-02-02 00:00:00,
339131,Fang Mingxian,方銘賢,1810.0,5.0,,0.0,7162.0,1.0,1.0,0.0,,,0.0,,,,0.0,,,,,,0.0,,,,0.0,,,Fang,方,Mingxian,銘賢,20.0,0.0,Index year algorithmically generated: Rule 5;,0.0,0.0,,,,,,,,,,,,,load,,0.0,2015-02-02 00:00:00,
339132,Fang Jian,方簡,1706.0,5.0,,0.0,7701.0,1.0,1.0,0.0,,,0.0,,,,0.0,,,,,,0.0,,,,0.0,,,Fang,方,Jian,簡,20.0,0.0,Index year algorithmically generated: Rule 5;,0.0,0.0,,,,,,,,,,,,,load,,0.0,2015-02-02 00:00:00,
339133,Fang Ce,方策,1493.0,5.0,,0.0,6220.0,1.0,1.0,2.0,,,0.0,,,,0.0,,,,,,0.0,,,,0.0,,,Fang,方,Ce,策,19.0,0.0,Index year algorithmically generated: Rule 5;,0.0,0.0,,,,,,,,,,,,,load,,0.0,2015-02-02 00:00:00,
339134,Fang Cean,方策安,1864.0,5.0,,0.0,8232.0,1.0,1.0,0.0,,,0.0,,,,0.0,,,,,,0.0,,,,0.0,,,Fang,方,Cean,策安,20.0,0.0,Index year algorithmically generated: Rule 5;,0.0,0.0,,,,,,,,,,,,,load,,0.0,2015-02-02 00:00:00,
339135,Fang Shangxun,方尚恂,1583.0,5.0,,0.0,5365.0,16.0,1.0,1.0,,,0.0,,,,0.0,,,,,,0.0,,,,0.0,,,Fang,方,Shangxun,尚恂,19.0,0.0,Index year algorithmically generated: Rule 5;,0.0,0.0,,,,,,,,,,,,,load,,0.0,2015-02-02 00:00:00,
339136,Fang Hui,方恢,1376.0,5.0,,0.0,5401.0,1.0,1.0,0.0,,,0.0,,,,0.0,,,,,,0.0,,,,0.0,,,Fang,方,Hui,恢,19.0,0.0,Index year algorithmically generated: Rule 5;,0.0,0.0,,,,,,,,,,,,,load,,0.0,2015-02-02 00:00:00,
339137,Fang Bingwen,方炳文,1796.0,5.0,,0.0,8217.0,1.0,1.0,0.0,,,0.0,,,,0.0,,,,,,0.0,,,,0.0,,,Fang,方,Bingwen,炳文,20.0,0.0,Index year algorithmically generated: Rule 5;,0.0,0.0,,,,,,,,,,,,,load,,0.0,2015-02-02 00:00:00,
339138,Fang Bingwen,方炳文,1826.0,5.0,,0.0,7846.0,1.0,1.0,0.0,,,0.0,,,,0.0,,,,,,0.0,,,,0.0,,,Fang,方,Bingwen,炳文,20.0,0.0,Index year algorithmically generated: Rule 5;,0.0,0.0,,,,,,,,,,,,,load,,0.0,2015-02-02 00:00:00,
339140,Fang Wei,方煒,1742.0,5.0,,0.0,7730.0,1.0,1.0,0.0,,,0.0,,,,0.0,,,,,,0.0,,,,0.0,,,Fang,方,Wei,煒,20.0,0.0,Index year algorithmically generated: Rule 5;,0.0,0.0,,,,,,,,,,,,,load,,0.0,2015-02-02 00:00:00,
339141,Fang Rong,方榮,1454.0,5.0,,0.0,4688.0,16.0,1.0,3.0,,,0.0,,,,0.0,,,,,,0.0,,,,0.0,,,Fang,方,Rong,榮,19.0,0.0,Index year algorithmically generated: Rule 5;,0.0,0.0,,,,,,,,,,,,,load,,0.0,2015-02-02 00:00:00,
339142,Fang Rong,方榮,1454.0,5.0,,0.0,5333.0,1.0,1.0,31.0,,,0.0,,,,0.0,,,,,,0.0,,,,0.0,,,Fang,方,Rong,榮,19.0,0.0,Index year algorithmically generated: Rule 5;,0.0,0.0,,,,,,,,,,,,,load,,0.0,2015-02-02 00:00:00,
380738,Fang Liang,方亮,,,,0.0,,,0.0,0.0,,,0.0,,,,0.0,,,,,,0.0,,,,0.0,,,Fang,方,Liang,亮,6.0,0.0,,0.0,0.0,,,,,,,,,,,,,load,,1.0,2015-12-18 00:00:00,
381439,Fang Yongzhen,方永珍,,,,0.0,,,0.0,0.0,,,0.0,,,,0.0,,,,,,0.0,,,,0.0,,,Fang,方,Yongzhen,永珍,6.0,0.0,,0.0,0.0,,,,,,,,,,,,,load,,1.0,2015-12-18 00:00:00,
384130,Fang Chusong,方處嵩,,,,0.0,,,0.0,0.0,,,0.0,,,,0.0,,,,,,0.0,,,,0.0,,,Fang,方,Chusong,處嵩,6.0,0.0,,0.0,0.0,,,,,,,,,,,,,load,,1.0,2015-12-18 00:00:00,
384757,Fang Yangyuan,方揚遠,1058.0,5.0,,0.0,12791.0,1.0,0.0,0.0,,,0.0,,,,0.0,,,,,,0.0,,,,0.0,,,Fang,方,Yangyuan,揚遠,15.0,0.0,,0.0,0.0,,,,,,,,,,,,,load,,0.0,2017-08-27 00:00:00,
384811,Fang Cheng,方晟,1136.0,5.0,,0.0,12789.0,1.0,0.0,0.0,,,0.0,,,,0.0,,,,,,0.0,,,,0.0,,,Fang,方,Cheng,晟,15.0,0.0,,0.0,0.0,,,,,,,,,,,,,load,,0.0,2017-08-27 00:00:00,
384850,Fang Xuan,方璿,1166.0,5.0,,0.0,12789.0,1.0,0.0,0.0,,,0.0,,,,0.0,,,,,,0.0,,,,0.0,,,Fang,方,Xuan,璿,15.0,0.0,,0.0,0.0,,,,,,,,,,,,,load,,0.0,2017-08-27 00:00:00,
384902,Fang Yinglong,方應龍,1193.0,5.0,,0.0,12787.0,1.0,0.0,0.0,,,0.0,,,,0.0,,,,,,0.0,,,,0.0,,,Fang,方,Yinglong,應龍,15.0,0.0,,0.0,0.0,,,,,,,,,,,,,load,,0.0,2017-08-27 00:00:00,
384941,Fang Jiaxi,方嘉錫,1207.0,5.0,,0.0,12789.0,1.0,0.0,0.0,,,0.0,,,,0.0,,,,,,0.0,,,,0.0,,,Fang,方,Jiaxi,嘉錫,15.0,0.0,,0.0,0.0,,,,,,,,,,,,,load,,0.0,2017-08-27 00:00:00,
384973,Fang Ce,方策,1217.0,5.0,,0.0,12791.0,1.0,0.0,0.0,,,0.0,,,,0.0,,,,,,0.0,,,,0.0,,,Fang,方,Ce,策,15.0,0.0,,0.0,0.0,,,,,,,,,,,,,load,,0.0,2017-08-27 00:00:00,
384993,Fang Yongren,方永仁,1226.0,5.0,,0.0,18345.0,1.0,0.0,0.0,,,0.0,,,,0.0,,,,,,0.0,,,,0.0,,,Fang,方,Yongren,永仁,15.0,0.0,,0.0,0.0,,,,,,,,,,,,,load,,0.0,2017-08-27 00:00:00,
384996,Fang Anguo,方安國,1226.0,5.0,,0.0,18345.0,1.0,0.0,0.0,,,0.0,,,,0.0,,,,,,0.0,,,,0.0,,,Fang,方,Anguo,安國,15.0,0.0,,0.0,0.0,,,,,,,,,,,,,load,,0.0,2017-08-27 00:00:00,
384997,Fang Anbang,方安邦,1226.0,5.0,,0.0,18345.0,1.0,0.0,0.0,,,0.0,,,,0.0,,,,,,0.0,,,,0.0,,,Fang,方,Anbang,安邦,15.0,0.0,,0.0,0.0,,,,,,,,,,,,,load,,0.0,2017-08-27 00:00:00,
385006,Fang Quan,方權,1232.0,5.0,,0.0,18342.0,1.0,0.0,0.0,,,0.0,,,,0.0,,,,,,0.0,,,,0.0,,,Fang,方,Quan,權,15.0,0.0,,0.0,0.0,,,,,,,,,,,,,load,,0.0,2017-08-27 00:00:00,
385200,Fang Ang,方昂,1741.0,5.0,,0.0,20020.0,1.0,0.0,0.0,,,0.0,,,,0.0,,,,,,0.0,,,,0.0,,,Fang,方,Ang,昂,20.0,0.0,,0.0,0.0,,,,,,,,,,,,,load,,0.0,2017-08-27 00:00:00,
385208,Fang Zonghua,方宗華,1760.0,5.0,,0.0,20021.0,1.0,0.0,0.0,,,0.0,,,,0.0,,,,,,0.0,,,,0.0,,,Fang,方,Zonghua,宗華,20.0,0.0,,0.0,0.0,,,,,,,,,,,,,load,,0.0,2017-08-27 00:00:00,
385210,Fang Mingfeng,方鳴鳳,1846.0,5.0,,0.0,20021.0,1.0,0.0,0.0,,,0.0,,,,0.0,,,,,,0.0,,,,0.0,,,Fang,方,Mingfeng,鳴鳳,20.0,0.0,,0.0,0.0,,,,,,,,,,,,,load,,0.0,2017-08-27 00:00:00,
385452,Fang Shi(Wife of Zheng Zi ),方氏(鄭諮妻),1004.0,15.0,,1.0,,,0.0,0.0,,0.0,0.0,0.0,0.0,0.0,0.0,0.0,0.0,0.0,0.0,0.0,0.0,0.0,,0.0,0.0,0.0,,Fang,方,Shi(Wife of Zheng Zi ),氏（鄭諮妻）,15.0,0.0,,0.0,0.0,0.0,0.0,0.0,0.0,0.0,0.0,,,,,,,load,,0.0,2017-04-18 00:00:00,
385961,Fang Datong,方大同,,,,0.0,,,0.0,0.0,,0.0,0.0,0.0,0.0,0.0,0.0,0.0,0.0,0.0,0.0,0.0,0.0,0.0,,0.0,0.0,0.0,,Fang,方,Datong,大同,15.0,0.0,,0.0,0.0,0.0,0.0,0.0,0.0,0.0,0.0,,,,,,,load,,0.0,2017-04-18 00:00:00,
386026,Fang Shu,方恕,,,,0.0,,,0.0,0.0,,0.0,0.0,0.0,0.0,0.0,0.0,0.0,0.0,0.0,0.0,0.0,0.0,0.0,,0.0,0.0,0.0,,Fang,方,Shu,恕,15.0,0.0,,0.0,0.0,0.0,0.0,0.0,0.0,0.0,0.0,,,,,,,load,,0.0,2017-04-18 00:00:00,
386107,Fang Song,方聳,,,,0.0,,,0.0,0.0,,0.0,0.0,0.0,0.0,0.0,0.0,0.0,0.0,0.0,0.0,0.0,0.0,0.0,,0.0,0.0,0.0,,Fang,方,Song,聳,0.0,0.0,,0.0,0.0,0.0,0.0,0.0,0.0,0.0,0.0,,,,,,,load,,0.0,2017-04-18 00:00:00,
386108,Fang Chao,方超,,,,0.0,,,0.0,0.0,,0.0,0.0,0.0,0.0,0.0,0.0,0.0,0.0,0.0,0.0,0.0,0.0,0.0,,0.0,0.0,0.0,,Fang,方,Chao,超,0.0,0.0,,0.0,0.0,0.0,0.0,0.0,0.0,0.0,0.0,,,,,,,load,,0.0,2017-04-18 00:00:00,
386109,Fang Yunxiu,方允脩,1093.0,13.0,,0.0,,,0.0,0.0,,0.0,0.0,0.0,0.0,0.0,0.0,0.0,0.0,0.0,0.0,0.0,0.0,0.0,,0.0,0.0,0.0,,Fang,方,Yunxiu,允脩,15.0,0.0,Index year algorithmically generated: Rule 9; ,0.0,0.0,0.0,0.0,0.0,0.0,0.0,0.0,,,,,,,load,,0.0,2017-04-18 00:00:00,
386111,Fang Youyi,方友益,1153.0,11.0,38807.0,0.0,,,0.0,0.0,,0.0,0.0,0.0,0.0,0.0,0.0,0.0,0.0,0.0,0.0,0.0,0.0,0.0,,0.0,0.0,0.0,,Fang,方,Youyi,友益,15.0,0.0,Index year algorithmically generated: Rule 8; ,0.0,0.0,0.0,0.0,0.0,0.0,0.0,0.0,,,,,,,load,,0.0,2017-04-18 00:00:00,
386112,Fang Wen,方温,1153.0,11.0,38807.0,0.0,,,0.0,0.0,,0.0,0.0,0.0,0.0,0.0,0.0,0.0,0.0,0.0,0.0,0.0,0.0,0.0,,0.0,0.0,0.0,,Fang,方,Wen,温,15.0,0.0,Index year algorithmically generated: Rule 8; ,0.0,0.0,0.0,0.0,0.0,0.0,0.0,0.0,,,,,,,load,,0.0,2017-04-18 00:00:00,
386113,Fang Youxian,方友賢,1153.0,11.0,38807.0,0.0,,,0.0,0.0,,0.0,0.0,0.0,0.0,0.0,0.0,0.0,0.0,0.0,0.0,0.0,0.0,0.0,,0.0,0.0,0.0,,Fang,方,Youxian,友賢,15.0,0.0,Index year algorithmically generated: Rule 8; ,0.0,0.0,0.0,0.0,0.0,0.0,0.0,0.0,,,,,,,load,,0.0,2017-04-18 00:00:00,
386117,Fang Gai,方概,1183.0,27.0,38807.0,0.0,,,0.0,0.0,,0.0,0.0,0.0,0.0,0.0,0.0,0.0,0.0,0.0,0.0,0.0,0.0,0.0,,0.0,0.0,0.0,,Fang,方,Gai,概,15.0,0.0,Index year algorithmically generated: Rule 13;,0.0,0.0,0.0,0.0,0.0,0.0,0.0,0.0,,,,,,,load,,0.0,2017-04-18 00:00:00,
386157,Fang Xiyuan,方希願,,,,0.0,,,0.0,0.0,,,0.0,,,,0.0,,,,,,0.0,,,,0.0,,,Fang,方,Xiyuan,希願,18.0,0.0,,0.0,0.0,,,,,,,,,,,,,WUTL,WUTL,0.0,2016-08-16 00:00:00,2016-08-17 00:00:00
386158,Fang  Yufu,方玉父,,,,0.0,,,0.0,0.0,,,0.0,,,,0.0,,,,,,0.0,,,,0.0,,,Fang,方,Yufu,玉父,18.0,0.0,,0.0,0.0,,,,,,,,,,,,,WUTL,,0.0,2016-08-16 00:00:00,
386171,Fang Junshou,方君壽,,,,0.0,,,0.0,0.0,,,0.0,,,,0.0,,,,,,0.0,,,,0.0,,,Fang,方,Junshou,君壽,18.0,0.0,,0.0,0.0,,,,,,,,,,,,,WUTL,ADM,0.0,2016-08-17 00:00:00,2016-08-24 00:00:00
386205,Fang Tao,方匋,1068.0,19.0,,0.0,,,0.0,0.0,,,0.0,,,,0.0,,,,,,0.0,,,,0.0,,,Fang,方,Tao,匋,15.0,0.0,,0.0,0.0,,,,,,,,,,,,,PBOL,PBOL,0.0,2017-02-10 00:00:00,2017-02-10 00:00:00
386244,Fang Shi(Wife of Huang Meng Yan),方氏(黃夢炎妻),1206.0,3.0,10738.0,1.0,,,0.0,0.0,,,0.0,,,,0.0,,,,,,0.0,,,,0.0,,,Fang,方,Shi(Wife of Huang Meng Yan),氏（黃夢炎妻),15.0,0.0,,0.0,0.0,,,,,,,,,,,,,load,,0.0,2017-03-09 00:00:00,
386313,Fang Shi( Mother of Sun Tong Fa),方氏(孫潼發母),1217.0,15.0,,1.0,,,0.0,0.0,,,0.0,,,,0.0,,,,,,0.0,,,,0.0,,,Fang,方,Shi( Mother of Sun Tong Fa),氏（孫潼發母),15.0,0.0,,0.0,0.0,,,,,,,,,,,,,load,,0.0,2017-03-09 00:00:00,
386322,Fang Feng,方鳳,,,,0.0,18320.0,1.0,0.0,0.0,,,0.0,,,,0.0,,,,,,0.0,,,,0.0,,,Fang,方,Feng,鳳,18.0,0.0,,0.0,0.0,,,,,,,,,,,,,load,,0.0,2017-03-09 00:00:00,
386421,Fang Ruyi,方汝翼,,,,0.0,12736.0,1.0,0.0,0.0,,,0.0,,,,0.0,,,,,,0.0,,,,0.0,,,Fang,方,Ruyi,汝翼,15.0,0.0,,0.0,0.0,,,,,,,,,,,,,load,,0.0,2017-03-09 00:00:00,
386425,Fang Shi(Daughter of Fang Feng Chen),方氏(方逢辰女),1251.0,11.0,3294.0,1.0,18318.0,1.0,0.0,0.0,,,0.0,,,,0.0,,,,,,0.0,,,,0.0,,,Fang,方,Shi(Daughter of Fang Feng Chen),氏（方逢辰女),18.0,0.0,,0.0,0.0,,,,,,,,,,,,,load,,0.0,2017-03-09 00:00:00,
386426,Fang Shi(Daughter of Fang Feng Chen),方氏(方逢辰女),1251.0,11.0,3294.0,1.0,18318.0,1.0,0.0,0.0,,,0.0,,,,0.0,,,,,,0.0,,,,0.0,,,Fang,方,Shi(Daughter of Fang Feng Chen),氏（方逢辰女),18.0,0.0,,0.0,0.0,,,,,,,,,,,,,load,,0.0,2017-03-09 00:00:00,
386427,Fang Shi(Wife of Shao Yuan Ting),方氏(邵元廷妻),,,,1.0,18318.0,1.0,0.0,0.0,,,0.0,,,,0.0,,,,,,0.0,,,,0.0,,,Fang,方,Shi(Wife of Shao Yuan Ting),氏（邵元廷妻),18.0,0.0,,0.0,0.0,,,,,,,,,,,,,load,,0.0,2017-03-09 00:00:00,
386818,Fang Yangyuan,方揚遠,,,,0.0,12791.0,1.0,0.0,0.0,,,0.0,,,,0.0,,,,,,0.0,,,,0.0,,,Fang,方,Yangyuan,揚遠,15.0,0.0,,0.0,0.0,,,,,,,,,,,,,load,,0.0,2017-03-09 00:00:00,
386819,Fang Zi,方滋,,,,0.0,12791.0,1.0,0.0,0.0,,,0.0,,,,0.0,,,,,,0.0,,,,0.0,,,Fang,方,Zi,滋,15.0,0.0,,0.0,0.0,,,,,,,,,,,,,load,,0.0,2017-03-09 00:00:00,
386829,Fang Shi(Daughter of Fang Feng),方氏(方鳳女),1270.0,11.0,20059.0,1.0,18344.0,1.0,0.0,0.0,,,0.0,,,,0.0,,,,,,0.0,,,,0.0,,,Fang,方,Shi(Daughter of Fang Feng),氏（方鳳女),18.0,0.0,,0.0,0.0,,,,,,,,,,,,,load,,0.0,2017-03-09 00:00:00,
386830,Fang Shi(Daughter of Fang Feng),方氏(方鳳女),1270.0,11.0,20059.0,1.0,18344.0,1.0,0.0,0.0,,,0.0,,,,0.0,,,,,,0.0,,,,0.0,,,Fang,方,Shi(Daughter of Fang Feng),氏（方鳳女),18.0,0.0,,0.0,0.0,,,,,,,,,,,,,load,,0.0,2017-03-09 00:00:00,
386831,Fang Shi(Daughter of Fang Feng),方氏(方鳳女),1270.0,11.0,20059.0,1.0,18344.0,1.0,0.0,0.0,,,0.0,,,,0.0,,,,,,0.0,,,,0.0,,,Fang,方,Shi(Daughter of Fang Feng),氏（方鳳女),18.0,0.0,,0.0,0.0,,,,,,,,,,,,,load,,0.0,2017-03-09 00:00:00,
403700,Fang Yizhi,方一治,,,,0.0,,,0.0,0.0,,,0.0,,,,0.0,,,,,,0.0,,,,0.0,,,Fang,方,Yizhi,一治,19.0,0.0,,0.0,0.0,,,,,,,,,,,,,load,,0.0,2017-08-18 00:00:00,
403701,Fang Yiqing,方一清,,,,0.0,,,0.0,0.0,,,0.0,,,,0.0,,,,,,0.0,,,,0.0,,,Fang,方,Yiqing,一清,19.0,0.0,,0.0,0.0,,,,,,,,,,,,,load,,0.0,2017-08-18 00:00:00,
403702,Fang Yihui,方一輝,,,,0.0,,,0.0,0.0,,,0.0,,,,0.0,,,,,,0.0,,,,0.0,,,Fang,方,Yihui,一輝,19.0,0.0,,0.0,0.0,,,,,,,,,,,,,load,,0.0,2017-08-18 00:00:00,
403703,Fang Yikun,方一鯤,,,,0.0,,,0.0,0.0,,,0.0,,,,0.0,,,,,,0.0,,,,0.0,,,Fang,方,Yikun,一鯤,19.0,0.0,,0.0,0.0,,,,,,,,,,,,,load,,0.0,2017-08-18 00:00:00,
403704,Fang Sanyang,方三陽,,,,0.0,,,0.0,0.0,,,0.0,,,,0.0,,,,,,0.0,,,,0.0,,,Fang,方,Sanyang,三陽,19.0,0.0,,0.0,0.0,,,,,,,,,,,,,load,,0.0,2017-08-18 00:00:00,
403705,Fang Shilun,方世綸,,,,0.0,,,0.0,0.0,,,0.0,,,,0.0,,,,,,0.0,,,,0.0,,,Fang,方,Shilun,世綸,20.0,0.0,,0.0,0.0,,,,,,,,,,,,,load,,0.0,2017-08-18 00:00:00,
403706,Fang Shichen,方世臣,,,,0.0,,,0.0,0.0,,,0.0,,,,0.0,,,,,,0.0,,,,0.0,,,Fang,方,Shichen,世臣,19.0,0.0,,0.0,0.0,,,,,,,,,,,,,load,,0.0,2017-08-18 00:00:00,
403707,Fang Jiudi,方乆迪,,,,0.0,,,0.0,0.0,,,0.0,,,,0.0,,,,,,0.0,,,,0.0,,,Fang,方,Jiudi,乆迪,19.0,0.0,,0.0,0.0,,,,,,,,,,,,,load,,0.0,2017-08-18 00:00:00,
403708,Fang Zhibei,方之北,,,,0.0,,,0.0,0.0,,,0.0,,,,0.0,,,,,,0.0,,,,0.0,,,Fang,方,Zhibei,之北,19.0,0.0,,0.0,0.0,,,,,,,,,,,,,load,,0.0,2017-08-18 00:00:00,
403709,Fang Zhibi,方之璧,,,,0.0,,,0.0,0.0,,,0.0,,,,0.0,,,,,,0.0,,,,0.0,,,Fang,方,Zhibi,之璧,20.0,0.0,,0.0,0.0,,,,,,,,,,,,,load,,0.0,2017-08-18 00:00:00,
403710,Fang Jiuxu,方九敘,,,,0.0,,,0.0,0.0,,,0.0,,,,0.0,,,,,,0.0,,,,0.0,,,Fang,方,Jiuxu,九敘,19.0,0.0,,0.0,0.0,,,,,,,,,,,,,load,,0.0,2017-08-18 00:00:00,
403711,Fang Yusi,方于泗,,,,0.0,,,0.0,0.0,,,0.0,,,,0.0,,,,,,0.0,,,,0.0,,,Fang,方,Yusi,于泗,20.0,0.0,,0.0,0.0,,,,,,,,,,,,,load,,0.0,2017-08-18 00:00:00,
403712,Fang Renlong,方人龍,,,,0.0,,,0.0,0.0,,,0.0,,,,0.0,,,,,,0.0,,,,0.0,,,Fang,方,Renlong,人龍,20.0,0.0,,0.0,0.0,,,,,,,,,,,,,load,,0.0,2017-08-18 00:00:00,
403713,Fang Yizhi,方以知,,,,0.0,5433.0,1.0,0.0,0.0,,,0.0,,,,0.0,,,,,,0.0,,,,0.0,,,Fang,方,Yizhi,以知,19.0,0.0,,0.0,0.0,,,,,,,,,,,,,load,,0.0,2017-08-18 00:00:00,
403714,Fang Yiming,方以銘,,,,0.0,,,0.0,0.0,,,0.0,,,,0.0,,,,,,0.0,,,,0.0,,,Fang,方,Yiming,以銘,19.0,0.0,,0.0,0.0,,,,,,,,,,,,,load,,0.0,2017-08-18 00:00:00,
403715,Fang Renxian,方任顯,,,,0.0,,,0.0,0.0,,,0.0,,,,0.0,,,,,,0.0,,,,0.0,,,Fang,方,Renxian,任顯,19.0,0.0,,0.0,0.0,,,,,,,,,,,,,load,,0.0,2017-08-18 00:00:00,
403716,Fang Bojian,方伯蹇,,,,0.0,,,0.0,0.0,,,0.0,,,,0.0,,,,,,0.0,,,,0.0,,,Fang,方,Bojian,伯蹇,15.0,0.0,,0.0,0.0,,,,,,,,,,,,,load,,0.0,2017-08-18 00:00:00,
403717,Fang Zuokai,方作楷,,,,0.0,,,0.0,0.0,,,0.0,,,,0.0,,,,,,0.0,,,,0.0,,,Fang,方,Zuokai,作楷,20.0,0.0,,0.0,0.0,,,,,,,,,,,,,load,,0.0,2017-08-18 00:00:00,
403718,Fang Laixuan,方來宣,,,,0.0,,,0.0,0.0,,,0.0,,,,0.0,,,,,,0.0,,,,0.0,,,Fang,方,Laixuan,來宣,19.0,0.0,,0.0,0.0,,,,,,,,,,,,,load,,0.0,2017-08-18 00:00:00,
403719,Fang Laigong,方來貢,,,,0.0,,,0.0,0.0,,,0.0,,,,0.0,,,,,,0.0,,,,0.0,,,Fang,方,Laigong,來貢,19.0,0.0,,0.0,0.0,,,,,,,,,,,,,load,,0.0,2017-08-18 00:00:00,
403720,Fang Fu,方俌,,,,0.0,,,0.0,0.0,,,0.0,,,,0.0,,,,,,0.0,,,,0.0,,,Fang,方,Fu,俌,15.0,0.0,,0.0,0.0,,,,,,,,,,,,,load,,0.0,2017-08-18 00:00:00,
403721,Fang Yu,方俁,,,,0.0,,,0.0,0.0,,,0.0,,,,0.0,,,,,,0.0,,,,0.0,,,Fang,方,Yu,俁,15.0,0.0,,0.0,0.0,,,,,,,,,,,,,load,,0.0,2017-08-18 00:00:00,
403722,Fang Lun,方倫,,,,0.0,,,0.0,0.0,,,0.0,,,,0.0,,,,,,0.0,,,,0.0,,,Fang,方,Lun,倫,20.0,0.0,,0.0,0.0,,,,,,,,,,,,,load,,0.0,2017-08-18 00:00:00,
403723,Fang Kan,方偘,,,,0.0,,,0.0,0.0,,,0.0,,,,0.0,,,,,,0.0,,,,0.0,,,Fang,方,Kan,偘,15.0,0.0,,0.0,0.0,,,,,,,,,,,,,load,,0.0,2017-08-18 00:00:00,
403724,Fang Ru,方儒,,,,0.0,,,0.0,0.0,,,0.0,,,,0.0,,,,,,0.0,,,,0.0,,,Fang,方,Ru,儒,18.0,0.0,,0.0,0.0,,,,,,,,,,,,,load,,0.0,2017-08-18 00:00:00,
403725,Fang Yan,方儼,,,,0.0,,,0.0,0.0,,,0.0,,,,0.0,,,,,,0.0,,,,0.0,,,Fang,方,Yan,儼,25.0,0.0,,0.0,0.0,,,,,,,,,,,,,load,,0.0,2017-08-18 00:00:00,
403726,Fang Yunqi,方允奇,,,,0.0,,,0.0,0.0,,,0.0,,,,0.0,,,,,,0.0,,,,0.0,,,Fang,方,Yunqi,允奇,19.0,0.0,,0.0,0.0,,,,,,,,,,,,,load,,0.0,2017-08-18 00:00:00,
403727,Fang Yundi,方允廸,,,,0.0,,,0.0,0.0,,,0.0,,,,0.0,,,,,,0.0,,,,0.0,,,Fang,方,Yundi,允廸,19.0,0.0,,0.0,0.0,,,,,,,,,,,,,load,,0.0,2017-08-18 00:00:00,
403728,Fang Yuanliang,方元亮,,,,0.0,,,0.0,0.0,,,0.0,,,,0.0,,,,,,0.0,,,,0.0,,,Fang,方,Yuanliang,元亮,20.0,0.0,,0.0,0.0,,,,,,,,,,,,,load,,0.0,2017-08-18 00:00:00,
403729,Fang Zhaoyuan,方兆元,,,,0.0,,,0.0,0.0,,,0.0,,,,0.0,,,,,,0.0,,,,0.0,,,Fang,方,Zhaoyuan,兆元,19.0,0.0,,0.0,0.0,,,,,,,,,,,,,load,,0.0,2017-08-18 00:00:00,
403730,Fang Guangpu,方光溥,,,,0.0,,,0.0,0.0,,,0.0,,,,0.0,,,,,,0.0,,,,0.0,,,Fang,方,Guangpu,光溥,21.0,0.0,,0.0,0.0,,,,,,,,,,,,,load,,0.0,2017-08-18 00:00:00,
403731,Fang Guangsi,方光祀,,,,0.0,,,0.0,0.0,,,0.0,,,,0.0,,,,,,0.0,,,,0.0,,,Fang,方,Guangsi,光祀,20.0,0.0,,0.0,0.0,,,,,,,,,,,,,load,,0.0,2017-08-18 00:00:00,
403732,Fang Gongzan,方公瓚,,,,0.0,,,0.0,0.0,,,0.0,,,,0.0,,,,,,0.0,,,,0.0,,,Fang,方,Gongzan,公瓚,19.0,0.0,,0.0,0.0,,,,,,,,,,,,,load,,0.0,2017-08-18 00:00:00,
403733,Fang Jiancai,方兼才,,,,0.0,,,0.0,0.0,,,0.0,,,,0.0,,,,,,0.0,,,,0.0,,,Fang,方,Jiancai,兼才,20.0,0.0,,0.0,0.0,,,,,,,,,,,,,load,,0.0,2017-08-18 00:00:00,
403734,Fang Ce,方册,,,,0.0,,,0.0,0.0,,,0.0,,,,0.0,,,,,,0.0,,,,0.0,,,Fang,方,Ce,册,19.0,0.0,,0.0,0.0,,,,,,,,,,,,,load,,0.0,2017-08-18 00:00:00,
403735,Fang Liujin,方劉進,,,,0.0,,,0.0,0.0,,,0.0,,,,0.0,,,,,,0.0,,,,0.0,,,Fang,方,Liujin,劉進,19.0,0.0,,0.0,0.0,,,,,,,,,,,,,load,,0.0,2017-08-18 00:00:00,
403737,Fang You,方友,,,,0.0,,,0.0,0.0,,,0.0,,,,0.0,,,,,,0.0,,,,0.0,,,Fang,方,You,友,19.0,0.0,,0.0,0.0,,,,,,,,,,,,,load,,0.0,2017-08-18 00:00:00,
403738,Fang Shuti,方叔俶,,,,0.0,,,0.0,0.0,,,0.0,,,,0.0,,,,,,0.0,,,,0.0,,,Fang,方,Shuti,叔俶,19.0,0.0,,0.0,0.0,,,,,,,,,,,,,load,,0.0,2017-08-18 00:00:00,
403739,Fang Shushu,方叔述,,,,0.0,,,0.0,0.0,,,0.0,,,,0.0,,,,,,0.0,,,,0.0,,,Fang,方,Shushu,叔述,6.0,0.0,,0.0,0.0,,,,,,,,,,,,,load,,0.0,2017-08-18 00:00:00,
403740,Fang Xuzhong,方敘中,,,,0.0,,,0.0,0.0,,,0.0,,,,0.0,,,,,,0.0,,,,0.0,,,Fang,方,Xuzhong,敘中,19.0,0.0,,0.0,0.0,,,,,,,,,,,,,load,,0.0,2017-08-18 00:00:00,
403741,Fang Rui,方叡,,,,0.0,,,0.0,0.0,,,0.0,,,,0.0,,,,,,0.0,,,,0.0,,,Fang,方,Rui,叡,15.0,0.0,,0.0,0.0,,,,,,,,,,,,,load,,0.0,2017-08-18 00:00:00,
403742,Fang Keyu,方可與,,,,0.0,,,0.0,0.0,,,0.0,,,,0.0,,,,,,0.0,,,,0.0,,,Fang,方,Keyu,可與,19.0,0.0,,0.0,0.0,,,,,,,,,,,,,load,,0.0,2017-08-18 00:00:00,
403743,Fang Ming,方名,,,,0.0,,,0.0,0.0,,,0.0,,,,0.0,,,,,,0.0,,,,0.0,,,Fang,方,Ming,名,20.0,0.0,,0.0,0.0,,,,,,,,,,,,,load,,0.0,2017-08-18 00:00:00,
403744,Fang Qi,方啓,,,,0.0,,,0.0,0.0,,,0.0,,,,0.0,,,,,,0.0,,,,0.0,,,Fang,方,Qi,啓,19.0,0.0,,0.0,0.0,,,,,,,,,,,,,load,,0.0,2017-08-18 00:00:00,
403745,Fang Qiyu,方啓玉,,,,0.0,,,0.0,0.0,,,0.0,,,,0.0,,,,,,0.0,,,,0.0,,,Fang,方,Qiyu,啓玉,20.0,0.0,,0.0,0.0,,,,,,,,,,,,,load,,0.0,2017-08-18 00:00:00,
403746,Fang Qican,方啟參,,,,0.0,,,0.0,0.0,,,0.0,,,,0.0,,,,,,0.0,,,,0.0,,,Fang,方,Qican,啟參,19.0,0.0,,0.0,0.0,,,,,,,,,,,,,load,,0.0,2017-08-18 00:00:00,
403747,Fang Qihua,方啟華,,,,0.0,,,0.0,0.0,,,0.0,,,,0.0,,,,,,0.0,,,,0.0,,,Fang,方,Qihua,啟華,20.0,0.0,,0.0,0.0,,,,,,,,,,,,,load,,0.0,2017-08-18 00:00:00,
403748,Fang Shan,方善,,,,0.0,,,0.0,0.0,,,0.0,,,,0.0,,,,,,0.0,,,,0.0,,,Fang,方,Shan,善,19.0,0.0,,0.0,0.0,,,,,,,,,,,,,load,,0.0,2017-08-18 00:00:00,
403749,Fang Shanyu,方善玉,,,,0.0,,,0.0,0.0,,,0.0,,,,0.0,,,,,,0.0,,,,0.0,,,Fang,方,Shanyu,善玉,19.0,0.0,,0.0,0.0,,,,,,,,,,,,,load,,0.0,2017-08-18 00:00:00,
403750,Fang Jiaqing,方嘉慶,,,,0.0,,,0.0,0.0,,,0.0,,,,0.0,,,,,,0.0,,,,0.0,,,Fang,方,Jiaqing,嘉慶,19.0,0.0,,0.0,0.0,,,,,,,,,,,,,load,,0.0,2017-08-18 00:00:00,
403751,Fang Guoguang,方國光,,,,0.0,,,0.0,0.0,,,0.0,,,,0.0,,,,,,0.0,,,,0.0,,,Fang,方,Guoguang,國光,19.0,0.0,,0.0,0.0,,,,,,,,,,,,,load,,0.0,2017-08-18 00:00:00,
403752,Fang Guoxuan,方國選,,,,0.0,,,0.0,0.0,,,0.0,,,,0.0,,,,,,0.0,,,,0.0,,,Fang,方,Guoxuan,國選,19.0,0.0,,0.0,0.0,,,,,,,,,,,,,load,,0.0,2017-08-18 00:00:00,
403753,Fang Yuan,方圎,,,,0.0,,,0.0,0.0,,,0.0,,,,0.0,,,,,,0.0,,,,0.0,,,Fang,方,Yuan,圎,19.0,0.0,,0.0,0.0,,,,,,,,,,,,,load,,0.0,2017-08-18 00:00:00,
403754,Fang Qi,方圻,,,,0.0,,,0.0,0.0,,,0.0,,,,0.0,,,,,,0.0,,,,0.0,,,Fang,方,Qi,圻,19.0,0.0,,0.0,0.0,,,,,,,,,,,,,load,,0.0,2017-08-18 00:00:00,
403755,Fang Yaogeng,方堯庚,,,,0.0,,,0.0,0.0,,,0.0,,,,0.0,,,,,,0.0,,,,0.0,,,Fang,方,Yaogeng,堯庚,19.0,0.0,,0.0,0.0,,,,,,,,,,,,,load,,0.0,2017-08-18 00:00:00,
403756,Fang Shijie,方士傑,,,,0.0,,,0.0,0.0,,,0.0,,,,0.0,,,,,,0.0,,,,0.0,,,Fang,方,Shijie,士傑,20.0,0.0,,0.0,0.0,,,,,,,,,,,,,load,,0.0,2017-08-18 00:00:00,
403757,Fang Shiqing,方士卿,,,,0.0,,,0.0,0.0,,,0.0,,,,0.0,,,,,,0.0,,,,0.0,,,Fang,方,Shiqing,士卿,20.0,0.0,,0.0,0.0,,,,,,,,,,,,,load,,0.0,2017-08-18 00:00:00,
403758,Fang Shiying,方士英,,,,0.0,,,0.0,0.0,,,0.0,,,,0.0,,,,,,0.0,,,,0.0,,,Fang,方,Shiying,士英,19.0,0.0,,0.0,0.0,,,,,,,,,,,,,load,,0.0,2017-08-18 00:00:00,
403759,Fang Shiwan,方士萬,,,,0.0,,,0.0,0.0,,,0.0,,,,0.0,,,,,,0.0,,,,0.0,,,Fang,方,Shiwan,士萬,15.0,0.0,,0.0,0.0,,,,,,,,,,,,,load,,0.0,2017-08-18 00:00:00,
403760,Fang Shoukang,方壽康,,,,0.0,,,0.0,0.0,,,0.0,,,,0.0,,,,,,0.0,,,,0.0,,,Fang,方,Shoukang,壽康,20.0,0.0,,0.0,0.0,,,,,,,,,,,,,load,,0.0,2017-08-18 00:00:00,
403761,Fang Shouceng,方壽曾,,,,0.0,,,0.0,0.0,,,0.0,,,,0.0,,,,,,0.0,,,,0.0,,,Fang,方,Shouceng,壽曾,15.0,0.0,,0.0,0.0,,,,,,,,,,,,,load,,0.0,2017-08-18 00:00:00,
403762,Fang Shoujin,方壽金,,,,0.0,,,0.0,0.0,,,0.0,,,,0.0,,,,,,0.0,,,,0.0,,,Fang,方,Shoujin,壽金,20.0,0.0,,0.0,0.0,,,,,,,,,,,,,load,,0.0,2017-08-18 00:00:00,
403763,Fang Meng,方夢,,,,0.0,,,0.0,0.0,,,0.0,,,,0.0,,,,,,0.0,,,,0.0,,,Fang,方,Meng,夢,19.0,0.0,,0.0,0.0,,,,,,,,,,,,,load,,0.0,2017-08-18 00:00:00,
403764,Fang Mengwu,方夢無,,,,0.0,,,0.0,0.0,,,0.0,,,,0.0,,,,,,0.0,,,,0.0,,,Fang,方,Mengwu,夢無,15.0,0.0,,0.0,0.0,,,,,,,,,,,,,load,,0.0,2017-08-18 00:00:00,
403765,Fang Dazhong,方大忠,,,,0.0,,,0.0,0.0,,,0.0,,,,0.0,,,,,,0.0,,,,0.0,,,Fang,方,Dazhong,大忠,20.0,0.0,,0.0,0.0,,,,,,,,,,,,,load,,0.0,2017-08-18 00:00:00,
403766,Fang Dazhi,方大智,,,,0.0,,,0.0,0.0,,,0.0,,,,0.0,,,,,,0.0,,,,0.0,,,Fang,方,Dazhi,大智,20.0,0.0,,0.0,0.0,,,,,,,,,,,,,load,,0.0,2017-08-18 00:00:00,
403767,Fang Dayuan,方大源,,,,0.0,,,0.0,0.0,,,0.0,,,,0.0,,,,,,0.0,,,,0.0,,,Fang,方,Dayuan,大源,20.0,0.0,,0.0,0.0,,,,,,,,,,,,,load,,0.0,2017-08-18 00:00:00,
403768,Fang Tianxing,方天性,,,,0.0,,,0.0,0.0,,,0.0,,,,0.0,,,,,,0.0,,,,0.0,,,Fang,方,Tianxing,天性,19.0,0.0,,0.0,0.0,,,,,,,,,,,,,load,,0.0,2017-08-18 00:00:00,
403769,Fang Tianqiu,方天球,,,,0.0,,,0.0,0.0,,,0.0,,,,0.0,,,,,,0.0,,,,0.0,,,Fang,方,Tianqiu,天球,19.0,0.0,,0.0,0.0,,,,,,,,,,,,,load,,0.0,2017-08-18 00:00:00,
403770,Fang Haowen,方好文,,,,0.0,,,0.0,0.0,,,0.0,,,,0.0,,,,,,0.0,,,,0.0,,,Fang,方,Haowen,好文,19.0,0.0,,0.0,0.0,,,,,,,,,,,,,load,,0.0,2017-08-18 00:00:00,
403771,Fang Zizhong,方子中,,,,0.0,,,0.0,0.0,,,0.0,,,,0.0,,,,,,0.0,,,,0.0,,,Fang,方,Zizhong,子中,19.0,0.0,,0.0,0.0,,,,,,,,,,,,,load,,0.0,2017-08-18 00:00:00,
403772,Fang Ziang,方子昂,,,,0.0,,,0.0,0.0,,,0.0,,,,0.0,,,,,,0.0,,,,0.0,,,Fang,方,Ziang,子昂,15.0,0.0,,0.0,0.0,,,,,,,,,,,,,load,,0.0,2017-08-18 00:00:00,
403773,Fang Ziyao,方子曜,,,,0.0,,,0.0,0.0,,,0.0,,,,0.0,,,,,,0.0,,,,0.0,,,Fang,方,Ziyao,子曜,20.0,0.0,,0.0,0.0,,,,,,,,,,,,,load,,0.0,2017-08-18 00:00:00,
403774,Fang Zizhen,方子眞,,,,0.0,,,0.0,0.0,,,0.0,,,,0.0,,,,,,0.0,,,,0.0,,,Fang,方,Zizhen,子眞,19.0,0.0,,0.0,0.0,,,,,,,,,,,,,load,,0.0,2017-08-18 00:00:00,
403775,Fang Zizhong,方子重,,,,0.0,,,0.0,0.0,,,0.0,,,,0.0,,,,,,0.0,,,,0.0,,,Fang,方,Zizhong,子重,6.0,0.0,,0.0,0.0,,,,,,,,,,,,,load,,0.0,2017-08-18 00:00:00,
403776,Fang Mengnong,方孟農,,,,0.0,,,0.0,0.0,,,0.0,,,,0.0,,,,,,0.0,,,,0.0,,,Fang,方,Mengnong,孟農,21.0,0.0,,0.0,0.0,,,,,,,,,,,,,load,,0.0,2017-08-18 00:00:00,
403777,Fang An,方安,,,,0.0,,,0.0,0.0,,,0.0,,,,0.0,,,,,,0.0,,,,0.0,,,Fang,方,An,安,19.0,0.0,,0.0,0.0,,,,,,,,,,,,,load,,0.0,2017-08-18 00:00:00,
403778,Fang Anmin,方安民,,,,0.0,,,0.0,0.0,,,0.0,,,,0.0,,,,,,0.0,,,,0.0,,,Fang,方,Anmin,安民,20.0,0.0,,0.0,0.0,,,,,,,,,,,,,load,,0.0,2017-08-18 00:00:00,
403779,Fang Honglv,方宏履,,,,0.0,,,0.0,0.0,,,0.0,,,,0.0,,,,,,0.0,,,,0.0,,,Fang,方,Honglv,宏履,20.0,0.0,,0.0,0.0,,,,,,,,,,,,,load,,0.0,2017-08-18 00:00:00,
403780,Fang Hongding,方宏鼎,,,,0.0,,,0.0,0.0,,,0.0,,,,0.0,,,,,,0.0,,,,0.0,,,Fang,方,Hongding,宏鼎,20.0,0.0,,0.0,0.0,,,,,,,,,,,,,load,,0.0,2017-08-18 00:00:00,
403781,Fang Zongmu,方宗穆,,,,0.0,,,0.0,0.0,,,0.0,,,,0.0,,,,,,0.0,,,,0.0,,,Fang,方,Zongmu,宗穆,19.0,0.0,,0.0,0.0,,,,,,,,,,,,,load,,0.0,2017-08-18 00:00:00,
403782,Fang Dingjing,方定經,,,,0.0,,,0.0,0.0,,,0.0,,,,0.0,,,,,,0.0,,,,0.0,,,Fang,方,Dingjing,定經,20.0,0.0,,0.0,0.0,,,,,,,,,,,,,load,,0.0,2017-08-18 00:00:00,
403783,Fang Yixian,方宜賢,,,,0.0,,,0.0,0.0,,,0.0,,,,0.0,,,,,,0.0,,,,0.0,,,Fang,方,Yixian,宜賢,19.0,0.0,,0.0,0.0,,,,,,,,,,,,,load,,0.0,2017-08-18 00:00:00,
403784,Fang Fu,方富,,,,0.0,,,0.0,0.0,,,0.0,,,,0.0,,,,,,0.0,,,,0.0,,,Fang,方,Fu,富,19.0,0.0,,0.0,0.0,,,,,,,,,,,,,load,,0.0,2017-08-18 00:00:00,
403785,Fang Ningbao,方寧保,,,,0.0,,,0.0,0.0,,,0.0,,,,0.0,,,,,,0.0,,,,0.0,,,Fang,方,Ningbao,寧保,19.0,0.0,,0.0,0.0,,,,,,,,,,,,,load,,0.0,2017-08-18 00:00:00,
403786,Fang Shangbin,方尚賓,,,,0.0,,,0.0,0.0,,,0.0,,,,0.0,,,,,,0.0,,,,0.0,,,Fang,方,Shangbin,尚賓,19.0,0.0,,0.0,0.0,,,,,,,,,,,,,load,,0.0,2017-08-18 00:00:00,
403787,Fang Jujing,方居敬,,,,0.0,,,0.0,0.0,,,0.0,,,,0.0,,,,,,0.0,,,,0.0,,,Fang,方,Jujing,居敬,19.0,0.0,,0.0,0.0,,,,,,,,,,,,,load,,0.0,2017-08-18 00:00:00,
403788,Fang Lvdao,方履道,,,,0.0,,,0.0,0.0,,,0.0,,,,0.0,,,,,,0.0,,,,0.0,,,Fang,方,Lvdao,履道,19.0,0.0,,0.0,0.0,,,,,,,,,,,,,load,,0.0,2017-08-18 00:00:00,
403789,Fang Daihao,方岱浩,,,,0.0,,,0.0,0.0,,,0.0,,,,0.0,,,,,,0.0,,,,0.0,,,Fang,方,Daihao,岱浩,20.0,0.0,,0.0,0.0,,,,,,,,,,,,,load,,0.0,2017-08-18 00:00:00,
403790,Fang Chongmou,方崇牟,,,,0.0,,,0.0,0.0,,,0.0,,,,0.0,,,,,,0.0,,,,0.0,,,Fang,方,Chongmou,崇牟,19.0,0.0,,0.0,0.0,,,,,,,,,,,,,load,,0.0,2017-08-18 00:00:00,
403791,Fang Yinyun,方崟運,,,,0.0,,,0.0,0.0,,,0.0,,,,0.0,,,,,,0.0,,,,0.0,,,Fang,方,Yinyun,崟運,20.0,0.0,,0.0,0.0,,,,,,,,,,,,,load,,0.0,2017-08-18 00:00:00,
403792,Fang Yue,方嶽,,,,0.0,,,0.0,0.0,,,0.0,,,,0.0,,,,,,0.0,,,,0.0,,,Fang,方,Yue,嶽,19.0,0.0,,0.0,0.0,,,,,,,,,,,,,load,,0.0,2017-08-18 00:00:00,
403793,Fang Wei,方巍,,,,0.0,,,0.0,0.0,,,0.0,,,,0.0,,,,,,0.0,,,,0.0,,,Fang,方,Wei,巍,19.0,0.0,,0.0,0.0,,,,,,,,,,,,,load,,0.0,2017-08-18 00:00:00,
403794,Fang Luan,方巒,,,,0.0,,,0.0,0.0,,,0.0,,,,0.0,,,,,,0.0,,,,0.0,,,Fang,方,Luan,巒,19.0,0.0,,0.0,0.0,,,,,,,,,,,,,load,,0.0,2017-08-18 00:00:00,
403795,Fang Tingshi,方庭實,,,,0.0,,,0.0,0.0,,,0.0,,,,0.0,,,,,,0.0,,,,0.0,,,Fang,方,Tingshi,庭實,15.0,0.0,,0.0,0.0,,,,,,,,,,,,,load,,0.0,2017-08-18 00:00:00,
403796,Fang Yanqi,方延祺,,,,0.0,,,0.0,0.0,,,0.0,,,,0.0,,,,,,0.0,,,,0.0,,,Fang,方,Yanqi,延祺,20.0,0.0,,0.0,0.0,,,,,,,,,,,,,load,,0.0,2017-08-18 00:00:00,
403797,Fang Tingzuo,方廷佐,,,,0.0,,,0.0,0.0,,,0.0,,,,0.0,,,,,,0.0,,,,0.0,,,Fang,方,Tingzuo,廷佐,20.0,0.0,,0.0,0.0,,,,,,,,,,,,,load,,0.0,2017-08-18 00:00:00,
403798,Fang Tingchun,方廷春,,,,0.0,,,0.0,0.0,,,0.0,,,,0.0,,,,,,0.0,,,,0.0,,,Fang,方,Tingchun,廷春,20.0,0.0,,0.0,0.0,,,,,,,,,,,,,load,,0.0,2017-08-18 00:00:00,
403799,Fang Jianweng,方建翁,,,,0.0,,,0.0,0.0,,,0.0,,,,0.0,,,,,,0.0,,,,0.0,,,Fang,方,Jianweng,建翁,18.0,0.0,,0.0,0.0,,,,,,,,,,,,,load,,0.0,2017-08-18 00:00:00,
403800,Fang De,方得,,,,0.0,,,0.0,0.0,,,0.0,,,,0.0,,,,,,0.0,,,,0.0,,,Fang,方,De,得,19.0,0.0,,0.0,0.0,,,,,,,,,,,,,load,,0.0,2017-08-18 00:00:00,
403801,Fang Congji,方從吉,,,,0.0,,,0.0,0.0,,,0.0,,,,0.0,,,,,,0.0,,,,0.0,,,Fang,方,Congji,從吉,20.0,0.0,,0.0,0.0,,,,,,,,,,,,,load,,0.0,2017-08-18 00:00:00,
403802,Fang Fuchu,方復初,,,,0.0,,,0.0,0.0,,,0.0,,,,0.0,,,,,,0.0,,,,0.0,,,Fang,方,Fuchu,復初,19.0,0.0,,0.0,0.0,,,,,,,,,,,,,load,,0.0,2017-08-18 00:00:00,
403803,Fang Xunju,方循矩,,,,0.0,,,0.0,0.0,,,0.0,,,,0.0,,,,,,0.0,,,,0.0,,,Fang,方,Xunju,循矩,19.0,0.0,,0.0,0.0,,,,,,,,,,,,,load,,0.0,2017-08-18 00:00:00,
403804,Fang Dexian,方德先,,,,0.0,,,0.0,0.0,,,0.0,,,,0.0,,,,,,0.0,,,,0.0,,,Fang,方,Dexian,德先,20.0,0.0,,0.0,0.0,,,,,,,,,,,,,load,,0.0,2017-08-18 00:00:00,
403805,Fang Decheng,方德成,,,,0.0,,,0.0,0.0,,,0.0,,,,0.0,,,,,,0.0,,,,0.0,,,Fang,方,Decheng,德成,20.0,0.0,,0.0,0.0,,,,,,,,,,,,,load,,0.0,2017-08-18 00:00:00,
403806,Fang Bida,方必達,,,,0.0,,,0.0,0.0,,,0.0,,,,0.0,,,,,,0.0,,,,0.0,,,Fang,方,Bida,必達,18.0,0.0,,0.0,0.0,,,,,,,,,,,,,load,,0.0,2017-08-18 00:00:00,
403807,Fang Zhijiu,方志久,,,,0.0,,,0.0,0.0,,,0.0,,,,0.0,,,,,,0.0,,,,0.0,,,Fang,方,Zhijiu,志久,19.0,0.0,,0.0,0.0,,,,,,,,,,,,,load,,0.0,2017-08-18 00:00:00,
403808,Fang Zhiqin,方志勤,,,,0.0,,,0.0,0.0,,,0.0,,,,0.0,,,,,,0.0,,,,0.0,,,Fang,方,Zhiqin,志勤,20.0,0.0,,0.0,0.0,,,,,,,,,,,,,load,,0.0,2017-08-18 00:00:00,
403809,Fang Zhijian,方志堅,,,,0.0,,,0.0,0.0,,,0.0,,,,0.0,,,,,,0.0,,,,0.0,,,Fang,方,Zhijian,志堅,19.0,0.0,,0.0,0.0,,,,,,,,,,,,,load,,0.0,2017-08-18 00:00:00,
403811,Fang Zhongmian,方忠勉,,,,0.0,,,0.0,0.0,,,0.0,,,,0.0,,,,,,0.0,,,,0.0,,,Fang,方,Zhongmian,忠勉,20.0,0.0,,0.0,0.0,,,,,,,,,,,,,load,,0.0,2017-08-18 00:00:00,
403812,Fang Sihua,方思化,,,,0.0,,,0.0,0.0,,,0.0,,,,0.0,,,,,,0.0,,,,0.0,,,Fang,方,Sihua,思化,19.0,0.0,,0.0,0.0,,,,,,,,,,,,,load,,0.0,2017-08-18 00:00:00,
403813,Fang Simeng,方思孟,,,,0.0,,,0.0,0.0,,,0.0,,,,0.0,,,,,,0.0,,,,0.0,,,Fang,方,Simeng,思孟,20.0,0.0,,0.0,0.0,,,,,,,,,,,,,load,,0.0,2017-08-18 00:00:00,
403814,Fang Side,方思得,,,,0.0,,,0.0,0.0,,,0.0,,,,0.0,,,,,,0.0,,,,0.0,,,Fang,方,Side,思得,19.0,0.0,,0.0,0.0,,,,,,,,,,,,,load,,0.0,2017-08-18 00:00:00,
403815,Fang En,方恩,,,,0.0,,,0.0,0.0,,,0.0,,,,0.0,,,,,,0.0,,,,0.0,,,Fang,方,En,恩,19.0,0.0,,0.0,0.0,,,,,,,,,,,,,load,,0.0,2017-08-18 00:00:00,
403816,Fang Weizao,方惟慥,,,,0.0,,,0.0,0.0,,,0.0,,,,0.0,,,,,,0.0,,,,0.0,,,Fang,方,Weizao,惟慥,18.0,0.0,,0.0,0.0,,,,,,,,,,,,,load,,0.0,2017-08-18 00:00:00,
403817,Fang Huicheng,方惠誠,,,,0.0,,,0.0,0.0,,,0.0,,,,0.0,,,,,,0.0,,,,0.0,,,Fang,方,Huicheng,惠誠,5.0,0.0,,0.0,0.0,,,,,,,,,,,,,load,,0.0,2017-08-18 00:00:00,
403818,Fang Yingti,方應俶,,,,0.0,,,0.0,0.0,,,0.0,,,,0.0,,,,,,0.0,,,,0.0,,,Fang,方,Yingti,應俶,19.0,0.0,,0.0,0.0,,,,,,,,,,,,,load,,0.0,2017-08-18 00:00:00,
403819,Fang Yingkai,方應凱,,,,0.0,,,0.0,0.0,,,0.0,,,,0.0,,,,,,0.0,,,,0.0,,,Fang,方,Yingkai,應凱,20.0,0.0,,0.0,0.0,,,,,,,,,,,,,load,,0.0,2017-08-18 00:00:00,
403820,Fang Yingming,方應名,,,,0.0,,,0.0,0.0,,,0.0,,,,0.0,,,,,,0.0,,,,0.0,,,Fang,方,Yingming,應名,19.0,0.0,,0.0,0.0,,,,,,,,,,,,,load,,0.0,2017-08-18 00:00:00,
403821,Fang Yingyuan,方應垣,,,,0.0,,,0.0,0.0,,,0.0,,,,0.0,,,,,,0.0,,,,0.0,,,Fang,方,Yingyuan,應垣,20.0,0.0,,0.0,0.0,,,,,,,,,,,,,load,,0.0,2017-08-18 00:00:00,
403822,Fang Yingshang,方應尚,,,,0.0,,,0.0,0.0,,,0.0,,,,0.0,,,,,,0.0,,,,0.0,,,Fang,方,Yingshang,應尚,20.0,0.0,,0.0,0.0,,,,,,,,,,,,,load,,0.0,2017-08-18 00:00:00,
403823,Fang Yingqi,方應旗,,,,0.0,,,0.0,0.0,,,0.0,,,,0.0,,,,,,0.0,,,,0.0,,,Fang,方,Yingqi,應旗,15.0,0.0,,0.0,0.0,,,,,,,,,,,,,load,,0.0,2017-08-18 00:00:00,
403824,Fang Yingshi,方應時,,,,0.0,,,0.0,0.0,,,0.0,,,,0.0,,,,,,0.0,,,,0.0,,,Fang,方,Yingshi,應時,19.0,0.0,,0.0,0.0,,,,,,,,,,,,,load,,0.0,2017-08-18 00:00:00,
403825,Fang Yinghuai,方應槐,,,,0.0,,,0.0,0.0,,,0.0,,,,0.0,,,,,,0.0,,,,0.0,,,Fang,方,Yinghuai,應槐,19.0,0.0,,0.0,0.0,,,,,,,,,,,,,load,,0.0,2017-08-18 00:00:00,
403826,Fang Yingtai,方應泰,,,,0.0,,,0.0,0.0,,,0.0,,,,0.0,,,,,,0.0,,,,0.0,,,Fang,方,Yingtai,應泰,20.0,0.0,,0.0,0.0,,,,,,,,,,,,,load,,0.0,2017-08-18 00:00:00,
403827,Fang Yingzhang,方應璋,,,,0.0,,,0.0,0.0,,,0.0,,,,0.0,,,,,,0.0,,,,0.0,,,Fang,方,Yingzhang,應璋,20.0,0.0,,0.0,0.0,,,,,,,,,,,,,load,,0.0,2017-08-18 00:00:00,
403828,Fang Yingbi,方應璧,,,,0.0,,,0.0,0.0,,,0.0,,,,0.0,,,,,,0.0,,,,0.0,,,Fang,方,Yingbi,應璧,20.0,0.0,,0.0,0.0,,,,,,,,,,,,,load,,0.0,2017-08-18 00:00:00,
403829,Fang Yinggui,方應規,,,,0.0,,,0.0,0.0,,,0.0,,,,0.0,,,,,,0.0,,,,0.0,,,Fang,方,Yinggui,應規,19.0,0.0,,0.0,0.0,,,,,,,,,,,,,load,,0.0,2017-08-18 00:00:00,
403830,Fang Yingkui,方應逵,,,,0.0,,,0.0,0.0,,,0.0,,,,0.0,,,,,,0.0,,,,0.0,,,Fang,方,Yingkui,應逵,20.0,0.0,,0.0,0.0,,,,,,,,,,,,,load,,0.0,2017-08-18 00:00:00,
403831,Fang Maoxian,方懋賢,,,,0.0,,,0.0,0.0,,,0.0,,,,0.0,,,,,,0.0,,,,0.0,,,Fang,方,Maoxian,懋賢,19.0,0.0,,0.0,0.0,,,,,,,,,,,,,load,,0.0,2017-08-18 00:00:00,
403832,Fang Chengde,方成德,,,,0.0,,,0.0,0.0,,,0.0,,,,0.0,,,,,,0.0,,,,0.0,,,Fang,方,Chengde,成德,20.0,0.0,,0.0,0.0,,,,,,,,,,,,,load,,0.0,2017-08-18 00:00:00,
403833,Fang Zhengang,方振綱,,,,0.0,,,0.0,0.0,,,0.0,,,,0.0,,,,,,0.0,,,,0.0,,,Fang,方,Zhengang,振綱,20.0,0.0,,0.0,0.0,,,,,,,,,,,,,load,,0.0,2017-08-18 00:00:00,
403834,Fang Jie,方捷,,,,0.0,,,0.0,0.0,,,0.0,,,,0.0,,,,,,0.0,,,,0.0,,,Fang,方,Jie,捷,20.0,0.0,,0.0,0.0,,,,,,,,,,,,,load,,0.0,2017-08-18 00:00:00,
403835,Fang Minxing,方敏行,,,,0.0,,,0.0,0.0,,,0.0,,,,0.0,,,,,,0.0,,,,0.0,,,Fang,方,Minxing,敏行,20.0,0.0,,0.0,0.0,,,,,,,,,,,,,load,,0.0,2017-08-18 00:00:00,
403836,Fang Wenjun,方文俊,,,,0.0,,,0.0,0.0,,,0.0,,,,0.0,,,,,,0.0,,,,0.0,,,Fang,方,Wenjun,文俊,19.0,0.0,,0.0,0.0,,,,,,,,,,,,,load,,0.0,2017-08-18 00:00:00,
403837,Fang Wenzheng,方文正,,,,0.0,,,0.0,0.0,,,0.0,,,,0.0,,,,,,0.0,,,,0.0,,,Fang,方,Wenzheng,文正,19.0,0.0,,0.0,0.0,,,,,,,,,,,,,load,,0.0,2017-08-18 00:00:00,
403838,Fang Wenying,方文英,,,,0.0,,,0.0,0.0,,,0.0,,,,0.0,,,,,,0.0,,,,0.0,,,Fang,方,Wenying,文英,20.0,0.0,,0.0,0.0,,,,,,,,,,,,,load,,0.0,2017-08-18 00:00:00,
403839,Fang Wenhui,方文輝,,,,0.0,,,0.0,0.0,,,0.0,,,,0.0,,,,,,0.0,,,,0.0,,,Fang,方,Wenhui,文輝,19.0,0.0,,0.0,0.0,,,,,,,,,,,,,load,,0.0,2017-08-18 00:00:00,
403840,Fang Xinyun,方新運,,,,0.0,,,0.0,0.0,,,0.0,,,,0.0,,,,,,0.0,,,,0.0,,,Fang,方,Xinyun,新運,20.0,0.0,,0.0,0.0,,,,,,,,,,,,,load,,0.0,2017-08-18 00:00:00,
403841,Fang Yuguang,方於光,,,,0.0,,,0.0,0.0,,,0.0,,,,0.0,,,,,,0.0,,,,0.0,,,Fang,方,Yuguang,於光,19.0,0.0,,0.0,0.0,,,,,,,,,,,,,load,,0.0,2017-08-18 00:00:00,
403842,Fang Chan,方旵,,,,0.0,,,0.0,0.0,,,0.0,,,,0.0,,,,,,0.0,,,,0.0,,,Fang,方,Chan,旵,19.0,0.0,,0.0,0.0,,,,,,,,,,,,,load,,0.0,2017-08-18 00:00:00,
403843,Fang Changji,方昌績,,,,0.0,,,0.0,0.0,,,0.0,,,,0.0,,,,,,0.0,,,,0.0,,,Fang,方,Changji,昌績,20.0,0.0,,0.0,0.0,,,,,,,,,,,,,load,,0.0,2017-08-18 00:00:00,
403844,Fang Mingji,方明暨,,,,0.0,,,0.0,0.0,,,0.0,,,,0.0,,,,,,0.0,,,,0.0,,,Fang,方,Mingji,明暨,19.0,0.0,,0.0,0.0,,,,,,,,,,,,,load,,0.0,2017-08-18 00:00:00,
403845,Fang Shi,方是,,,,0.0,,,0.0,0.0,,,0.0,,,,0.0,,,,,,0.0,,,,0.0,,,Fang,方,Shi,是,19.0,0.0,,0.0,0.0,,,,,,,,,,,,,load,,0.0,2017-08-18 00:00:00,
403846,Fang Shizheng,方時正,,,,0.0,,,0.0,0.0,,,0.0,,,,0.0,,,,,,0.0,,,,0.0,,,Fang,方,Shizheng,時正,19.0,0.0,,0.0,0.0,,,,,,,,,,,,,load,,0.0,2017-08-18 00:00:00,
403847,Fang Shu,方曙,,,,0.0,,,0.0,0.0,,,0.0,,,,0.0,,,,,,0.0,,,,0.0,,,Fang,方,Shu,曙,19.0,0.0,,0.0,0.0,,,,,,,,,,,,,load,,0.0,2017-08-18 00:00:00,
403848,Fang Yueding,方曰定,,,,0.0,,,0.0,0.0,,,0.0,,,,0.0,,,,,,0.0,,,,0.0,,,Fang,方,Yueding,曰定,20.0,0.0,,0.0,0.0,,,,,,,,,,,,,load,,0.0,2017-08-18 00:00:00,
403849,Fang Yuelian,方曰璉,,,,0.0,,,0.0,0.0,,,0.0,,,,0.0,,,,,,0.0,,,,0.0,,,Fang,方,Yuelian,曰璉,20.0,0.0,,0.0,0.0,,,,,,,,,,,,,load,,0.0,2017-08-18 00:00:00,
403850,Fang Ceng,方曾,,,,0.0,,,0.0,0.0,,,0.0,,,,0.0,,,,,,0.0,,,,0.0,,,Fang,方,Ceng,曾,15.0,0.0,,0.0,0.0,,,,,,,,,,,,,load,,0.0,2017-08-18 00:00:00,
403851,Fang Youshou,方有守,,,,0.0,,,0.0,0.0,,,0.0,,,,0.0,,,,,,0.0,,,,0.0,,,Fang,方,Youshou,有守,19.0,0.0,,0.0,0.0,,,,,,,,,,,,,load,,0.0,2017-08-18 00:00:00,
403852,Fang Youxiang,方有相,,,,0.0,,,0.0,0.0,,,0.0,,,,0.0,,,,,,0.0,,,,0.0,,,Fang,方,Youxiang,有相,20.0,0.0,,0.0,0.0,,,,,,,,,,,,,load,,0.0,2017-08-18 00:00:00,
403853,Fang Youlu,方有祿,,,,0.0,,,0.0,0.0,,,0.0,,,,0.0,,,,,,0.0,,,,0.0,,,Fang,方,Youlu,有祿,20.0,0.0,,0.0,0.0,,,,,,,,,,,,,load,,0.0,2017-08-18 00:00:00,
403854,Fang Youlu,方有禄,,,,0.0,,,0.0,0.0,,,0.0,,,,0.0,,,,,,0.0,,,,0.0,,,Fang,方,Youlu,有禄,20.0,0.0,,0.0,0.0,,,,,,,,,,,,,load,,0.0,2017-08-18 00:00:00,
403855,Fang Chaoyuan,方朝元,,,,0.0,,,0.0,0.0,,,0.0,,,,0.0,,,,,,0.0,,,,0.0,,,Fang,方,Chaoyuan,朝元,19.0,0.0,,0.0,0.0,,,,,,,,,,,,,load,,0.0,2017-08-18 00:00:00,
403856,Fang Donghua,方東化,,,,0.0,,,0.0,0.0,,,0.0,,,,0.0,,,,,,0.0,,,,0.0,,,Fang,方,Donghua,東化,19.0,0.0,,0.0,0.0,,,,,,,,,,,,,load,,0.0,2017-08-18 00:00:00,
403857,Fang Dongqi,方東起,,,,0.0,,,0.0,0.0,,,0.0,,,,0.0,,,,,,0.0,,,,0.0,,,Fang,方,Dongqi,東起,15.0,0.0,,0.0,0.0,,,,,,,,,,,,,load,,0.0,2017-08-18 00:00:00,
403858,Fang Bai,方柏,,,,0.0,,,0.0,0.0,,,0.0,,,,0.0,,,,,,0.0,,,,0.0,,,Fang,方,Bai,柏,19.0,0.0,,0.0,0.0,,,,,,,,,,,,,load,,0.0,2017-08-18 00:00:00,
403859,Fang Ran,方柟,,,,0.0,,,0.0,0.0,,,0.0,,,,0.0,,,,,,0.0,,,,0.0,,,Fang,方,Ran,柟,19.0,0.0,,0.0,0.0,,,,,,,,,,,,,load,,0.0,2017-08-18 00:00:00,
403860,Fang Bai,方栢,,,,0.0,,,0.0,0.0,,,0.0,,,,0.0,,,,,,0.0,,,,0.0,,,Fang,方,Bai,栢,19.0,0.0,,0.0,0.0,,,,,,,,,,,,,load,,0.0,2017-08-18 00:00:00,
403861,Fang Gen,方根,,,,0.0,,,0.0,0.0,,,0.0,,,,0.0,,,,,,0.0,,,,0.0,,,Fang,方,Gen,根,19.0,0.0,,0.0,0.0,,,,,,,,,,,,,load,,0.0,2017-08-18 00:00:00,
403862,Fang Guiqi,方桂奇,,,,0.0,,,0.0,0.0,,,0.0,,,,0.0,,,,,,0.0,,,,0.0,,,Fang,方,Guiqi,桂奇,18.0,0.0,,0.0,0.0,,,,,,,,,,,,,load,,0.0,2017-08-18 00:00:00,
403863,Fang Guiqi,方桂竒,,,,0.0,,,0.0,0.0,,,0.0,,,,0.0,,,,,,0.0,,,,0.0,,,Fang,方,Guiqi,桂竒,18.0,0.0,,0.0,0.0,,,,,,,,,,,,,load,,0.0,2017-08-18 00:00:00,
403864,Fang Guifang,方桂芳,,,,0.0,,,0.0,0.0,,,0.0,,,,0.0,,,,,,0.0,,,,0.0,,,Fang,方,Guifang,桂芳,20.0,0.0,,0.0,0.0,,,,,,,,,,,,,load,,0.0,2017-08-18 00:00:00,
403865,Fang Liang,方梁,,,,0.0,,,0.0,0.0,,,0.0,,,,0.0,,,,,,0.0,,,,0.0,,,Fang,方,Liang,梁,19.0,0.0,,0.0,0.0,,,,,,,,,,,,,load,,0.0,2017-08-18 00:00:00,
403866,Fang Gang,方棡,,,,0.0,,,0.0,0.0,,,0.0,,,,0.0,,,,,,0.0,,,,0.0,,,Fang,方,Gang,棡,19.0,0.0,,0.0,0.0,,,,,,,,,,,,,load,,0.0,2017-08-18 00:00:00,
403867,Fang Jian,方椷,,,,0.0,,,0.0,0.0,,,0.0,,,,0.0,,,,,,0.0,,,,0.0,,,Fang,方,Jian,椷,20.0,0.0,,0.0,0.0,,,,,,,,,,,,,load,,0.0,2017-08-18 00:00:00,
403868,Fang Gu,方榖,,,,0.0,,,0.0,0.0,,,0.0,,,,0.0,,,,,,0.0,,,,0.0,,,Fang,方,Gu,榖,15.0,0.0,,0.0,0.0,,,,,,,,,,,,,load,,0.0,2017-08-18 00:00:00,
403869,Fang Rongceng,方榮曾,,,,0.0,,,0.0,0.0,,,0.0,,,,0.0,,,,,,0.0,,,,0.0,,,Fang,方,Rongceng,榮曾,20.0,0.0,,0.0,0.0,,,,,,,,,,,,,load,,0.0,2017-08-18 00:00:00,
403870,Fang Heng,方横,,,,0.0,,,0.0,0.0,,,0.0,,,,0.0,,,,,,0.0,,,,0.0,,,Fang,方,Heng,横,15.0,0.0,,0.0,0.0,,,,,,,,,,,,,load,,0.0,2017-08-18 00:00:00,
403871,Fang Shucheng,方樹程,,,,0.0,,,0.0,0.0,,,0.0,,,,0.0,,,,,,0.0,,,,0.0,,,Fang,方,Shucheng,樹程,20.0,0.0,,0.0,0.0,,,,,,,,,,,,,load,,0.0,2017-08-18 00:00:00,
403872,Fang Qin,方欽,,,,0.0,,,0.0,0.0,,,0.0,,,,0.0,,,,,,0.0,,,,0.0,,,Fang,方,Qin,欽,19.0,0.0,,0.0,0.0,,,,,,,,,,,,,load,,0.0,2017-08-18 00:00:00,
403873,Fang Zhengzong,方正宗,,,,0.0,,,0.0,0.0,,,0.0,,,,0.0,,,,,,0.0,,,,0.0,,,Fang,方,Zhengzong,正宗,20.0,0.0,,0.0,0.0,,,,,,,,,,,,,load,,0.0,2017-08-18 00:00:00,
403874,Fang Dianyang,方殿揚,,,,0.0,,,0.0,0.0,,,0.0,,,,0.0,,,,,,0.0,,,,0.0,,,Fang,方,Dianyang,殿揚,20.0,0.0,,0.0,0.0,,,,,,,,,,,,,load,,0.0,2017-08-18 00:00:00,
403875,Fang Yongning,方永寧,,,,0.0,,,0.0,0.0,,,0.0,,,,0.0,,,,,,0.0,,,,0.0,,,Fang,方,Yongning,永寧,19.0,0.0,,0.0,0.0,,,,,,,,,,,,,load,,0.0,2017-08-18 00:00:00,
403876,Fang Yongtai,方永泰,,,,0.0,,,0.0,0.0,,,0.0,,,,0.0,,,,,,0.0,,,,0.0,,,Fang,方,Yongtai,永泰,20.0,0.0,,0.0,0.0,,,,,,,,,,,,,load,,0.0,2017-08-18 00:00:00,
403877,Fang Ruyi,方汝翊,,,,0.0,,,0.0,0.0,,,0.0,,,,0.0,,,,,,0.0,,,,0.0,,,Fang,方,Ruyi,汝翊,20.0,0.0,,0.0,0.0,,,,,,,,,,,,,load,,0.0,2017-08-18 00:00:00,
403878,Fang Bian,方汴,,,,0.0,,,0.0,0.0,,,0.0,,,,0.0,,,,,,0.0,,,,0.0,,,Fang,方,Bian,汴,19.0,0.0,,0.0,0.0,,,,,,,,,,,,,load,,0.0,2017-08-18 00:00:00,
403879,Fang Wu,方浯,,,,0.0,,,0.0,0.0,,,0.0,,,,0.0,,,,,,0.0,,,,0.0,,,Fang,方,Wu,浯,19.0,0.0,,0.0,0.0,,,,,,,,,,,,,load,,0.0,2017-08-18 00:00:00,
403880,Fang Qingyuan,方清源,,,,0.0,,,0.0,0.0,,,0.0,,,,0.0,,,,,,0.0,,,,0.0,,,Fang,方,Qingyuan,清源,20.0,0.0,,0.0,0.0,,,,,,,,,,,,,load,,0.0,2017-08-18 00:00:00,
403881,Fang Zhun,方準,,,,0.0,,,0.0,0.0,,,0.0,,,,0.0,,,,,,0.0,,,,0.0,,,Fang,方,Zhun,準,19.0,0.0,,0.0,0.0,,,,,,,,,,,,,load,,0.0,2017-08-18 00:00:00,
403882,Fang Pusheng,方溥生,,,,0.0,,,0.0,0.0,,,0.0,,,,0.0,,,,,,0.0,,,,0.0,,,Fang,方,Pusheng,溥生,19.0,0.0,,0.0,0.0,,,,,,,,,,,,,load,,0.0,2017-08-18 00:00:00,
403883,Fang Gun,方滚,,,,0.0,,,0.0,0.0,,,0.0,,,,0.0,,,,,,0.0,,,,0.0,,,Fang,方,Gun,滚,19.0,0.0,,0.0,0.0,,,,,,,,,,,,,load,,0.0,2017-08-18 00:00:00,
403884,Fang Han,方漢,,,,0.0,,,0.0,0.0,,,0.0,,,,0.0,,,,,,0.0,,,,0.0,,,Fang,方,Han,漢,19.0,0.0,,0.0,0.0,,,,,,,,,,,,,load,,0.0,2017-08-18 00:00:00,
403885,Fang Chao,方潮,,,,0.0,,,0.0,0.0,,,0.0,,,,0.0,,,,,,0.0,,,,0.0,,,Fang,方,Chao,潮,19.0,0.0,,0.0,0.0,,,,,,,,,,,,,load,,0.0,2017-08-18 00:00:00,
403886,Fang Cheng,方澄,,,,0.0,,,0.0,0.0,,,0.0,,,,0.0,,,,,,0.0,,,,0.0,,,Fang,方,Cheng,澄,15.0,0.0,,0.0,0.0,,,,,,,,,,,,,load,,0.0,2017-08-18 00:00:00,
403887,Fang Chengche,方澄徹,,,,0.0,,,0.0,0.0,,,0.0,,,,0.0,,,,,,0.0,,,,0.0,,,Fang,方,Chengche,澄徹,19.0,0.0,,0.0,0.0,,,,,,,,,,,,,load,,0.0,2017-08-18 00:00:00,
403888,Fang Lian,方濂,,,,0.0,,,0.0,0.0,,,0.0,,,,0.0,,,,,,0.0,,,,0.0,,,Fang,方,Lian,濂,19.0,0.0,,0.0,0.0,,,,,,,,,,,,,load,,0.0,2017-08-18 00:00:00,
403889,Fang Lian,方濓,,,,0.0,,,0.0,0.0,,,0.0,,,,0.0,,,,,,0.0,,,,0.0,,,Fang,方,Lian,濓,20.0,0.0,,0.0,0.0,,,,,,,,,,,,,load,,0.0,2017-08-18 00:00:00,
403890,Fang Zhuo,方灼,,,,0.0,,,0.0,0.0,,,0.0,,,,0.0,,,,,,0.0,,,,0.0,,,Fang,方,Zhuo,灼,15.0,0.0,,0.0,0.0,,,,,,,,,,,,,load,,0.0,2017-08-18 00:00:00,
403891,Fang Chao,方焯,,,,0.0,,,0.0,0.0,,,0.0,,,,0.0,,,,,,0.0,,,,0.0,,,Fang,方,Chao,焯,20.0,0.0,,0.0,0.0,,,,,,,,,,,,,load,,0.0,2017-08-18 00:00:00,
403892,Fang Xishu,方熙叔,,,,0.0,,,0.0,0.0,,,0.0,,,,0.0,,,,,,0.0,,,,0.0,,,Fang,方,Xishu,熙叔,25.0,0.0,,0.0,0.0,,,,,,,,,,,,,load,,0.0,2017-08-18 00:00:00,
403893,Fang Xizhong,方熙忠,,,,0.0,,,0.0,0.0,,,0.0,,,,0.0,,,,,,0.0,,,,0.0,,,Fang,方,Xizhong,熙忠,20.0,0.0,,0.0,0.0,,,,,,,,,,,,,load,,0.0,2017-08-18 00:00:00,
403894,Fang Sui,方燧,,,,0.0,,,0.0,0.0,,,0.0,,,,0.0,,,,,,0.0,,,,0.0,,,Fang,方,Sui,燧,19.0,0.0,,0.0,0.0,,,,,,,,,,,,,load,,0.0,2017-08-18 00:00:00,
403895,Fang Shen,方珅,,,,0.0,,,0.0,0.0,,,0.0,,,,0.0,,,,,,0.0,,,,0.0,,,Fang,方,Shen,珅,21.0,0.0,,0.0,0.0,,,,,,,,,,,,,load,,0.0,2017-08-18 00:00:00,
403896,Fang Xun,方珣,,,,0.0,,,0.0,0.0,,,0.0,,,,0.0,,,,,,0.0,,,,0.0,,,Fang,方,Xun,珣,19.0,0.0,,0.0,0.0,,,,,,,,,,,,,load,,0.0,2017-08-18 00:00:00,
403897,Fang Bao,方珤,,,,0.0,,,0.0,0.0,,,0.0,,,,0.0,,,,,,0.0,,,,0.0,,,Fang,方,Bao,珤,19.0,0.0,,0.0,0.0,,,,,,,,,,,,,load,,0.0,2017-08-18 00:00:00,
403898,Fang Wei,方瑋,,,,0.0,,,0.0,0.0,,,0.0,,,,0.0,,,,,,0.0,,,,0.0,,,Fang,方,Wei,瑋,15.0,0.0,,0.0,0.0,,,,,,,,,,,,,load,,0.0,2017-08-18 00:00:00,
403899,Fang Cong,方瑽,,,,0.0,,,0.0,0.0,,,0.0,,,,0.0,,,,,,0.0,,,,0.0,,,Fang,方,Cong,瑽,20.0,0.0,,0.0,0.0,,,,,,,,,,,,,load,,0.0,2017-08-18 00:00:00,
403900,Fang Yu,方璵,,,,0.0,,,0.0,0.0,,,0.0,,,,0.0,,,,,,0.0,,,,0.0,,,Fang,方,Yu,璵,19.0,0.0,,0.0,0.0,,,,,,,,,,,,,load,,0.0,2017-08-18 00:00:00,
403901,Fang Yongbin,方用賓,,,,0.0,,,0.0,0.0,,,0.0,,,,0.0,,,,,,0.0,,,,0.0,,,Fang,方,Yongbin,用賓,19.0,0.0,,0.0,0.0,,,,,,,,,,,,,load,,0.0,2017-08-18 00:00:00,
403902,Fang Lve,方畧,,,,0.0,,,0.0,0.0,,,0.0,,,,0.0,,,,,,0.0,,,,0.0,,,Fang,方,Lve,畧,15.0,0.0,,0.0,0.0,,,,,,,,,,,,,load,,0.0,2017-08-18 00:00:00,
403903,Fang Deng,方登,,,,0.0,,,0.0,0.0,,,0.0,,,,0.0,,,,,,0.0,,,,0.0,,,Fang,方,Deng,登,19.0,0.0,,0.0,0.0,,,,,,,,,,,,,load,,0.0,2017-08-18 00:00:00,
403904,Fang Zhiru,方直儒,,,,0.0,,,0.0,0.0,,,0.0,,,,0.0,,,,,,0.0,,,,0.0,,,Fang,方,Zhiru,直儒,15.0,0.0,,0.0,0.0,,,,,,,,,,,,,load,,0.0,2017-08-18 00:00:00,
403905,Fang Xiangchen,方相辰,,,,0.0,,,0.0,0.0,,,0.0,,,,0.0,,,,,,0.0,,,,0.0,,,Fang,方,Xiangchen,相辰,20.0,0.0,,0.0,0.0,,,,,,,,,,,,,load,,0.0,2017-08-18 00:00:00,
403906,Fang Qi,方祈,,,,0.0,,,0.0,0.0,,,0.0,,,,0.0,,,,,,0.0,,,,0.0,,,Fang,方,Qi,祈,15.0,0.0,,0.0,0.0,,,,,,,,,,,,,load,,0.0,2017-08-18 00:00:00,
403907,Fang Zuyan,方祖彥,,,,0.0,,,0.0,0.0,,,0.0,,,,0.0,,,,,,0.0,,,,0.0,,,Fang,方,Zuyan,祖彥,20.0,0.0,,0.0,0.0,,,,,,,,,,,,,load,,0.0,2017-08-18 00:00:00,
403908,Fang Zuyu,方祖玉,,,,0.0,,,0.0,0.0,,,0.0,,,,0.0,,,,,,0.0,,,,0.0,,,Fang,方,Zuyu,祖玉,20.0,0.0,,0.0,0.0,,,,,,,,,,,,,load,,0.0,2017-08-18 00:00:00,
403909,Fang Zuochang,方祚昌,,,,0.0,,,0.0,0.0,,,0.0,,,,0.0,,,,,,0.0,,,,0.0,,,Fang,方,Zuochang,祚昌,20.0,0.0,,0.0,0.0,,,,,,,,,,,,,load,,0.0,2017-08-18 00:00:00,
403910,Fang Li,方禮,,,,0.0,,,0.0,0.0,,,0.0,,,,0.0,,,,,,0.0,,,,0.0,,,Fang,方,Li,禮,19.0,0.0,,0.0,0.0,,,,,,,,,,,,,load,,0.0,2017-08-18 00:00:00,
403911,Fang Xiuren,方秀仁,,,,0.0,,,0.0,0.0,,,0.0,,,,0.0,,,,,,0.0,,,,0.0,,,Fang,方,Xiuren,秀仁,18.0,0.0,,0.0,0.0,,,,,,,,,,,,,load,,0.0,2017-08-18 00:00:00,
403912,Fang Liben,方立本,,,,0.0,,,0.0,0.0,,,0.0,,,,0.0,,,,,,0.0,,,,0.0,,,Fang,方,Liben,立本,19.0,0.0,,0.0,0.0,,,,,,,,,,,,,load,,0.0,2017-08-18 00:00:00,
403913,Fang Ji,方紀,,,,0.0,,,0.0,0.0,,,0.0,,,,0.0,,,,,,0.0,,,,0.0,,,Fang,方,Ji,紀,19.0,0.0,,0.0,0.0,,,,,,,,,,,,,load,,0.0,2017-08-18 00:00:00,
403914,Fang Chun,方純,,,,0.0,,,0.0,0.0,,,0.0,,,,0.0,,,,,,0.0,,,,0.0,,,Fang,方,Chun,純,19.0,0.0,,0.0,0.0,,,,,,,,,,,,,load,,0.0,2017-08-18 00:00:00,
403915,Fang Chunyou,方純脩,,,,0.0,,,0.0,0.0,,,0.0,,,,0.0,,,,,,0.0,,,,0.0,,,Fang,方,Chunyou,純脩,20.0,0.0,,0.0,0.0,,,,,,,,,,,,,load,,0.0,2017-08-18 00:00:00,
403916,Fang Shaoyao,方紹堯,,,,0.0,,,0.0,0.0,,,0.0,,,,0.0,,,,,,0.0,,,,0.0,,,Fang,方,Shaoyao,紹堯,20.0,0.0,,0.0,0.0,,,,,,,,,,,,,load,,0.0,2017-08-18 00:00:00,
403917,Fang Jing,方經,,,,0.0,,,0.0,0.0,,,0.0,,,,0.0,,,,,,0.0,,,,0.0,,,Fang,方,Jing,經,19.0,0.0,,0.0,0.0,,,,,,,,,,,,,load,,0.0,2017-08-18 00:00:00,
403918,Fang Weixian,方維賢,,,,0.0,,,0.0,0.0,,,0.0,,,,0.0,,,,,,0.0,,,,0.0,,,Fang,方,Weixian,維賢,20.0,0.0,,0.0,0.0,,,,,,,,,,,,,load,,0.0,2017-08-18 00:00:00,
403919,Fang Jiqing,方繼卿,,,,0.0,,,0.0,0.0,,,0.0,,,,0.0,,,,,,0.0,,,,0.0,,,Fang,方,Jiqing,繼卿,20.0,0.0,,0.0,0.0,,,,,,,,,,,,,load,,0.0,2017-08-18 00:00:00,
403920,Fang Jiming,方繼明,,,,0.0,,,0.0,0.0,,,0.0,,,,0.0,,,,,,0.0,,,,0.0,,,Fang,方,Jiming,繼明,19.0,0.0,,0.0,0.0,,,,,,,,,,,,,load,,0.0,2017-08-18 00:00:00,
403921,Fang Qunying,方羣英,,,,0.0,,,0.0,0.0,,,0.0,,,,0.0,,,,,,0.0,,,,0.0,,,Fang,方,Qunying,羣英,20.0,0.0,,0.0,0.0,,,,,,,,,,,,,load,,0.0,2017-08-18 00:00:00,
403922,Fang Ao,方翺,,,,0.0,,,0.0,0.0,,,0.0,,,,0.0,,,,,,0.0,,,,0.0,,,Fang,方,Ao,翺,15.0,0.0,,0.0,0.0,,,,,,,,,,,,,load,,0.0,2017-08-18 00:00:00,
403923,Fang Nenghan,方能涵,,,,0.0,,,0.0,0.0,,,0.0,,,,0.0,,,,,,0.0,,,,0.0,,,Fang,方,Nenghan,能涵,20.0,0.0,,0.0,0.0,,,,,,,,,,,,,load,,0.0,2017-08-18 00:00:00,
403924,Fang Ying,方膺,,,,0.0,,,0.0,0.0,,,0.0,,,,0.0,,,,,,0.0,,,,0.0,,,Fang,方,Ying,膺,19.0,0.0,,0.0,0.0,,,,,,,,,,,,,load,,0.0,2017-08-18 00:00:00,
403925,Fang Zijiu,方自久,,,,0.0,,,0.0,0.0,,,0.0,,,,0.0,,,,,,0.0,,,,0.0,,,Fang,方,Zijiu,自久,20.0,0.0,,0.0,0.0,,,,,,,,,,,,,load,,0.0,2017-08-18 00:00:00,
403926,Fang Zhipu,方至樸,,,,0.0,,,0.0,0.0,,,0.0,,,,0.0,,,,,,0.0,,,,0.0,,,Fang,方,Zhipu,至樸,20.0,0.0,,0.0,0.0,,,,,,,,,,,,,load,,0.0,2017-08-18 00:00:00,
403927,Fang Zhenjun,方臻峻,,,,0.0,,,0.0,0.0,,,0.0,,,,0.0,,,,,,0.0,,,,0.0,,,Fang,方,Zhenjun,臻峻,20.0,0.0,,0.0,0.0,,,,,,,,,,,,,load,,0.0,2017-08-18 00:00:00,
403928,Fang Liangzuo,方良佐,,,,0.0,,,0.0,0.0,,,0.0,,,,0.0,,,,,,0.0,,,,0.0,,,Fang,方,Liangzuo,良佐,19.0,0.0,,0.0,0.0,,,,,,,,,,,,,load,,0.0,2017-08-18 00:00:00,
403929,Fang Liangyou,方良友,,,,0.0,,,0.0,0.0,,,0.0,,,,0.0,,,,,,0.0,,,,0.0,,,Fang,方,Liangyou,良友,19.0,0.0,,0.0,0.0,,,,,,,,,,,,,load,,0.0,2017-08-18 00:00:00,
403930,Fang Liangzhu,方良柱,,,,0.0,,,0.0,0.0,,,0.0,,,,0.0,,,,,,0.0,,,,0.0,,,Fang,方,Liangzhu,良柱,19.0,0.0,,0.0,0.0,,,,,,,,,,,,,load,,0.0,2017-08-18 00:00:00,
403931,Fang Zhiting,方芝庭,,,,0.0,,,0.0,0.0,,,0.0,,,,0.0,,,,,,0.0,,,,0.0,,,Fang,方,Zhiting,芝庭,20.0,0.0,,0.0,0.0,,,,,,,,,,,,,load,,0.0,2017-08-18 00:00:00,
403932,Fang Ruopu,方若樸,,,,0.0,,,0.0,0.0,,,0.0,,,,0.0,,,,,,0.0,,,,0.0,,,Fang,方,Ruopu,若樸,20.0,0.0,,0.0,0.0,,,,,,,,,,,,,load,,0.0,2017-08-18 00:00:00,
403933,Fang Rong,方荣,,,,0.0,,,0.0,0.0,,,0.0,,,,0.0,,,,,,0.0,,,,0.0,,,Fang,方,Rong,荣,19.0,0.0,,0.0,0.0,,,,,,,,,,,,,load,,0.0,2017-08-18 00:00:00,
403934,Fang Weilin,方蔚林,,,,0.0,,,0.0,0.0,,,0.0,,,,0.0,,,,,,0.0,,,,0.0,,,Fang,方,Weilin,蔚林,20.0,0.0,,0.0,0.0,,,,,,,,,,,,,load,,0.0,2017-08-18 00:00:00,
403935,Fang Lan,方蘭,,,,0.0,,,0.0,0.0,,,0.0,,,,0.0,,,,,,0.0,,,,0.0,,,Fang,方,Lan,蘭,19.0,0.0,,0.0,0.0,,,,,,,,,,,,,load,,0.0,2017-08-18 00:00:00,
403936,Fang Chugong,方處恭,,,,0.0,,,0.0,0.0,,,0.0,,,,0.0,,,,,,0.0,,,,0.0,,,Fang,方,Chugong,處恭,15.0,0.0,,0.0,0.0,,,,,,,,,,,,,load,,0.0,2017-08-18 00:00:00,
403937,Fang Guanguo,方觀國,,,,0.0,,,0.0,0.0,,,0.0,,,,0.0,,,,,,0.0,,,,0.0,,,Fang,方,Guanguo,觀國,20.0,0.0,,0.0,0.0,,,,,,,,,,,,,load,,0.0,2017-08-18 00:00:00,
403938,Fang Guanben,方觀本,,,,0.0,,,0.0,0.0,,,0.0,,,,0.0,,,,,,0.0,,,,0.0,,,Fang,方,Guanben,觀本,20.0,0.0,,0.0,0.0,,,,,,,,,,,,,load,,0.0,2017-08-18 00:00:00,
403939,Fang Guanfa,方觀法,,,,0.0,,,0.0,0.0,,,0.0,,,,0.0,,,,,,0.0,,,,0.0,,,Fang,方,Guanfa,觀法,20.0,0.0,,0.0,0.0,,,,,,,,,,,,,load,,0.0,2017-08-18 00:00:00,
403940,Fang Ne,方訥,,,,0.0,,,0.0,0.0,,,0.0,,,,0.0,,,,,,0.0,,,,0.0,,,Fang,方,Ne,訥,10.0,0.0,,0.0,0.0,,,,,,,,,,,,,load,,0.0,2017-08-18 00:00:00,
403941,Fang Zhu,方諸,,,,0.0,,,0.0,0.0,,,0.0,,,,0.0,,,,,,0.0,,,,0.0,,,Fang,方,Zhu,諸,44.0,0.0,,0.0,0.0,,,,,,,,,,,,,load,,0.0,2017-08-18 00:00:00,
403942,Fang Mo,方謨,,,,0.0,,,0.0,0.0,,,0.0,,,,0.0,,,,,,0.0,,,,0.0,,,Fang,方,Mo,謨,19.0,0.0,,0.0,0.0,,,,,,,,,,,,,load,,0.0,2017-08-18 00:00:00,
403943,Fang Jincong,方謹從,,,,0.0,,,0.0,0.0,,,0.0,,,,0.0,,,,,,0.0,,,,0.0,,,Fang,方,Jincong,謹從,15.0,0.0,,0.0,0.0,,,,,,,,,,,,,load,,0.0,2017-08-18 00:00:00,
403944,Fang Xiangqian,方象乾,,,,0.0,,,0.0,0.0,,,0.0,,,,0.0,,,,,,0.0,,,,0.0,,,Fang,方,Xiangqian,象乾,20.0,0.0,,0.0,0.0,,,,,,,,,,,,,load,,0.0,2017-08-18 00:00:00,
403945,Fang Guan,方貫,,,,0.0,,,0.0,0.0,,,0.0,,,,0.0,,,,,,0.0,,,,0.0,,,Fang,方,Guan,貫,19.0,0.0,,0.0,0.0,,,,,,,,,,,,,load,,0.0,2017-08-18 00:00:00,
403946,Fang Guizhong,方貴忠,,,,0.0,,,0.0,0.0,,,0.0,,,,0.0,,,,,,0.0,,,,0.0,,,Fang,方,Guizhong,貴忠,19.0,0.0,,0.0,0.0,,,,,,,,,,,,,load,,0.0,2017-08-18 00:00:00,
403947,Fang Xiansun,方賢孫,,,,0.0,,,0.0,0.0,,,0.0,,,,0.0,,,,,,0.0,,,,0.0,,,Fang,方,Xiansun,賢孫,18.0,0.0,,0.0,0.0,,,,,,,,,,,,,load,,0.0,2017-08-18 00:00:00,
403948,Fang Xian,方贒,,,,0.0,,,0.0,0.0,,,0.0,,,,0.0,,,,,,0.0,,,,0.0,,,Fang,方,Xian,贒,19.0,0.0,,0.0,0.0,,,,,,,,,,,,,load,,0.0,2017-08-18 00:00:00,
403949,Fang Yue,方越,,,,0.0,,,0.0,0.0,,,0.0,,,,0.0,,,,,,0.0,,,,0.0,,,Fang,方,Yue,越,20.0,0.0,,0.0,0.0,,,,,,,,,,,,,load,,0.0,2017-08-18 00:00:00,
403950,Fang Zaiyang,方載揚,,,,0.0,,,0.0,0.0,,,0.0,,,,0.0,,,,,,0.0,,,,0.0,,,Fang,方,Zaiyang,載揚,20.0,0.0,,0.0,0.0,,,,,,,,,,,,,load,,0.0,2017-08-18 00:00:00,
403951,Fang Shuzu,方述祖,,,,0.0,,,0.0,0.0,,,0.0,,,,0.0,,,,,,0.0,,,,0.0,,,Fang,方,Shuzu,述祖,15.0,0.0,,0.0,0.0,,,,,,,,,,,,,load,,0.0,2017-08-18 00:00:00,
403952,Fang Fenglong,方逢龍,1543.0,12.0,551121.0,0.0,4691.0,1.0,0.0,0.0,,,0.0,,,,0.0,,,,,,0.0,,,,0.0,,,Fang,方,Fenglong,逢龍,19.0,0.0,,0.0,0.0,,,,,,,,,,,,,load,,0.0,2017-08-18 00:00:00,
403953,Fang Lian,方連,,,,0.0,,,0.0,0.0,,,0.0,,,,0.0,,,,,,0.0,,,,0.0,,,Fang,方,Lian,連,20.0,0.0,,0.0,0.0,,,,,,,,,,,,,load,,0.0,2017-08-18 00:00:00,
403954,Fang Jinzhong,方進忠,,,,0.0,,,0.0,0.0,,,0.0,,,,0.0,,,,,,0.0,,,,0.0,,,Fang,方,Jinzhong,進忠,19.0,0.0,,0.0,0.0,,,,,,,,,,,,,load,,0.0,2017-08-18 00:00:00,
403955,Fang Yi,方逸,,,,0.0,,,0.0,0.0,,,0.0,,,,0.0,,,,,,0.0,,,,0.0,,,Fang,方,Yi,逸,15.0,0.0,,0.0,0.0,,,,,,,,,,,,,load,,0.0,2017-08-18 00:00:00,
403956,Fang Yusheng,方遇生,,,,0.0,,,0.0,0.0,,,0.0,,,,0.0,,,,,,0.0,,,,0.0,,,Fang,方,Yusheng,遇生,19.0,0.0,,0.0,0.0,,,,,,,,,,,,,load,,0.0,2017-08-18 00:00:00,
403957,Fang Yungu,方運古,,,,0.0,,,0.0,0.0,,,0.0,,,,0.0,,,,,,0.0,,,,0.0,,,Fang,方,Yungu,運古,20.0,0.0,,0.0,0.0,,,,,,,,,,,,,load,,0.0,2017-08-18 00:00:00,
403958,Fang Yunchang,方運昌,,,,0.0,,,0.0,0.0,,,0.0,,,,0.0,,,,,,0.0,,,,0.0,,,Fang,方,Yunchang,運昌,20.0,0.0,,0.0,0.0,,,,,,,,,,,,,load,,0.0,2017-08-18 00:00:00,
403959,Fang Daoheng,方道衡,,,,0.0,,,0.0,0.0,,,0.0,,,,0.0,,,,,,0.0,,,,0.0,,,Fang,方,Daoheng,道衡,19.0,0.0,,0.0,0.0,,,,,,,,,,,,,load,,0.0,2017-08-18 00:00:00,
403960,Fang Daosheng,方道陞,,,,0.0,,,0.0,0.0,,,0.0,,,,0.0,,,,,,0.0,,,,0.0,,,Fang,方,Daosheng,道陞,19.0,0.0,,0.0,0.0,,,,,,,,,,,,,load,,0.0,2017-08-18 00:00:00,
403961,Fang Dake,方達可,,,,0.0,,,0.0,0.0,,,0.0,,,,0.0,,,,,,0.0,,,,0.0,,,Fang,方,Dake,達可,15.0,0.0,,0.0,0.0,,,,,,,,,,,,,load,,0.0,2017-08-18 00:00:00,
403962,Fang Yuanyi,方遠冝,,,,0.0,,,0.0,0.0,,,0.0,,,,0.0,,,,,,0.0,,,,0.0,,,Fang,方,Yuanyi,遠冝,19.0,0.0,,0.0,0.0,,,,,,,,,,,,,load,,0.0,2017-08-18 00:00:00,
403963,Fang Diaozhi,方釣之,,,,0.0,,,0.0,0.0,,,0.0,,,,0.0,,,,,,0.0,,,,0.0,,,Fang,方,Diaozhi,釣之,15.0,0.0,,0.0,0.0,,,,,,,,,,,,,load,,0.0,2017-08-18 00:00:00,
403964,Fang Yu,方鈺,,,,0.0,,,0.0,0.0,,,0.0,,,,0.0,,,,,,0.0,,,,0.0,,,Fang,方,Yu,鈺,20.0,0.0,,0.0,0.0,,,,,,,,,,,,,load,,0.0,2017-08-18 00:00:00,
403965,Fang Hong,方鋐,,,,0.0,,,0.0,0.0,,,0.0,,,,0.0,,,,,,0.0,,,,0.0,,,Fang,方,Hong,鋐,19.0,0.0,,0.0,0.0,,,,,,,,,,,,,load,,0.0,2017-08-18 00:00:00,
403966,Fang Jin,方錦,,,,0.0,,,0.0,0.0,,,0.0,,,,0.0,,,,,,0.0,,,,0.0,,,Fang,方,Jin,錦,19.0,0.0,,0.0,0.0,,,,,,,,,,,,,load,,0.0,2017-08-18 00:00:00,
403967,Fang Xi,方錫,,,,0.0,,,0.0,0.0,,,0.0,,,,0.0,,,,,,0.0,,,,0.0,,,Fang,方,Xi,錫,19.0,0.0,,0.0,0.0,,,,,,,,,,,,,load,,0.0,2017-08-18 00:00:00,
403968,Fang Xien,方錫恩,,,,0.0,,,0.0,0.0,,,0.0,,,,0.0,,,,,,0.0,,,,0.0,,,Fang,方,Xien,錫恩,20.0,0.0,,0.0,0.0,,,,,,,,,,,,,load,,0.0,2017-08-18 00:00:00,
403969,Fang Liu,方鎦,,,,0.0,,,0.0,0.0,,,0.0,,,,0.0,,,,,,0.0,,,,0.0,,,Fang,方,Liu,鎦,19.0,0.0,,0.0,0.0,,,,,,,,,,,,,load,,0.0,2017-08-18 00:00:00,
403970,Fang Zhen,方鎭,,,,0.0,,,0.0,0.0,,,0.0,,,,0.0,,,,,,0.0,,,,0.0,,,Fang,方,Zhen,鎭,20.0,0.0,,0.0,0.0,,,,,,,,,,,,,load,,0.0,2017-08-18 00:00:00,
403971,Fang Lin,方鏻,,,,0.0,,,0.0,0.0,,,0.0,,,,0.0,,,,,,0.0,,,,0.0,,,Fang,方,Lin,鏻,19.0,0.0,,0.0,0.0,,,,,,,,,,,,,load,,0.0,2017-08-18 00:00:00,
403972,Fang Kuang,方鑛,,,,0.0,,,0.0,0.0,,,0.0,,,,0.0,,,,,,0.0,,,,0.0,,,Fang,方,Kuang,鑛,19.0,0.0,,0.0,0.0,,,,,,,,,,,,,load,,0.0,2017-08-18 00:00:00,
403973,Fang Kaizhi,方開之,,,,0.0,,,0.0,0.0,,,0.0,,,,0.0,,,,,,0.0,,,,0.0,,,Fang,方,Kaizhi,開之,15.0,0.0,,0.0,0.0,,,,,,,,,,,,,load,,0.0,2017-08-18 00:00:00,
403974,Fang Kaiduo,方開鐸,,,,0.0,,,0.0,0.0,,,0.0,,,,0.0,,,,,,0.0,,,,0.0,,,Fang,方,Kaiduo,開鐸,20.0,0.0,,0.0,0.0,,,,,,,,,,,,,load,,0.0,2017-08-18 00:00:00,
403975,Fang Qian,方阡,,,,0.0,,,0.0,0.0,,,0.0,,,,0.0,,,,,,0.0,,,,0.0,,,Fang,方,Qian,阡,19.0,0.0,,0.0,0.0,,,,,,,,,,,,,load,,0.0,2017-08-18 00:00:00,
403976,Fang Longzhi,方隆治,,,,0.0,,,0.0,0.0,,,0.0,,,,0.0,,,,,,0.0,,,,0.0,,,Fang,方,Longzhi,隆治,20.0,0.0,,0.0,0.0,,,,,,,,,,,,,load,,0.0,2017-08-18 00:00:00,
403977,Fang Yunting,方雲停,,,,0.0,,,0.0,0.0,,,0.0,,,,0.0,,,,,,0.0,,,,0.0,,,Fang,方,Yunting,雲停,20.0,0.0,,0.0,0.0,,,,,,,,,,,,,load,,0.0,2017-08-18 00:00:00,
403978,Fang Zhenwei,方震煒,,,,0.0,,,0.0,0.0,,,0.0,,,,0.0,,,,,,0.0,,,,0.0,,,Fang,方,Zhenwei,震煒,20.0,0.0,,0.0,0.0,,,,,,,,,,,,,load,,0.0,2017-08-18 00:00:00,
403979,Fang Lin,方霖,,,,0.0,,,0.0,0.0,,,0.0,,,,0.0,,,,,,0.0,,,,0.0,,,Fang,方,Lin,霖,15.0,0.0,,0.0,0.0,,,,,,,,,,,,,load,,0.0,2017-08-18 00:00:00,
403980,Fang Gou,方韝,1091.0,5.0,,0.0,,,0.0,0.0,,,0.0,,,,0.0,,,,,,0.0,,,,0.0,,,Fang,方,Gou,韝,15.0,0.0,,0.0,0.0,,,,,,,,,,,,,load,,0.0,2017-08-18 00:00:00,
403981,Fang Ying,方頴,,,,0.0,,,0.0,0.0,,,0.0,,,,0.0,,,,,,0.0,,,,0.0,,,Fang,方,Ying,頴,15.0,0.0,,0.0,0.0,,,,,,,,,,,,,load,,0.0,2017-08-18 00:00:00,
403982,Fang Yuanshan,方願善,,,,0.0,,,0.0,0.0,,,0.0,,,,0.0,,,,,,0.0,,,,0.0,,,Fang,方,Yuanshan,願善,20.0,0.0,,0.0,0.0,,,,,,,,,,,,,load,,0.0,2017-08-18 00:00:00,
403983,Fang Yangxian,方養賢,,,,0.0,,,0.0,0.0,,,0.0,,,,0.0,,,,,,0.0,,,,0.0,,,Fang,方,Yangxian,養賢,19.0,0.0,,0.0,0.0,,,,,,,,,,,,,load,,0.0,2017-08-18 00:00:00,
403984,Fang Jia,方駱,,,,0.0,,,0.0,0.0,,,0.0,,,,0.0,,,,,,0.0,,,,0.0,,,Fang,方,Jia,駱,20.0,0.0,,0.0,0.0,,,,,,,,,,,,,load,,0.0,2017-08-18 00:00:00,
403985,Fang Tenglong,方騰龍,,,,0.0,,,0.0,0.0,,,0.0,,,,0.0,,,,,,0.0,,,,0.0,,,Fang,方,Tenglong,騰龍,20.0,0.0,,0.0,0.0,,,,,,,,,,,,,load,,0.0,2017-08-18 00:00:00,
403986,Fang Tigong,方體恭,,,,0.0,,,0.0,0.0,,,0.0,,,,0.0,,,,,,0.0,,,,0.0,,,Fang,方,Tigong,體恭,20.0,0.0,,0.0,0.0,,,,,,,,,,,,,load,,0.0,2017-08-18 00:00:00,
403987,Fang Gao,方高,,,,0.0,,,0.0,0.0,,,0.0,,,,0.0,,,,,,0.0,,,,0.0,,,Fang,方,Gao,高,20.0,0.0,,0.0,0.0,,,,,,,,,,,,,load,,0.0,2017-08-18 00:00:00,
403988,Fang Feng,方鳯,,,,0.0,,,0.0,0.0,,,0.0,,,,0.0,,,,,,0.0,,,,0.0,,,Fang,方,Feng,鳯,19.0,0.0,,0.0,0.0,,,,,,,,,,,,,load,,0.0,2017-08-18 00:00:00,
403989,Fang Minggao,方鳴皋,,,,0.0,,,0.0,0.0,,,0.0,,,,0.0,,,,,,0.0,,,,0.0,,,Fang,方,Minggao,鳴皋,20.0,0.0,,0.0,0.0,,,,,,,,,,,,,load,,0.0,2017-08-18 00:00:00,
403990,Fang Mingsheng,方鳴盛,,,,0.0,,,0.0,0.0,,,0.0,,,,0.0,,,,,,0.0,,,,0.0,,,Fang,方,Mingsheng,鳴盛,21.0,0.0,,0.0,0.0,,,,,,,,,,,,,load,,0.0,2017-08-18 00:00:00,
403991,Fang Hongyuan,方鴻元,,,,0.0,,,0.0,0.0,,,0.0,,,,0.0,,,,,,0.0,,,,0.0,,,Fang,方,Hongyuan,鴻元,20.0,0.0,,0.0,0.0,,,,,,,,,,,,,load,,0.0,2017-08-18 00:00:00,
403992,Fang Linsheng,方麟生,,,,0.0,,,0.0,0.0,,,0.0,,,,0.0,,,,,,0.0,,,,0.0,,,Fang,方,Linsheng,麟生,19.0,0.0,,0.0,0.0,,,,,,,,,,,,,load,,0.0,2017-08-18 00:00:00,
437511,Fang Yongtai,方永泰,1195.0,7.0,,0.0,12788.0,1.0,0.0,0.0,,,0.0,,,,0.0,,,,,,0.0,,,,0.0,,,Fang,方,Yongtai,永泰,15.0,0.0,,0.0,0.0,,,,,,,,,,,,,PBOL,,0.0,2017-07-10 00:00:00,
437539,Fang Shi,方氏,1281.0,3.0,101100.0,1.0,,,,,,,,,,,,,,,-1.0,,,,,,,,,Fang,方,Shi,氏,18.0,,Index year algorithmically generated: Rule 4W;,0.0,0.0,,,,,,,,,,,,,load,Hongsu Wang,0.0,2017-08-27 00:00:00,2025-11-30 00:00:00
437646,Fang Qi,方麒,,,,0.0,18332.0,1.0,,,,,,,,,,,,,,,,,,,,,,Fang,方,Qi,麒,,,,0.0,0.0,,,,,,,,,,,,,load,,0.0,2017-08-27 00:00:00,
437695,Fang Shi(loushixiangqi),方氏(樓士祥妻),1313.0,3.0,111507.0,1.0,,,,,,,,,,,,,,,,,,,,,,,,Fang,方,Shi,氏,18.0,,Index year algorithmically generated: Rule 4W; ,0.0,0.0,,,,,,,,,,,,,load,,0.0,2017-08-27 00:00:00,
437811,Fang Shiheng,方士衡,,,,0.0,,,,,,,,,,,,,,,,,,,,,,,,Fang,方,Shiheng,士衡,,,,0.0,0.0,,,,,,,,,,,,,load,,0.0,2017-08-27 00:00:00,
437870,Fang Shi(shaoqiqi),方氏(邵玘妻),1378.0,3.0,128538.0,1.0,,,,,,,,,,,,,,,,,,,,,,,,Fang,方,Shi,氏,19.0,,Index year algorithmically generated: Rule 4W; ,0.0,0.0,,,,,,,,,,,,,load,,0.0,2017-08-27 00:00:00,
437876,Fang Zhuan,方瑑,,,,0.0,,,,,,,,,,,,,,,,,,,,,,,,Fang,方,Zhuan,瑑,,,,0.0,0.0,,,,,,,,,,,,,load,,0.0,2017-08-27 00:00:00,
437924,Fang Shi(chengshigangqi),方氏(程世剛妻),1442.0,15.0,,1.0,,,,,,,,,,,,,,,,,,,,,,,,Fang,方,Shi,氏,19.0,,Index year algorithmically generated: Rule 9W; ,0.0,0.0,,,,,,,,,,,,,load,,0.0,2017-08-27 00:00:00,
437949,Fang Shi(zhangjingqi),方氏(章憼妻),1441.0,4.0,221093.0,1.0,,,,,,,,,,,,,,,,,,,,,,,,Fang,方,Shi,氏,19.0,,,0.0,0.0,,,,,,,,,,,,,load,,0.0,2017-08-27 00:00:00,
438318,Fang Chuansui,方傳穟,1775.0,1.0,,0.0,7706.0,1.0,,0.0,,1775.0,662.0,40.0,,,,,,,,,,,,,,,,Fang,方,Chuansui,傳穟,20.0,0.0,,0.0,0.0,,,,,,,,,,,,,load,,0.0,2018-05-19 00:00:00,
438324,Fang Yingheng,方應恆,,,,0.0,8343.0,1.0,,0.0,,,662.0,,,,,,,,,,,,,,,,,Fang,方,Yingheng,應恆,20.0,0.0,,0.0,0.0,,,,,,,,,,,,,load,,0.0,2018-05-19 00:00:00,
438668,Fang Ruyi,方汝翼,1828.0,1.0,,0.0,,,,0.0,,1828.0,664.0,8.0,2.0,1895.0,667.0,21.0,,68.0,,,,,,,,,,Fang,方,Ruyi,汝翼,20.0,0.0,,0.0,0.0,,,,,,,,,,,,,load,,0.0,2018-05-19 00:00:00,
439576,Fang Cexun,方策勳,1824.0,29.0,,0.0,,,,0.0,,,,,,1887.0,667.0,13.0,,,,,,,,,,,,Fang,方,Cexun,策勳,20.0,0.0,,0.0,0.0,,,,,,,,,,,,,load,,0.0,2018-05-19 00:00:00,
439596,Fang Zuyin,方祖蔭,1839.0,29.0,,0.0,7706.0,1.0,,0.0,,,,,,1902.0,667.0,28.0,,,,,,,,,,,,Fang,方,Zuyin,祖蔭,20.0,0.0,,0.0,0.0,,,,,,,,,,,,,load,,0.0,2018-05-19 00:00:00,
442377,Fang Rouru,方葇如,,,,0.0,7663.0,1.0,,0.0,,,,,,,,,,,,,,,,,,,,Fang,方,Rouru,葇如,20.0,0.0,,0.0,0.0,,,,,,,,,,,,,load,,0.0,2018-05-19 00:00:00,
442627,Fang Yunju,方雲琚,,,,0.0,,,,0.0,,,,,,,,,,,,,,,,,,,,Fang,方,Yunju,雲琚,20.0,0.0,,0.0,0.0,,,,,,,,,,,,,load,,0.0,2018-05-19 00:00:00,
445046,Fang Yaozhi,方堯治,1531.0,27.0,126379.0,0.0,5372.0,1.0,,,,,,,,,,,,,-1.0,,,,,1570.0,,,汪道崑為方太古作傳,Fang,方,Yaozhi,堯治,19.0,,,0.0,0.0,,,,,,,,, ,,, ,peter bol,peter bol,,2019-02-08 00:00:00,2019-02-08 00:00:00
445093,Fang Guijing,方龜精,,,,,,,,,,,,,,,,,,,,,,,,,,,,Fang,方,Guijing,龜精,6.0,,,,,,,,,,,,,,,,,load,,0.0,2019-04-04 00:00:00,
445094,Fang Gao,方郜,,,,,,,,,,,,,,,,,,,,,,,,,,,,Fang,方,Gao,郜,6.0,,,,,,,,,,,,,,,,,load,,0.0,2019-04-04 00:00:00,
445096,Fang Juzhi,方巨之,,,,,,,,,,,,,,,,,,,,,,,,,,,,Fang,方,Juzhi,巨之,6.0,,,,,,,,,,,,,,,,,load,,0.0,2019-04-04 00:00:00,
451133,Fang Hong,方洪,,,,0.0,,,,,,,,,,,,,,,,,,,,,,,,Fang,方,Hong,洪,15.0,,,,,,,,,,,,,,,,,load,,1.0,2020-05-15 00:00:00,
451846,Fang Dezhi,方德至,,,,0.0,,,,,,,,,,,,,,,,,,,,,,,,Fang,方,Dezhi,德至,18.0,,,,,,,,,,,,,,,,,load,,1.0,2020-05-15 00:00:00,
451856,Fang Zhen,方珍,,,,0.0,,,,,,,,,,,,,,,,,,,,,,,,Fang,方,Zhen,珍,19.0,,,,,,,,,,,,,,,,,load,,1.0,2020-05-15 00:00:00,
452513,Fang Xidao,方希道,,,,0.0,,,,,,,,,,,,,,,,,,,,,,,,Fang,方,Xidao,希道,15.0,,,,,,,,,,,,,,,,,load,,1.0,2020-05-15 00:00:00,
452668,Fang Renqing,方仁卿,,,,0.0,,,,,,,,,,,,,,,,,,,,,,,,Fang,方,Renqing,仁卿,18.0,,,,,,,,,,,,,,,,,load,,1.0,2020-05-15 00:00:00,
453194,Fang Jie,方傑,,,,0.0,,,,,,,,,,,,,,,,,,,,,,,,Fang,方,Jie,傑,19.0,,,,,,,,,,,,,,,,,load,,1.0,2020-05-15 00:00:00,
453495,Fang Wen,方文,,,,0.0,,,,,,,,,,,,,,,,,,,,,,,,Fang,方,Wen,文,19.0,,,,,,,,,,,,,,,,,load,,1.0,2020-05-15 00:00:00,
453693,Fang Mou,方某,,,,0.0,,,,,,,,,,,,,,,,,,,,,,,,Fang,方,Mou,某,20.0,,,,,,,,,,,,,,,,,load,,1.0,2020-05-15 00:00:00,
454018,Fang Jun,方俊,,,,0.0,,,,,,,,,,,,,,,,,,,,,,,,Fang,方,Jun,俊,19.0,,,,,,,,,,,,,,,,,load,,1.0,2020-05-15 00:00:00,
454033,Fang Jie,方介,,,,0.0,,,,,,,,,,,,,,,,,,,,,,,,Fang,方,Jie,介,19.0,,,,,,,,,,,,,,,,,load,,1.0,2020-05-15 00:00:00,
454409,Fang Duo,方鐸,,,,0.0,,,,,,,,,,,,,,,,,,,,,,,,Fang,方,Duo,鐸,19.0,,,,,,,,,,,,,,,,,load,,1.0,2020-05-15 00:00:00,
454489,Fang Bing,方炳,,,,0.0,,,,,,,,,,,,,,,,,,,,,,,,Fang,方,Bing,炳,20.0,,,,,,,,,,,,,,,,,load,,1.0,2020-05-15 00:00:00,
455401,Fang Shou,方守,,,,0.0,,,,,,,,,,,,,,,,,,,,,,,,Fang,方,Shou,守,19.0,,,,,,,,,,,,,,,,,load,,1.0,2020-05-15 00:00:00,
456182,Fang Bingkui,方炳奎,,,,0.0,,,,,,,,,,,,,,,,,,,,,,,,Fang,方,Bingkui,炳奎,20.0,,,,,,,,,,,,,,,,,load,,1.0,2020-05-15 00:00:00,
456197,Fang Qiyun,方其畇,,,,0.0,,,,,,,,,,,,,,,,,,,,,,,,Fang,方,Qiyun,其畇,20.0,,,,,,,,,,,,,,,,,load,,1.0,2020-05-15 00:00:00,
456225,Fang Yin,方誾,,,,0.0,,,,,,,,,,,,,,,,,,,,,,,,Fang,方,Yin,誾,20.0,,,,,,,,,,,,,,,,,load,,1.0,2020-05-15 00:00:00,
456528,Fang Yuanheng,方元亨,,,,0.0,,,,,,,,,,,,,,,,,,,,,,,,Fang,方,Yuanheng,元亨,19.0,,,,,,,,,,,,,,,,,load,,1.0,2020-05-15 00:00:00,
456552,Fang Qing,方慶,,,,0.0,,,,,,,,,,,,,,,,,,,,,,,,Fang,方,Qing,慶,19.0,,,,,,,,,,,,,,,,,load,,1.0,2020-05-15 00:00:00,
456605,Fang Gu,方穀,,,,0.0,,,,,,,,,,,,,,,,,,,,,,,,Fang,方,Gu,穀,20.0,,,,,,,,,,,,,,,,,load,,1.0,2020-05-15 00:00:00,
456990,Fang Quan,方銓,,,,0.0,,,,,,,,,,,,,,,,,,,,,,,,Fang,方,Quan,銓,19.0,,,,,,,,,,,,,,,,,load,,1.0,2020-05-15 00:00:00,
457039,Fang Wanli,方萬里,,,,0.0,,,,,,,,,,,,,,,,,,,,,,,,Fang,方,Wanli,萬里,19.0,,,,,,,,,,,,,,,,,load,,1.0,2020-05-15 00:00:00,
457068,Fang Yuan,方元,,,,0.0,,,,,,,,,,,,,,,,,,,,,,,,Fang,方,Yuan,元,20.0,,,,,,,,,,,,,,,,,load,,1.0,2020-05-15 00:00:00,
457166,Fang Tong,方桐,,,,0.0,,,,,,,,,,,,,,,,,,,,,,,,Fang,方,Tong,桐,20.0,,,,,,,,,,,,,,,,,load,,1.0,2020-05-15 00:00:00,
457345,Fang Jichun,方記春,,,,0.0,,,,,,,,,,,,,,,,,,,,,,,,Fang,方,Jichun,記春,20.0,,,,,,,,,,,,,,,,,load,,1.0,2020-05-15 00:00:00,
457591,Fang Liangyong,方良永,,,,0.0,,,,,,,,,,,,,,,,,,,,,,,,Fang,方,Liangyong,良永,19.0,,,,,,,,,,,,,,,,,load,,1.0,2020-05-15 00:00:00,
457670,Fang Shan,方山,,,,0.0,,,,,,,,,,,,,,,,,,,,,,,,Fang,方,Shan,山,19.0,,,,,,,,,,,,,,,,,load,,1.0,2020-05-15 00:00:00,
457713,Fang Jun,方俊,,,,0.0,,,,,,,,,,,,,,,,,,,,,,,,Fang,方,Jun,俊,19.0,,,,,,,,,,,,,,,,,load,,1.0,2020-05-15 00:00:00,
457903,Fang Rong,方榮,,,,0.0,,,,,,,,,,,,,,,,,,,,,,,,Fang,方,Rong,榮,19.0,,,,,,,,,,,,,,,,,load,,1.0,2020-05-15 00:00:00,
458036,Fang Fengyao,方逢堯,,,,0.0,5442.0,1.0,,,,,,,,,,,,,,,,,,,,,,Fang,方,Fengyao,逢堯,19.0,,,,,,,,,,,,,,,,,load,,1.0,2020-05-15 00:00:00,
458431,Fang Zhang,方璋,,,,0.0,,,,,,,,,,,,,,,,,,,,,,,,Fang,方,Zhang,璋,20.0,,,,,,,,,,,,,,,,,load,,1.0,2020-05-15 00:00:00,
458666,Fang Bingzheng,方秉正,,,,0.0,,,,,,,,,,,,,,,,,,,,,,,,Fang,方,Bingzheng,秉正,19.0,,,,,,,,,,,,,,,,,load,,1.0,2020-05-15 00:00:00,
458703,Fang Zhong,方中,,,,0.0,,,,,,,,,,,,,,,,,,,,,,,,Fang,方,Zhong,中,20.0,,,,,,,,,,,,,,,,,load,,1.0,2020-05-15 00:00:00,
458869,Fang Xiangxiang,方象祥,,,,0.0,,,,,,,,,,,,,,,,,,,,,,,,Fang,方,Xiangxiang,象祥,20.0,,,,,,,,,,,,,,,,,load,,1.0,2020-05-15 00:00:00,
458973,Fang Gui,方桂,,,,0.0,,,,,,,,,,,,,,,,,,,,,,,,Fang,方,Gui,桂,19.0,,,,,,,,,,,,,,,,,load,,1.0,2020-05-15 00:00:00,
459080,Fang Li,方立,,,,0.0,,,,,,,,,,,,,,,,,,,,,,,,Fang,方,Li,立,15.0,,,,,,,,,,,,,,,,,load,,1.0,2020-05-15 00:00:00,
459101,Fang Xi,方熙,,,,0.0,,,,,,,,,,,,,,,,,,,,,,,,Fang,方,Xi,熙,20.0,,,,,,,,,,,,,,,,,load,,1.0,2020-05-15 00:00:00,
459444,Fang Mao,方懋,,,,0.0,,,,,,,,,,,,,,,,,,,,,,,,Fang,方,Mao,懋,19.0,,,,,,,,,,,,,,,,,load,,1.0,2020-05-15 00:00:00,
459515,Fang Yin,方印,,,,0.0,,,,,,,,,,,,,,,,,,,,,,,,Fang,方,Yin,印,19.0,,,,,,,,,,,,,,,,,load,,1.0,2020-05-15 00:00:00,
460038,Fang Xi,方璽,,,,0.0,,,,,,,,,,,,,,,,,,,,,,,,Fang,方,Xi,璽,19.0,,,,,,,,,,,,,,,,,load,,1.0,2020-05-15 00:00:00,
460322,Fang Duo,方鐸,,,,0.0,,,,,,,,,,,,,,,,,,,,,,,,Fang,方,Duo,鐸,18.0,,,,,,,,,,,,,,,,,load,,1.0,2020-05-15 00:00:00,
460388,Fang Rui,方瑞,,,,0.0,,,,,,,,,,,,,,,,,,,,,,,,Fang,方,Rui,瑞,20.0,,,,,,,,,,,,,,,,,load,,1.0,2020-05-15 00:00:00,
460891,Fang Jing,方敬,,,,0.0,,,,,,,,,,,,,,,,,,,,,,,,Fang,方,Jing,敬,19.0,,,,,,,,,,,,,,,,,load,,1.0,2020-05-15 00:00:00,
461183,Fang Xuan,方選,,,,0.0,,,,,,,,,,,,,,,,,,,,,,,,Fang,方,Xuan,選,19.0,,,,,,,,,,,,,,,,,load,,1.0,2020-05-15 00:00:00,
461195,Fang Lianggong,方亮工,,,,0.0,,,,,,,,,,,,,,,,,,,,,,,,Fang,方,Lianggong,亮工,19.0,,,,,,,,,,,,,,,,,load,,1.0,2020-05-15 00:00:00,
461313,Fang Daohuan,方道煥,,,,0.0,,,,,,,,,,,,,,,,,,,,,,,,Fang,方,Daohuan,道煥,19.0,,,,,,,,,,,,,,,,,load,,1.0,2020-05-15 00:00:00,
461649,Fang Wen,方文,,,,0.0,,,,,,,,,,,,,,,,,,,,,,,,Fang,方,Wen,文,19.0,,,,,,,,,,,,,,,,,load,,1.0,2020-05-15 00:00:00,
461654,Fang Heng,方衡,,,,0.0,,,,,,,,,,,,,,,,,,,,,,,,Fang,方,Heng,衡,19.0,,,,,,,,,,,,,,,,,load,,1.0,2020-05-15 00:00:00,
461696,Fang Rong,方榮,,,,0.0,,,,,,,,,,,,,,,,,,,,,,,,Fang,方,Rong,榮,19.0,,,,,,,,,,,,,,,,,load,,1.0,2020-05-15 00:00:00,
461907,Fang Mou,方某,,,,0.0,,,,,,,,,,,,,,,,,,,,,,,,Fang,方,Mou,某,19.0,,,,,,,,,,,,,,,,,load,,1.0,2020-05-15 00:00:00,
462434,Fang Shang,方賞,,,,0.0,,,,,,,,,,,,,,,,,,,,,,,,Fang,方,Shang,賞,29.0,,,,,,,,,,,,,,,,,load,,1.0,2020-05-15 00:00:00,
464341,Fang Jie,方介,,,,0.0,,,,,,,,,,,,,,,,,,,,,,,,Fang,方,Jie,介,19.0,,,,,,,,,,,,,,,,,load,,1.0,2020-05-15 00:00:00,
464674,Fang Shu,方述,,,,0.0,,,,,,,,,,,,,,,,,,,,,,,,Fang,方,Shu,述,19.0,,,,,,,,,,,,,,,,,load,,1.0,2020-05-15 00:00:00,
464686,Fang Yun,方允,,,,0.0,,,,,,,,,,,,,,,,,,,,,,,,Fang,方,Yun,允,19.0,,,,,,,,,,,,,,,,,load,,1.0,2020-05-15 00:00:00,
464703,Fang Zheng,方正,,,,0.0,,,,,,,,,,,,,,,,,,,,,,,,Fang,方,Zheng,正,19.0,,,,,,,,,,,,,,,,,load,,1.0,2020-05-15 00:00:00,
464896,Fang Ying,方英,,,,0.0,,,,,,,,,,,,,,,,,,,,,,,,Fang,方,Ying,英,19.0,,,,,,,,,,,,,,,,,load,,1.0,2020-05-15 00:00:00,
465636,Fang Zhi,方直,,,,0.0,,,,,,,,,,,,,,,,,,,,,,,,Fang,方,Zhi,直,19.0,,,,,,,,,,,,,,,,,load,,1.0,2020-05-15 00:00:00,
466390,Fang Gui,方桂,,,,0.0,,,,,,,,,,,,,,,,,,,,,,,,Fang,方,Gui,桂,19.0,,,,,,,,,,,,,,,,,load,,1.0,2020-05-15 00:00:00,
466838,Fang Jun,方俊,,,,0.0,,,,,,,,,,,,,,,,,,,,,,,,Fang,方,Jun,俊,19.0,,,,,,,,,,,,,,,,,load,,1.0,2020-05-15 00:00:00,
466895,Fang Chun,方春,,,,0.0,,,,,,,,,,,,,,,,,,,,,,,,Fang,方,Chun,春,19.0,,,,,,,,,,,,,,,,,load,,1.0,2020-05-15 00:00:00,
466977,Fang Duan,方端,,,,0.0,,,,,,,,,,,,,,,,,,,,,,,,Fang,方,Duan,端,19.0,,,,,,,,,,,,,,,,,load,,1.0,2020-05-15 00:00:00,
467063,Fang Chuanzhi,方傳植,,,,0.0,,,,,,,,,,,,,,,,,,,,,,,,Fang,方,Chuanzhi,傳植,20.0,,,,,,,,,,,,,,,,,load,,1.0,2020-05-15 00:00:00,
469042,Fang Yan,方演,,,,0.0,,,,,,,,,,,,,,,,,,,,,,,,Fang,方,Yan,演,15.0,,,,,,,,,,,,,,,,,load,,1.0,2020-05-15 00:00:00,
469365,Fang Zi,方滋,,,,0.0,,,,,,,,,,,,,,,,,,,,,,,,Fang,方,Zi,滋,15.0,,,,,,,,,,,,,,,,,load,,1.0,2020-05-15 00:00:00,
470087,Fang Hui,方回,,,,0.0,,,,,,,,,,,,,,,,,,,,,,,,Fang,方,Hui,回,18.0,,,,,,,,,,,,,,,,,load,,1.0,2020-05-15 00:00:00,
470125,Fang Liangyong,方良永,,,,0.0,,,,,,,,,,,,,,,,,,,,,,,,Fang,方,Liangyong,良永,19.0,,,,,,,,,,,,,,,,,load,,1.0,2020-05-15 00:00:00,
470141,Fang Shi,方仕,,,,0.0,,,,,,,,,,,,,,,,,,,,,,,,Fang,方,Shi,仕,19.0,,,,,,,,,,,,,,,,,load,,1.0,2020-05-15 00:00:00,
470229,Fang Lian,方廉,,,,0.0,,,,,,,,,,,,,,,,,,,,,,,,Fang,方,Lian,廉,19.0,,,,,,,,,,,,,,,,,load,,1.0,2020-05-15 00:00:00,
470272,Fang Lin,方林,,,,0.0,,,,,,,,,,,,,,,,,,,,,,,,Fang,方,Lin,林,19.0,,,,,,,,,,,,,,,,,load,,1.0,2020-05-15 00:00:00,
470327,Fang Rong,方榮,,,,0.0,,,,,,,,,,,,,,,,,,,,,,,,Fang,方,Rong,榮,19.0,,,,,,,,,,,,,,,,,load,,1.0,2020-05-15 00:00:00,
470458,Fang Zhi,方誌,,,,0.0,,,,,,,,,,,,,,,,,,,,,,,,Fang,方,Zhi,誌,19.0,,,,,,,,,,,,,,,,,load,,1.0,2020-05-15 00:00:00,
470713,Fang Ce,方策,,,,0.0,,,,,,,,,,,,,,,,,,,,,,,,Fang,方,Ce,策,20.0,,,,,,,,,,,,,,,,,load,,1.0,2020-05-15 00:00:00,
470902,Fang Luan,方鑾,,,,0.0,,,,,,,,,,,,,,,,,,,,,,,,Fang,方,Luan,鑾,20.0,,,,,,,,,,,,,,,,,load,,1.0,2020-05-15 00:00:00,
470909,Fang Ju,方矩,,,,0.0,,,,,,,,,,,,,,,,,,,,,,,,Fang,方,Ju,矩,20.0,,,,,,,,,,,,,,,,,load,,1.0,2020-05-15 00:00:00,
470921,Fang Shixian,方士賢,,,,0.0,,,,,,,,,,,,,,,,,,,,,,,,Fang,方,Shixian,士賢,20.0,,,,,,,,,,,,,,,,,load,,1.0,2020-05-15 00:00:00,
471110,Fang Bao,方苞,,,,0.0,,,,,,,,,,,,,,,,,,,,,,,,Fang,方,Bao,苞,20.0,,,,,,,,,,,,,,,,,load,,1.0,2020-05-15 00:00:00,
471236,Fang Heng,方亨,,,,0.0,,,,,,,,,,,,,,,,,,,,,,,,Fang,方,Heng,亨,20.0,,,,,,,,,,,,,,,,,load,,1.0,2020-05-15 00:00:00,
471313,Fang Shiyao,方士堯,,,,0.0,,,,,,,,,,,,,,,,,,,,,,,,Fang,方,Shiyao,士堯,20.0,,,,,,,,,,,,,,,,,load,,1.0,2020-05-15 00:00:00,
471338,Fang Qixing,方期星,,,,0.0,,,,,,,,,,,,,,,,,,,,,,,,Fang,方,Qixing,期星,20.0,,,,,,,,,,,,,,,,,load,,1.0,2020-05-15 00:00:00,
472798,Fang Zhong,方重,,,,0.0,,,,,,,,,,,,,,,,,,,,,,,,Fang,方,Zhong,重,19.0,,,,,,,,,,,,,,,,,load,,1.0,2020-05-15 00:00:00,
472897,Fang Fen,方芬,,,,0.0,,,,,,,,,,,,,,,,,,,,,,,,Fang,方,Fen,芬,19.0,,,,,,,,,,,,,,,,,load,,1.0,2020-05-15 00:00:00,
473051,Fang Xun,方濬,,,,0.0,,,,,,,,,,,,,,,,,,,,,,,,Fang,方,Xun,濬,19.0,,,,,,,,,,,,,,,,,load,,1.0,2020-05-15 00:00:00,
473095,Fang Qi,方齊,,,,0.0,,,,,,,,,,,,,,,,,,,,,,,,Fang,方,Qi,齊,19.0,,,,,,,,,,,,,,,,,load,,1.0,2020-05-15 00:00:00,
473228,Fang Yu,方輿,,,,0.0,,,,,,,,,,,,,,,,,,,,,,,,Fang,方,Yu,輿,19.0,,,,,,,,,,,,,,,,,load,,1.0,2020-05-15 00:00:00,
473358,Fang Jie,方杰,,,,0.0,,,,,,,,,,,,,,,,,,,,,,,,Fang,方,Jie,杰,19.0,,,,,,,,,,,,,,,,,load,,1.0,2020-05-15 00:00:00,
473414,Fang Bo,方伯,,,,0.0,,,,,,,,,,,,,,,,,,,,,,,,Fang,方,Bo,伯,19.0,,,,,,,,,,,,,,,,,load,,1.0,2020-05-15 00:00:00,
473879,Fang Sheng,方昇,,,,0.0,,,,,,,,,,,,,,,,,,,,,,,,Fang,方,Sheng,昇,20.0,,,,,,,,,,,,,,,,,load,,1.0,2020-05-15 00:00:00,
474016,Fang Ce,方策,,,,0.0,,,,,,,,,,,,,,,,,,,,,,,,Fang,方,Ce,策,19.0,,,,,,,,,,,,,,,,,load,,1.0,2020-05-15 00:00:00,
474087,Fang Ding,方定,,,,0.0,,,,,,,,,,,,,,,,,,,,,,,,Fang,方,Ding,定,19.0,,,,,,,,,,,,,,,,,load,,1.0,2020-05-15 00:00:00,
474450,Fang Song,方嵩,,,,0.0,,,,,,,,,,,,,,,,,,,,,,,,Fang,方,Song,嵩,19.0,,,,,,,,,,,,,,,,,load,,1.0,2020-05-15 00:00:00,
475456,Fang Cheng,方成,,,,0.0,,,,,,,,,,,,,,,,,,,,,,,,Fang,方,Cheng,成,19.0,,,,,,,,,,,,,,,,,load,,1.0,2020-05-15 00:00:00,
476100,Fang Tingying,方廷英,,,,0.0,,,,,,,,,,,,,,,,,,,,,,,,Fang,方,Tingying,廷英,20.0,,,,,,,,,,,,,,,,,load,,1.0,2020-05-15 00:00:00,
476365,Fang Yuan,方元,,,,0.0,,,,,,,,,,,,,,,,,,,,,,,,Fang,方,Yuan,元,20.0,,,,,,,,,,,,,,,,,load,,1.0,2020-05-15 00:00:00,
476436,Fang Ke,方科,,,,0.0,,,,,,,,,,,,,,,,,,,,,,,,Fang,方,Ke,科,19.0,,,,,,,,,,,,,,,,,load,,1.0,2020-05-15 00:00:00,
476686,Fang Kai,方凱,,,,0.0,,,,,,,,,,,,,,,,,,,,,,,,Fang,方,Kai,凱,20.0,,,,,,,,,,,,,,,,,load,,1.0,2020-05-15 00:00:00,
476731,Fang Bo,方伯,,,,0.0,,,,,,,,,,,,,,,,,,,,,,,,Fang,方,Bo,伯,19.0,,,,,,,,,,,,,,,,,load,,1.0,2020-05-15 00:00:00,
476737,Fang Sheng,方昇,,,,0.0,,,,,,,,,,,,,,,,,,,,,,,,Fang,方,Sheng,昇,19.0,,,,,,,,,,,,,,,,,load,,1.0,2020-05-15 00:00:00,
477589,Fang Yuan,方員,,,,0.0,,,,,,,,,,,,,,,,,,,,,,,,Fang,方,Yuan,員,19.0,,,,,,,,,,,,,,,,,load,,1.0,2020-05-15 00:00:00,
477602,Fang Keli,方克禮,,,,0.0,,,,,,,,,,,,,,,,,,,,,,,,Fang,方,Keli,克禮,19.0,,,,,,,,,,,,,,,,,load,,1.0,2020-05-15 00:00:00,
478203,Fang Yu,方昱,,,,0.0,,,,,,,,,,,,,,,,,,,,,,,,Fang,方,Yu,昱,19.0,,,,,,,,,,,,,,,,,load,,1.0,2020-05-15 00:00:00,
478836,Fang Ti,方體,,,,0.0,,,,,,,,,,,,,,,,,,,,,,,,Fang,方,Ti,體,20.0,,,,,,,,,,,,,,,,,load,,1.0,2020-05-15 00:00:00,
478954,Fang Duan,方端,,,,0.0,,,,,,,,,,,,,,,,,,,,,,,,Fang,方,Duan,端,19.0,,,,,,,,,,,,,,,,,load,,1.0,2020-05-15 00:00:00,
479924,Fang Xian,方顯,,,,0.0,,,,,,,,,,,,,,,,,,,,,,,,Fang,方,Xian,顯,19.0,,,,,,,,,,,,,,,,,load,,1.0,2020-05-15 00:00:00,
480045,Fang Cong,方琮,,,,0.0,,,,,,,,,,,,,,,,,,,,,,,,Fang,方,Cong,琮,19.0,,,,,,,,,,,,,,,,,load,,1.0,2020-05-15 00:00:00,
480380,Fang Tingfan,方廷範,,,,0.0,,,,,,,,,,,,,,,,,,,,,,,,Fang,方,Tingfan,廷範,15.0,,,,,,,,,,,,,,,,,load,,1.0,2020-05-15 00:00:00,
480508,Fang Chao,方超,,,,0.0,,,,,,,,,,,,,,,,,,,,,,,,Fang,方,Chao,超,18.0,,,,,,,,,,,,,,,,,load,,1.0,2020-05-15 00:00:00,
481851,Fang Yu,方玉,,,,0.0,,,,,,,,,,,,,,,,,,,,,,,,Fang,方,Yu,玉,19.0,,,,,,,,,,,,,,,,,load,,1.0,2020-05-15 00:00:00,
481852,Fang Wei,方偉,,,,0.0,,,,,,,,,,,,,,,,,,,,,,,,Fang,方,Wei,偉,19.0,,,,,,,,,,,,,,,,,load,,1.0,2020-05-15 00:00:00,
481853,Fang Jun,方俊,,,,0.0,,,,,,,,,,,,,,,,,,,,,,,,Fang,方,Jun,俊,19.0,,,,,,,,,,,,,,,,,load,,1.0,2020-05-15 00:00:00,
482398,Fang Shu,方述,,,,0.0,,,,,,,,,,,,,,,,,,,,,,,,Fang,方,Shu,述,15.0,,,,,,,,,,,,,,,,,load,,1.0,2020-05-15 00:00:00,
482648,Fang Ji,方積,,,,0.0,,,,,,,,,,,,,,,,,,,,,,,,Fang,方,Ji,積,18.0,,,,,,,,,,,,,,,,,load,,1.0,2020-05-15 00:00:00,
482954,Fang Li,方立,,,,0.0,,,,,,,,,,,,,,,,,,,,,,,,Fang,方,Li,立,19.0,,,,,,,,,,,,,,,,,load,,1.0,2020-05-15 00:00:00,
483058,Fang Sheng,方盛,,,,0.0,,,,,,,,,,,,,,,,,,,,,,,,Fang,方,Sheng,盛,19.0,,,,,,,,,,,,,,,,,load,,1.0,2020-05-15 00:00:00,
483159,Fang Xing,方興,,,,0.0,,,,,,,,,,,,,,,,,,,,,,,,Fang,方,Xing,興,19.0,,,,,,,,,,,,,,,,,load,,1.0,2020-05-15 00:00:00,
483160,Fang Lin,方琳,,,,0.0,,,,,,,,,,,,,,,,,,,,,,,,Fang,方,Lin,琳,19.0,,,,,,,,,,,,,,,,,load,,1.0,2020-05-15 00:00:00,
483161,Fang Cheng,方成,,,,0.0,,,,,,,,,,,,,,,,,,,,,,,,Fang,方,Cheng,成,19.0,,,,,,,,,,,,,,,,,load,,1.0,2020-05-15 00:00:00,
483165,Fang Rong,方榮,,,,0.0,,,,,,,,,,,,,,,,,,,,,,,,Fang,方,Rong,榮,19.0,,,,,,,,,,,,,,,,,load,,1.0,2020-05-15 00:00:00,
483182,Fang Shen,方深,,,,0.0,,,,,,,,,,,,,,,,,,,,,,,,Fang,方,Shen,深,19.0,,,,,,,,,,,,,,,,,load,,1.0,2020-05-15 00:00:00,
483183,Fang Qing,方清,,,,0.0,,,,,,,,,,,,,,,,,,,,,,,,Fang,方,Qing,清,19.0,,,,,,,,,,,,,,,,,load,,1.0,2020-05-15 00:00:00,
483386,Fang Chen,方琛,,,,0.0,,,,,,,,,,,,,,,,,,,,,,,,Fang,方,Chen,琛,19.0,,,,,,,,,,,,,,,,,load,,1.0,2020-05-15 00:00:00,
483488,Fang Lai,方來,,,,0.0,,,,,,,,,,,,,,,,,,,,,,,,Fang,方,Lai,來,15.0,,,,,,,,,,,,,,,,,load,,1.0,2020-05-15 00:00:00,
483624,Fang Zutong,方祖同,,,,0.0,,,,,,,,,,,,,,,,,,,,,,,,Fang,方,Zutong,祖同,15.0,,,,,,,,,,,,,,,,,load,,1.0,2020-05-15 00:00:00,
483660,Fang Shigong,方世功,,,,0.0,,,,,,,,,,,,,,,,,,,,,,,,Fang,方,Shigong,世功,15.0,,,,,,,,,,,,,,,,,load,,1.0,2020-05-15 00:00:00,
483995,Fang Quan,方全,,,,0.0,,,,,,,,,,,,,,,,,,,,,,,,Fang,方,Quan,全,19.0,,,,,,,,,,,,,,,,,load,,1.0,2020-05-15 00:00:00,
484308,Fang Yingxiang,方應祥,,,,0.0,,,,,,,,,,,,,,,,,,,,,,,,Fang,方,Yingxiang,應祥,15.0,,,,,,,,,,,,,,,,,load,,1.0,2020-05-15 00:00:00,
484475,Fang Zan,方瓉,,,,0.0,,,,,,,,,,,,,,,,,,,,,,,,Fang,方,Zan,瓉,19.0,,,,,,,,,,,,,,,,,load,,1.0,2020-05-15 00:00:00,
484624,Fang Hui,方恢,,,,0.0,,,,,,,,,,,,,,,,,,,,,,,,Fang,方,Hui,恢,19.0,,,,,,,,,,,,,,,,,load,,1.0,2020-05-15 00:00:00,
484652,Fang Jun,方俊,,,,0.0,,,,,,,,,,,,,,,,,,,,,,,,Fang,方,Jun,俊,19.0,,,,,,,,,,,,,,,,,load,,1.0,2020-05-15 00:00:00,
484675,Fang Zhi,方至,,,,0.0,,,,,,,,,,,,,,,,,,,,,,,,Fang,方,Zhi,至,19.0,,,,,,,,,,,,,,,,,load,,1.0,2020-05-15 00:00:00,
484890,Fang Wei,方偉,,,,0.0,,,,,,,,,,,,,,,,,,,,,,,,Fang,方,Wei,偉,19.0,,,,,,,,,,,,,,,,,load,,1.0,2020-05-15 00:00:00,
485045,Fang Xu,方旭,,,,0.0,,,,,,,,,,,,,,,,,,,,,,,,Fang,方,Xu,旭,19.0,,,,,,,,,,,,,,,,,load,,1.0,2020-05-15 00:00:00,
485151,Fang Yue,方岳,,,,0.0,,,,,,,,,,,,,,,,,,,,,,,,Fang,方,Yue,岳,15.0,,,,,,,,,,,,,,,,,load,,1.0,2020-05-15 00:00:00,
485253,Fang Song,方嵩,,,,0.0,,,,,,,,,,,,,,,,,,,,,,,,Fang,方,Song,嵩,19.0,,,,,,,,,,,,,,,,,load,,1.0,2020-05-15 00:00:00,
485268,Fang Yi,方義,,,,0.0,,,,,,,,,,,,,,,,,,,,,,,,Fang,方,Yi,義,19.0,,,,,,,,,,,,,,,,,load,,1.0,2020-05-15 00:00:00,
485821,Fang Yi,方沂,,,,0.0,,,,,,,,,,,,,,,,,,,,,,,,Fang,方,Yi,沂,15.0,,,,,,,,,,,,,,,,,load,,1.0,2020-05-15 00:00:00,
485904,Fang Huaisheng,方槐生,,,,0.0,,,,,,,,,,,,,,,,,,,,,,,,Fang,方,Huaisheng,槐生,18.0,,,,,,,,,,,,,,,,,load,,1.0,2020-05-15 00:00:00,
485910,Fang Jingzhang,方景章,,,,0.0,,,,,,,,,,,,,,,,,,,,,,,,Fang,方,Jingzhang,景章,18.0,,,,,,,,,,,,,,,,,load,,1.0,2020-05-15 00:00:00,
485996,Fang Duan,方端,,,,0.0,,,,,,,,,,,,,,,,,,,,,,,,Fang,方,Duan,端,19.0,,,,,,,,,,,,,,,,,load,,1.0,2020-05-15 00:00:00,
486035,Fang Deju,方徳舉,,,,0.0,,,,,,,,,,,,,,,,,,,,,,,,Fang,方,Deju,徳舉,19.0,,,,,,,,,,,,,,,,,load,,1.0,2020-05-15 00:00:00,
486368,Fang Zong,方宗,,,,0.0,,,,,,,,,,,,,,,,,,,,,,,,Fang,方,Zong,宗,19.0,,,,,,,,,,,,,,,,,load,,1.0,2020-05-15 00:00:00,
486376,Fang Chun,方春,,,,0.0,,,,,,,,,,,,,,,,,,,,,,,,Fang,方,Chun,春,19.0,,,,,,,,,,,,,,,,,load,,1.0,2020-05-15 00:00:00,
486665,Fang Kai,方凱,,,,0.0,,,,,,,,,,,,,,,,,,,,,,,,Fang,方,Kai,凱,19.0,,,,,,,,,,,,,,,,,load,,1.0,2020-05-15 00:00:00,
487795,Fang Yunlong,方雲龍,,,,0.0,,,,,,,,,,,,,,,,,,,,,,,,Fang,方,Yunlong,雲龍,20.0,,,,,,,,,,,,,,,,,load,,1.0,2020-05-15 00:00:00,
487982,Fang Lin,方臨,,,,0.0,,,,,,,,,,,,,,,,,,,,,,,,Fang,方,Lin,臨,19.0,,,,,,,,,,,,,,,,,load,,1.0,2020-05-15 00:00:00,
488232,Fang Xun,方濬,,,,0.0,,,,,,,,,,,,,,,,,,,,,,,,Fang,方,Xun,濬,19.0,,,,,,,,,,,,,,,,,load,,1.0,2020-05-15 00:00:00,
488569,Fang Li,方鯉,,,,0.0,,,,,,,,,,,,,,,,,,,,,,,,Fang,方,Li,鯉,19.0,,,,,,,,,,,,,,,,,load,,1.0,2020-05-15 00:00:00,
488978,Fang Mou,方某,,,,0.0,,,,,,,,,,,,,,,,,,,,,,,,Fang,方,Mou,某,20.0,,,,,,,,,,,,,,,,,load,,1.0,2020-05-15 00:00:00,
489519,Fang Zhen,方震,,,,0.0,,,,,,,,,,,,,,,,,,,,,,,,Fang,方,Zhen,震,20.0,,,,,,,,,,,,,,,,,load,,1.0,2020-05-15 00:00:00,
489888,Fang Feng,方鳳,,,,0.0,,,,,,,,,,,,,,,,,,,,,,,,Fang,方,Feng,鳳,20.0,,,,,,,,,,,,,,,,,load,,1.0,2020-05-15 00:00:00,
489966,Fang Yu,方愚,,,,0.0,,,,,,,,,,,,,,,,,,,,,,,,Fang,方,Yu,愚,19.0,,,,,,,,,,,,,,,,,load,,1.0,2020-05-15 00:00:00,
489971,Fang Sheng,方昇,,,,0.0,,,,,,,,,,,,,,,,,,,,,,,,Fang,方,Sheng,昇,19.0,,,,,,,,,,,,,,,,,load,,1.0,2020-05-15 00:00:00,
490166,Fang Dunjing,方敦敬,,,,0.0,,,,,,,,,,,,,,,,,,,,,,,,Fang,方,Dunjing,敦敬,19.0,,,,,,,,,,,,,,,,,load,,1.0,2020-05-15 00:00:00,
490219,Fang Yi,方繹,,,,0.0,,,,,,,,,,,,,,,,,,,,,,,,Fang,方,Yi,繹,19.0,,,,,,,,,,,,,,,,,load,,1.0,2020-05-15 00:00:00,
490509,Fang Youdao,方有道,,,,0.0,,,,,,,,,,,,,,,,,,,,,,,,Fang,方,Youdao,有道,19.0,,,,,,,,,,,,,,,,,load,,1.0,2020-05-15 00:00:00,
491215,Fang Heng,方亨,,,,0.0,,,,,,,,,,,,,,,,,,,,,,,,Fang,方,Heng,亨,19.0,,,,,,,,,,,,,,,,,load,,1.0,2020-05-15 00:00:00,
491414,Fang Mou,方某,,,,0.0,,,,,,,,,,,,,,,,,,,,,,,,Fang,方,Mou,某,19.0,,,,,,,,,,,,,,,,,load,,1.0,2020-05-15 00:00:00,
491561,Fang Han,方瀚,,,,0.0,,,,,,,,,,,,,,,,,,,,,,,,Fang,方,Han,瀚,19.0,,,,,,,,,,,,,,,,,load,,1.0,2020-05-15 00:00:00,
492013,Fang Yan,方演,,,,0.0,,,,,,,,,,,,,,,,,,,,,,,,Fang,方,Yan,演,19.0,,,,,,,,,,,,,,,,,load,,1.0,2020-05-15 00:00:00,
492025,Fang Fen,方芬,,,,0.0,,,,,,,,,,,,,,,,,,,,,,,,Fang,方,Fen,芬,20.0,,,,,,,,,,,,,,,,,load,,1.0,2020-05-15 00:00:00,
492088,Fang Zuo,方佐,,,,0.0,,,,,,,,,,,,,,,,,,,,,,,,Fang,方,Zuo,佐,19.0,,,,,,,,,,,,,,,,,load,,1.0,2020-05-15 00:00:00,
492913,Fang Yigui,方一桂,,,,0.0,,,,,,,,,,,,,,,,,,,,,,,,Fang,方,Yigui,一桂,19.0,,,,,,,,,,,,,,,,,load,,1.0,2020-05-15 00:00:00,
492983,Fang Yuejian,方岳薦,,,,0.0,,,,,,,,,,,,,,,,,,,,,,,,Fang,方,Yuejian,岳薦,19.0,,,,,,,,,,,,,,,,,load,,1.0,2020-05-15 00:00:00,
493057,Fang Xunyuan,方濬源,,,,0.0,,,,,,,,,,,,,,,,,,,,,,,,Fang,方,Xunyuan,濬源,19.0,,,,,,,,,,,,,,,,,load,,1.0,2020-05-15 00:00:00,
493072,Fang Yi,方沂,,,,0.0,,,,,,,,,,,,,,,,,,,,,,,,Fang,方,Yi,沂,19.0,,,,,,,,,,,,,,,,,load,,1.0,2020-05-15 00:00:00,
493371,Fang Zhiren,方志仁,,,,0.0,,,,,,,,,,,,,,,,,,,,,,,,Fang,方,Zhiren,志仁,19.0,,,,,,,,,,,,,,,,,load,,1.0,2020-05-15 00:00:00,
493445,Fang Ximeng,方希孟,,,,0.0,,,,,,,,,,,,,,,,,,,,,,,,Fang,方,Ximeng,希孟,20.0,,,,,,,,,,,,,,,,,load,,1.0,2020-05-15 00:00:00,
493501,Fang Yuan,方淵,,,,0.0,,,,,,,,,,,,,,,,,,,,,,,,Fang,方,Yuan,淵,19.0,,,,,,,,,,,,,,,,,load,,1.0,2020-05-15 00:00:00,
493716,Fang Quan,方銓,,,,0.0,,,,,,,,,,,,,,,,,,,,,,,,Fang,方,Quan,銓,20.0,,,,,,,,,,,,,,,,,load,,1.0,2020-05-15 00:00:00,
494381,Fang Yigong,方以恭,,,,0.0,,,,,,,,,,,,,,,,,,,,,,,,Fang,方,Yigong,以恭,20.0,,,,,,,,,,,,,,,,,load,,1.0,2020-05-15 00:00:00,
494482,Fang Qiu,方球,,,,0.0,,,,,,,,,,,,,,,,,,,,,,,,Fang,方,Qiu,球,20.0,,,,,,,,,,,,,,,,,load,,1.0,2020-05-15 00:00:00,
494559,Fang Li,方澧,,,,0.0,,,,,,,,,,,,,,,,,,,,,,,,Fang,方,Li,澧,20.0,,,,,,,,,,,,,,,,,load,,1.0,2020-05-15 00:00:00,
494576,Fang Zhen,方箴,,,,0.0,,,,,,,,,,,,,,,,,,,,,,,,Fang,方,Zhen,箴,20.0,,,,,,,,,,,,,,,,,load,,1.0,2020-05-15 00:00:00,
494701,Fang Chunshu,方春澍,,,,0.0,,,,,,,,,,,,,,,,,,,,,,,,Fang,方,Chunshu,春澍,20.0,,,,,,,,,,,,,,,,,load,,1.0,2020-05-15 00:00:00,
494764,Fang Zhen,方箴,,,,0.0,,,,,,,,,,,,,,,,,,,,,,,,Fang,方,Zhen,箴,20.0,,,,,,,,,,,,,,,,,load,,1.0,2020-05-15 00:00:00,
495223,Fang Yunlong,方雲龍,,,,0.0,,,,,,,,,,,,,,,,,,,,,,,,Fang,方,Yunlong,雲龍,20.0,,,,,,,,,,,,,,,,,load,,1.0,2020-05-15 00:00:00,
495232,Fang Tianbiao,方天彪,,,,0.0,,,,,,,,,,,,,,,,,,,,,,,,Fang,方,Tianbiao,天彪,20.0,,,,,,,,,,,,,,,,,load,,1.0,2020-05-15 00:00:00,
495504,Fang Shou,方壽,,,,0.0,,,,,,,,,,,,,,,,,,,,,,,,Fang,方,Shou,壽,19.0,,,,,,,,,,,,,,,,,load,,1.0,2020-05-15 00:00:00,
495911,Fang Chun,方春,,,,0.0,,,,,,,,,,,,,,,,,,,,,,,,Fang,方,Chun,春,19.0,,,,,,,,,,,,,,,,,load,,1.0,2020-05-15 00:00:00,
496624,Fang Zong,方宗,,,,0.0,,,,,,,,,,,,,,,,,,,,,,,,Fang,方,Zong,宗,19.0,,,,,,,,,,,,,,,,,load,,1.0,2020-05-15 00:00:00,
496845,Fang Sheng,方昇,,,,0.0,,,,,,,,,,,,,,,,,,,,,,,,Fang,方,Sheng,昇,19.0,,,,,,,,,,,,,,,,,load,,1.0,2020-05-15 00:00:00,
498282,Fang Zhong,方重,,,,0.0,,,,,,,,,,,,,,,,,,,,,,,,Fang,方,Zhong,重,20.0,,,,,,,,,,,,,,,,,load,,1.0,2020-05-15 00:00:00,
498323,Fang Zhenpeng,方振鵬,,,,0.0,,,,,,,,,,,,,,,,,,,,,,,,Fang,方,Zhenpeng,振鵬,20.0,,,,,,,,,,,,,,,,,load,,1.0,2020-05-15 00:00:00,
499457,Fang Ji,方濟,,,,0.0,,,,,,,,,,,,,,,,,,,,,,,,Fang,方,Ji,濟,19.0,,,,,,,,,,,,,,,,,load,,1.0,2020-05-15 00:00:00,
500634,Fang Guofu,方國輔,,,,0.0,,,,,,,,,,,,,,,,,,,,,,,,Fang,方,Guofu,國輔,20.0,,,,,,,,,,,,,,,,,load,,1.0,2020-05-15 00:00:00,
500792,Fang Fu,方輔,,,,0.0,,,,,,,,,,,,,,,,,,,,,,,,Fang,方,Fu,輔,20.0,,,,,,,,,,,,,,,,,load,,1.0,2020-05-15 00:00:00,
500894,Fang Ting,方珽,,,,0.0,,,,,,,,,,,,,,,,,,,,,,,,Fang,方,Ting,珽,20.0,,,,,,,,,,,,,,,,,load,,1.0,2020-05-15 00:00:00,
501239,Fang Zhanyi,方瞻嶧,,,,0.0,,,,,,,,,,,,,,,,,,,,,,,,Fang,方,Zhanyi,瞻嶧,20.0,,,,,,,,,,,,,,,,,load,,1.0,2020-05-15 00:00:00,
501379,Fang Qing,方慶,,,,0.0,,,,,,,,,,,,,,,,,,,,,,,,Fang,方,Qing,慶,20.0,,,,,,,,,,,,,,,,,load,,1.0,2020-05-15 00:00:00,
501739,Fang Xian,方賢,,,,0.0,,,,,,,,,,,,,,,,,,,,,,,,Fang,方,Xian,賢,19.0,,,,,,,,,,,,,,,,,load,,1.0,2020-05-15 00:00:00,
501778,Fang Yue,方岳,,,,0.0,,,,,,,,,,,,,,,,,,,,,,,,Fang,方,Yue,岳,19.0,,,,,,,,,,,,,,,,,load,,1.0,2020-05-15 00:00:00,
501933,Fang Bing,方炳,,,,0.0,,,,,,,,,,,,,,,,,,,,,,,,Fang,方,Bing,炳,19.0,,,,,,,,,,,,,,,,,load,,1.0,2020-05-15 00:00:00,
502362,Fang Zhong,方忠,,,,0.0,,,,,,,,,,,,,,,,,,,,,,,,Fang,方,Zhong,忠,18.0,,,,,,,,,,,,,,,,,load,,1.0,2020-05-15 00:00:00,
503027,Fang Yuanyi,方逺宜,,,,0.0,,,,,,,,,,,,,,,,,,,,,,,,Fang,方,Yuanyi,逺宜,19.0,,,,,,,,,,,,,,,,,load,,1.0,2020-05-15 00:00:00,
503047,Fang Xin,方新,,,,0.0,,,,,,,,,,,,,,,,,,,,,,,,Fang,方,Xin,新,19.0,,,,,,,,,,,,,,,,,load,,1.0,2020-05-15 00:00:00,
503227,Fang Ke,方克,,,,0.0,,,,,,,,,,,,,,,,,,,,,,,,Fang,方,Ke,克,19.0,,,,,,,,,,,,,,,,,load,,1.0,2020-05-15 00:00:00,
503352,Fang Tingying,方廷英,,,,0.0,,,,,,,,,,,,,,,,,,,,,,,,Fang,方,Tingying,廷英,20.0,,,,,,,,,,,,,,,,,load,,1.0,2020-05-15 00:00:00,
503558,Fang Duo,方鐸,,,,0.0,,,,,,,,,,,,,,,,,,,,,,,,Fang,方,Duo,鐸,19.0,,,,,,,,,,,,,,,,,load,,1.0,2020-05-15 00:00:00,
503933,Fang Zhi,方幟,,,,0.0,,,,,,,,,,,,,,,,,,,,,,,,Fang,方,Zhi,幟,20.0,,,,,,,,,,,,,,,,,load,,1.0,2020-05-15 00:00:00,
504325,Fang Maode,方懋德,,,,0.0,,,,,,,,,,,,,,,,,,,,,,,,Fang,方,Maode,懋德,19.0,,,,,,,,,,,,,,,,,load,,1.0,2020-05-15 00:00:00,
504401,Fang Hong,方宏,,,,0.0,,,,,,,,,,,,,,,,,,,,,,,,Fang,方,Hong,宏,19.0,,,,,,,,,,,,,,,,,load,,1.0,2020-05-15 00:00:00,
504454,Fang Gao,方杲,,,,0.0,,,,,,,,,,,,,,,,,,,,,,,,Fang,方,Gao,杲,19.0,,,,,,,,,,,,,,,,,load,,1.0,2020-05-15 00:00:00,
504480,Fang Bo,方伯,,,,0.0,,,,,,,,,,,,,,,,,,,,,,,,Fang,方,Bo,伯,19.0,,,,,,,,,,,,,,,,,load,,1.0,2020-05-15 00:00:00,
504564,Fang Min,方敏,,,,0.0,,,,,,,,,,,,,,,,,,,,,,,,Fang,方,Min,敏,19.0,,,,,,,,,,,,,,,,,load,,1.0,2020-05-15 00:00:00,
504569,Fang Zan,方瓚,,,,0.0,,,,,,,,,,,,,,,,,,,,,,,,Fang,方,Zan,瓚,19.0,,,,,,,,,,,,,,,,,load,,1.0,2020-05-15 00:00:00,
504570,Fang Lun,方崙,,,,0.0,,,,,,,,,,,,,,,,,,,,,,,,Fang,方,Lun,崙,19.0,,,,,,,,,,,,,,,,,load,,1.0,2020-05-15 00:00:00,
504572,Fang Yin,方印,,,,0.0,,,,,,,,,,,,,,,,,,,,,,,,Fang,方,Yin,印,19.0,,,,,,,,,,,,,,,,,load,,1.0,2020-05-15 00:00:00,
505477,Fang Kai,方楷,,,,0.0,,,,,,,,,,,,,,,,,,,,,,,,Fang,方,Kai,楷,19.0,,,,,,,,,,,,,,,,,load,,1.0,2020-05-15 00:00:00,
505535,Fang Sheng,方昇,,,,0.0,,,,,,,,,,,,,,,,,,,,,,,,Fang,方,Sheng,昇,19.0,,,,,,,,,,,,,,,,,load,,1.0,2020-05-15 00:00:00,
505824,Fang Dashi,方大湜,,,,0.0,,,,,,,,,,,,,,,,,,,,,,,,Fang,方,Dashi,大湜,19.0,,,,,,,,,,,,,,,,,load,,1.0,2020-05-15 00:00:00,
505847,Fang Maolu,方懋祿,,,,0.0,,,,,,,,,,,,,,,,,,,,,,,,Fang,方,Maolu,懋祿,19.0,,,,,,,,,,,,,,,,,load,,1.0,2020-05-15 00:00:00,
506067,Fang Dashi,方大湜,,,,0.0,,,,,,,,,,,,,,,,,,,,,,,,Fang,方,Dashi,大湜,19.0,,,,,,,,,,,,,,,,,load,,1.0,2020-05-15 00:00:00,
506176,Fang Ce,方策,,,,0.0,,,,,,,,,,,,,,,,,,,,,,,,Fang,方,Ce,策,19.0,,,,,,,,,,,,,,,,,load,,1.0,2020-05-15 00:00:00,
506417,Fang Shiyao,方士堯,,,,0.0,,,,,,,,,,,,,,,,,,,,,,,,Fang,方,Shiyao,士堯,19.0,,,,,,,,,,,,,,,,,load,,1.0,2020-05-15 00:00:00,
506872,Fang Luan,方鑾,,,,0.0,,,,,,,,,,,,,,,,,,,,,,,,Fang,方,Luan,鑾,19.0,,,,,,,,,,,,,,,,,load,,1.0,2020-05-15 00:00:00,
507291,Fang Tang,方鏜,,,,0.0,,,,,,,,,,,,,,,,,,,,,,,,Fang,方,Tang,鏜,19.0,,,,,,,,,,,,,,,,,load,,1.0,2020-05-15 00:00:00,
507304,Fang Quan,方全,,,,0.0,,,,,,,,,,,,,,,,,,,,,,,,Fang,方,Quan,全,19.0,,,,,,,,,,,,,,,,,load,,1.0,2020-05-15 00:00:00,
508222,Fang Xin,方昕,,,,0.0,,,,,,,,,,,,,,,,,,,,,,,,Fang,方,Xin,昕,19.0,,,,,,,,,,,,,,,,,load,,1.0,2020-05-15 00:00:00,
508249,Fang Zheng,方政,,,,0.0,,,,,,,,,,,,,,,,,,,,,,,,Fang,方,Zheng,政,19.0,,,,,,,,,,,,,,,,,load,,1.0,2020-05-15 00:00:00,
508525,Fang Quan,方全,,,,0.0,,,,,,,,,,,,,,,,,,,,,,,,Fang,方,Quan,全,19.0,,,,,,,,,,,,,,,,,load,,1.0,2020-05-15 00:00:00,
508526,Fang Xian,方憲,,,,0.0,,,,,,,,,,,,,,,,,,,,,,,,Fang,方,Xian,憲,19.0,,,,,,,,,,,,,,,,,load,,1.0,2020-05-15 00:00:00,
509116,Fang Xiang,方向,,,,0.0,,,,,,,,,,,,,,,,,,,,,,,,Fang,方,Xiang,向,19.0,,,,,,,,,,,,,,,,,load,,1.0,2020-05-15 00:00:00,
509216,Fang Quan,方銓,,,,0.0,,,,,,,,,,,,,,,,,,,,,,,,Fang,方,Quan,銓,19.0,,,,,,,,,,,,,,,,,load,,1.0,2020-05-15 00:00:00,
509597,Fang Zan,方瓉,,,,0.0,,,,,,,,,,,,,,,,,,,,,,,,Fang,方,Zan,瓉,19.0,,,,,,,,,,,,,,,,,load,,1.0,2020-05-15 00:00:00,
509722,Fang Weihan,方維翰,,,,0.0,,,,,,,,,,,,,,,,,,,,,,,,Fang,方,Weihan,維翰,19.0,,,,,,,,,,,,,,,,,load,,1.0,2020-05-15 00:00:00,
509835,Fang Chen,方宸,,,,0.0,,,,,,,,,,,,,,,,,,,,,,,,Fang,方,Chen,宸,19.0,,,,,,,,,,,,,,,,,load,,1.0,2020-05-15 00:00:00,
509899,Fang Zheng,方正,,,,0.0,,,,,,,,,,,,,,,,,,,,,,,,Fang,方,Zheng,正,19.0,,,,,,,,,,,,,,,,,load,,1.0,2020-05-15 00:00:00,
509961,Fang Yu,方裕,,,,0.0,,,,,,,,,,,,,,,,,,,,,,,,Fang,方,Yu,裕,20.0,,,,,,,,,,,,,,,,,load,,1.0,2020-05-15 00:00:00,
509998,Fang Shen,方伸,,,,0.0,,,,,,,,,,,,,,,,,,,,,,,,Fang,方,Shen,伸,20.0,,,,,,,,,,,,,,,,,load,,1.0,2020-05-15 00:00:00,
510290,Fang Lun,方崙,,,,0.0,,,,,,,,,,,,,,,,,,,,,,,,Fang,方,Lun,崙,19.0,,,,,,,,,,,,,,,,,load,,1.0,2020-05-15 00:00:00,
510350,Fang Chuanzhi,方傳植,,,,0.0,,,,,,,,,,,,,,,,,,,,,,,,Fang,方,Chuanzhi,傳植,20.0,,,,,,,,,,,,,,,,,load,,1.0,2020-05-15 00:00:00,
510801,Fang Xian,方顯,,,,0.0,,,,,,,,,,,,,,,,,,,,,,,,Fang,方,Xian,顯,20.0,,,,,,,,,,,,,,,,,load,,1.0,2020-05-15 00:00:00,
510857,Fang Gong,方珙,,,,0.0,,,,,,,,,,,,,,,,,,,,,,,,Fang,方,Gong,珙,19.0,,,,,,,,,,,,,,,,,load,,1.0,2020-05-15 00:00:00,
511340,Fang Zhongshu,方仲舒,,,,,,,,,,,,,,,,,,,,,,,,,,,,Fang,方,Zhongshu,仲舒,20.0,,,,,,,,,,,,,,,,,load,,,2021-03-11 00:00:00,
511341,Fang Furuo,方孚若,,,,,,,,,,,,,,,,,,,,,,,,,,,,Fang,方,Furuo,孚若,15.0,,,,,,,,,,,,,,,,,load,,,2021-03-11 00:00:00,
511344,Fang Biao,方杓,,,,,,,,,,,,,,,,,,,,,,,,,,,,Fang,方,Biao,杓,20.0,,,,,,,,,,,,,,,,,load,,,2021-03-11 00:00:00,
511345,Fang Baitang,方柏堂,,,,,,,,,,,,,,,,,,,,,,,,,,,,Fang,方,Baitang,柏堂,21.0,,,,,,,,,,,,,,,,,load,,,2021-03-11 00:00:00,
511346,Fang Wuzhen,方武箴,,,,,,,,,,,,,,,,,,,,,,,,,,,,Fang,方,Wuzhen,武箴,20.0,,,,,,,,,,,,,,,,,load,,,2021-03-11 00:00:00,
511347,Fang Qingqing,方清卿,,,,,,,,,,,,,,,,,,,,,,,,,,,,Fang,方,Qingqing,清卿,15.0,,,,,,,,,,,,,,,,,load,,,2021-03-11 00:00:00,
511348,Fang Erzhi,方爾止,,,,,,,,,,,,,,,,,,,,,,,,,,,,Fang,方,Erzhi,爾止,20.0,,,,,,,,,,,,,,,,,load,,,2021-03-11 00:00:00,
511349,Fang Huan,方還,,,,,,,,,,,,,,,,,,,,,,,,,,,,Fang,方,Huan,還,20.0,,,,,,,,,,,,,,,,,load,,,2021-03-11 00:00:00,
513287,Fang Rongsheng,方榮升,,,,0.0,,,,,,,,,,,,,,,-1.0,,,,,,,,,Fang,方,Rongsheng,榮升,20.0,,,0.0,0.0,,,,,,,,, ,,, ,wangyining,wangyining,,2021-05-10 00:00:00,2021-05-10 00:00:00
513429,Fang Enlu,方恩露,,,,,,,,,,,,,,,,,,,,,,,,,,,,Fang,方,Enlu,恩露,20.0,,,,,,,,,,,,,,,,,load,,0.0,2021-05-20 00:00:00,
513430,Fang Daoxing,方道興,1698.0,11.0,34138.0,,,,,,,,,,,,,,,,,,,,,,,,,Fang,方,Daoxing,道興,20.0,,,,,,,,,,,,,,,,,load,,0.0,2021-05-20 00:00:00,
513431,Fang Chi,方熾,,,,,,,,,,,,,,,,,,,,,,,,,,,,Fang,方,Chi,熾,20.0,,,,,,,,,,,,,,,,,load,,0.0,2021-05-20 00:00:00,
513493,Fang Zongbin,方宗斌,,,,,,,,,,,,,,,,,,,,,,,,,,,,Fang,方,Zongbin,宗斌,20.0,,,,,,,,,,,,,,,,,load,,0.0,2021-05-20 00:00:00,
514226,Fang Ao,方鼇,1707.0,11.0,57111.0,,,,,,,,,,,,,,,,,,,,,,,,,Fang,方,Ao,鼇,20.0,,,,,,,,,,,,,,,,,load,,0.0,2021-05-20 00:00:00,
517436,Fang Lugong,方稑公,,,,,,,,,,,,,,,,,,,,,,,,,,,,Fang,方,Lugong,稑公,20.0,,,,,,,,,,,,,,,,,load,,0.0,2021-05-20 00:00:00,
517533,Fang Tingzhen,方廷珍,1864.0,11.0,58663.0,,,,,,,,,,,,,,,,,,,,,,,,,Fang,方,Tingzhen,廷珍,20.0,,,,,,,,,,,,,,,,,load,,0.0,2021-05-20 00:00:00,
517534,Fang Yuan,方原,1804.0,13.0,,,,,,,,,,,,,,,,,,,,,,,,,,Fang,方,Yuan,原,20.0,,,,,,,,,,,,,,,,,load,,0.0,2021-05-20 00:00:00,
517535,Fang Guiguan,方桂官,,,,,,,,,,,,,,,,,,,,,,,,,,,,Fang,方,Guiguan,桂官,20.0,,,,,,,,,,,,,,,,,load,,0.0,2021-05-20 00:00:00,
517545,Fang Yongying,方永瀛,1839.0,21.0,,,,,,,,,,,,,,,,,,,,,,,,,,Fang,方,Yongying,永瀛,20.0,,,,,,,,,,,,,,,,,load,,0.0,2021-05-20 00:00:00,
517546,Fang Zaihou,方在厚,1901.0,27.0,58672.0,,,,,,,,,,,,,,,,,,,,,,,,,Fang,方,Zaihou,在厚,20.0,,,,,,,,,,,,,,,,,load,,0.0,2021-05-20 00:00:00,
517547,Fang Suikui,方綏逵,1871.0,11.0,58672.0,,,,,,,,,,,,,,,,,,,,,,,,,Fang,方,Suikui,綏逵,20.0,,,,,,,,,,,,,,,,,load,,0.0,2021-05-20 00:00:00,
517548,Fang Suiyu,方綏煜,1871.0,11.0,58672.0,,,,,,,,,,,,,,,,,,,,,,,,,Fang,方,Suiyu,綏煜,20.0,,,,,,,,,,,,,,,,,load,,0.0,2021-05-20 00:00:00,
517549,Fang Suiyuan,方綏遠,1871.0,11.0,58672.0,,,,,,,,,,,,,,,,,,,,,,,,,Fang,方,Suiyuan,綏遠,20.0,,,,,,,,,,,,,,,,,load,,0.0,2021-05-20 00:00:00,
517550,Fang Suichao,方綏潮,1871.0,11.0,58672.0,,,,,,,,,,,,,,,,,,,,,,,,,Fang,方,Suichao,綏潮,20.0,,,,,,,,,,,,,,,,,load,,0.0,2021-05-20 00:00:00,
518915,Fang Shi,方世,,,,,,,,,,,,,,,,,,,,,,,,,,,,Fang,方,Shi,世,20.0,,,,,,,,,,,,,,,,,load,,0.0,2021-05-20 00:00:00,
520385,Fang Qiutai,方求泰,,,,,,,,,,,,,,,,,,,,,,,,,,,,Fang,方,Qiutai,求泰,20.0,,,,,,,,,,,,,,,,,load,,0.0,2021-05-20 00:00:00,
522023,Fang Shouyi,方守彝,1848.0,11.0,65637.0,,,,,,,,,,,,,,,,,,,,,,,,,Fang,方,Shouyi,守彝,20.0,,,,,,,,,,,,,,,,,load,,0.0,2021-05-20 00:00:00,
522024,Fang Peining,方培凝,1848.0,11.0,65637.0,,,,,,,,,,,,,,,,,,,,,,,,,Fang,方,Peining,培凝,20.0,,,,,,,,,,,,,,,,,load,,0.0,2021-05-20 00:00:00,
522025,Fang Xianyi,方獻彝,1848.0,11.0,65637.0,,,,,,,,,,,,,,,,,,,,,,,,,Fang,方,Xianyi,獻彝,20.0,,,,,,,,,,,,,,,,,load,,0.0,2021-05-20 00:00:00,
522026,Fang Hu,方護,,,,,,,,,,,,,,,,,,,,,,,,,,,,Fang,方,Hu,護,20.0,,,,,,,,,,,,,,,,,load,,0.0,2021-05-20 00:00:00,
523225,Fang Wenxin,方文信,,,,,,,,,,,,,,,,,,,,,,,,,,,,Fang,方,Wenxin,文信,19.0,,,,,,,,,,,,,,,,,load,,0.0,2021-05-20 00:00:00,
523226,Fang Xing,方行,1349.0,11.0,66270.0,,,,,,,,,,,,,,,,,,,,,,,,,Fang,方,Xing,行,19.0,,,,,,,,,,,,,,,,,load,,0.0,2021-05-20 00:00:00,
523227,Fang Boqi,方伯奇,1289.0,13.0,,,,,,,,,,,,,,,,,,,,,,,,,,Fang,方,Boqi,伯奇,19.0,,,,,,,,,,,,,,,,,load,,0.0,2021-05-20 00:00:00,
523228,Fang Mingshan,方明善,,,,,,,,,,,,,,,,,,,,,,,,,,,,Fang,方,Mingshan,明善,19.0,,,,,,,,,,,,,,,,,load,,0.0,2021-05-20 00:00:00,
523229,Fang Mingqian,方明謙,,,,,,,,,,,,,,,,,,,,,,,,,,,,Fang,方,Mingqian,明謙,19.0,,,,,,,,,,,,,,,,,load,,0.0,2021-05-20 00:00:00,
523230,Fang Guoying,方國瑛,1321.0,19.0,,,,,,,,,,,,,,,,,,,,,,,,,,Fang,方,Guoying,國瑛,19.0,,,,,,,,,,,,,,,,,load,,0.0,2021-05-20 00:00:00,
523231,Fang Guomin,方國珉,1321.0,19.0,,,,,,,,,,,,,,,,,,,,,,,,,,Fang,方,Guomin,國珉,19.0,,,,,,,,,,,,,,,,,load,,0.0,2021-05-20 00:00:00,
523232,Fang Guan,方關,1349.0,11.0,66270.0,,,,,,,,,,,,,,,,,,,,,,,,,Fang,方,Guan,關,19.0,,,,,,,,,,,,,,,,,load,,0.0,2021-05-20 00:00:00,
523417,Fang Ziye,方子野,,,,,,,,,,,,,,,,,,,,,,,,,,,,Fang,方,Ziye,子野,19.0,,,,,,,,,,,,,,,,,load,,0.0,2021-05-20 00:00:00,
523418,Fang Kejian,方克儉,,,,,,,,,,,,,,,,,,,,,,,,,,,,Fang,方,Kejian,克儉,19.0,,,,,,,,,,,,,,,,,load,,0.0,2021-05-20 00:00:00,
523437,Fang Jun,方均,,,,,,,,,,,,,,,,,,,,,,,,,,,,Fang,方,Jun,均,19.0,,,,,,,,,,,,,,,,,load,,0.0,2021-05-20 00:00:00,
524203,Fang Mengqi,方夢騏,1711.0,11.0,67059.0,,,,,,,,,,,,,,,,,,,,,,,,,Fang,方,Mengqi,夢騏,20.0,,,,,,,,,,,,,,,,,load,,0.0,2021-05-20 00:00:00,
524204,Fang Hongen,方鴻恩,1679.0,21.0,,,,,,,,,,,,,,,,,,,,,,,,,,Fang,方,Hongen,鴻恩,20.0,,,,,,,,,,,,,,,,,load,,0.0,2021-05-20 00:00:00,
524309,Fang Yiyuan,方一元,,,,,,,,,,,,,,,,,,,,,,,,,,,,Fang,方,Yiyuan,一元,19.0,,,,,,,,,,,,,,,,,load,,0.0,2021-05-20 00:00:00,
524310,Fang Dong,方東,,,,,,,,,,,,,,,,,,,,,,,,,,,,Fang,方,Dong,東,19.0,,,,,,,,,,,,,,,,,load,,0.0,2021-05-20 00:00:00,
524311,Fang Xin,方信,,,,,,,,,,,,,,,,,,,,,,,,,,,,Fang,方,Xin,信,19.0,,,,,,,,,,,,,,,,,load,,0.0,2021-05-20 00:00:00,
524312,Fang Deming,方得名,,,,,,,,,,,,,,,,,,,,,,,,,,,,Fang,方,Deming,得名,19.0,,,,,,,,,,,,,,,,,load,,0.0,2021-05-20 00:00:00,
524313,Fang Deming,方得銘,,,,,,,,,,,,,,,,,,,,,,,,,,,,Fang,方,Deming,得銘,19.0,,,,,,,,,,,,,,,,,load,,0.0,2021-05-20 00:00:00,
524314,Fang Shouxiang,方壽祥,1475.0,27.0,67206.0,,,,,,,,,,,,,,,,,,,,,,,,,Fang,方,Shouxiang,壽祥,19.0,,,,,,,,,,,,,,,,,load,,0.0,2021-05-20 00:00:00,
524315,Fang Ming,方銘,,,,,,,,,,,,,,,,,,,,,,,,,,,,Fang,方,Ming,銘,19.0,,,,,,,,,,,,,,,,,load,,0.0,2021-05-20 00:00:00,
524316,Fang Yi,方毅,1445.0,11.0,67206.0,,,,,,,,,,,,,,,,,,,,,,,,,Fang,方,Yi,毅,19.0,,,,,,,,,,,,,,,,,load,,0.0,2021-05-20 00:00:00,
524317,Fang Yingqi,方應奇,,,,,,,,,,,,,,,,,,,,,,,,,,,,Fang,方,Yingqi,應奇,19.0,,,,,,,,,,,,,,,,,load,,0.0,2021-05-20 00:00:00,
524873,Fang Shijin,方時進,1499.0,24.0,,,,,,,,,,,,,,,,,,,,,,,,,,Fang,方,Shijin,時進,19.0,,,,,,,,,,,,,,,,,load,,0.0,2021-05-20 00:00:00,
526046,Fang Yunsheng,方允盛,1455.0,13.0,,,,,,,,,,,,,,,,,,,,,,,,,,Fang,方,Yunsheng,允盛,19.0,,,,,,,,,,,,,,,,,load,,0.0,2021-05-20 00:00:00,
526047,Fang Zhi,方芷,,,,,,,,,,,,,,,,,,,,,,,,,,,,Fang,方,Zhi,芷,19.0,,,,,,,,,,,,,,,,,load,,0.0,2021-05-20 00:00:00,
526048,Fang Maofu,方茂夫,1483.0,21.0,,,,,,,,,,,,,,,,,,,,,,,,,,Fang,方,Maofu,茂夫,19.0,,,,,,,,,,,,,,,,,load,,0.0,2021-05-20 00:00:00,
526049,Fang Qu,方蕖,1515.0,11.0,68286.0,,,,,,,,,,,,,,,,,,,,,,,,,Fang,方,Qu,蕖,19.0,,,,,,,,,,,,,,,,,load,,0.0,2021-05-20 00:00:00,
526050,Fang Fan,方蘩,1515.0,11.0,68286.0,,,,,,,,,,,,,,,,,,,,,,,,,Fang,方,Fan,蘩,19.0,,,,,,,,,,,,,,,,,load,,0.0,2021-05-20 00:00:00,
526604,Fang Lihua,方立化,,,,,,,,,,,,,,,,,,,,,,,,,,,,Fang,方,Lihua,立化,20.0,,,,,,,,,,,,,,,,,load,,0.0,2021-05-20 00:00:00,
526605,Fang Liqian,方立乾,,,,,,,,,,,,,,,,,,,,,,,,,,,,Fang,方,Liqian,立乾,20.0,,,,,,,,,,,,,,,,,load,,0.0,2021-05-20 00:00:00,
526606,Fang Yi,方伊,,,,,,,,,,,,,,,,,,,,,,,,,,,,Fang,方,Yi,伊,20.0,,,,,,,,,,,,,,,,,load,,0.0,2021-05-20 00:00:00,
526607,Fang Shiping,方世平,1770.0,11.0,69000.0,,,,,,,,,,,,,,,,,,,,,,,,,Fang,方,Shiping,世平,20.0,,,,,,,,,,,,,,,,,load,,0.0,2021-05-20 00:00:00,
526608,Fang Shifu,方世紱,1770.0,11.0,69000.0,,,,,,,,,,,,,,,,,,,,,,,,,Fang,方,Shifu,世紱,20.0,,,,,,,,,,,,,,,,,load,,0.0,2021-05-20 00:00:00,
526609,Fang Shide,方世德,1770.0,11.0,69000.0,,,,,,,,,,,,,,,,,,,,,,,,,Fang,方,Shide,世德,20.0,,,,,,,,,,,,,,,,,load,,0.0,2021-05-20 00:00:00,
526610,Fang Shixing,方世興,1770.0,11.0,69000.0,,,,,,,,,,,,,,,,,,,,,,,,,Fang,方,Shixing,世興,20.0,,,,,,,,,,,,,,,,,load,,0.0,2021-05-20 00:00:00,
526611,Fang Qiying,方起英,1710.0,13.0,,,,,,,,,,,,,,,,,,,,,,,,,,Fang,方,Qiying,起英,20.0,,,,,,,,,,,,,,,,,load,,0.0,2021-05-20 00:00:00,
526612,Fang Shaolun,方紹倫,,,,,,,,,,,,,,,,,,,,,,,,,,,,Fang,方,Shaolun,紹倫,20.0,,,,,,,,,,,,,,,,,load,,0.0,2021-05-20 00:00:00,
526615,Fang Qiwen,方起雯,1722.0,11.0,69002.0,,,,,,,,,,,,,,,,,,,,,,,,,Fang,方,Qiwen,起雯,20.0,,,,,,,,,,,,,,,,,load,,0.0,2021-05-20 00:00:00,
526616,Fang Qipei,方起霈,1722.0,11.0,69002.0,,,,,,,,,,,,,,,,,,,,,,,,,Fang,方,Qipei,起霈,20.0,,,,,,,,,,,,,,,,,load,,0.0,2021-05-20 00:00:00,
526617,Fang Qilin,方起霖,1722.0,11.0,69002.0,,,,,,,,,,,,,,,,,,,,,,,,,Fang,方,Qilin,起霖,20.0,,,,,,,,,,,,,,,,,load,,0.0,2021-05-20 00:00:00,
526618,Fang Shenchen,方莘臣,,,,,,,,,,,,,,,,,,,,,,,,,,,,Fang,方,Shenchen,莘臣,20.0,,,,,,,,,,,,,,,,,load,,0.0,2021-05-20 00:00:00,
526619,Fang Jinsi,方藎思,1662.0,13.0,,,,,,,,,,,,,,,,,,,,,,,,,,Fang,方,Jinsi,藎思,20.0,,,,,,,,,,,,,,,,,load,,0.0,2021-05-20 00:00:00,
526629,Fang Daoyong,方道永,1695.0,11.0,34137.0,,,,,,,,,,,,,,,,,,,,,,,,,Fang,方,Daoyong,道永,20.0,,,,,,,,,,,,,,,,,load,,0.0,2021-05-20 00:00:00,
526630,Fang Zhiwan,方直完,,,,,,,,,,,,,,,,,,,,,,,,,,,,Fang,方,Zhiwan,直完,20.0,,,,,,,,,,,,,,,,,load,,0.0,2021-05-20 00:00:00,
526631,Fang Shutian,方書田,1582.0,13.0,,,,,,,,,,,,,,,,,,,,,,,,,,Fang,方,Shutian,書田,20.0,,,,,,,,,,,,,,,,,load,,0.0,2021-05-20 00:00:00,
526632,Fang Weishan,方維善,1799.0,12.0,69009.0,,,,,,,,,,,,,,,,,,,,,,,,,Fang,方,Weishan,維善,20.0,,,,,,,,,,,,,,,,,load,,0.0,2021-05-20 00:00:00,
526633,Fang Shichun,方士湻,1591.0,13.0,,,,,,,,,,,,,,,,,,,,,,,,,,Fang,方,Shichun,士湻,20.0,,,,,,,,,,,,,,,,,load,,0.0,2021-05-20 00:00:00,
526641,Fang Shoujing,方守敬,1769.0,12.0,69013.0,,,,,,,,,,,,,,,,,,,,,,,,,Fang,方,Shoujing,守敬,20.0,,,,,,,,,,,,,,,,,load,,0.0,2021-05-20 00:00:00,
526642,Fang Shuofu,方碩輔,1857.0,12.0,69016.0,,,,,,,,,,,,,,,,,,,,,,,,,Fang,方,Shuofu,碩輔,20.0,,,,,,,,,,,,,,,,,load,,0.0,2021-05-20 00:00:00,
526643,Fang Lvyun,方履筠,1792.0,19.0,,,,,,,,,,,,,,,,,,,,,,,,,,Fang,方,Lvyun,履筠,20.0,,,,,,,,,,,,,,,,,load,,0.0,2021-05-20 00:00:00,
526644,Fang Junchen,方駿諶,1820.0,11.0,69025.0,,,,,,,,,,,,,,,,,,,,,,,,,Fang,方,Junchen,駿諶,20.0,,,,,,,,,,,,,,,,,load,,0.0,2021-05-20 00:00:00,
526645,Fang Junmi,方駿謐,1820.0,11.0,69025.0,,,,,,,,,,,,,,,,,,,,,,,,,Fang,方,Junmi,駿謐,20.0,,,,,,,,,,,,,,,,,load,,0.0,2021-05-20 00:00:00,
526647,Fang Jingquan,方經權,,,,,,,,,,,,,,,,,,,,,,,,,,,,Fang,方,Jingquan,經權,20.0,,,,,,,,,,,,,,,,,load,,0.0,2021-05-20 00:00:00,
526648,Fang Tingrui,方廷瑞,1766.0,11.0,30201.0,,,,,,,,,,,,,,,,,,,,,,,,,Fang,方,Tingrui,廷瑞,20.0,,,,,,,,,,,,,,,,,load,,0.0,2021-05-20 00:00:00,
527196,Fang Yinsi,方引禩,,,,,,,,,,,,,,,,,,,,,,,,,,,,Fang,方,Yinsi,引禩,20.0,,,,,,,,,,,,,,,,,load,,0.0,2021-05-20 00:00:00,
527547,Fang Shihong,方世鴻,1595.0,12.0,124056.0,,,,,,,,,,,,,,,,,,,,,,,,,Fang,方,Shihong,世鴻,19.0,,,,,,,,,,,,,,,,,load,,0.0,2021-05-20 00:00:00,
527548,Fang Jichong,方季冲,1595.0,12.0,124056.0,,,,,,,,,,,,,,,,,,,,,,,,,Fang,方,Jichong,季冲,19.0,,,,,,,,,,,,,,,,,load,,0.0,2021-05-20 00:00:00,
527549,Fang Shuhao,方淑灝,1595.0,12.0,124056.0,,,,,,,,,,,,,,,,,,,,,,,,,Fang,方,Shuhao,淑灝,19.0,,,,,,,,,,,,,,,,,load,,0.0,2021-05-20 00:00:00,
527968,Fang Zhangyue,方章鉞,1626.0,11.0,72564.0,,,,,,,,,,,,,,,,,,,,,,,,,Fang,方,Zhangyue,章鉞,20.0,,,,,,,,,,,,,,,,,load,,0.0,2021-05-20 00:00:00,
528041,Fang Gongren,方恭人,1608.0,15.0,,,,,,,,,,,,,,,,,,,,,,,,,,Fang,方,Gongren,恭人,20.0,,,,,,,,,,,,,,,,,load,,0.0,2021-05-20 00:00:00,
528289,Fang Xiaoyue,方孝岳,,,,,,,,,,,,,,,,,,,,,,,,,,,,Fang,方,Xiaoyue,孝岳,21.0,,,,,,,,,,,,,,,,,load,,0.0,2021-05-20 00:00:00,
528290,Fang Shubao,方書保,1915.0,27.0,70985.0,,,,,,,,,,,,,,,,,,,,,,,,,Fang,方,Shubao,書保,21.0,,,,,,,,,,,,,,,,,load,,0.0,2021-05-20 00:00:00,
528291,Fang Shuwu,方舒蕪,1915.0,27.0,70985.0,,,,,,,,,,,,,,,,,,,,,,,,,Fang,方,Shuwu,舒蕪,21.0,,,,,,,,,,,,,,,,,load,,0.0,2021-05-20 00:00:00,
528292,Fang Guan,方管,1915.0,27.0,70985.0,,,,,,,,,,,,,,,,,,,,,,,,,Fang,方,Guan,管,21.0,,,,,,,,,,,,,,,,,load,,0.0,2021-05-20 00:00:00,
528787,Fang Xiong,方雄,1912.0,19.0,,,,,,,,,,,,,,,,,,,,,,,,,,Fang,方,Xiong,雄,20.0,,,,,,,,,,,,,,,,,load,,0.0,2021-05-20 00:00:00,
531481,Fang Maogong,方懋恭,1136.0,5.0,,0.0,100352.0,1.0,,,,,,,,,,,,,,,,,,,,,,Fang,方,Maogong,懋恭,15.0,,,,,,,,,,,,,,,,,load,,1.0,2021-08-09 00:00:00,
531482,Fang Yingzhi,方應之,1136.0,5.0,,0.0,14362.0,1.0,,,,,,,,,,,,,,,,,,,,,,Fang,方,Yingzhi,應之,15.0,,,,,,,,,,,,,,,,,load,,1.0,2021-08-09 00:00:00,
531603,Fang Wei,方緯,,,,0.0,13949.0,1.0,,,,,,,,,,,,,,,,,,,,,,Fang,方,Wei,緯,15.0,,,,,,,,,,,,,,,,,load,,1.0,2021-08-09 00:00:00,
531630,Fang Maolie,方懋烈,1139.0,5.0,,0.0,100352.0,1.0,,,,,,,,,,,,,,,,,,,,,,Fang,方,Maolie,懋烈,15.0,,,,,,,,,,,,,,,,,load,,1.0,2021-08-09 00:00:00,
531679,Fang Kuo,方括,1139.0,5.0,,0.0,26123.0,1.0,,,,,,,,,,,,,,,,,,,,,,Fang,方,Kuo,括,15.0,,,,,,,,,,,,,,,,,load,,1.0,2021-08-09 00:00:00,
531692,Fang Bing,方炳,1139.0,5.0,,0.0,100352.0,1.0,,,,,,,,,,,,,,,,,,,,,,Fang,方,Bing,炳,15.0,,,,,,,,,,,,,,,,,load,,1.0,2021-08-09 00:00:00,
531703,Fang Xuan,方烜,1139.0,5.0,,0.0,13908.0,1.0,,,,,,,,,,,,,,,,,,,,,,Fang,方,Xuan,烜,15.0,,,,,,,,,,,,,,,,,load,,1.0,2021-08-09 00:00:00,
531724,Fang Yuangong,方元功,1139.0,5.0,,0.0,100531.0,1.0,,,,,,,,,,,,,,,,,,,,,,Fang,方,Yuangong,元功,15.0,,,,,,,,,,,,,,,,,load,,1.0,2021-08-09 00:00:00,
531825,Fang Zhuo,方斫,,,,0.0,12798.0,1.0,,,,,,,,,,,,,,,,,,,,,,Fang,方,Zhuo,斫,15.0,,,,,,,,,,,,,,,,,load,,1.0,2021-08-09 00:00:00,
531933,Fang Hu,方壺,1142.0,5.0,,0.0,12854.0,1.0,,,,,,,,,,,,,,,,,,,,,,Fang,方,Hu,壺,15.0,,,,,,,,,,,,,,,,,load,,1.0,2021-08-09 00:00:00,
532004,Fang Can,方參,,,,0.0,100531.0,1.0,,,,,,,,,,,,,,,,,,,,,,Fang,方,Can,參,15.0,,,,,,,,,,,,,,,,,load,,1.0,2021-08-09 00:00:00,
532018,Fang Dian,方點,1058.0,5.0,,0.0,12841.0,1.0,,,,,,,,,,,,,,,,,,,,,,Fang,方,Dian,點,15.0,,,,,,,,,,,,,,,,,load,,1.0,2021-08-09 00:00:00,
532077,Fang Junsheng,方駿聲,1058.0,5.0,,0.0,100632.0,1.0,,,,,,,,,,,,,,,,,,,,,,Fang,方,Junsheng,駿聲,15.0,,,,,,,,,,,,,,,,,load,,1.0,2021-08-09 00:00:00,
532135,Fang Qi,方頎,,,,0.0,100531.0,1.0,,,,,,,,,,,,,,,,,,,,,,Fang,方,Qi,頎,15.0,,,,,,,,,,,,,,,,,load,,1.0,2021-08-09 00:00:00,
532136,Fang Shidan,方師旦,,,,0.0,100531.0,1.0,,,,,,,,,,,,,,,,,,,,,,Fang,方,Shidan,師旦,15.0,,,,,,,,,,,,,,,,,load,,1.0,2021-08-09 00:00:00,
532190,Fang Qiong,方瓊,1061.0,5.0,,0.0,100563.0,1.0,,,,,,,,,,,,,,,,,,,,,,Fang,方,Qiong,瓊,15.0,,,,,,,,,,,,,,,,,load,,1.0,2021-08-09 00:00:00,
532191,Fang Can,方參,1061.0,5.0,,0.0,100352.0,1.0,,,,,,,,,,,,,,,,,,,,,,Fang,方,Can,參,15.0,,,,,,,,,,,,,,,,,load,,1.0,2021-08-09 00:00:00,
532303,Fang Rui,方鋭,1070.0,5.0,,0.0,12800.0,1.0,,,,,,,,,,,,,,,,,,,,,,Fang,方,Rui,鋭,15.0,,,,,,,,,,,,,,,,,load,,1.0,2021-08-09 00:00:00,
532343,Fang Bo,方勃,1070.0,5.0,,0.0,12855.0,1.0,,,,,,,,,,,,,,,,,,,,,,Fang,方,Bo,勃,15.0,,,,,,,,,,,,,,,,,load,,1.0,2021-08-09 00:00:00,
532361,Fang Zhu,方洙,1070.0,5.0,,0.0,12879.0,1.0,,,,,,,,,,,,,,,,,,,,,,Fang,方,Zhu,洙,15.0,,,,,,,,,,,,,,,,,load,,1.0,2021-08-09 00:00:00,
532499,Fang Shiyan,方師顏,1049.0,5.0,,0.0,100531.0,1.0,,,,,,,,,,,,,,,,,,,,,,Fang,方,Shiyan,師顏,15.0,,,,,,,,,,,,,,,,,load,,1.0,2021-08-09 00:00:00,
532502,Fang Gonggun,方公衮,1049.0,5.0,,0.0,13949.0,1.0,,,,,,,,,,,,,,,,,,,,,,Fang,方,Gonggun,公衮,15.0,,,,,,,,,,,,,,,,,load,,1.0,2021-08-09 00:00:00,
532697,Fang Tingjian,方廷堅,,,,0.0,13195.0,1.0,,,,,,,,,,,,,,,,,,,,,,Fang,方,Tingjian,廷堅,15.0,,,,,,,,,,,,,,,,,load,,1.0,2021-08-09 00:00:00,
532798,Fang Shuang,方塽,1055.0,5.0,,0.0,100531.0,1.0,,,,,,,,,,,,,,,,,,,,,,Fang,方,Shuang,塽,15.0,,,,,,,,,,,,,,,,,load,,1.0,2021-08-09 00:00:00,
533229,Fang Guisen,方桂森,1241.0,5.0,,0.0,12852.0,1.0,,,,,,,,,,,,,,,,,,,,,,Fang,方,Guisen,桂森,15.0,,,,,,,,,,,,,,,,,load,,1.0,2021-08-09 00:00:00,
533306,Fang Yuanxiu,方元秀,,,,0.0,26123.0,1.0,,,,,,,,,,,,,,,,,,,,,,Fang,方,Yuanxiu,元秀,15.0,,,,,,,,,,,,,,,,,load,,1.0,2021-08-09 00:00:00,
533826,Fang Zhaohu,方召虎,,,,0.0,26123.0,1.0,,,,,,,,,,,,,,,,,,,,,,Fang,方,Zhaohu,召虎,15.0,,,,,,,,,,,,,,,,,load,,1.0,2021-08-09 00:00:00,
534142,Fang Dounan,方斗南,,,,0.0,100531.0,1.0,,,,,,,,,,,,,,,,,,,,,,Fang,方,Dounan,斗南,15.0,,,,,,,,,,,,,,,,,load,,1.0,2021-08-09 00:00:00,
534156,Fang Yingdai,方應待,,,,0.0,12781.0,1.0,,,,,,,,,,,,,,,,,,,,,,Fang,方,Yingdai,應待,15.0,,,,,,,,,,,,,,,,,load,,1.0,2021-08-09 00:00:00,
534290,Fang Youfu,方有孚,1238.0,5.0,,0.0,26123.0,1.0,,,,,,,,,,,,,,,,,,,,,,Fang,方,Youfu,有孚,15.0,,,,,,,,,,,,,,,,,load,,1.0,2021-08-09 00:00:00,
534347,Fang Jian,方鑑,1238.0,5.0,,0.0,12740.0,1.0,,,,,,,,,,,,,,,,,,,,,,Fang,方,Jian,鑑,15.0,,,,,,,,,,,,,,,,,load,,1.0,2021-08-09 00:00:00,
534435,Fang Dangya,方當涯,1238.0,5.0,,0.0,13195.0,1.0,,,,,,,,,,,,,,,,,,,,,,Fang,方,Dangya,當涯,15.0,,,,,,,,,,,,,,,,,load,,1.0,2021-08-09 00:00:00,
534464,Fang Guiying,方桂英,1238.0,5.0,,0.0,13195.0,1.0,,,,,,,,,,,,,,,,,,,,,,Fang,方,Guiying,桂英,15.0,,,,,,,,,,,,,,,,,load,,1.0,2021-08-09 00:00:00,
534531,Fang Mengshen,方夢申,,,,0.0,13870.0,1.0,,,,,,,,,,,,,,,,,,,,,,Fang,方,Mengshen,夢申,15.0,,,,,,,,,,,,,,,,,load,,1.0,2021-08-09 00:00:00,
534689,Fang Fa,方發,1184.0,5.0,,0.0,13949.0,1.0,,,,,,,,,,,,,,,,,,,,,,Fang,方,Fa,發,15.0,,,,,,,,,,,,,,,,,load,,1.0,2021-08-09 00:00:00,
535271,Fang Ji,方機,,,,0.0,13868.0,1.0,,,,,,,,,,,,,,,,,,,,,,Fang,方,Ji,機,15.0,,,,,,,,,,,,,,,,,load,,1.0,2021-08-09 00:00:00,
535301,Fang Yi,方易,,,,0.0,26123.0,1.0,,,,,,,,,,,,,,,,,,,,,,Fang,方,Yi,易,15.0,,,,,,,,,,,,,,,,,load,,1.0,2021-08-09 00:00:00,
535439,Fang Zhan,方湛,1193.0,5.0,,0.0,26123.0,1.0,,,,,,,,,,,,,,,,,,,,,,Fang,方,Zhan,湛,15.0,,,,,,,,,,,,,,,,,load,,1.0,2021-08-09 00:00:00,
535620,Fang Gui,方桂,,,,0.0,12795.0,1.0,,,,,,,,,,,,,,,,,,,,,,Fang,方,Gui,桂,15.0,,,,,,,,,,,,,,,,,load,,1.0,2021-08-09 00:00:00,
535769,Fang Yuxi,方禹錫,1187.0,5.0,,0.0,13870.0,1.0,,,,,,,,,,,,,,,,,,,,,,Fang,方,Yuxi,禹錫,15.0,,,,,,,,,,,,,,,,,load,,1.0,2021-08-09 00:00:00,
536471,Fang Yingyou,方應酉,,,,0.0,26123.0,1.0,,,,,,,,,,,,,,,,,,,,,,Fang,方,Yingyou,應酉,15.0,,,,,,,,,,,,,,,,,load,,1.0,2021-08-09 00:00:00,
536538,Fang Yuanda,方元達,,,,0.0,100531.0,1.0,,,,,,,,,,,,,,,,,,,,,,Fang,方,Yuanda,元達,15.0,,,,,,,,,,,,,,,,,load,,1.0,2021-08-09 00:00:00,
536542,Fang Yingchen,方應辰,,,,0.0,100228.0,1.0,,,,,,,,,,,,,,,,,,,,,,Fang,方,Yingchen,應辰,15.0,,,,,,,,,,,,,,,,,load,,1.0,2021-08-09 00:00:00,
536548,Fang Shoufu,方壽甫,,,,0.0,100531.0,1.0,,,,,,,,,,,,,,,,,,,,,,Fang,方,Shoufu,壽甫,15.0,,,,,,,,,,,,,,,,,load,,1.0,2021-08-09 00:00:00,
536655,Fang Ruo,方若,1207.0,5.0,,0.0,12733.0,1.0,,,,,,,,,,,,,,,,,,,,,,Fang,方,Ruo,若,15.0,,,,,,,,,,,,,,,,,load,,1.0,2021-08-09 00:00:00,
536764,Fang Yie,方一鶚,1207.0,5.0,,0.0,30077.0,1.0,,,,,,,,,,,,,,,,,,,,,,Fang,方,Yie,一鶚,15.0,,,,,,,,,,,,,,,,,load,,1.0,2021-08-09 00:00:00,
536949,Fang Chun,方醇,1031.0,5.0,,0.0,12845.0,1.0,,,,,,,,,,,,,,,,,,,,,,Fang,方,Chun,醇,15.0,,,,,,,,,,,,,,,,,load,,1.0,2021-08-09 00:00:00,
536980,Fang Chang,方場,1031.0,5.0,,0.0,100531.0,1.0,,,,,,,,,,,,,,,,,,,,,,Fang,方,Chang,場,15.0,,,,,,,,,,,,,,,,,load,,1.0,2021-08-09 00:00:00,
537093,Fang Pu,方溥,978.0,5.0,,0.0,12852.0,1.0,,,,,,,,,,,,,,,,,,,,,,Fang,方,Pu,溥,15.0,,,,,,,,,,,,,,,,,load,,1.0,2021-08-09 00:00:00,
537158,Fang Bian,方變,,,,0.0,26123.0,1.0,,,,,,,,,,,,,,,,,,,,,,Fang,方,Bian,變,15.0,,,,,,,,,,,,,,,,,load,,1.0,2021-08-09 00:00:00,
537362,Fang Yanhui,方彥回,1079.0,5.0,,0.0,13949.0,1.0,,,,,,,,,,,,,,,,,,,,,,Fang,方,Yanhui,彥回,15.0,,,,,,,,,,,,,,,,,load,,1.0,2021-08-09 00:00:00,
537691,Fang Zhiping,方之平,1091.0,5.0,,0.0,12716.0,1.0,,,,,,,,,,,,,,,,,,,,,,Fang,方,Zhiping,之平,15.0,,,,,,,,,,,,,,,,,load,,1.0,2021-08-09 00:00:00,
538000,Fang Bangji,方邦基,1094.0,5.0,,0.0,14077.0,1.0,,,,,,,,,,,,,,,,,,,,,,Fang,方,Bangji,邦基,15.0,,,,,,,,,,,,,,,,,load,,1.0,2021-08-09 00:00:00,
538065,Fang Yi,方異,1094.0,5.0,,0.0,100531.0,1.0,,,,,,,,,,,,,,,,,,,,,,Fang,方,Yi,異,15.0,,,,,,,,,,,,,,,,,load,,1.0,2021-08-09 00:00:00,
538081,Fang Shi,方湜,1094.0,5.0,,0.0,12855.0,1.0,,,,,,,,,,,,,,,,,,,,,,Fang,方,Shi,湜,15.0,,,,,,,,,,,,,,,,,load,,1.0,2021-08-09 00:00:00,
538386,Fang Wenxian,方文賢,1196.0,5.0,,0.0,12843.0,1.0,,,,,,,,,,,,,,,,,,,,,,Fang,方,Wenxian,文賢,15.0,,,,,,,,,,,,,,,,,load,,1.0,2021-08-09 00:00:00,
538739,Fang Yingjing,方應景,,,,0.0,13868.0,1.0,,,,,,,,,,,,,,,,,,,,,,Fang,方,Yingjing,應景,15.0,,,,,,,,,,,,,,,,,load,,1.0,2021-08-09 00:00:00,
538875,Fang Xu,方續,1223.0,5.0,,0.0,26123.0,1.0,,,,,,,,,,,,,,,,,,,,,,Fang,方,Xu,續,15.0,,,,,,,,,,,,,,,,,load,,1.0,2021-08-09 00:00:00,
539082,Fang Deyuan,方德元,,,,0.0,100531.0,1.0,,,,,,,,,,,,,,,,,,,,,,Fang,方,Deyuan,德元,15.0,,,,,,,,,,,,,,,,,load,,1.0,2021-08-09 00:00:00,
539204,Fang Dayou,方大猷,,,,0.0,100531.0,1.0,,,,,,,,,,,,,,,,,,,,,,Fang,方,Dayou,大猷,15.0,,,,,,,,,,,,,,,,,load,,1.0,2021-08-09 00:00:00,
539830,Fang Zhaofu,方昭輔,1098.0,5.0,,0.0,12881.0,1.0,,,,,,,,,,,,,,,,,,,,,,Fang,方,Zhaofu,昭輔,15.0,,,,,,,,,,,,,,,,,load,,1.0,2021-08-09 00:00:00,
539966,Fang Fudao,方複道,,,,0.0,26123.0,1.0,,,,,,,,,,,,,,,,,,,,,,Fang,方,Fudao,複道,15.0,,,,,,,,,,,,,,,,,load,,1.0,2021-08-09 00:00:00,
540025,Fang Long,方隆,1166.0,5.0,,0.0,13870.0,1.0,,,,,,,,,,,,,,,,,,,,,,Fang,方,Long,隆,15.0,,,,,,,,,,,,,,,,,load,,1.0,2021-08-09 00:00:00,
540143,Fang Qiang,方强,1166.0,5.0,,0.0,26123.0,1.0,,,,,,,,,,,,,,,,,,,,,,Fang,方,Qiang,强,15.0,,,,,,,,,,,,,,,,,load,,1.0,2021-08-09 00:00:00,
540248,Fang Bing,方丙,,,,0.0,26123.0,1.0,,,,,,,,,,,,,,,,,,,,,,Fang,方,Bing,丙,15.0,,,,,,,,,,,,,,,,,load,,1.0,2021-08-09 00:00:00,
540292,Fang Huan,方焕,,,,0.0,100228.0,1.0,,,,,,,,,,,,,,,,,,,,,,Fang,方,Huan,焕,15.0,,,,,,,,,,,,,,,,,load,,1.0,2021-08-09 00:00:00,
540711,Fang Jun,方俊,,,,0.0,12888.0,1.0,,,,,,,,,,,,,,,,,,,,,,Fang,方,Jun,俊,15.0,,,,,,,,,,,,,,,,,load,,1.0,2021-08-09 00:00:00,
540736,Fang Shenjin,方慎進,,,,0.0,100531.0,1.0,,,,,,,,,,,,,,,,,,,,,,Fang,方,Shenjin,慎進,15.0,,,,,,,,,,,,,,,,,load,,1.0,2021-08-09 00:00:00,
540740,Fang Shichang,方師常,,,,0.0,100531.0,1.0,,,,,,,,,,,,,,,,,,,,,,Fang,方,Shichang,師常,15.0,,,,,,,,,,,,,,,,,load,,1.0,2021-08-09 00:00:00,
540891,Fang Chunyan,方純彥,1082.0,5.0,,0.0,12690.0,1.0,,,,,,,,,,,,,,,,,,,,,,Fang,方,Chunyan,純彥,15.0,,,,,,,,,,,,,,,,,load,,1.0,2021-08-09 00:00:00,
541142,Fang Anxing,方安行,1085.0,5.0,,0.0,100352.0,1.0,,,,,,,,,,,,,,,,,,,,,,Fang,方,Anxing,安行,15.0,,,,,,,,,,,,,,,,,load,,1.0,2021-08-09 00:00:00,
541220,Fang Que,方慤,,,,0.0,100352.0,1.0,,,,,,,,,,,,,,,,,,,,,,Fang,方,Que,慤,15.0,,,,,,,,,,,,,,,,,load,,1.0,2021-08-09 00:00:00,
541233,Fang Pou,方裒,,,,0.0,26123.0,1.0,,,,,,,,,,,,,,,,,,,,,,Fang,方,Pou,裒,15.0,,,,,,,,,,,,,,,,,load,,1.0,2021-08-09 00:00:00,
541238,Fang Zhidao,方志道,,,,0.0,13869.0,1.0,,,,,,,,,,,,,,,,,,,,,,Fang,方,Zhidao,志道,15.0,,,,,,,,,,,,,,,,,load,,1.0,2021-08-09 00:00:00,
541267,Fang Yu,方隅,1088.0,5.0,,0.0,12876.0,1.0,,,,,,,,,,,,,,,,,,,,,,Fang,方,Yu,隅,15.0,,,,,,,,,,,,,,,,,load,,1.0,2021-08-09 00:00:00,
541444,Fang Songbin,方宋賓,1088.0,5.0,,0.0,13949.0,1.0,,,,,,,,,,,,,,,,,,,,,,Fang,方,Songbin,宋賓,15.0,,,,,,,,,,,,,,,,,load,,1.0,2021-08-09 00:00:00,
541495,Fang Nanfu,方南阜,,,,0.0,13868.0,1.0,,,,,,,,,,,,,,,,,,,,,,Fang,方,Nanfu,南阜,15.0,,,,,,,,,,,,,,,,,load,,1.0,2021-08-09 00:00:00,
541496,Fang Gongxian,方公顯,,,,0.0,100531.0,1.0,,,,,,,,,,,,,,,,,,,,,,Fang,方,Gongxian,公顯,15.0,,,,,,,,,,,,,,,,,load,,1.0,2021-08-09 00:00:00,
541497,Fang He,方赫,1073.0,5.0,,0.0,12763.0,1.0,,,,,,,,,,,,,,,,,,,,,,Fang,方,He,赫,15.0,,,,,,,,,,,,,,,,,load,,1.0,2021-08-09 00:00:00,
541498,Fang Bi,方庇,,,,0.0,13949.0,1.0,,,,,,,,,,,,,,,,,,,,,,Fang,方,Bi,庇,15.0,,,,,,,,,,,,,,,,,load,,1.0,2021-08-09 00:00:00,
541499,Fang Yan,方顔,1118.0,5.0,,0.0,12881.0,1.0,,,,,,,,,,,,,,,,,,,,,,Fang,方,Yan,顔,15.0,,,,,,,,,,,,,,,,,load,,1.0,2021-08-09 00:00:00,
541500,Fang Shu,方樞,,,,0.0,13870.0,1.0,,,,,,,,,,,,,,,,,,,,,,Fang,方,Shu,樞,15.0,,,,,,,,,,,,,,,,,load,,1.0,2021-08-09 00:00:00,
541501,Fang Yuanshen,方元宷,,,,0.0,100531.0,1.0,,,,,,,,,,,,,,,,,,,,,,Fang,方,Yuanshen,元宷,15.0,,,,,,,,,,,,,,,,,load,,1.0,2021-08-09 00:00:00,
541502,Fang Fusong,方輔宋,1043.0,5.0,,0.0,100531.0,1.0,,,,,,,,,,,,,,,,,,,,,,Fang,方,Fusong,輔宋,15.0,,,,,,,,,,,,,,,,,load,,1.0,2021-08-09 00:00:00,
541503,Fang Yingceng,方瑩曾,,,,0.0,100531.0,1.0,,,,,,,,,,,,,,,,,,,,,,Fang,方,Yingceng,瑩曾,15.0,,,,,,,,,,,,,,,,,load,,1.0,2021-08-09 00:00:00,
541504,Fang Shibin,方士玢,,,,0.0,100531.0,1.0,,,,,,,,,,,,,,,,,,,,,,Fang,方,Shibin,士玢,15.0,,,,,,,,,,,,,,,,,load,,1.0,2021-08-09 00:00:00,
541505,Fang Shixie,方士卨,1145.0,5.0,,0.0,100531.0,1.0,,,,,,,,,,,,,,,,,,,,,,Fang,方,Shixie,士卨,15.0,,,,,,,,,,,,,,,,,load,,1.0,2021-08-09 00:00:00,
541506,Fang Xiang,方襄,,,,0.0,13870.0,1.0,,,,,,,,,,,,,,,,,,,,,,Fang,方,Xiang,襄,15.0,,,,,,,,,,,,,,,,,load,,1.0,2021-08-09 00:00:00,
541507,Fang Yin,方寅,,,,0.0,13870.0,1.0,,,,,,,,,,,,,,,,,,,,,,Fang,方,Yin,寅,15.0,,,,,,,,,,,,,,,,,load,,1.0,2021-08-09 00:00:00,
541508,Fang Yinggeng,方應賡,,,,0.0,13949.0,1.0,,,,,,,,,,,,,,,,,,,,,,Fang,方,Yinggeng,應賡,15.0,,,,,,,,,,,,,,,,,load,,1.0,2021-08-09 00:00:00,
541509,Fang Jun,方浚,,,,0.0,100531.0,1.0,,,,,,,,,,,,,,,,,,,,,,Fang,方,Jun,浚,15.0,,,,,,,,,,,,,,,,,load,,1.0,2021-08-09 00:00:00,
541510,Fang Cou,方湊,,,,0.0,13949.0,1.0,,,,,,,,,,,,,,,,,,,,,,Fang,方,Cou,湊,15.0,,,,,,,,,,,,,,,,,load,,1.0,2021-08-09 00:00:00,
541511,Fang Qiyi,方其乂,,,,0.0,100531.0,1.0,,,,,,,,,,,,,,,,,,,,,,Fang,方,Qiyi,其乂,15.0,,,,,,,,,,,,,,,,,load,,1.0,2021-08-09 00:00:00,
541512,Fang Guan,方貫,,,,0.0,13949.0,1.0,,,,,,,,,,,,,,,,,,,,,,Fang,方,Guan,貫,15.0,,,,,,,,,,,,,,,,,load,,1.0,2021-08-09 00:00:00,
541513,Fang Zhe,方喆,1073.0,5.0,,0.0,12763.0,1.0,,,,,,,,,,,,,,,,,,,,,,Fang,方,Zhe,喆,15.0,,,,,,,,,,,,,,,,,load,,1.0,2021-08-09 00:00:00,
541514,Fang Leihuan,方雷焕,1199.0,5.0,,0.0,13949.0,1.0,,,,,,,,,,,,,,,,,,,,,,Fang,方,Leihuan,雷焕,15.0,,,,,,,,,,,,,,,,,load,,1.0,2021-08-09 00:00:00,
541515,Fang Hong,方竑,1133.0,5.0,,0.0,100531.0,1.0,,,,,,,,,,,,,,,,,,,,,,Fang,方,Hong,竑,15.0,,,,,,,,,,,,,,,,,load,,1.0,2021-08-09 00:00:00,
541523,Fang Nanzhong,方南仲,,,,0.0,12671.0,1.0,,,,,,,,,,,,,,,,,,,,,,Fang,方,Nanzhong,南仲,15.0,,,,,,,,,,,,,,,,,load,,1.0,2021-08-09 00:00:00,
541688,Fang Longrong,方龍榮,1232.0,5.0,,0.0,12736.0,1.0,,,,,,,,,,,,,,,,,,,,,,Fang,方,Longrong,龍榮,15.0,,,,,,,,,,,,,,,,,load,,1.0,2021-08-09 00:00:00,
541691,Fang Yanwu,方炎午,1232.0,5.0,,0.0,14362.0,1.0,,,,,,,,,,,,,,,,,,,,,,Fang,方,Yanwu,炎午,15.0,,,,,,,,,,,,,,,,,load,,1.0,2021-08-09 00:00:00,
541747,Fang Ronglong,方榮龍,1232.0,5.0,,0.0,100512.0,1.0,,,,,,,,,,,,,,,,,,,,,,Fang,方,Ronglong,榮龍,15.0,,,,,,,,,,,,,,,,,load,,1.0,2021-08-09 00:00:00,
542139,Fang Ganxuan,方干宣,,,,0.0,13870.0,1.0,,,,,,,,,,,,,,,,,,,,,,Fang,方,Ganxuan,干宣,15.0,,,,,,,,,,,,,,,,,load,,1.0,2021-08-09 00:00:00,
542341,Fang Gui,方圭,962.0,5.0,,0.0,12854.0,1.0,,,,,,,,,,,,,,,,,,,,,,Fang,方,Gui,圭,15.0,,,,,,,,,,,,,,,,,load,,1.0,2021-08-09 00:00:00,
542403,Fang Mo,方謨,,,,0.0,100531.0,1.0,,,,,,,,,,,,,,,,,,,,,,Fang,方,Mo,謨,15.0,,,,,,,,,,,,,,,,,load,,1.0,2021-08-09 00:00:00,
542501,Fang Zhuangyou,方壯猷,1145.0,5.0,,0.0,100352.0,1.0,,,,,,,,,,,,,,,,,,,,,,Fang,方,Zhuangyou,壯猷,15.0,,,,,,,,,,,,,,,,,load,,1.0,2021-08-09 00:00:00,
542511,Fang Tingzhi,方挺之,1145.0,5.0,,0.0,100352.0,1.0,,,,,,,,,,,,,,,,,,,,,,Fang,方,Tingzhi,挺之,15.0,,,,,,,,,,,,,,,,,load,,1.0,2021-08-09 00:00:00,
542611,Fang Yuquan,方與權,,,,0.0,13869.0,1.0,,,,,,,,,,,,,,,,,,,,,,Fang,方,Yuquan,與權,15.0,,,,,,,,,,,,,,,,,load,,1.0,2021-08-09 00:00:00,
542868,Fang Shuyu,方叔瑜,1151.0,5.0,,0.0,12780.0,1.0,,,,,,,,,,,,,,,,,,,,,,Fang,方,Shuyu,叔瑜,15.0,,,,,,,,,,,,,,,,,load,,1.0,2021-08-09 00:00:00,
542884,Fang Shen,方宷,1151.0,5.0,,0.0,13870.0,1.0,,,,,,,,,,,,,,,,,,,,,,Fang,方,Shen,宷,15.0,,,,,,,,,,,,,,,,,load,,1.0,2021-08-09 00:00:00,
542890,Fang Qizhi,方奇之,1151.0,5.0,,0.0,100352.0,1.0,,,,,,,,,,,,,,,,,,,,,,Fang,方,Qizhi,奇之,15.0,,,,,,,,,,,,,,,,,load,,1.0,2021-08-09 00:00:00,
542921,Fang Zhongneng,方仲能,1151.0,5.0,,0.0,100531.0,1.0,,,,,,,,,,,,,,,,,,,,,,Fang,方,Zhongneng,仲能,15.0,,,,,,,,,,,,,,,,,load,,1.0,2021-08-09 00:00:00,
543201,Fang Jianji,方薦鷄,,,,0.0,13869.0,1.0,,,,,,,,,,,,,,,,,,,,,,Fang,方,Jianji,薦鷄,15.0,,,,,,,,,,,,,,,,,load,,1.0,2021-08-09 00:00:00,
543566,Fang Yuanshan,方元善,1217.0,5.0,,0.0,14362.0,1.0,,,,,,,,,,,,,,,,,,,,,,Fang,方,Yuanshan,元善,15.0,,,,,,,,,,,,,,,,,load,,1.0,2021-08-09 00:00:00,
543583,Fang Daren,方大任,1217.0,5.0,,0.0,13870.0,1.0,,,,,,,,,,,,,,,,,,,,,,Fang,方,Daren,大任,15.0,,,,,,,,,,,,,,,,,load,,1.0,2021-08-09 00:00:00,
543646,Fang Jifu,方吉甫,1217.0,5.0,,0.0,100531.0,1.0,,,,,,,,,,,,,,,,,,,,,,Fang,方,Jifu,吉甫,15.0,,,,,,,,,,,,,,,,,load,,1.0,2021-08-09 00:00:00,
543775,Fang Yuanlong,方元龍,,,,0.0,100531.0,1.0,,,,,,,,,,,,,,,,,,,,,,Fang,方,Yuanlong,元龍,15.0,,,,,,,,,,,,,,,,,load,,1.0,2021-08-09 00:00:00,
543872,Fang Zhenlong,方震龍,1211.0,5.0,,0.0,100584.0,1.0,,,,,,,,,,,,,,,,,,,,,,Fang,方,Zhenlong,震龍,15.0,,,,,,,,,,,,,,,,,load,,1.0,2021-08-09 00:00:00,
543943,Fang Dajian,方大建,1211.0,5.0,,0.0,12781.0,1.0,,,,,,,,,,,,,,,,,,,,,,Fang,方,Dajian,大建,15.0,,,,,,,,,,,,,,,,,load,,1.0,2021-08-09 00:00:00,
544031,Fang Wenbing,方文炳,,,,0.0,100531.0,1.0,,,,,,,,,,,,,,,,,,,,,,Fang,方,Wenbing,文炳,15.0,,,,,,,,,,,,,,,,,load,,1.0,2021-08-09 00:00:00,
544032,Fang Gusun,方顧孫,,,,0.0,13869.0,1.0,,,,,,,,,,,,,,,,,,,,,,Fang,方,Gusun,顧孫,15.0,,,,,,,,,,,,,,,,,load,,1.0,2021-08-09 00:00:00,
544193,Fang Ji,方畿,1220.0,5.0,,0.0,12795.0,1.0,,,,,,,,,,,,,,,,,,,,,,Fang,方,Ji,畿,15.0,,,,,,,,,,,,,,,,,load,,1.0,2021-08-09 00:00:00,
544197,Fang Ji,方吉,1220.0,5.0,,0.0,26123.0,1.0,,,,,,,,,,,,,,,,,,,,,,Fang,方,Ji,吉,15.0,,,,,,,,,,,,,,,,,load,,1.0,2021-08-09 00:00:00,
544260,Fang Mengyu,方夢玉,1220.0,5.0,,0.0,12780.0,1.0,,,,,,,,,,,,,,,,,,,,,,Fang,方,Mengyu,夢玉,15.0,,,,,,,,,,,,,,,,,load,,1.0,2021-08-09 00:00:00,
544321,Fang Deng,方登,1220.0,5.0,,0.0,100352.0,1.0,,,,,,,,,,,,,,,,,,,,,,Fang,方,Deng,登,15.0,,,,,,,,,,,,,,,,,load,,1.0,2021-08-09 00:00:00,
544363,Fang Nanqiang,方南强,,,,0.0,12671.0,1.0,,,,,,,,,,,,,,,,,,,,,,Fang,方,Nanqiang,南强,15.0,,,,,,,,,,,,,,,,,load,,1.0,2021-08-09 00:00:00,
544428,Fang Yuanmei,方元美,1214.0,5.0,,0.0,12854.0,1.0,,,,,,,,,,,,,,,,,,,,,,Fang,方,Yuanmei,元美,15.0,,,,,,,,,,,,,,,,,load,,1.0,2021-08-09 00:00:00,
544877,Fang Jing,方景,1043.0,5.0,,0.0,12716.0,1.0,,,,,,,,,,,,,,,,,,,,,,Fang,方,Jing,景,15.0,,,,,,,,,,,,,,,,,load,,1.0,2021-08-09 00:00:00,
545184,Fang Zundu,方遵度,1019.0,5.0,,0.0,100531.0,1.0,,,,,,,,,,,,,,,,,,,,,,Fang,方,Zundu,遵度,15.0,,,,,,,,,,,,,,,,,load,,1.0,2021-08-09 00:00:00,
545191,Fang Jianchen,方簡宸,1019.0,5.0,,0.0,100531.0,1.0,,,,,,,,,,,,,,,,,,,,,,Fang,方,Jianchen,簡宸,15.0,,,,,,,,,,,,,,,,,load,,1.0,2021-08-09 00:00:00,
545324,Fang Ruyuan,方孺元,,,,0.0,100531.0,1.0,,,,,,,,,,,,,,,,,,,,,,Fang,方,Ruyuan,孺元,15.0,,,,,,,,,,,,,,,,,load,,1.0,2021-08-09 00:00:00,
545329,Fang Yixin,方一新,,,,0.0,12798.0,1.0,,,,,,,,,,,,,,,,,,,,,,Fang,方,Yixin,一新,15.0,,,,,,,,,,,,,,,,,load,,1.0,2021-08-09 00:00:00,
545339,Fang Su,方肅,1205.0,5.0,,0.0,100584.0,1.0,,,,,,,,,,,,,,,,,,,,,,Fang,方,Su,肅,15.0,,,,,,,,,,,,,,,,,load,,1.0,2021-08-09 00:00:00,
545818,Fang Yu,方宇,1199.0,5.0,,0.0,12781.0,1.0,,,,,,,,,,,,,,,,,,,,,,Fang,方,Yu,宇,15.0,,,,,,,,,,,,,,,,,load,,1.0,2021-08-09 00:00:00,
545844,Fang Zhongjia,方仲嘉,1199.0,5.0,,0.0,13870.0,1.0,,,,,,,,,,,,,,,,,,,,,,Fang,方,Zhongjia,仲嘉,15.0,,,,,,,,,,,,,,,,,load,,1.0,2021-08-09 00:00:00,
545926,Fang Yingqi,方應旂,1199.0,5.0,,0.0,12733.0,1.0,,,,,,,,,,,,,,,,,,,,,,Fang,方,Yingqi,應旂,15.0,,,,,,,,,,,,,,,,,load,,1.0,2021-08-09 00:00:00,
546015,Fang Yong,方泳,,,,0.0,13868.0,1.0,,,,,,,,,,,,,,,,,,,,,,Fang,方,Yong,泳,15.0,,,,,,,,,,,,,,,,,load,,1.0,2021-08-09 00:00:00,
546361,Fang Ying,方鹰,,,,0.0,13949.0,1.0,,,,,,,,,,,,,,,,,,,,,,Fang,方,Ying,鹰,15.0,,,,,,,,,,,,,,,,,load,,1.0,2021-08-09 00:00:00,
546400,Fang Anshi,方安世,,,,0.0,100531.0,1.0,,,,,,,,,,,,,,,,,,,,,,Fang,方,Anshi,安世,15.0,,,,,,,,,,,,,,,,,load,,1.0,2021-08-09 00:00:00,
546451,Fang Guiling,方龜齡,1160.0,5.0,,0.0,100006.0,1.0,,,,,,,,,,,,,,,,,,,,,,Fang,方,Guiling,龜齡,15.0,,,,,,,,,,,,,,,,,load,,1.0,2021-08-09 00:00:00,
546504,Fang Zhou,方伷,1160.0,5.0,,0.0,12736.0,1.0,,,,,,,,,,,,,,,,,,,,,,Fang,方,Zhou,伷,15.0,,,,,,,,,,,,,,,,,load,,1.0,2021-08-09 00:00:00,
546548,Fang Shuzhi,方叔治,1160.0,5.0,,0.0,100531.0,1.0,,,,,,,,,,,,,,,,,,,,,,Fang,方,Shuzhi,叔治,15.0,,,,,,,,,,,,,,,,,load,,1.0,2021-08-09 00:00:00,
546574,Fang Zhongyuan,方仲遠,1160.0,5.0,,0.0,12789.0,1.0,,,,,,,,,,,,,,,,,,,,,,Fang,方,Zhongyuan,仲遠,15.0,,,,,,,,,,,,,,,,,load,,1.0,2021-08-09 00:00:00,
546578,Fang Qu,方璩,1160.0,5.0,,0.0,12789.0,1.0,,,,,,,,,,,,,,,,,,,,,,Fang,方,Qu,璩,15.0,,,,,,,,,,,,,,,,,load,,1.0,2021-08-09 00:00:00,
546593,Fang Shen,方審,,,,0.0,13870.0,1.0,,,,,,,,,,,,,,,,,,,,,,Fang,方,Shen,審,15.0,,,,,,,,,,,,,,,,,load,,1.0,2021-08-09 00:00:00,
546631,Fang Gang,方崗,,,,0.0,13870.0,1.0,,,,,,,,,,,,,,,,,,,,,,Fang,方,Gang,崗,15.0,,,,,,,,,,,,,,,,,load,,1.0,2021-08-09 00:00:00,
546709,Fang Gongfu,方公輔,1163.0,5.0,,0.0,12800.0,1.0,,,,,,,,,,,,,,,,,,,,,,Fang,方,Gongfu,公輔,15.0,,,,,,,,,,,,,,,,,load,,1.0,2021-08-09 00:00:00,
546766,Fang Yuanzhen,方元震,1163.0,5.0,,0.0,100228.0,1.0,,,,,,,,,,,,,,,,,,,,,,Fang,方,Yuanzhen,元震,15.0,,,,,,,,,,,,,,,,,load,,1.0,2021-08-09 00:00:00,
546793,Fang Heng,方亨,1163.0,5.0,,0.0,12677.0,1.0,,,,,,,,,,,,,,,,,,,,,,Fang,方,Heng,亨,15.0,,,,,,,,,,,,,,,,,load,,1.0,2021-08-09 00:00:00,
546798,Fang Yizhong,方移忠,1163.0,5.0,,0.0,12852.0,1.0,,,,,,,,,,,,,,,,,,,,,,Fang,方,Yizhong,移忠,15.0,,,,,,,,,,,,,,,,,load,,1.0,2021-08-09 00:00:00,
546875,Fang Dang,方鐺,1064.0,5.0,,0.0,12800.0,1.0,,,,,,,,,,,,,,,,,,,,,,Fang,方,Dang,鐺,15.0,,,,,,,,,,,,,,,,,load,,1.0,2021-08-09 00:00:00,
547123,Fang Shuo,方碩,,,,0.0,100228.0,1.0,,,,,,,,,,,,,,,,,,,,,,Fang,方,Shuo,碩,15.0,,,,,,,,,,,,,,,,,load,,1.0,2021-08-09 00:00:00,
547187,Fang Xian,方顯,1130.0,5.0,,0.0,12888.0,1.0,,,,,,,,,,,,,,,,,,,,,,Fang,方,Xian,顯,15.0,,,,,,,,,,,,,,,,,load,,1.0,2021-08-09 00:00:00,
547225,Fang Si,方思,1130.0,5.0,,0.0,12690.0,1.0,,,,,,,,,,,,,,,,,,,,,,Fang,方,Si,思,15.0,,,,,,,,,,,,,,,,,load,,1.0,2021-08-09 00:00:00,
547323,Fang Ruqiang,方汝强,1121.0,5.0,,0.0,100501.0,1.0,,,,,,,,,,,,,,,,,,,,,,Fang,方,Ruqiang,汝强,15.0,,,,,,,,,,,,,,,,,load,,1.0,2021-08-09 00:00:00,
547366,Fang Tianbao,方天保,1121.0,5.0,,0.0,100584.0,1.0,,,,,,,,,,,,,,,,,,,,,,Fang,方,Tianbao,天保,15.0,,,,,,,,,,,,,,,,,load,,1.0,2021-08-09 00:00:00,
547452,Fang Huan,方焕,1121.0,5.0,,0.0,13949.0,1.0,,,,,,,,,,,,,,,,,,,,,,Fang,方,Huan,焕,15.0,,,,,,,,,,,,,,,,,load,,1.0,2021-08-09 00:00:00,
547505,Fang Xing,方興,,,,0.0,100531.0,1.0,,,,,,,,,,,,,,,,,,,,,,Fang,方,Xing,興,15.0,,,,,,,,,,,,,,,,,load,,1.0,2021-08-09 00:00:00,
547526,Fang Yanzhong,方彥中,1127.0,5.0,,0.0,12872.0,1.0,,,,,,,,,,,,,,,,,,,,,,Fang,方,Yanzhong,彥中,15.0,,,,,,,,,,,,,,,,,load,,1.0,2021-08-09 00:00:00,
547551,Fang Nanqiang,方南强,1127.0,5.0,,0.0,100584.0,1.0,,,,,,,,,,,,,,,,,,,,,,Fang,方,Nanqiang,南强,15.0,,,,,,,,,,,,,,,,,load,,1.0,2021-08-09 00:00:00,
547608,Fang Taifu,方臺符,1127.0,5.0,,0.0,100531.0,1.0,,,,,,,,,,,,,,,,,,,,,,Fang,方,Taifu,臺符,15.0,,,,,,,,,,,,,,,,,load,,1.0,2021-08-09 00:00:00,
547610,Fang Mengxiang,方夢祥,1127.0,5.0,,0.0,12881.0,1.0,,,,,,,,,,,,,,,,,,,,,,Fang,方,Mengxiang,夢祥,15.0,,,,,,,,,,,,,,,,,load,,1.0,2021-08-09 00:00:00,
547622,Fang Yang,方洋,1127.0,5.0,,0.0,12854.0,1.0,,,,,,,,,,,,,,,,,,,,,,Fang,方,Yang,洋,15.0,,,,,,,,,,,,,,,,,load,,1.0,2021-08-09 00:00:00,
547789,Fang Yi,方翊,,,,0.0,100531.0,1.0,,,,,,,,,,,,,,,,,,,,,,Fang,方,Yi,翊,15.0,,,,,,,,,,,,,,,,,load,,1.0,2021-08-09 00:00:00,
547793,Fang Xin,方忻,,,,0.0,100531.0,1.0,,,,,,,,,,,,,,,,,,,,,,Fang,方,Xin,忻,15.0,,,,,,,,,,,,,,,,,load,,1.0,2021-08-09 00:00:00,
547796,Fang Zhen,方貞,,,,0.0,100531.0,1.0,,,,,,,,,,,,,,,,,,,,,,Fang,方,Zhen,貞,15.0,,,,,,,,,,,,,,,,,load,,1.0,2021-08-09 00:00:00,
547809,Fang Dun,方敦,,,,0.0,100531.0,1.0,,,,,,,,,,,,,,,,,,,,,,Fang,方,Dun,敦,15.0,,,,,,,,,,,,,,,,,load,,1.0,2021-08-09 00:00:00,
547810,Fang Anzheng,方安正,,,,0.0,100531.0,1.0,,,,,,,,,,,,,,,,,,,,,,Fang,方,Anzheng,安正,15.0,,,,,,,,,,,,,,,,,load,,1.0,2021-08-09 00:00:00,
547844,Fang Ying,方楹,1102.0,5.0,,0.0,12855.0,1.0,,,,,,,,,,,,,,,,,,,,,,Fang,方,Ying,楹,15.0,,,,,,,,,,,,,,,,,load,,1.0,2021-08-09 00:00:00,
548086,Fang Dazhong,方大中,1105.0,5.0,,0.0,12882.0,1.0,,,,,,,,,,,,,,,,,,,,,,Fang,方,Dazhong,大中,15.0,,,,,,,,,,,,,,,,,load,,1.0,2021-08-09 00:00:00,
548090,Fang Mai,方邁,1105.0,5.0,,0.0,14362.0,1.0,,,,,,,,,,,,,,,,,,,,,,Fang,方,Mai,邁,15.0,,,,,,,,,,,,,,,,,load,,1.0,2021-08-09 00:00:00,
548101,Fang Shen,方慎,1105.0,5.0,,0.0,13996.0,1.0,,,,,,,,,,,,,,,,,,,,,,Fang,方,Shen,慎,15.0,,,,,,,,,,,,,,,,,load,,1.0,2021-08-09 00:00:00,
548170,Fang Zhishao,方之邵,,,,0.0,26123.0,1.0,,,,,,,,,,,,,,,,,,,,,,Fang,方,Zhishao,之邵,15.0,,,,,,,,,,,,,,,,,load,,1.0,2021-08-09 00:00:00,
548171,Fang Diaoke,方調可,,,,0.0,26123.0,1.0,,,,,,,,,,,,,,,,,,,,,,Fang,方,Diaoke,調可,15.0,,,,,,,,,,,,,,,,,load,,1.0,2021-08-09 00:00:00,
548215,Fang Jing,方涇,1108.0,5.0,,0.0,12855.0,1.0,,,,,,,,,,,,,,,,,,,,,,Fang,方,Jing,涇,15.0,,,,,,,,,,,,,,,,,load,,1.0,2021-08-09 00:00:00,
548355,Fang Yin,方闉,,,,0.0,26123.0,1.0,,,,,,,,,,,,,,,,,,,,,,Fang,方,Yin,闉,15.0,,,,,,,,,,,,,,,,,load,,1.0,2021-08-09 00:00:00,
548438,Fang Zi,方粢,1112.0,5.0,,0.0,12716.0,1.0,,,,,,,,,,,,,,,,,,,,,,Fang,方,Zi,粢,15.0,,,,,,,,,,,,,,,,,load,,1.0,2021-08-09 00:00:00,
548439,Fang Pu,方溥,1112.0,5.0,,0.0,12716.0,1.0,,,,,,,,,,,,,,,,,,,,,,Fang,方,Pu,溥,15.0,,,,,,,,,,,,,,,,,load,,1.0,2021-08-09 00:00:00,
548548,Fang Xu,方序,1112.0,5.0,,0.0,12733.0,1.0,,,,,,,,,,,,,,,,,,,,,,Fang,方,Xu,序,15.0,,,,,,,,,,,,,,,,,load,,1.0,2021-08-09 00:00:00,
548564,Fang Shixin,方師心,,,,0.0,26123.0,1.0,,,,,,,,,,,,,,,,,,,,,,Fang,方,Shixin,師心,15.0,,,,,,,,,,,,,,,,,load,,1.0,2021-08-09 00:00:00,
548606,Fang Xiang,方庠,,,,0.0,13949.0,1.0,,,,,,,,,,,,,,,,,,,,,,Fang,方,Xiang,庠,15.0,,,,,,,,,,,,,,,,,load,,1.0,2021-08-09 00:00:00,
548725,Fang Zhengji,方正己,1115.0,5.0,,0.0,12881.0,1.0,,,,,,,,,,,,,,,,,,,,,,Fang,方,Zhengji,正己,15.0,,,,,,,,,,,,,,,,,load,,1.0,2021-08-09 00:00:00,
548774,Fang Mi,方泌,,,,0.0,100531.0,1.0,,,,,,,,,,,,,,,,,,,,,,Fang,方,Mi,泌,15.0,,,,,,,,,,,,,,,,,load,,1.0,2021-08-09 00:00:00,
548877,Fang Jie,方節,,,,0.0,,,,,,,,,,,,,,,,,,,,,,,,Fang,方,Jie,節,15.0,,,,,,,,,,,,,,,,,load,,1.0,2021-08-09 00:00:00,
549518,Fang Zongsheng,方宗勝,1229.0,5.0,,0.0,100564.0,1.0,,,,,,,,,,,,,,,,,,,,,,Fang,方,Zongsheng,宗勝,15.0,,,,,,,,,,,,,,,,,load,,1.0,2021-08-09 00:00:00,
549531,Fang Gongfu,方公輔,,,,0.0,12800.0,1.0,,,,,,,,,,,,,,,,,,,,,,Fang,方,Gongfu,公輔,15.0,,,,,,,,,,,,,,,,,load,,1.0,2021-08-09 00:00:00,
549698,Fang Mi,方秘,1175.0,5.0,,0.0,100352.0,1.0,,,,,,,,,,,,,,,,,,,,,,Fang,方,Mi,秘,15.0,,,,,,,,,,,,,,,,,load,,1.0,2021-08-09 00:00:00,
549780,Fang Bangzhen,方邦振,1175.0,5.0,,0.0,12855.0,1.0,,,,,,,,,,,,,,,,,,,,,,Fang,方,Bangzhen,邦振,15.0,,,,,,,,,,,,,,,,,load,,1.0,2021-08-09 00:00:00,
549965,Fang Qishen,方起莘,,,,0.0,100531.0,1.0,,,,,,,,,,,,,,,,,,,,,,Fang,方,Qishen,起莘,15.0,,,,,,,,,,,,,,,,,load,,1.0,2021-08-09 00:00:00,
549986,Fang Yong,方泳,,,,0.0,13949.0,1.0,,,,,,,,,,,,,,,,,,,,,,Fang,方,Yong,泳,15.0,,,,,,,,,,,,,,,,,load,,1.0,2021-08-09 00:00:00,
550012,Fang Zhefu,方哲甫,1133.0,5.0,,0.0,12854.0,1.0,,,,,,,,,,,,,,,,,,,,,,Fang,方,Zhefu,哲甫,15.0,,,,,,,,,,,,,,,,,load,,1.0,2021-08-09 00:00:00,
550159,Fang Tingjian,方廷堅,1133.0,5.0,,0.0,12841.0,1.0,,,,,,,,,,,,,,,,,,,,,,Fang,方,Tingjian,廷堅,15.0,,,,,,,,,,,,,,,,,load,,1.0,2021-08-09 00:00:00,
550653,Fang Dageng,方大𡙡,1556.0,19.0,,0.0,4664.0,1.0,,,,,,,,,,,,,-1.0,,,,,,,,,Fang,方,Dageng,大𡙡,19.0,,,0.0,0.0,,,,,,,,, ,,, ,车佳敏,车佳敏,,2021-08-30 00:00:00,2021-08-30 00:00:00
550853,Fang Shi,方適,1565.0,12.0,126376.0,0.0,5118.0,1.0,,,,,,,,,,,,,-1.0,,,,,,,,,Fang,方,Shi,適,19.0,,,0.0,0.0,,,,,,,,, ,,, ,冯合昕,冯合昕,,2021-09-26 00:00:00,2021-09-26 00:00:00
551107,Fang Shi（Wife of Jiang Maoqi ）,方氏（江懋奇妻）,,,,1.0,,,,,,,,,,,,,,,-1.0,,,,,,,,,Fang,方,Shi（Wife of Jiang Maoqi ）,氏（江懋奇妻）,19.0,,,0.0,0.0,,,,,,,,, ,,, ,陶恒,陶恒,,2021-10-08 00:00:00,2021-10-08 00:00:00
551121,Fang Ruokun,方若坤,1513.0,7.0,,0.0,4691.0,1.0,,,,,,,,,,,,,-1.0,,,,,,,,,Fang,方,Ruokun,若坤,19.0,,,0.0,0.0,,,,,,,,, ,,, ,陶恒,陶恒,,2021-10-09 00:00:00,2021-10-09 00:00:00
551122,Fang Zhiqing,方之慶,1573.0,12.0,403952.0,0.0,,,,,,,,,,,,,,,-1.0,,,,,,,,,Fang,方,Zhiqing,之慶,19.0,,,0.0,0.0,,,,,,,,, ,,, ,陶恒,陶恒,,2021-10-09 00:00:00,2021-10-09 00:00:00
551123,Fang Suoqing,方所慶,1575.0,20.0,,0.0,,,,,,,,,,,,,,,-1.0,,,,,,,,,Fang,方,Suoqing,所慶,19.0,,,0.0,0.0,,,,,,,,, ,,, ,陶恒,陶恒,,2021-10-09 00:00:00,2021-10-09 00:00:00
551312,Fang Jichi,方繼赤,,,,0.0,7760.0,1.0,,,,,,,,,,,,,-1.0,,,,,,,,,Fang,方,Jichi,繼赤,20.0,,,0.0,0.0,,,,,,,,, ,,, ,陶恒,陶恒,,2021-11-01 00:00:00,2021-11-01 00:00:00
551331,Fang Hui,方煇,,,,0.0,5400.0,1.0,,,,,,,,,,,,,-1.0,,,,,,,,,Fang,方,Hui,煇,19.0,,,0.0,0.0,,,,,,,,, ,,, ,Ning Hao,Ning Hao,,2021-11-02 00:00:00,2021-11-02 00:00:00
555023,Fang Fenglai,方鳳來,,,,0.0,,,,,,,,,,,,,,,-1.0,,,,,,,,,Fang,方,Fenglai,鳳來,20.0,,,0.0,0.0,,,,,,,,, ,,, ,冯合昕,冯合昕,,2021-11-24 00:00:00,2021-11-24 00:00:00
555149,Fang Xing,方星,,,,0.0,4691.0,1.0,,,,,,,,,,,,,-1.0,,,,,,,,,Fang,方,Xing,星,19.0,,,0.0,0.0,,,,,,,,, ,,, ,陶恒,陶恒,,2021-12-01 00:00:00,2021-12-01 00:00:00
555157,Fang Ju,方琚,1498.0,7.0,,0.0,4690.0,1.0,,,,,,,,,,,,,-1.0,,,,,,,,,Fang,方,Ju,琚,19.0,,,0.0,0.0,,,,,,,,, ,,, ,陶恒,陶恒,,2021-12-01 00:00:00,2021-12-01 00:00:00
555187,Fang Chunren,方純仁,1507.0,7.0,,0.0,4690.0,1.0,,,,,,,,,,,,,-1.0,,,,,,,,,Fang,方,Chunren,純仁,19.0,,,0.0,0.0,,,,,,,,, ,,, ,陶恒,陶恒,,2021-12-03 00:00:00,2021-12-03 00:00:00
555750,Fang Jitai,方際泰,,,,0.0,8159.0,1.0,,,,,,,,,,,,,-1.0,,,,,,,,,Fang,方,Jitai,際泰,20.0,,,0.0,0.0,,,,,,,,, ,,, ,冯合昕,冯合昕,,2021-12-28 00:00:00,2021-12-28 00:00:00
555752,Fang Kezhang,方克長,,,,0.0,8159.0,1.0,,,,,,,,,,,,,-1.0,,,,,,,,,Fang,方,Kezhang,克長,20.0,,,0.0,0.0,,,,,,,,, ,,, ,冯合昕,冯合昕,,2021-12-28 00:00:00,2021-12-28 00:00:00
555753,Fang Keshun,方克順,,,,0.0,8159.0,1.0,,,,,,,,,,,,,-1.0,,,,,,,,,Fang,方,Keshun,克順,20.0,,,0.0,0.0,,,,,,,,, ,,, ,冯合昕,冯合昕,,2021-12-28 00:00:00,2021-12-28 00:00:00
555767,Fang Kelei,方克類,,,,0.0,8159.0,1.0,,,,,,,,,,,,,-1.0,,,,,,,,,Fang,方,Kelei,克類,20.0,,,0.0,0.0,,,,,,,,, ,,, ,冯合昕,冯合昕,,2021-12-28 00:00:00,2021-12-28 00:00:00
555769,Fang Kezuo,方克左,,,,0.0,8159.0,1.0,,,,,,,,,,,,,-1.0,,,,,,,,,Fang,方,Kezuo,克左,20.0,,,0.0,0.0,,,,,,,,, ,,, ,冯合昕,冯合昕,,2021-12-28 00:00:00,2021-12-28 00:00:00
556041,Fang Xiong,方熊,,,,0.0,7755.0,1.0,,,,,,,,,,,,,-1.0,,,,,,,,,Fang,方,Xiong,熊,20.0,,,0.0,0.0,,,,,,,,, ,,, ,陶恒,陶恒,,2022-01-03 00:00:00,2022-01-03 00:00:00
556043,Fang Qijin,方淇藎,,,,0.0,7755.0,1.0,,,,,,,,,,,,,-1.0,,,,,,,,,Fang,方,Qijin,淇藎,20.0,,,0.0,0.0,,,,,,,,, ,,, ,陶恒,陶恒,,2022-01-03 00:00:00,2022-01-07 00:00:00
556150,Fang Zhou,方洲,,,,0.0,,,,,,,,,,,,,,,-1.0,,,,,,,,,Fang,方,Zhou,洲,20.0,,,0.0,0.0,,,,,,,,, ,,, ,陶恒,陶恒,,2022-01-07 00:00:00,2022-01-07 00:00:00
556163,Fang Li,方里,,,,0.0,8159.0,1.0,,,,,,,,,,,,,-1.0,,,,,,,,,Fang,方,Li,里,20.0,,,0.0,0.0,,,,,,,,, ,,, ,冯合昕,冯合昕,,2022-01-07 00:00:00,2022-01-07 00:00:00
556164,Fang Ji,方楫,,,,0.0,8159.0,1.0,,,,,,,,,,,,,-1.0,,,,,,,,,Fang,方,Ji,楫,20.0,,,0.0,0.0,,,,,,,,, ,,, ,冯合昕,冯合昕,,2022-01-07 00:00:00,2022-01-07 00:00:00
556206,Fang Zhi,方至,,,,0.0,8159.0,1.0,,,,,,,,,,,,,-1.0,,,,,,,,,Fang,方,Zhi,至,20.0,,,0.0,0.0,,,,,,,,, ,,, ,冯合昕,冯合昕,,2022-01-08 00:00:00,2022-01-08 00:00:00
556208,Fang Jisheng,方際盛,,,,0.0,8159.0,1.0,,,,,,,,,,,,,-1.0,,,,,,,,,Fang,方,Jisheng,際盛,20.0,,,0.0,0.0,,,,,,,,, ,,, ,冯合昕,冯合昕,,2022-01-08 00:00:00,2022-01-08 00:00:00
556239,Fang Zhu,方著,,,,0.0,8159.0,1.0,,,,,,,,,,,,,-1.0,,,,,,,,,Fang,方,Zhu,著,20.0,,,0.0,0.0,,,,,,,,, ,,, ,冯合昕,冯合昕,,2022-01-08 00:00:00,2022-01-08 00:00:00
556333,Fang Ze,方澤,,,,0.0,8159.0,1.0,,,,,,,,,,,,,-1.0,,,,,,,,,Fang,方,Ze,澤,20.0,,,0.0,0.0,,,,,,,,, ,,, ,冯合昕,冯合昕,,2022-01-11 00:00:00,2022-01-11 00:00:00
556335,Fang Yuankai,方元愷,,,,0.0,8159.0,1.0,,,,,,,,,,,,,-1.0,,,,,,,,,Fang,方,Yuankai,元愷,20.0,,,0.0,0.0,,,,,,,,, ,,, ,冯合昕,冯合昕,,2022-01-11 00:00:00,2022-01-11 00:00:00
556377,Fang Weixian,方維憲,,,,0.0,,,,,,,,,,,,,,,-1.0,,,,,,,,,Fang,方,Weixian,維憲,20.0,,,0.0,0.0,,,,,,,,, ,,, ,冯合昕,冯合昕,,2022-01-12 00:00:00,2022-01-12 00:00:00
556393,Fang Keyuan,方可元,,,,0.0,8159.0,1.0,,,,,,,,,,,,,-1.0,,,,,,,,,Fang,方,Keyuan,可元,20.0,,,0.0,0.0,,,,,,,,, ,,, ,冯合昕,冯合昕,,2022-01-13 00:00:00,2022-01-13 00:00:00
556742,Fang Sixing,方思行,1702.0,7.0,,0.0,7686.0,1.0,,,,,,,,,,,,,-1.0,,,,,,,,,Fang,方,Sixing,思行,20.0,,,0.0,0.0,,,,,,,,, ,,, ,Ning Hao,Ning Hao,,2022-02-16 00:00:00,2022-02-16 00:00:00
558268,Fang Peilin,方沛霖,1725.0,7.0,,0.0,7755.0,1.0,,,,,,,,,,,,,-1.0,,,,,,,,,Fang,方,Peilin,沛霖,20.0,,,0.0,0.0,,,,,,,,, ,,, ,陶恒,陶恒,,2022-04-22 00:00:00,2022-04-22 00:00:00
558349,Fang Zhu,方竹,,,,0.0,7759.0,1.0,,,,,,,,,,,,,-1.0,,,,,,,,,Fang,方,Zhu,竹,20.0,,,0.0,0.0,,,,,,,,, ,,, ,陶恒,陶恒,,2022-04-25 00:00:00,2022-04-25 00:00:00
558350,Fang Mu,方牧,,,,0.0,7759.0,1.0,,,,,,,,,,,,,-1.0,,,,,,,,,Fang,方,Mu,牧,20.0,,,0.0,0.0,,,,,,,,, ,,, ,陶恒,陶恒,,2022-04-25 00:00:00,2022-04-25 00:00:00
558351,Fang Dian,方甸,,,,0.0,7759.0,1.0,,,,,,,,,,,,,-1.0,,,,,,,,,Fang,方,Dian,甸,20.0,,,0.0,0.0,,,,,,,,, ,,, ,陶恒,陶恒,,2022-04-25 00:00:00,2022-04-25 00:00:00
558400,Fang Yihu,方一虎,,,,0.0,8174.0,1.0,,,,,,,,,,,,,-1.0,,,,,,,,,Fang,方,Yihu,一虎,20.0,,,0.0,0.0,,,,,,,,, ,,, ,Gaomx,Gaomx,,2022-04-25 00:00:00,2022-04-25 00:00:00
558403,Fang Shi(Wife of Li Tianjuan),方氏（李天眷妻）,,,,1.0,8174.0,1.0,,,,,,,,,,,,,-1.0,,,,,,,,,Fang,方,Shi(Wife of Li Tianjuan),氏（李天眷妻）,20.0,,,0.0,0.0,,,,,,,,, ,,, ,Gaomx,Gaomx,,2022-04-25 00:00:00,2022-04-25 00:00:00
558501,Fang Yinghan,方應瀚,,,,0.0,5447.0,1.0,,,,,,,,,,,,,-1.0,,,,,,,,,Fang,方,Yinghan,應瀚,19.0,,,0.0,0.0,,,,,,,,, ,,, ,李铮,李铮,,2022-05-05 00:00:00,2022-05-05 00:00:00
558864,tbd,方旬,,,,0.0,,,,,,,,,,,,,,,,,,,,,,,,tbd,方,tbd,旬,58.0,,,,,,,,,,,,,,,,,load,,1.0,2022-05-12 00:00:00,
559856,Fang Qi,方岐,,,,0.0,5442.0,1.0,,,,,,,,,,,,,-1.0,,,,,,,,,Fang,方,Qi,岐,19.0,,,0.0,0.0,,,,,,,,, ,,, ,李铮,李铮,,2022-05-11 00:00:00,2022-05-11 00:00:00
560089,Fang Yong,方庸,,,,0.0,5463.0,1.0,,,,,,,,,,,,,-1.0,,,,,,,,,Fang,方,Yong,庸,19.0,,,0.0,0.0,,,,,,,,, ,,, ,李铮,李铮,,2022-06-02 00:00:00,2022-06-02 00:00:00
560809,Fang Shuyi,方叔毅,,,,0.0,4607.0,1.0,,,,,,,,,,,,,,,,,,,,,,Fang,方,Shuyi,叔毅,19.0,,卷一 人物.,,,,,,,,,,,,,,,load,,1.0,2022-06-30 00:00:00,
560864,Fang Yue,方鉞,,,,0.0,5333.0,1.0,,,,,,,,,,,,,,,,,,,,,,Fang,方,Yue,鉞,19.0,,卷二 山水.,,,,,,,,,,,,,,,load,,1.0,2022-06-30 00:00:00,
560970,Fang Xucheng,方胥成,,,,0.0,4688.0,1.0,,,,,,,,,,,,,,,,,,,,,,Fang,方,Xucheng,胥成,19.0,,卷四 山水.,,,,,,,,,,,,,,,load,,1.0,2022-06-30 00:00:00,
561017,Fang Deng,方登,,,,0.0,4543.0,1.0,,,,,,,,,,,,,,,,,,,,,,Fang,方,Deng,登,19.0,,卷五 山水.,,,,,,,,,,,,,,,load,,1.0,2022-06-30 00:00:00,
561301,Fang Zong,方宗,,,,0.0,4623.0,1.0,,,,,,,,,,,,,,,,,,,,,,Fang,方,Zong,宗,19.0,,卷八 匯紀.,,,,,,,,,,,,,,,load,,1.0,2022-06-30 00:00:00,
562427,Fang Zihua,方自華,1701.0,13.0,,0.0,7755.0,1.0,,,,,,,,,,,,,-1.0,,,,,,,,,Fang,方,Zihua,自華,20.0,,,0.0,0.0,,,,,,,,, ,,, ,陶恒,陶恒,,2022-09-05 00:00:00,2022-09-05 00:00:00
562670,Fang Yizhuang,方義壯,,,,0.0,5433.0,1.0,,,,,,,,,,,,,-1.0,,,,,,,,,Fang,方,Yizhuang,義壯,19.0,,,0.0,0.0,,,,,,,,, ,,, ,李铮,李铮,,2022-10-04 00:00:00,2022-10-04 00:00:00
563446,Fang Mingzhong,方銘鐘,,,,0.0,7760.0,1.0,,,,,,,,,,,,,-1.0,,,,,,,,,Fang,方,Mingzhong,銘鐘,20.0,,,0.0,0.0,,,,,,,,, ,,, ,陶恒,陶恒,,2023-02-21 00:00:00,2023-02-21 00:00:00
563480,Fang Yin,方印,,,,0.0,,,,,,,,,,,,,,,-1.0,,,,,,,,,Fang,方,Yin,印,19.0,,,0.0,0.0,,,,,,,,, ,,, ,李铮,李铮,,2023-02-23 00:00:00,2023-02-23 00:00:00
565514,Fang Chengxun,方承訓,,,,0.0,,,,,,,,,,,,,,,,,,,,,,,,Fang,方,Chengxun,承訓,19.0,,,,,,,,,,,,,,,,,load,,0.0,2023-03-13 00:00:00,
565533,Fang Qiyi,方其義,,,,0.0,,,,,,,,,,,,,,,,,,,,,,,,Fang,方,Qiyi,其義,19.0,,,,,,,,,,,,,,,,,load,,0.0,2023-03-13 00:00:00,
565704,Fang Wenxiao,方問孝,,,,0.0,4688.0,1.0,,,,,,,,,,,,,,,,,,,,,,Fang,方,Wenxiao,問孝,19.0,,,,,,,,,,,,,,,,,load,,0.0,2023-03-13 00:00:00,
565982,Fang Zong,方錝,,,,0.0,,,,,,,,,,,,,,,,,,,,,,,,Fang,方,Zong,錝,19.0,,,,,,,,,,,,,,,,,load,,0.0,2023-03-13 00:00:00,
566160,Fang Yan,方琰,,,,1.0,5332.0,1.0,,,,,,,,,,,,,,,,,,,,,,Fang,方,Yan,琰,19.0,,,,,,,,,,,,,,,,,load,,1.0,2023-03-21 00:00:00,
566161,Fang Shixian,方是仙,,,,1.0,5352.0,1.0,,,,,,,,,,,,,,,,,,,,,,Fang,方,Shixian,是仙,19.0,,,,,,,,,,,,,,,,,load,,1.0,2023-03-21 00:00:00,
567010,Fang Ning,方寧,,,,1.0,8140.0,1.0,,,,,,,,,,,,,,,,,,,,,,Fang,方,Ning,寧,20.0,,,,,,,,,,,,,,,,,load,,1.0,2023-03-21 00:00:00,
567011,Fang Yun,方雲,,,,1.0,7629.0,1.0,,,,,,,,,,,,,,,,,,,,,,Fang,方,Yun,雲,20.0,,,,,,,,,,,,,,,,,load,,1.0,2023-03-21 00:00:00,
567012,Fang Ming,方明,,,,1.0,7211.0,1.0,,,,,,,,,,,,,,,,,,,,,,Fang,方,Ming,明,20.0,,,,,,,,,,,,,,,,,load,,1.0,2023-03-21 00:00:00,
567013,Fang Yu,方禦,,,,1.0,8140.0,1.0,,,,,,,,,,,,,,,,,,,,,,Fang,方,Yu,禦,20.0,,,,,,,,,,,,,,,,,load,,1.0,2023-03-21 00:00:00,
567014,Fang Qing,方青,,,,1.0,8140.0,1.0,,,,,,,,,,,,,,,,,,,,,,Fang,方,Qing,青,20.0,,,,,,,,,,,,,,,,,load,,1.0,2023-03-21 00:00:00,
567015,Fang Zhu,方珠,,,,1.0,7601.0,1.0,,,,,,,,,,,,,,,,,,,,,,Fang,方,Zhu,珠,20.0,,,,,,,,,,,,,,,,,load,,1.0,2023-03-21 00:00:00,
567016,Fang Wan,方琬,,,,1.0,7848.0,1.0,,,,,,,,,,,,,,,,,,,,,,Fang,方,Wan,琬,20.0,,,,,,,,,,,,,,,,,load,,1.0,2023-03-21 00:00:00,
567017,Fang Xiaosu,方小蘇,,,,1.0,,,,,,,,,,,,,,,,,,,,,,,,Fang,方,Xiaosu,小蘇,20.0,,,,,,,,,,,,,,,,,load,,1.0,2023-03-21 00:00:00,
567018,Fang Xiaoyun,方小蘊,,,,1.0,4381.0,1.0,,,,,,,,,,,,,,,,,,,,,,Fang,方,Xiaoyun,小蘊,20.0,,,,,,,,,,,,,,,,,load,,1.0,2023-03-21 00:00:00,
567019,Fang Ruhuan,方如環,,,,1.0,8140.0,1.0,,,,,,,,,,,,,,,,,,,,,,Fang,方,Ruhuan,如環,20.0,,,,,,,,,,,,,,,,,load,,1.0,2023-03-21 00:00:00,
567020,Fang Rubi,方如璧,,,,1.0,8140.0,1.0,,,,,,,,,,,,,,,,,,,,,,Fang,方,Rubi,如璧,20.0,,,,,,,,,,,,,,,,,load,,1.0,2023-03-21 00:00:00,
567021,Fang Bianzhi,方釆芝,,,,1.0,7739.0,1.0,,,,,,,,,,,,,,,,,,,,,,Fang,方,Bianzhi,釆芝,20.0,,,,,,,,,,,,,,,,,load,,1.0,2023-03-21 00:00:00,
567022,Fang Zhuyou,方竹友,,,,1.0,8140.0,1.0,,,,,,,,,,,,,,,,,,,,,,Fang,方,Zhuyou,竹友,20.0,,,,,,,,,,,,,,,,,load,,1.0,2023-03-21 00:00:00,
567023,Fang Yilan,方藝蘭,,,,1.0,,,,,,,,,,,,,,,,,,,,,,,,Fang,方,Yilan,藝蘭,20.0,,,,,,,,,,,,,,,,,load,,1.0,2023-03-21 00:00:00,
567024,Fang Ruoheng,方若蘅,,,,1.0,,,,,,,,,,,,,,,,,,,,,,,,Fang,方,Ruoheng,若蘅,20.0,,,,,,,,,,,,,,,,,load,,1.0,2023-03-21 00:00:00,
567025,Fang Xiuyun,方秀筠,,,,1.0,8168.0,1.0,,,,,,,,,,,,,,,,,,,,,,Fang,方,Xiuyun,秀筠,20.0,,,,,,,,,,,,,,,,,load,,1.0,2023-03-21 00:00:00,
567026,Fang Ruiquan,方瑞荃,,,,1.0,7517.0,1.0,,,,,,,,,,,,,,,,,,,,,,Fang,方,Ruiquan,瑞荃,20.0,,,,,,,,,,,,,,,,,load,,1.0,2023-03-21 00:00:00,
567027,Fang Yunxue,方筠雪,,,,1.0,7755.0,1.0,,,,,,,,,,,,,,,,,,,,,,Fang,方,Yunxue,筠雪,20.0,,,,,,,,,,,,,,,,,load,,1.0,2023-03-21 00:00:00,
567028,Fang Yunying,方筠英,,,,1.0,7755.0,1.0,,,,,,,,,,,,,,,,,,,,,,Fang,方,Yunying,筠英,20.0,,,,,,,,,,,,,,,,,load,,1.0,2023-03-21 00:00:00,
567029,Fang Sujuan,方素娟,,,,1.0,,,,,,,,,,,,,,,,,,,,,,,,Fang,方,Sujuan,素娟,20.0,,,,,,,,,,,,,,,,,load,,1.0,2023-03-21 00:00:00,
567030,Fang Lianyi,方蓮衣,,,,1.0,8140.0,1.0,,,,,,,,,,,,,,,,,,,,,,Fang,方,Lianyi,蓮衣,20.0,,,,,,,,,,,,,,,,,load,,1.0,2023-03-21 00:00:00,
567031,Fang Shuyi,方淑儀,,,,1.0,8140.0,1.0,,,,,,,,,,,,,,,,,,,,,,Fang,方,Shuyi,淑儀,20.0,,,,,,,,,,,,,,,,,load,,1.0,2023-03-21 00:00:00,
567032,Fang Yunxian,方韻仙,,,,1.0,7538.0,1.0,,,,,,,,,,,,,,,,,,,,,,Fang,方,Yunxian,韻仙,20.0,,,,,,,,,,,,,,,,,load,,1.0,2023-03-21 00:00:00,
567033,Fang Zhaoxia,方朝霞,,,,1.0,7569.0,1.0,,,,,,,,,,,,,,,,,,,,,,Fang,方,Zhaoxia,朝霞,20.0,,,,,,,,,,,,,,,,,load,,1.0,2023-03-21 00:00:00,
567034,Fang Yuqing,方裕清,,,,1.0,7620.0,1.0,,,,,,,,,,,,,,,,,,,,,,Fang,方,Yuqing,裕清,20.0,,,,,,,,,,,,,,,,,load,,1.0,2023-03-21 00:00:00,
567035,Fang Luoqing,方蘿卿,,,,1.0,,,,,,,,,,,,,,,,,,,,,,,,Fang,方,Luoqing,蘿卿,20.0,,,,,,,,,,,,,,,,,load,,1.0,2023-03-21 00:00:00,
567036,Fang Zhangzhu,方掌珠,,,,1.0,8186.0,1.0,,,,,,,,,,,,,,,,,,,,,,Fang,方,Zhangzhu,掌珠,20.0,,,,,,,,,,,,,,,,,load,,1.0,2023-03-21 00:00:00,
567037,Fang Ziyuan,方紫元,,,,1.0,7693.0,1.0,,,,,,,,,,,,,,,,,,,,,,Fang,方,Ziyuan,紫元,20.0,,,,,,,,,,,,,,,,,load,,1.0,2023-03-21 00:00:00,
567038,Fang Zixiao,方紫霄,,,,1.0,7628.0,1.0,,,,,,,,,,,,,,,,,,,,,,Fang,方,Zixiao,紫霄,20.0,,,,,,,,,,,,,,,,,load,,1.0,2023-03-21 00:00:00,
567039,Fang Yuzhao,方毓昭,,,,1.0,7701.0,1.0,,,,,,,,,,,,,,,,,,,,,,Fang,方,Yuzhao,毓昭,20.0,,,,,,,,,,,,,,,,,load,,1.0,2023-03-21 00:00:00,
567040,Fang Jinghao,方靜好,,,,1.0,7570.0,1.0,,,,,,,,,,,,,,,,,,,,,,Fang,方,Jinghao,靜好,20.0,,,,,,,,,,,,,,,,,load,,1.0,2023-03-21 00:00:00,
570046,Fang Yu,方玉,,,,0.0,,,,,,,,,,,,,,,-1.0,,,,,,,,,Fang,方,Yu,玉,19.0,,,0.0,0.0,,,,,,,,, ,,, ,李铮,李铮,,2023-03-29 00:00:00,2023-03-29 00:00:00
570228,Fang Shi(Wife of Yu Yi),方氏(余乙妻),,,,1.0,7686.0,1.0,,,,,,,,,,,,,-1.0,,,,,,,,,Fang,方,Shi(Wife of Yu Yi),氏(余乙妻),20.0,,,0.0,0.0,,,,,,,,, ,,, ,Ning Hao,Ning Hao,,2023-04-05 00:00:00,2023-04-05 00:00:00
570385,Fang Wenyan,方文炎,1777.0,7.0,,0.0,7759.0,1.0,,,,,,,,,,,,,-1.0,,,,,,,,,Fang,方,Wenyan,文炎,20.0,,,0.0,0.0,,,,,,,,, ,,, ,陶恒,陶恒,,2023-04-13 00:00:00,2023-04-13 00:00:00
570399,Fang Shi(Wife of Gao Yinxiao),方氏(高吟嘯妻),,,,1.0,7686.0,1.0,,,,,,,,,,,,,-1.0,,,,,,,,,Fang,方,Shi(Wife of Gao Yinxiao),氏(高吟嘯妻),20.0,,,0.0,0.0,,,,,,,,, ,,, ,Ning Hao,Ning Hao,,2023-04-13 00:00:00,2023-04-13 00:00:00
570429,Fang Chun,方椿,1774.0,7.0,,0.0,7755.0,1.0,,,,,,,,,,,,,-1.0,,,,,,,,,Fang,方,Chun,椿,20.0,,,0.0,0.0,,,,,,,,, ,,, ,陶恒,陶恒,,2023-04-14 00:00:00,2023-04-14 00:00:00
570431,Fang Zhihe,方之河,,,,0.0,,,,,,,,,,,,,,,-1.0,,,,,,,,,Fang,方,Zhihe,之河,20.0,,,0.0,0.0,,,,,,,,, ,,, ,陶恒,陶恒,,2023-04-14 00:00:00,2023-04-14 00:00:00
570799,Fang Shi(Concubine of Wang Kai),方氏(汪楷妾),1698.0,17.0,35044.0,1.0,,,,,,,,,,,,,,,-1.0,,,,,,,,,Fang,方,Shi(Concubine of Wang Kai),氏(汪楷妾),20.0,,,0.0,0.0,,,,,,,,, ,,, ,Ning Hao,Ning Hao,,2023-05-03 00:00:00,2023-05-03 00:00:00
570812,Fang Shi(Wife of Lai Hongxun),方氏(來洪勲妻),,,,1.0,7689.0,1.0,,,,,,,,,,,,,-1.0,,,,,,,,,Fang,方,Shi(Wife of Lai Hongxun),氏(來洪勲妻),20.0,,,0.0,0.0,,,,,,,,, ,,, ,Ning Hao,Ning Hao,,2023-05-03 00:00:00,2023-05-03 00:00:00
571840,Fang Xizai,方熙載,,,,0.0,7688.0,1.0,,,,,,,,,,,,,-1.0,,,,,,,,,Fang,方,Xizai,熙載,20.0,,,0.0,0.0,,,,,,,,, ,,, ,Ning Hao,Ning Hao,,2023-07-09 00:00:00,2023-07-09 00:00:00
571841,Fang Xialing,方遐齡,,,,0.0,7688.0,1.0,,,,,,,,,,,,,-1.0,,,,,,,,,Fang,方,Xialing,遐齡,20.0,,,0.0,0.0,,,,,,,,, ,,, ,Ning Hao,Ning Hao,,2023-07-09 00:00:00,2023-07-09 00:00:00
572111,Fang Guangzhao,方光昭,1355.0,7.0,,0.0,4690.0,1.0,,,,,,,,,,,,,-1.0,,,,,,,,,Fang,方,Guangzhao,光昭,19.0,,,0.0,0.0,,,,,,,,, ,,, ,陶恒,陶恒,,2023-07-27 00:00:00,2023-07-27 00:00:00
572381,Fang Zhuo,方卓,,,,0.0,4688.0,1.0,,,,,,,,,,,,,-1.0,,,,,,,,,Fang,方,Zhuo,卓,19.0,,,0.0,0.0,,,,,,,,, ,,, ,陶恒,陶恒,,2023-08-13 00:00:00,2023-08-13 00:00:00
572416,Fang Min,方敏,,,,0.0,4693.0,1.0,,,,,,,,,,,,,-1.0,,,,,,,,,Fang,方,Min,敏,19.0,,,0.0,0.0,,,,,,,,, ,,, ,陶恒,陶恒,,2023-08-15 00:00:00,2023-08-15 00:00:00
572470,Fang Sirun,方思潤,1459.0,7.0,,0.0,4688.0,1.0,,,,,,,,,,,,,-1.0,,,,,,,,,Fang,方,Sirun,思潤,19.0,,,0.0,0.0,,,,,,,,, ,,, ,陶恒,陶恒,,2023-08-20 00:00:00,2023-08-20 00:00:00
572497,Fang Fu,方復,1499.0,12.0,338944.0,0.0,4691.0,1.0,,,,,,,,,,,,,-1.0,,,,,,,,,Fang,方,Fu,復,19.0,,,0.0,0.0,,,,,,,,, ,,, ,陶恒,陶恒,,2023-08-22 00:00:00,2023-08-22 00:00:00
573087,Fang Chang,方常,,,,0.0,4688.0,1.0,,,,,,,,,,,,,-1.0,,,,,,,,,Fang,方,Chang,常,20.0,,,0.0,0.0,,,,,,,,, ,,, ,Ning Hao,Ning Hao,,2023-11-20 00:00:00,2023-11-20 00:00:00
573094,Fang Tingxi,方廷璽,1492.0,7.0,,0.0,4688.0,1.0,,,,,,,,,,,,,-1.0,,,,,,,,,Fang,方,Tingxi,廷璽,19.0,,,0.0,0.0,,,,,,,,, ,,, ,Ning Hao,Ning Hao,,2023-11-21 00:00:00,2023-11-21 00:00:00
573119,Fang Hong,方鋐,1534.0,7.0,,0.0,4688.0,1.0,,,,,,,,,,,,,-1.0,,,,,,,,,Fang,方,Hong,鋐,19.0,,,0.0,0.0,,,,,,,,, ,,, ,Ning Hao,Ning Hao,,2023-11-25 00:00:00,2023-11-25 00:00:00
573121,Fang Shihua,方時化,1567.0,7.0,,0.0,4688.0,1.0,,,,,,,,,,,,,-1.0,,,,,,,,,Fang,方,Shihua,時化,19.0,,,0.0,0.0,,,,,,,,, ,,, ,Ning Hao,Ning Hao,,2023-11-25 00:00:00,2023-11-25 00:00:00
573125,Fang Yong,方用,,,,0.0,4688.0,1.0,,,,,,,,,,,,,-1.0,,,,,,,,,Fang,方,Yong,用,19.0,,,0.0,0.0,,,,,,,,, ,,, ,Ning Hao,Ning Hao,,2023-11-26 00:00:00,2023-11-26 00:00:00
573234,Fang Jialu,方嘉祿,1858.0,1.0,,0.0,,,,,,1858.0,,,,1914.0,,,,57.0,-1.0,,,,,,,,,Fang,方,Jialu,嘉祿,20.0,,,0.0,0.0,7.0,6.0,5.0,10.0,,,Mustel,Charles,Charles Mustel,,, ,liujianguo,liujianguo,,2023-12-09 00:00:00,2023-12-09 00:00:00
573891,Fang Sui,方燧,,,,0.0,8208.0,1.0,,,,,,,,,,,,,,,,,,,,,,Fang,方,Sui,燧,20.0,,,,,,,,,,,,,,,,,load,,1.0,2024-01-11 00:00:00,
574020,Fang Tao,方陶,,,,0.0,8210.0,1.0,,,,,,,,,,,,,,,,,,,,,,Fang,方,Tao,陶,20.0,,,,,,,,,,,,,,,,,load,,1.0,2024-01-11 00:00:00,
574033,Fang Tang,方塘,,,,0.0,8210.0,1.0,,,,,,,,,,,,,,,,,,,,,,Fang,方,Tang,塘,20.0,,,,,,,,,,,,,,,,,load,,1.0,2024-01-11 00:00:00,
574052,Fang Yifeng,方一鳳,,,,0.0,5583.0,1.0,,,,,,,,,,,,,,,,,,,,,,Fang,方,Yifeng,一鳳,19.0,,,,,,,,,,,,,,,,,load,,1.0,2024-01-11 00:00:00,
574053,Fang Yushi,方與時,,,,0.0,5583.0,1.0,,,,,,,,,,,,,,,,,,,,,,Fang,方,Yushi,與時,19.0,,,,,,,,,,,,,,,,,load,,1.0,2024-01-11 00:00:00,
574167,Fang Honglv,方宏履,,,,0.0,8212.0,1.0,,,,,,,,,,,,,,,,,,,,,,Fang,方,Honglv,宏履,20.0,,,,,,,,,,,,,,,,,load,,1.0,2024-01-11 00:00:00,
574296,Fang Yong,方鏞,,,,0.0,8226.0,1.0,,,,,,,,,,,,,,,,,,,,,,Fang,方,Yong,鏞,20.0,,,,,,,,,,,,,,,,,load,,1.0,2024-01-11 00:00:00,
574306,Fang Zhonggong,方仲公,,,,0.0,5584.0,1.0,,,,,,,,,,,,,,,,,,,,,,Fang,方,Zhonggong,仲公,19.0,,,,,,,,,,,,,,,,,load,,1.0,2024-01-11 00:00:00,
574411,Fang Zishan,方紫山,,,,0.0,8227.0,1.0,,,,,,,,,,,,,,,,,,,,,,Fang,方,Zishan,紫山,20.0,,,,,,,,,,,,,,,,,load,,1.0,2024-01-11 00:00:00,
574876,Fang Youzhen,方有楨,,,,0.0,5598.0,1.0,,,,,,,,,,,,,,,,,,,,,,Fang,方,Youzhen,有楨,19.0,,,,,,,,,,,,,,,,,load,,1.0,2024-01-11 00:00:00,
574877,Fang Fengshi,方鳳時,,,,0.0,5598.0,1.0,,,,,,,,,,,,,,,,,,,,,,Fang,方,Fengshi,鳳時,19.0,,,,,,,,,,,,,,,,,load,,1.0,2024-01-11 00:00:00,
574878,Fang Linshi,方麟時,,,,0.0,5598.0,1.0,,,,,,,,,,,,,,,,,,,,,,Fang,方,Linshi,麟時,19.0,,,,,,,,,,,,,,,,,load,,1.0,2024-01-11 00:00:00,
575073,Fang Shuzhuang,方叔壯,,,,0.0,5558.0,1.0,,,,,,,,,,,,,,,,,,,,,,Fang,方,Shuzhuang,叔壯,19.0,,,,,,,,,,,,,,,,,load,,1.0,2024-01-11 00:00:00,
575089,Fang Yuezao,方曰璪,,,,0.0,8249.0,1.0,,,,,,,,,,,,,,,,,,,,,,Fang,方,Yuezao,曰璪,20.0,,,,,,,,,,,,,,,,,load,,1.0,2024-01-11 00:00:00,
575090,Fang Qijing,方其敬,,,,0.0,8249.0,1.0,,,,,,,,,,,,,,,,,,,,,,Fang,方,Qijing,其敬,20.0,,,,,,,,,,,,,,,,,load,,1.0,2024-01-11 00:00:00,
575186,Fang Xinyuan,方信遠,,,,0.0,8253.0,1.0,,,,,,,,,,,,,,,,,,,,,,Fang,方,Xinyuan,信遠,20.0,,,,,,,,,,,,,,,,,load,,1.0,2024-01-11 00:00:00,
575544,Fang Bing,方炳,1687.0,7.0,,0.0,7592.0,1.0,,,,,,,,,,,,,,,,,,,,,,Fang,方,Bing,炳,20.0,,,,,,,,,,,,,,,,,load,,1.0,2024-01-16 00:00:00,
575545,Fang Ruyi,方汝翼,1828.0,7.0,,0.0,7262.0,1.0,,,,,,,,,,,,,,,,,,,,,,Fang,方,Ruyi,汝翼,20.0,,,,,,,,,,,,,,,,,load,,1.0,2024-01-16 00:00:00,
575546,Fang Zhaofu,方兆福,1846.0,7.0,,0.0,7839.0,1.0,,,,,,,,,,,,,,,,,,,,,,Fang,方,Zhaofu,兆福,20.0,,,,,,,,,,,,,,,,,load,,1.0,2024-01-16 00:00:00,
576580,Fang Sixiao,方思孝,1726.0,7.0,,0.0,7755.0,1.0,,,,,,,,,,,,,-1.0,,,,,,,,,Fang,方,Sixiao,思孝,20.0,,,0.0,0.0,,,,,,,,, ,,, ,Ning Hao,Ning Hao,,2024-02-04 00:00:00,2024-02-04 00:00:00
576646,Fang Suizhi,方遂志,1867.0,1.0,,0.0,,,,,,1867.0,,,,1925.0,,,,59.0,-1.0,,,,,,,,,Fang,方,Suizhi,遂志,20.0,,,0.0,0.0,11.0,8.0,22.0,25.0,,,Francès,Emile,Emile Francès,,, ,liujianguo,liujianguo,,2024-02-19 00:00:00,2024-02-19 00:00:00
576694,Fang Lvtai,方履泰,,,,0.0,4560.0,1.0,,,,,,,,,,,,,-1.0,,,,,,,,,Fang,方,Lvtai,履泰,19.0,,,0.0,0.0,,,,,,,,, ,,, ,Ning Hao,Ning Hao,,2024-02-27 00:00:00,2024-02-27 00:00:00
576705,Fang Guohuan,方國煥,,,,0.0,4688.0,1.0,,,,,,,,,,,,,-1.0,,,,,,,,,Fang,方,Guohuan,國煥,19.0,,,0.0,0.0,,,,,,,,, ,,, ,Ning Hao,Ning Hao,,2024-02-27 00:00:00,2024-02-27 00:00:00
576715,Fang Hang,方杭,,,,0.0,7755.0,1.0,,,,,,,,,,,,,-1.0,,,,,,,,,Fang,方,Hang,杭,20.0,,,0.0,0.0,,,,,,,,, ,,, ,Ning Hao,Ning Hao,,2024-02-27 00:00:00,2024-02-27 00:00:00
576753,Fang Mufu,方牧夫,1762.0,14.0,,0.0,7755.0,1.0,,,,,,,,,,,,,-1.0,,,,,,,,,Fang,方,Mufu,牧夫,20.0,,,0.0,0.0,,,,,,,,, ,,, ,Ning Hao,Ning Hao,,2024-03-01 00:00:00,2024-03-01 00:00:00
576800,Fang Shi(Wife of Bao Wenchun),方氏(鮑文淳妻),1786.0,3.0,64373.0,1.0,7755.0,1.0,,,,,,,,,,,,,-1.0,,,,,,,,,Fang,方,Shi(Wife of Bao Wenchun),氏(鮑文淳妻),20.0,,,0.0,0.0,,,,,,,,, ,,, ,Ning Hao,Ning Hao,,2024-03-02 00:00:00,2024-03-02 00:00:00
576812,Fang Ruyuan,方汝源,1797.0,29.0,,0.0,7755.0,1.0,,,,,,,,1860.0,665.0,10.0,0.0,,-1.0,,,,,,,,,Fang,方,Ruyuan,汝源,20.0,,,0.0,0.0,,,,,,,,, ,,, ,Ning Hao,Ning Hao,,2024-03-02 00:00:00,2024-03-02 00:00:00
576813,Fang Zibo,方梓蕃,1827.0,12.0,576812.0,0.0,7755.0,1.0,,,,,,,,,,,,,-1.0,,,,,,,,,Fang,方,Zibo,梓蕃,20.0,,,0.0,0.0,,,,,,,,, ,,, ,Ning Hao,Ning Hao,,2024-03-02 00:00:00,2024-03-02 00:00:00
576814,Fang Zixuan,方梓萱,,,,0.0,7755.0,1.0,,,,,,,,,,,,,-1.0,,,,,,,,,Fang,方,Zixuan,梓萱,20.0,,,0.0,0.0,,,,,,,,, ,,, ,Ning Hao,Ning Hao,,2024-03-02 00:00:00,2024-03-02 00:00:00
576826,Fang Shi(Wife of Xu Dakui),方氏(許大奎妻),,,,1.0,7755.0,1.0,,,,,,,,,,,,,-1.0,,,,,,,,,Fang,方,Shi(Wife of Xu Dakui),氏(許大奎妻),20.0,,,0.0,0.0,,,,,,,,, ,,, ,Ning Hao,Ning Hao,,2024-03-02 00:00:00,2024-03-02 00:00:00
576864,Fang Chengshe,方承社,1798.0,29.0,,0.0,7755.0,1.0,,,,,,,,1861.0,665.0,11.0,,,-1.0,,,,,,,,,Fang,方,Chengshe,承社,20.0,,,0.0,0.0,,,,,,,,, ,,, ,Ning Hao,Ning Hao,,2024-03-04 00:00:00,2024-03-04 00:00:00
576891,Fang Chongtang,方崇棠,,,,0.0,7755.0,1.0,,,,,,,,,,,,,-1.0,,,,,,,,,Fang,方,Chongtang,崇棠,20.0,,,0.0,0.0,,,,,,,,, ,,, ,Ning Hao,Ning Hao,,2024-03-05 00:00:00,2024-03-05 00:00:00
576914,Fang Qitai,方起泰,,,,0.0,,,,,,,,,,,,,,,-1.0,,,,,,,,,Fang,方,Qitai,起泰,20.0,,,0.0,0.0,,,,,,,,, ,,, ,Ning Hao,Ning Hao,,2024-03-07 00:00:00,2024-03-07 00:00:00
577046,Fang Lizhong,方立中,1883.0,1.0,,0.0,,,,,,1883.0,,,,,,,,,-1.0,,,,,,,,,Fang,方,Lizhong,立中,20.0,,,0.0,0.0,9.0,,19.0,,,,Brandt,Pierre-Joseph Van Den,Pierre-Joseph Van Den Brandt,,, ,liujianguo,liujianguo,,2024-03-29 00:00:00,2024-03-29 00:00:00
577047,Fang Zhen,方軫,1756.0,12.0,72460.0,0.0,7755.0,1.0,,,,,,,,,,,,,-1.0,,,,,,,,,Fang,方,Zhen,軫,20.0,,,0.0,0.0,,,,,,,,, ,,, ,Ning Hao,Ning Hao,,2024-03-29 00:00:00,2024-03-29 00:00:00
577070,Fang Yuanmao,方元茂,1744.0,14.0,,0.0,7755.0,1.0,,,,,,,,,,,,,-1.0,,,,,,,,,Fang,方,Yuanmao,元茂,20.0,,,0.0,0.0,,,,,,,,, ,,, ,Ning Hao,Ning Hao,,2024-03-31 00:00:00,2024-03-31 00:00:00
577071,Fang Zihe,方子河,1804.0,12.0,570429.0,0.0,7755.0,1.0,,,,,,,,,,,,,-1.0,,,,,,,,,Fang,方,Zihe,子河,20.0,,,0.0,0.0,,,,,,,,, ,,, ,Ning Hao,Ning Hao,,2024-03-31 00:00:00,2024-03-31 00:00:00
577190,Fang Shangyong,方尚用,,,,0.0,4688.0,1.0,,,,,,,,,,,,,-1.0,,,,,,,,,Fang,方,Shangyong,尚用,19.0,,,0.0,0.0,,,,,,,,, ,,, ,Ning Hao,Ning Hao,,2024-04-11 00:00:00,2024-04-11 00:00:00
577193,Fang Liangfan,方良範,,,,0.0,4688.0,1.0,,,,,,,,,,,,,-1.0,,,,,,,,,Fang,方,Liangfan,良範,19.0,,,0.0,0.0,,,,,,,,, ,,, ,Ning Hao,Ning Hao,,2024-04-11 00:00:00,2024-04-11 00:00:00
577194,Fang Liangce,方良策,,,,0.0,4688.0,1.0,,,,,,,,,,,,,-1.0,,,,,,,,,Fang,方,Liangce,良策,19.0,,,0.0,0.0,,,,,,,,, ,,, ,Ning Hao,Ning Hao,,2024-04-11 00:00:00,2024-04-11 00:00:00
577195,Fang Liangzhen,方良箴,,,,0.0,4688.0,1.0,,,,,,,,,,,,,-1.0,,,,,,,,,Fang,方,Liangzhen,良箴,19.0,,,0.0,0.0,,,,,,,,, ,,, ,Ning Hao,Ning Hao,,2024-04-11 00:00:00,2024-04-11 00:00:00
577196,Fang Heng,方恆,,,,0.0,4688.0,1.0,,,,,,,,,,,,,-1.0,,,,,,,,,Fang,方,Heng,恆,19.0,,,0.0,0.0,,,,,,,,, ,,, ,Ning Hao,Ning Hao,,2024-04-11 00:00:00,2024-04-11 00:00:00
577216,Fang Jian,方簡,,,,0.0,4688.0,1.0,,,,,,,,,,,,,-1.0,,,,,,,,,Fang,方,Jian,簡,19.0,,,0.0,0.0,,,,,,,,, ,,, ,Ning Hao,Ning Hao,,2024-04-15 00:00:00,2024-04-15 00:00:00
577217,Fang Ruzi,方汝梓,,,,0.0,4688.0,1.0,,,,,,,,,,,,,-1.0,,,,,,,,,Fang,方,Ruzi,汝梓,19.0,,,0.0,0.0,,,,,,,,, ,,, ,Ning Hao,Ning Hao,,2024-04-15 00:00:00,2024-04-15 00:00:00
577218,Fang Mianqin,方勉勤,,,,,4688.0,1.0,,,,,,,,,,,,,,,,,,,,,,Fang,方,Mianqin,勉勤,,,,,,,,,,,,,,,,,,Ning Hao,,,2024-04-15 00:00:00,
577219,Fang Mianrou,方勉柔,,,,0.0,4688.0,1.0,,,,,,,,,,,,,-1.0,,,,,,,,,Fang,方,Mianrou,勉柔,19.0,,,0.0,0.0,,,,,,,,, ,,, ,Ning Hao,Ning Hao,,2024-04-15 00:00:00,2024-04-15 00:00:00
577223,Fang Zuyin,方祖蔭,,,,,4688.0,1.0,,,,,,,,,,,,,,,,,,,,,,Fang,方,Zuyin,祖蔭,,,,,,,,,,,,,,,,,,Ning Hao,,,2024-04-15 00:00:00,
577224,Fang Shouyu,方守愚,,,,,4688.0,1.0,,,,,,,,,,,,,,,,,,,,,,Fang,方,Shouyu,守愚,,,,,,,,,,,,,,,,,,Ning Hao,,,2024-04-15 00:00:00,
577267,Fang Wenhu,方文瑚,,,,0.0,4688.0,1.0,,,,,,,,,,,,,-1.0,,,,,,,,,Fang,方,Wenhu,文瑚,19.0,,,0.0,0.0,,,,,,,,, ,,, ,Ning Hao,Ning Hao,,2024-04-16 00:00:00,2024-04-16 00:00:00
577268,Fang Wenyuan,方文遠,,,,0.0,4688.0,1.0,,,,,,,,,,,,,-1.0,,,,,,,,,Fang,方,Wenyuan,文遠,19.0,,,0.0,0.0,,,,,,,,, ,,, ,Ning Hao,Ning Hao,,2024-04-16 00:00:00,2024-04-16 00:00:00
577276,Fang Yongan,方永安,,,,0.0,4688.0,1.0,,,,,,,,,,,,,-1.0,,,,,,,,,Fang,方,Yongan,永安,19.0,,,0.0,0.0,,,,,,,,, ,,, ,Ning Hao,Ning Hao,,2024-04-16 00:00:00,2024-04-16 00:00:00
577277,Fang Zhen,方軫,,,,0.0,4688.0,1.0,,,,,,,,,,,,,-1.0,,,,,,,,,Fang,方,Zhen,軫,19.0,,,0.0,0.0,,,,,,,,, ,,, ,Ning Hao,Ning Hao,,2024-04-16 00:00:00,2024-04-16 00:00:00
577278,Fang Ximing,方希明,,,,0.0,4688.0,1.0,,,,,,,,,,,,,-1.0,,,,,,,,,Fang,方,Ximing,希明,19.0,,,0.0,0.0,,,,,,,,, ,,, ,Ning Hao,Ning Hao,,2024-04-16 00:00:00,2024-04-16 00:00:00
577279,Fang Xiyuan,方希遠,,,,,4688.0,1.0,,,,,,,,,,,,,,,,,,,,,,Fang,方,Xiyuan,希遠,,,,,,,,,,,,,,,,,,Ning Hao,,,2024-04-16 00:00:00,
577289,Fang Yin,方胤,,,,0.0,4688.0,1.0,,,,,,,,,,,,,-1.0,,,,,,,,,Fang,方,Yin,胤,19.0,,,0.0,0.0,,,,,,,,, ,,, ,Ning Hao,Ning Hao,,2024-04-17 00:00:00,2024-04-17 00:00:00
577290,Fang Chongmao,方崇懋,,,,0.0,4688.0,1.0,,,,,,,,,,,,,-1.0,,,,,,,,,Fang,方,Chongmao,崇懋,19.0,,,0.0,0.0,,,,,,,,, ,,, ,Ning Hao,Ning Hao,,2024-04-17 00:00:00,2024-04-17 00:00:00
577310,Fang Shiding,方世鼎,,,,0.0,7755.0,1.0,,,,,,,,,,,,,-1.0,,,,,,,,,Fang,方,Shiding,世鼎,20.0,,,0.0,0.0,,,,,,,,, ,,, ,Ning Hao,Ning Hao,,2024-04-23 00:00:00,2024-04-23 00:00:00
577321,Fang Mutang,方慕塘,,,,0.0,7755.0,1.0,,,,,,,,,,,,,-1.0,,,,,,,,,Fang,方,Mutang,慕塘,20.0,,,0.0,0.0,,,,,,,,, ,,, ,Ning Hao,Ning Hao,,2024-04-23 00:00:00,2024-04-23 00:00:00
577322,Fang Huai,方淮,,,,0.0,7755.0,1.0,,,,,,,,,,,,,-1.0,,,,,,,,,Fang,方,Huai,淮,20.0,,,0.0,0.0,,,,,,,,, ,,, ,Ning Hao,Ning Hao,,2024-04-23 00:00:00,2024-04-23 00:00:00
577378,Fang Shi(Wife of Jiang Huan),方氏(江澣妻),,,,1.0,7755.0,1.0,,,,,,,,,,,,,-1.0,,,,,,,,,Fang,方,Shi(Wife of Jiang Huan),氏(江澣妻),20.0,,,0.0,0.0,,,,,,,,, ,,, ,Ning Hao,Ning Hao,,2024-04-27 00:00:00,2024-04-27 00:00:00
577443,Fang Shaoyao,方紹堯,,,,0.0,7755.0,1.0,,,,,,,,,,,,,-1.0,,,,,,,,,Fang,方,Shaoyao,紹堯,20.0,,,0.0,0.0,,,,,,,,, ,,, ,Ning Hao,Ning Hao,,2024-04-30 00:00:00,2024-04-30 00:00:00
577460,Fang Yimo,方義模,1876.0,1.0,,0.0,,,,,,1876.0,,,,1918.0,,,,43.0,-1.0,,,,,,,,,Fang,方,Yimo,義模,20.0,,,0.0,0.0,6.0,4.0,12.0,22.0,,,Fiandin,Constant-André,Constant-André Fiandin,,, ,liujianguo,liujianguo,,2024-04-30 00:00:00,2024-04-30 00:00:00
577496,Fang Shi(Wife of Pan Bingyuan),方氏(潘秉源妻),,,,1.0,7755.0,1.0,,,,,,,,,,,,,-1.0,,,,,,,,,Fang,方,Shi(Wife of Pan Bingyuan),氏(潘秉源妻),20.0,,,0.0,0.0,,,,,,,,, ,,, ,Ning Hao,Ning Hao,,2024-05-01 00:00:00,2024-05-01 00:00:00
577499,Fang Yuanju,方源聚,,,,0.0,7755.0,1.0,,,,,,,,,,,,,-1.0,,,,,,,,,Fang,方,Yuanju,源聚,20.0,,,0.0,0.0,,,,,,,,, ,,, ,Ning Hao,Ning Hao,,2024-05-01 00:00:00,2024-05-01 00:00:00
577547,Fang Zicai,方子才,1882.0,1.0,,0.0,,,,,,1882.0,,,,,,,,,-1.0,,,,,,,,,Fang,方,Zicai,子才,20.0,,,0.0,0.0,2.0,,12.0,,,,Fang,Thaddée,Thaddée Fang,,, ,liujianguo,liujianguo,,2024-05-04 00:00:00,2024-05-04 00:00:00
577591,Fang Tongan,方統安,,,,0.0,7755.0,1.0,,,,,,,,,,,,,-1.0,,,,,,,,,Fang,方,Tongan,統安,20.0,,,0.0,0.0,,,,,,,,, ,,, ,Ning Hao,Ning Hao,,2024-05-06 00:00:00,2024-05-06 00:00:00
577609,Fang Guangyang,方光洋,,,,0.0,7755.0,1.0,,,,,,,,,,,,,-1.0,,,,,,,,,Fang,方,Guangyang,光洋,20.0,,,0.0,0.0,,,,,,,,, ,,, ,Ning Hao,Ning Hao,,2024-05-08 00:00:00,2024-05-08 00:00:00
577640,Fang Zhengpeng,方正鵬,,,,0.0,7755.0,1.0,,,,,,,,,,,,,-1.0,,,,,,,,,Fang,方,Zhengpeng,正鵬,20.0,,,0.0,0.0,,,,,,,,, ,,, ,Ning Hao,Ning Hao,,2024-05-09 00:00:00,2024-05-09 00:00:00
577648,Fang Hongzhen,方宏振,,,,0.0,7755.0,1.0,,,,,,,,,,,,,-1.0,,,,,,,,,Fang,方,Hongzhen,宏振,20.0,,,0.0,0.0,,,,,,,,, ,,, ,Ning Hao,Ning Hao,,2024-05-09 00:00:00,2024-05-09 00:00:00
577671,Fang Daolin,方道林,1882.0,1.0,,0.0,,,,,,1882.0,,,,,,,,,-1.0,,,,,,,,,Fang,方,Daolin,道林,20.0,,,0.0,0.0,11.0,,11.0,,,,Friedrich,François-Xavier,François-Xavier Friedrich,,, ,liujianguo,liujianguo,,2024-05-12 00:00:00,2024-05-12 00:00:00
577757,Fang Shi(Grandmother of Zhang Zhaoming),方氏(張兆銘祖母),,,,1.0,7755.0,1.0,,,,,,,,,,,,,-1.0,,,,,,,,,Fang,方,Shi(Grandmother of Zhang Zhaoming),氏(張兆銘祖母),20.0,,,0.0,0.0,,,,,,,,, ,,, ,Ning Hao,Ning Hao,,2024-05-24 00:00:00,2024-05-24 00:00:00
577770,Fang Lianghe,方良和,,,,0.0,7755.0,1.0,,,,,,,,,,,,,-1.0,,,,,,,,,Fang,方,Lianghe,良和,20.0,,,0.0,0.0,,,,,,,,, ,,, ,Ning Hao,Ning Hao,,2024-05-24 00:00:00,2024-05-24 00:00:00
577771,Fang Qixi,方啓錫,,,,0.0,7755.0,1.0,,,,,,,,,,,,,-1.0,,,,,,,,,Fang,方,Qixi,啓錫,20.0,,,0.0,0.0,,,,,,,,, ,,, ,Ning Hao,Ning Hao,,2024-05-24 00:00:00,2024-05-24 00:00:00
577772,Fang Shidao,方士燾,,,,0.0,7755.0,1.0,,,,,,,,,,,,,-1.0,,,,,,,,,Fang,方,Shidao,士燾,20.0,,,0.0,0.0,,,,,,,,, ,,, ,Ning Hao,Ning Hao,,2024-05-24 00:00:00,2024-05-24 00:00:00
577773,Fang Shikui,方士揆,,,,0.0,7755.0,1.0,,,,,,,,,,,,,-1.0,,,,,,,,,Fang,方,Shikui,士揆,20.0,,,0.0,0.0,,,,,,,,, ,,, ,Ning Hao,Ning Hao,,2024-05-24 00:00:00,2024-05-24 00:00:00
577797,Fang Shaoxiang,方紹祥,,,,0.0,7755.0,1.0,,,,,,,,,,,,,-1.0,,,,,,,,,Fang,方,Shaoxiang,紹祥,20.0,,,0.0,0.0,,,,,,,,, ,,, ,Ning Hao,Ning Hao,,2024-05-28 00:00:00,2024-05-28 00:00:00
578383,Fang Duomo,方多默,1894.0,1.0,,0.0,,,,,,1894.0,,,,,,,,,-1.0,,,,,,,,,Fang,方,Duomo,多默,20.0,,,0.0,0.0,11.0,,14.0,,,,Fang,Thomas,Thomas Fang,,, ,liujianguo,liujianguo,,2024-06-20 00:00:00,2024-06-20 00:00:00
578420,Fang Shi(Mother of Yao Mingduo),方氏(姚明杕母),,,,1.0,7755.0,1.0,,,,,,,,,,,,,-1.0,,,,,,,,,Fang,方,Shi(Mother of Yao Mingduo),氏(姚明杕母),20.0,,,0.0,0.0,,,,,,,,, ,,, ,Ning Hao,Ning Hao,,2024-06-21 00:00:00,2024-06-21 00:00:00
578553,Fang Zhenjian,方振鑑,,,,0.0,7755.0,1.0,,,,,,,,,,,,,-1.0,,,,,,,,,Fang,方,Zhenjian,振鑑,20.0,,,0.0,0.0,,,,,,,,, ,,, ,Ning Hao,Ning Hao,,2024-06-23 00:00:00,2024-06-23 00:00:00
578727,Fang Dunjing,方敦靜,,,,0.0,,,,,,,,,,,,,,,-1.0,,,,,,,,,Fang,方,Dunjing,敦靜,19.0,,,0.0,0.0,,,,,,,,, ,,, ,陶恒,陶恒,,2024-07-08 00:00:00,2024-07-08 00:00:00
578729,Fang Hongjing,方宏靜,1520.0,5.0,,0.0,4688.0,1.0,,,,,,,,,,,,,-1.0,,,,,,,,,Fang,方,Hongjing,宏靜,19.0,,,0.0,0.0,,,,,,,,, ,,, ,陶恒,陶恒,,2024-07-08 00:00:00,2024-07-08 00:00:00
578785,Fang Jizhou,方濟舟,1895.0,1.0,,0.0,,,,,,1895.0,,,,,,,,,-1.0,,,,,,,,,Fang,方,Jizhou,濟舟,20.0,,,0.0,0.0,10.0,,16.0,,,,Fiault,François-Victor-Léopold,François-Victor-Léopold Fiault,,, ,liujianguo,liujianguo,,2024-07-12 00:00:00,2024-07-12 00:00:00
578885,Fang WenZhuan,方文僎,,,,0.0,5109.0,1.0,,,,,,,,,,,,,-1.0,,,,,,,,,Fang,方,WenZhuan,文僎,19.0,,,0.0,0.0,,,,,,,,, ,,, ,Ling Zhao,Ling Zhao,,2024-07-20 00:00:00,2024-07-21 00:00:00
578903,Fang Guan,方灌,,,,0.0,4688.0,1.0,,,,,,,,,,,,,-1.0,,,,,,,,,Fang,方,Guan,灌,19.0,,,0.0,0.0,,,,,,,,, ,,, ,Ning Hao,Ning Hao,,2024-07-20 00:00:00,2024-07-20 00:00:00
578930,Fang Shangben,方尚本,,,,0.0,4688.0,1.0,,,,,,,,,,,,,-1.0,,,,,,,,,Fang,方,Shangben,尚本,19.0,,,0.0,0.0,,,,,,,,, ,,, ,Ning Hao,Ning Hao,,2024-07-21 00:00:00,2024-07-21 00:00:00
578949,Fang Da,方達,,,,0.0,4688.0,1.0,,,,,,,,,,,,,-1.0,,,,,,,,,Fang,方,Da,達,19.0,,,0.0,0.0,,,,,,,,, ,,, ,Ning Hao,Ning Hao,,2024-07-22 00:00:00,2024-07-22 00:00:00
578950,Fang Sanying,方三應,1504.0,14.0,,0.0,4688.0,1.0,,,,,,,,,,,,,-1.0,,,,,,,,,Fang,方,Sanying,三應,19.0,,,0.0,0.0,,,,,,,,, ,,, ,Ning Hao,Ning Hao,,2024-07-22 00:00:00,2024-07-22 00:00:00
578985,Fang Zizhen,方子振,,,,0.0,4687.0,1.0,,,,,,,,,,,,,-1.0,,,,,,,,,Fang,方,Zizhen,子振,19.0,,,0.0,0.0,,,,,,,,, ,,, ,Ling Zhao,Ling Zhao,,2024-07-26 00:00:00,2024-07-26 00:00:00
579013,Fang Guangzhao,方光昭,,,,0.0,4688.0,1.0,,,,,,,,,,,,,-1.0,,,,,,,,,Fang,方,Guangzhao,光昭,19.0,,,0.0,0.0,,,,,,,,, ,,, ,Ning Hao,Ning Hao,,2024-07-28 00:00:00,2024-07-28 00:00:00
579014,Fang Guangsheng,方光晟,,,,0.0,4688.0,1.0,,,,,,,,,,,,,-1.0,,,,,,,,,Fang,方,Guangsheng,光晟,19.0,,,0.0,0.0,,,,,,,,, ,,, ,Ning Hao,Ning Hao,,2024-07-28 00:00:00,2024-07-28 00:00:00
579024,Fang Yangzhong,方養重,,,,0.0,,,,,,,,,,,,,,,-1.0,,,,,,,,,Fang,方,Yangzhong,養重,19.0,,,0.0,0.0,,,,,,,,, ,,, ,Ning Hao,Ning Hao,,2024-07-28 00:00:00,2024-07-28 00:00:00
579107,Fang Zhou,方周,,,,0.0,7755.0,1.0,,,,,,,,,,,,,-1.0,,,,,,,,,Fang,方,Zhou,周,20.0,,,0.0,0.0,,,,,,,,, ,,, ,Ning Hao,Ning Hao,,2024-08-01 00:00:00,2024-08-01 00:00:00
579120,Fang Jiacheng,方家橙,,,,0.0,7755.0,1.0,,,,,,,,,,,,,-1.0,,,,,,,,,Fang,方,Jiacheng,家橙,20.0,,,0.0,0.0,,,,,,,,, ,,, ,Ning Hao,Ning Hao,,2024-08-01 00:00:00,2024-08-01 00:00:00
579121,Fang Jiabai,方家柏,,,,0.0,7755.0,1.0,,,,,,,,,,,,,-1.0,,,,,,,,,Fang,方,Jiabai,家柏,20.0,,,0.0,0.0,,,,,,,,, ,,, ,Ning Hao,Ning Hao,,2024-08-01 00:00:00,2024-08-01 00:00:00
579197,Fang Deli,方德利,1900.0,1.0,,0.0,,,,,,1900.0,,,,,,,,,-1.0,,,,,,,,,Fang,方,Deli,德利,20.0,,,0.0,0.0,2.0,,12.0,,,,Flaherty,Francis,Francis Flaherty,,, ,liujianguo,liujianguo,,2024-08-03 00:00:00,2024-08-03 00:00:00
579254,Fang Shouhai,方受海,1914.0,1.0,,0.0,,,,,,1914.0,,,,,,,,,-1.0,,,,,,,,,Fang,方,Shouhai,受海,20.0,,,0.0,0.0,6.0,,14.0,,,,Fang,Paul,Paul Fang,,, ,liujianguo,liujianguo,,2024-08-04 00:00:00,2024-08-04 00:00:00
579345,Fang Liangtang,方良堂,,,,0.0,7755.0,1.0,,,,,,,,,,,,,-1.0,,,,,,,,,Fang,方,Liangtang,良堂,20.0,,,0.0,0.0,,,,,,,,, ,,, ,Ning Hao,Ning Hao,,2024-08-11 00:00:00,2024-08-11 00:00:00
579368,Fang Shijie,方士寁,,,,0.0,7755.0,1.0,,,,,,,,,,,,,-1.0,,,,,,,,,Fang,方,Shijie,士寁,20.0,,,0.0,0.0,,,,,,,,, ,,, ,Ning Hao,Ning Hao,,2024-08-14 00:00:00,2024-08-14 00:00:00
579369,Fang Shihuan,方世環,,,,0.0,7852.0,6.0,,,,,,,,,,,,,-1.0,,,,,,,,,Fang,方,Shihuan,世環,20.0,,,0.0,0.0,,,,,,,,, ,,, ,Ning Hao,Ning Hao,,2024-08-14 00:00:00,2024-08-14 00:00:00
579370,Fang Shanshu,方善述,,,,0.0,7755.0,1.0,,,,,,,,,,,,,-1.0,,,,,,,,,Fang,方,Shanshu,善述,20.0,,,0.0,0.0,,,,,,,,, ,,, ,Ning Hao,Ning Hao,,2024-08-14 00:00:00,2024-08-14 00:00:00
579371,Fang Ying,方英,,,,0.0,7852.0,1.0,,,,,,,,,,,,,-1.0,,,,,,,,,Fang,方,Ying,英,20.0,,,0.0,0.0,,,,,,,,, ,,, ,Ning Hao,Ning Hao,,2024-08-14 00:00:00,2024-08-14 00:00:00
579378,Fang Bing,方炳,1714.0,14.0,,0.0,7755.0,1.0,,,,,,,,,,,,,-1.0,,,,,,,,,Fang,方,Bing,炳,20.0,,,0.0,0.0,,,,,,,,, ,,, ,Ning Hao,Ning Hao,,2024-08-14 00:00:00,2024-08-14 00:00:00
579381,Fang Qibai,方其柏,1696.0,14.0,,0.0,7755.0,1.0,,,,,,,,,,,,,-1.0,,,,,,,,,Fang,方,Qibai,其柏,20.0,,,0.0,0.0,,,,,,,,, ,,, ,Ning Hao,Ning Hao,,2024-08-15 00:00:00,2024-08-15 00:00:00
579391,Fang Delong,方德龍,,,,0.0,7755.0,1.0,,,,,,,,,,,,,-1.0,,,,,,,,,Fang,方,Delong,德龍,20.0,,,0.0,0.0,,,,,,,,, ,,, ,Ning Hao,Ning Hao,,2024-08-15 00:00:00,2024-08-15 00:00:00
613595,Fang Qilun,方七倫,,,,0.0,8210.0,1.0,,,,,,,,,,,,,,,,,,,,,,Fang,方,Qilun,七倫,20.0,,CGED-Q_person_id=182310493300.,,,,,,,,,,,,,,,load,,1.0,2024-08-16 00:00:00,
613596,Fang Sanjie,方三捷,,,,0.0,7214.0,1.0,,,,,,,,,,,,,,,,,,,,,,Fang,方,Sanjie,三捷,20.0,,CGED-Q_person_id=184520600100.,,,,,,,,,,,,,,,load,,1.0,2024-08-16 00:00:00,
613597,Fang Sandian,方三典,,,,0.0,7706.0,1.0,,,,,,,,,,,,,,,,,,,,,,Fang,方,Sandian,三典,20.0,,CGED-Q_person_id=184730783700.,,,,,,,,,,,,,,,load,,1.0,2024-08-16 00:00:00,
613598,Fang Shiren,方世仁,,,,0.0,7706.0,1.0,,,,,,,,,,,,,,,,,,,,,,Fang,方,Shiren,世仁,20.0,,CGED-Q_person_id=177730737800.,,,,,,,,,,,,,,,load,,1.0,2024-08-16 00:00:00,
613599,Fang Shiqi,方世琪,,,,0.0,7706.0,1.0,,,,,,,,,,,,,,,,,,,,,,Fang,方,Shiqi,世琪,20.0,,CGED-Q_person_id=190940414600.,,,,,,,,,,,,,,,load,,1.0,2024-08-16 00:00:00,
613600,Fang Shilin,方世琳,,,,0.0,7214.0,1.0,,,,,,,,,,,,,,,,,,,,,,Fang,方,Shilin,世琳,20.0,,CGED-Q_person_id=178840843400.,,,,,,,,,,,,,,,load,,1.0,2024-08-16 00:00:00,
613601,Fang Zhongju,方中矩,,,,0.0,8920.0,1.0,,,,,,,,,,,,,,,,,,,,,,Fang,方,Zhongju,中矩,20.0,,CGED-Q_person_id=180831335700.,,,,,,,,,,,,,,,load,,1.0,2024-08-16 00:00:00,
613602,Fang Naixia,方乃霞,,,,0.0,7783.0,1.0,,,,,,,,,,,,,,,,,,,,,,Fang,方,Naixia,乃霞,20.0,,CGED-Q_person_id=176040723100.,,,,,,,,,,,,,,,load,,1.0,2024-08-16 00:00:00,
613603,Fang Zhizhong,方之中,,,,0.0,8066.0,1.0,,,,,,,,,,,,,,,,,,,,,,Fang,方,Zhizhong,之中,20.0,,CGED-Q_person_id=182021200500.,,,,,,,,,,,,,,,load,,1.0,2024-08-16 00:00:00,
613604,Fang Zhihai,方之海,,,,0.0,7873.0,1.0,,,,,,,,,,,,,,,,,,,,,,Fang,方,Zhihai,之海,20.0,,CGED-Q_person_id=180220654100.,,,,,,,,,,,,,,,load,,1.0,2024-08-16 00:00:00,
613605,Fang Zhigang,方之綱,,,,0.0,7700.0,1.0,,,,,,,,,,,,,,,,,,,,,,Fang,方,Zhigang,之綱,20.0,,CGED-Q_person_id=187710698300.,,,,,,,,,,,,,,,load,,1.0,2024-08-16 00:00:00,
613606,Fang Zhizhou,方之舟,,,,0.0,7646.0,1.0,,,,,,,,,,,,,,,,,,,,,,Fang,方,Zhizhou,之舟,20.0,,CGED-Q_person_id=183920898700.,,,,,,,,,,,,,,,load,,1.0,2024-08-16 00:00:00,
613607,Fang Yiran,方乙然,,,,0.0,7700.0,1.0,,,,,,,,,,,,,,,,,,,,,,Fang,方,Yiran,乙然,20.0,,CGED-Q_person_id=187910756800.,,,,,,,,,,,,,,,load,,1.0,2024-08-16 00:00:00,
613608,Fang Hengtai,方亨泰,,,,0.0,7862.0,1.0,,,,,,,,,,,,,,,,,,,,,,Fang,方,Hengtai,亨泰,20.0,,CGED-Q_person_id=184130653100.,,,,,,,,,,,,,,,load,,1.0,2024-08-16 00:00:00,
613609,Fang Tingqu,方亭衢,,,,0.0,7867.0,1.0,,,,,,,,,,,,,,,,,,,,,,Fang,方,Tingqu,亭衢,20.0,,CGED-Q_person_id=182020763700.,,,,,,,,,,,,,,,load,,1.0,2024-08-16 00:00:00,
613610,Fang Yiheng,方以衡,,,,0.0,8389.0,1.0,,,,,,,,,,,,,,,,,,,,,,Fang,方,Yiheng,以衡,20.0,,CGED-Q_person_id=188540503300.,,,,,,,,,,,,,,,load,,1.0,2024-08-16 00:00:00,
613611,Fang Yangou,方仰歐,,,,0.0,8449.0,1.0,,,,,,,,,,,,,,,,,,,,,,Fang,方,Yangou,仰歐,20.0,,CGED-Q_person_id=189010997600.,,,,,,,,,,,,,,,load,,1.0,2024-08-16 00:00:00,
613612,Fang Zhongzi,方仲梓,,,,0.0,7558.0,1.0,,,,,,,,,,,,,,,,,,,,,,Fang,方,Zhongzi,仲梓,20.0,,CGED-Q_person_id=179840281500.,,,,,,,,,,,,,,,load,,1.0,2024-08-16 00:00:00,
613613,Fang Bochou,方伯疇,,,,0.0,8342.0,1.0,,,,,,,,,,,,,,,,,,,,,,Fang,方,Bochou,伯疇,20.0,,CGED-Q_person_id=181340879200.,,,,,,,,,,,,,,,load,,1.0,2024-08-16 00:00:00,
613614,Fang Bochou,方伯疇,,,,0.0,8342.0,1.0,,,,,,,,,,,,,,,,,,,,,,Fang,方,Bochou,伯疇,20.0,,CGED-Q_person_id=183520793300.,,,,,,,,,,,,,,,load,,1.0,2024-08-16 00:00:00,
613615,Fang Zuo,方佐,,,,0.0,7706.0,1.0,,,,,,,,,,,,,,,,,,,,,,Fang,方,Zuo,佐,20.0,,CGED-Q_person_id=180220550300.,,,,,,,,,,,,,,,load,,1.0,2024-08-16 00:00:00,
613616,Fang Zuofu,方作孚,,,,0.0,7755.0,1.0,,,,,,,,,,,,,,,,,,,,,,Fang,方,Zuofu,作孚,20.0,,CGED-Q_person_id=188620201100.,,,,,,,,,,,,,,,load,,1.0,2024-08-16 00:00:00,
613617,Fang Peihuai,方佩槐,,,,0.0,7646.0,1.0,,,,,,,,,,,,,,,,,,,,,,Fang,方,Peihuai,佩槐,20.0,,CGED-Q_person_id=183140729800.,,,,,,,,,,,,,,,load,,1.0,2024-08-16 00:00:00,
613618,Fang Laihe,方來賀,,,,0.0,8235.0,1.0,,,,,,,,,,,,,,,,,,,,,,Fang,方,Laihe,來賀,20.0,,CGED-Q_person_id=177730708700.,,,,,,,,,,,,,,,load,,1.0,2024-08-16 00:00:00,
613619,Fang Junnan,方俊南,,,,0.0,7084.0,1.0,,,,,,,,,,,,,,,,,,,,,,Fang,方,Junnan,俊南,20.0,,CGED-Q_person_id=188710444200.,,,,,,,,,,,,,,,load,,1.0,2024-08-16 00:00:00,
613620,Fang Baowen,方保文,,,,0.0,7706.0,1.0,,,,,,,,,,,,,,,,,,,,,,Fang,方,Baowen,保文,20.0,,CGED-Q_person_id=186830897500.,,,,,,,,,,,,,,,load,,1.0,2024-08-16 00:00:00,
613621,Fang Baoai,方保艾,,,,0.0,7706.0,1.0,,,,,,,,,,,,,,,,,,,,,,Fang,方,Baoai,保艾,20.0,,CGED-Q_person_id=186820801500.,,,,,,,,,,,,,,,load,,1.0,2024-08-16 00:00:00,
613622,Fang Chuwei,方俶威,,,,0.0,7339.0,1.0,,,,,,,,,,,,,,,,,,,,,,Fang,方,Chuwei,俶威,20.0,,CGED-Q_person_id=183320462100.,,,,,,,,,,,,,,,load,,1.0,2024-08-16 00:00:00,
613623,Fang Fuzong,方傅宗,,,,0.0,7706.0,1.0,,,,,,,,,,,,,,,,,,,,,,Fang,方,Fuzong,傅宗,20.0,,CGED-Q_person_id=188710782700.,,,,,,,,,,,,,,,load,,1.0,2024-08-16 00:00:00,
613624,Fang Fuen,方傅恩,,,,0.0,7214.0,1.0,,,,,,,,,,,,,,,,,,,,,,Fang,方,Fuen,傅恩,20.0,,CGED-Q_person_id=183141087900.,,,,,,,,,,,,,,,load,,1.0,2024-08-16 00:00:00,
613625,Fang Fushu,方傅書,,,,0.0,7706.0,1.0,,,,,,,,,,,,,,,,,,,,,,Fang,方,Fushu,傅書,20.0,,CGED-Q_person_id=184210296900.,,,,,,,,,,,,,,,load,,1.0,2024-08-16 00:00:00,
613626,Fang Fumao,方傅楙,,,,0.0,7213.0,1.0,,,,,,,,,,,,,,,,,,,,,,Fang,方,Fumao,傅楙,20.0,,CGED-Q_person_id=186010984900.,,,,,,,,,,,,,,,load,,1.0,2024-08-16 00:00:00,
613627,Fang Fuying,方傅瀛,,,,0.0,7706.0,1.0,,,,,,,,,,,,,,,,,,,,,,Fang,方,Fuying,傅瀛,20.0,,CGED-Q_person_id=187920863500.,,,,,,,,,,,,,,,load,,1.0,2024-08-16 00:00:00,
613628,Fang Fuzhi,方傅稙,,,,0.0,7706.0,1.0,,,,,,,,,,,,,,,,,,,,,,Fang,方,Fuzhi,傅稙,20.0,,CGED-Q_person_id=184640610200.,,,,,,,,,,,,,,,load,,1.0,2024-08-16 00:00:00,
613629,Fang Furong,方傅榮,,,,0.0,7706.0,1.0,,,,,,,,,,,,,,,,,,,,,,Fang,方,Furong,傅榮,20.0,,CGED-Q_person_id=181340946000.,,,,,,,,,,,,,,,load,,1.0,2024-08-16 00:00:00,
613630,Fang Fuzhao,方傅詔,,,,0.0,7706.0,1.0,,,,,,,,,,,,,,,,,,,,,,Fang,方,Fuzhao,傅詔,20.0,,CGED-Q_person_id=188720981400.,,,,,,,,,,,,,,,load,,1.0,2024-08-16 00:00:00,
613631,Fang Jie,方傑,,,,0.0,7558.0,1.0,,,,,,,,,,,,,,,,,,,,,,Fang,方,Jie,傑,20.0,,CGED-Q_person_id=186430730700.,,,,,,,,,,,,,,,load,,1.0,2024-08-16 00:00:00,
613632,Fang Chuanzhi,方傳值,,,,0.0,7693.0,1.0,,,,,,,,,,,,,,,,,,,,,,Fang,方,Chuanzhi,傳值,20.0,,CGED-Q_person_id=183730123600.,,,,,,,,,,,,,,,load,,1.0,2024-08-16 00:00:00,
613633,Fang Chuanyi,方傳彝,,,,0.0,7706.0,1.0,,,,,,,,,,,,,,,,,,,,,,Fang,方,Chuanyi,傳彝,20.0,,CGED-Q_person_id=188611017800.,,,,,,,,,,,,,,,load,,1.0,2024-08-16 00:00:00,
613634,Fang Chuanen,方傳恩,,,,0.0,7214.0,1.0,,,,,,,,,,,,,,,,,,,,,,Fang,方,Chuanen,傳恩,20.0,,CGED-Q_person_id=182420763200.,,,,,,,,,,,,,,,load,,1.0,2024-08-16 00:00:00,
613635,Fang Chuanzhi,方傳質,,,,0.0,7706.0,1.0,,,,,,,,,,,,,,,,,,,,,,Fang,方,Chuanzhi,傳質,20.0,,CGED-Q_person_id=186520900500.,,,,,,,,,,,,,,,load,,1.0,2024-08-16 00:00:00,
613636,Fang Chuanying,方傳穎,,,,0.0,7706.0,1.0,,,,,,,,,,,,,,,,,,,,,,Fang,方,Chuanying,傳穎,20.0,,CGED-Q_person_id=183920825400.,,,,,,,,,,,,,,,load,,1.0,2024-08-16 00:00:00,
613637,Fang Xi,方僖,,,,0.0,7558.0,1.0,,,,,,,,,,,,,,,,,,,,,,Fang,方,Xi,僖,20.0,,CGED-Q_person_id=184920734100.,,,,,,,,,,,,,,,load,,1.0,2024-08-16 00:00:00,
613638,Fang Xi,方僖,,,,0.0,7852.0,1.0,,,,,,,,,,,,,,,,,,,,,,Fang,方,Xi,僖,20.0,,CGED-Q_person_id=184730528000.,,,,,,,,,,,,,,,load,,1.0,2024-08-16 00:00:00,
613639,Fang Hui,方僡,,,,0.0,7700.0,1.0,,,,,,,,,,,,,,,,,,,,,,Fang,方,Hui,僡,20.0,,CGED-Q_person_id=180610512000.,,,,,,,,,,,,,,,load,,1.0,2024-08-16 00:00:00,
613640,Fang Yuanbing,方元炳,,,,0.0,8444.0,1.0,,,,,,,,,,,,,,,,,,,,,,Fang,方,Yuanbing,元炳,20.0,,CGED-Q_person_id=179611183700.,,,,,,,,,,,,,,,load,,1.0,2024-08-16 00:00:00,
613641,Fang Yuanjuan,方元鵑,,,,0.0,7646.0,1.0,,,,,,,,,,,,,,,,,,,,,,Fang,方,Yuanjuan,元鵑,20.0,,CGED-Q_person_id=180220230600.,,,,,,,,,,,,,,,load,,1.0,2024-08-16 00:00:00,
613642,Fang Zhaobing,方兆炳,,,,0.0,8235.0,1.0,,,,,,,,,,,,,,,,,,,,,,Fang,方,Zhaobing,兆炳,20.0,,CGED-Q_person_id=185030812400.,,,,,,,,,,,,,,,load,,1.0,2024-08-16 00:00:00,
613643,Fang Zhaoke,方兆科,,,,0.0,7755.0,1.0,,,,,,,,,,,,,,,,,,,,,,Fang,方,Zhaoke,兆科,20.0,,CGED-Q_person_id=185840819300.,,,,,,,,,,,,,,,load,,1.0,2024-08-16 00:00:00,
613644,Fang Zhaoao,方兆鼇,,,,0.0,7770.0,1.0,,,,,,,,,,,,,,,,,,,,,,Fang,方,Zhaoao,兆鼇,20.0,,CGED-Q_person_id=190440260600.,,,,,,,,,,,,,,,load,,1.0,2024-08-16 00:00:00,
613645,Fang Guangyi,方光儀,,,,0.0,8384.0,1.0,,,,,,,,,,,,,,,,,,,,,,Fang,方,Guangyi,光儀,20.0,,CGED-Q_person_id=189532428600.,,,,,,,,,,,,,,,load,,1.0,2024-08-16 00:00:00,
613646,Fang Guangzu,方光祖,,,,0.0,8210.0,1.0,,,,,,,,,,,,,,,,,,,,,,Fang,方,Guangzu,光祖,20.0,,CGED-Q_person_id=176510817600.,,,,,,,,,,,,,,,load,,1.0,2024-08-16 00:00:00,
613647,Fang Guangzu,方光祖,,,,0.0,8210.0,1.0,,,,,,,,,,,,,,,,,,,,,,Fang,方,Guangzu,光祖,20.0,,CGED-Q_person_id=176040763600.,,,,,,,,,,,,,,,load,,1.0,2024-08-16 00:00:00,
613648,Fang Guangshen,方光紳,,,,0.0,7755.0,1.0,,,,,,,,,,,,,,,,,,,,,,Fang,方,Guangshen,光紳,20.0,,CGED-Q_person_id=187820433300.,,,,,,,,,,,,,,,load,,1.0,2024-08-16 00:00:00,
613649,Fang Qizheng,方其正,,,,0.0,8778.0,1.0,,,,,,,,,,,,,,,,,,,,,,Fang,方,Qizheng,其正,20.0,,CGED-Q_person_id=184720890600.,,,,,,,,,,,,,,,load,,1.0,2024-08-16 00:00:00,
613650,Fang Qihong,方其洪,,,,0.0,7579.0,1.0,,,,,,,,,,,,,,,,,,,,,,Fang,方,Qihong,其洪,20.0,,CGED-Q_person_id=185620511000.,,,,,,,,,,,,,,,load,,1.0,2024-08-16 00:00:00,
613651,Fang Qiruo,方其若,,,,0.0,8342.0,1.0,,,,,,,,,,,,,,,,,,,,,,Fang,方,Qiruo,其若,20.0,,CGED-Q_person_id=181710857900.,,,,,,,,,,,,,,,load,,1.0,2024-08-16 00:00:00,
613652,Fang Gongtan,方功菼,,,,0.0,8343.0,1.0,,,,,,,,,,,,,,,,,,,,,,Fang,方,Gongtan,功菼,20.0,,CGED-Q_person_id=186411265100.,,,,,,,,,,,,,,,load,,1.0,2024-08-16 00:00:00,
613653,Fang Gonghong,方功閎,,,,0.0,8342.0,1.0,,,,,,,,,,,,,,,,,,,,,,Fang,方,Gonghong,功閎,20.0,,CGED-Q_person_id=188741227600.,,,,,,,,,,,,,,,load,,1.0,2024-08-16 00:00:00,
613654,Fang Gongge,方功閣,,,,0.0,8342.0,1.0,,,,,,,,,,,,,,,,,,,,,,Fang,方,Gongge,功閣,20.0,,CGED-Q_person_id=188811223400.,,,,,,,,,,,,,,,load,,1.0,2024-08-16 00:00:00,
613655,Fang Huaxin,方化新,,,,0.0,7881.0,1.0,,,,,,,,,,,,,,,,,,,,,,Fang,方,Huaxin,化新,20.0,,CGED-Q_person_id=180410654500.,,,,,,,,,,,,,,,load,,1.0,2024-08-16 00:00:00,
613656,Fang Zhuoran,方卓然,,,,0.0,7663.0,1.0,,,,,,,,,,,,,,,,,,,,,,Fang,方,Zhuoran,卓然,20.0,,CGED-Q_person_id=177730613800.,,,,,,,,,,,,,,,load,,1.0,2024-08-16 00:00:00,
613657,Fang Xiehua,方協華,,,,0.0,7659.0,1.0,,,,,,,,,,,,,,,,,,,,,,Fang,方,Xiehua,協華,20.0,,CGED-Q_person_id=180040688900.,,,,,,,,,,,,,,,load,,1.0,2024-08-16 00:00:00,
613658,Fang Nansi,方南思,,,,0.0,7730.0,1.0,,,,,,,,,,,,,,,,,,,,,,Fang,方,Nansi,南思,20.0,,CGED-Q_person_id=183631091000.,,,,,,,,,,,,,,,load,,1.0,2024-08-16 00:00:00,
613659,Fang Bozheng,方博正,,,,0.0,7685.0,1.0,,,,,,,,,,,,,,,,,,,,,,Fang,方,Bozheng,博正,20.0,,CGED-Q_person_id=180220760000.,,,,,,,,,,,,,,,load,,1.0,2024-08-16 00:00:00,
613660,Fang Zhanao,方占鼇,,,,0.0,8132.0,1.0,,,,,,,,,,,,,,,,,,,,,,Fang,方,Zhanao,占鼇,20.0,,CGED-Q_person_id=188221184400.,,,,,,,,,,,,,,,load,,1.0,2024-08-16 00:00:00,
613661,Fang Yougui,方友桂,,,,0.0,7213.0,1.0,,,,,,,,,,,,,,,,,,,,,,Fang,方,Yougui,友桂,20.0,,CGED-Q_person_id=179610522400.,,,,,,,,,,,,,,,load,,1.0,2024-08-16 00:00:00,
613662,Fang Yougui,方友桂,,,,0.0,7213.0,1.0,,,,,,,,,,,,,,,,,,,,,,Fang,方,Yougui,友桂,20.0,,CGED-Q_person_id=181230647100.,,,,,,,,,,,,,,,load,,1.0,2024-08-16 00:00:00,
613663,Fang Youchun,方友椿,,,,0.0,7214.0,1.0,,,,,,,,,,,,,,,,,,,,,,Fang,方,Youchun,友椿,20.0,,CGED-Q_person_id=180410517400.,,,,,,,,,,,,,,,load,,1.0,2024-08-16 00:00:00,
613664,Fang Youzhen,方友楨,,,,0.0,7686.0,1.0,,,,,,,,,,,,,,,,,,,,,,Fang,方,Youzhen,友楨,20.0,,CGED-Q_person_id=181341014000.,,,,,,,,,,,,,,,load,,1.0,2024-08-16 00:00:00,
613665,Fang Youxian,方友賢,,,,0.0,7730.0,1.0,,,,,,,,,,,,,,,,,,,,,,Fang,方,Youxian,友賢,20.0,,CGED-Q_person_id=187920356400.,,,,,,,,,,,,,,,load,,1.0,2024-08-16 00:00:00,
613666,Fang Fa,方發,,,,0.0,8398.0,1.0,,,,,,,,,,,,,,,,,,,,,,Fang,方,Fa,發,20.0,,CGED-Q_person_id=176040460000.,,,,,,,,,,,,,,,load,,1.0,2024-08-16 00:00:00,
613667,Fang Shoukang,方受康,,,,0.0,7770.0,1.0,,,,,,,,,,,,,,,,,,,,,,Fang,方,Shoukang,受康,20.0,,CGED-Q_person_id=183940841100.,,,,,,,,,,,,,,,load,,1.0,2024-08-16 00:00:00,
613668,Fang Jifu,方吉甫,,,,0.0,7558.0,1.0,,,,,,,,,,,,,,,,,,,,,,Fang,方,Jifu,吉甫,20.0,,CGED-Q_person_id=182021186700.,,,,,,,,,,,,,,,load,,1.0,2024-08-16 00:00:00,
613669,Fang Jifu,方吉甫,,,,0.0,7706.0,1.0,,,,,,,,,,,,,,,,,,,,,,Fang,方,Jifu,吉甫,20.0,,CGED-Q_person_id=180041272000.,,,,,,,,,,,,,,,load,,1.0,2024-08-16 00:00:00,
613670,Fang Tongming,方同明,,,,0.0,8342.0,1.0,,,,,,,,,,,,,,,,,,,,,,Fang,方,Tongming,同明,20.0,,CGED-Q_person_id=181710859800.,,,,,,,,,,,,,,,load,,1.0,2024-08-16 00:00:00,
613671,Fang Mingqiang,方名強,,,,0.0,9019.0,1.0,,,,,,,,,,,,,,,,,,,,,,Fang,方,Mingqiang,名強,20.0,,CGED-Q_person_id=187431177300.,,,,,,,,,,,,,,,load,,1.0,2024-08-16 00:00:00,
613672,Fang Mingyang,方名揚,,,,0.0,8961.0,1.0,,,,,,,,,,,,,,,,,,,,,,Fang,方,Mingyang,名揚,20.0,,CGED-Q_person_id=188710569600.,,,,,,,,,,,,,,,load,,1.0,2024-08-16 00:00:00,
613673,Fang He,方和,,,,0.0,7706.0,1.0,,,,,,,,,,,,,,,,,,,,,,Fang,方,He,和,20.0,,CGED-Q_person_id=180310593000.,,,,,,,,,,,,,,,load,,1.0,2024-08-16 00:00:00,
613674,Fang He,方和,,,,0.0,7603.0,1.0,,,,,,,,,,,,,,,,,,,,,,Fang,方,He,和,20.0,,CGED-Q_person_id=179740803000.,,,,,,,,,,,,,,,load,,1.0,2024-08-16 00:00:00,
613675,Fang Xianguang,方咸光,,,,0.0,8224.0,1.0,,,,,,,,,,,,,,,,,,,,,,Fang,方,Xianguang,咸光,20.0,,CGED-Q_person_id=176040808200.,,,,,,,,,,,,,,,load,,1.0,2024-08-16 00:00:00,
613676,Fang Qi,方啟,,,,0.0,7706.0,1.0,,,,,,,,,,,,,,,,,,,,,,Fang,方,Qi,啟,20.0,,CGED-Q_person_id=190520779800.,,,,,,,,,,,,,,,load,,1.0,2024-08-16 00:00:00,
613677,Fang Qiyao,方啟垚,,,,0.0,7213.0,1.0,,,,,,,,,,,,,,,,,,,,,,Fang,方,Qiyao,啟垚,20.0,,CGED-Q_person_id=182640884100.,,,,,,,,,,,,,,,load,,1.0,2024-08-16 00:00:00,
613678,Fang Qifeng,方啟封,,,,0.0,7213.0,1.0,,,,,,,,,,,,,,,,,,,,,,Fang,方,Qifeng,啟封,20.0,,CGED-Q_person_id=181640891400.,,,,,,,,,,,,,,,load,,1.0,2024-08-16 00:00:00,
613679,Fang Qijin,方啟搢,,,,0.0,7262.0,1.0,,,,,,,,,,,,,,,,,,,,,,Fang,方,Qijin,啟搢,20.0,,CGED-Q_person_id=183041017000.,,,,,,,,,,,,,,,load,,1.0,2024-08-16 00:00:00,
613680,Fang Qixiu,方啟秀,,,,0.0,8216.0,1.0,,,,,,,,,,,,,,,,,,,,,,Fang,方,Qixiu,啟秀,20.0,,CGED-Q_person_id=178610359000.,,,,,,,,,,,,,,,load,,1.0,2024-08-16 00:00:00,
613681,Fang Qishen,方啟莘,,,,0.0,8385.0,1.0,,,,,,,,,,,,,,,,,,,,,,Fang,方,Qishen,啟莘,20.0,,CGED-Q_person_id=188831386900.,,,,,,,,,,,,,,,load,,1.0,2024-08-16 00:00:00,
613682,Fang Guoyuan,方國原,,,,0.0,7853.0,1.0,,,,,,,,,,,,,,,,,,,,,,Fang,方,Guoyuan,國原,20.0,,CGED-Q_person_id=190231372700.,,,,,,,,,,,,,,,load,,1.0,2024-08-16 00:00:00,
613683,Fang Guozhu,方國柱,,,,0.0,7706.0,1.0,,,,,,,,,,,,,,,,,,,,,,Fang,方,Guozhu,國柱,20.0,,CGED-Q_person_id=176511158000.,,,,,,,,,,,,,,,load,,1.0,2024-08-16 00:00:00,
613684,Fang Guoqing,方國清,,,,0.0,8232.0,1.0,,,,,,,,,,,,,,,,,,,,,,Fang,方,Guoqing,國清,20.0,,CGED-Q_person_id=186710827000.,,,,,,,,,,,,,,,load,,1.0,2024-08-16 00:00:00,
613685,Fang Guoxiang,方國祥,,,,0.0,7602.0,1.0,,,,,,,,,,,,,,,,,,,,,,Fang,方,Guoxiang,國祥,20.0,,CGED-Q_person_id=176510709000.,,,,,,,,,,,,,,,load,,1.0,2024-08-16 00:00:00,
613686,Fang Guoqi,方國綺,,,,0.0,8385.0,1.0,,,,,,,,,,,,,,,,,,,,,,Fang,方,Guoqi,國綺,20.0,,CGED-Q_person_id=190541170300.,,,,,,,,,,,,,,,load,,1.0,2024-08-16 00:00:00,
613687,Fang Zaihao,方在鎬,,,,0.0,8208.0,1.0,,,,,,,,,,,,,,,,,,,,,,Fang,方,Zaihao,在鎬,20.0,,CGED-Q_person_id=176830622700.,,,,,,,,,,,,,,,load,,1.0,2024-08-16 00:00:00,
613688,Fang Kun,方坤,,,,0.0,7755.0,1.0,,,,,,,,,,,,,,,,,,,,,,Fang,方,Kun,坤,20.0,,CGED-Q_person_id=187730721600.,,,,,,,,,,,,,,,load,,1.0,2024-08-16 00:00:00,
613689,Fang Yuan,方垣,,,,0.0,7601.0,1.0,,,,,,,,,,,,,,,,,,,,,,Fang,方,Yuan,垣,20.0,,CGED-Q_person_id=185940748800.,,,,,,,,,,,,,,,load,,1.0,2024-08-16 00:00:00,
613690,Fang Kun,方堃,,,,0.0,7660.0,1.0,,,,,,,,,,,,,,,,,,,,,,Fang,方,Kun,堃,20.0,,CGED-Q_person_id=181230744400.,,,,,,,,,,,,,,,load,,1.0,2024-08-16 00:00:00,
613691,Fang Kun,方堃,,,,0.0,8342.0,1.0,,,,,,,,,,,,,,,,,,,,,,Fang,方,Kun,堃,20.0,,CGED-Q_person_id=185440858400.,,,,,,,,,,,,,,,load,,1.0,2024-08-16 00:00:00,
613692,Fang He,方壑,,,,0.0,7663.0,1.0,,,,,,,,,,,,,,,,,,,,,,Fang,方,He,壑,20.0,,CGED-Q_person_id=176040649000.,,,,,,,,,,,,,,,load,,1.0,2024-08-16 00:00:00,
613693,Fang Shijun,方士俊,,,,0.0,8210.0,1.0,,,,,,,,,,,,,,,,,,,,,,Fang,方,Shijun,士俊,20.0,,CGED-Q_person_id=179741157600.,,,,,,,,,,,,,,,load,,1.0,2024-08-16 00:00:00,
613694,Fang Shijun,方士俊,,,,0.0,7262.0,1.0,,,,,,,,,,,,,,,,,,,,,,Fang,方,Shijun,士俊,20.0,,CGED-Q_person_id=183041249600.,,,,,,,,,,,,,,,load,,1.0,2024-08-16 00:00:00,
613695,Fang Shilun,方士倫,,,,0.0,8210.0,1.0,,,,,,,,,,,,,,,,,,,,,,Fang,方,Shilun,士倫,20.0,,CGED-Q_person_id=182730435500.,,,,,,,,,,,,,,,load,,1.0,2024-08-16 00:00:00,
613696,Fang Shizhe,方士哲,,,,0.0,7769.0,1.0,,,,,,,,,,,,,,,,,,,,,,Fang,方,Shizhe,士哲,20.0,,CGED-Q_person_id=179710736000.,,,,,,,,,,,,,,,load,,1.0,2024-08-16 00:00:00,
613697,Fang Shibin,方士彬,,,,0.0,8208.0,1.0,,,,,,,,,,,,,,,,,,,,,,Fang,方,Shibin,士彬,20.0,,CGED-Q_person_id=182820996800.,,,,,,,,,,,,,,,load,,1.0,2024-08-16 00:00:00,
613698,Fang Zhuangyou,方壯猷,,,,0.0,8444.0,1.0,,,,,,,,,,,,,,,,,,,,,,Fang,方,Zhuangyou,壯猷,20.0,,CGED-Q_person_id=181341208800.,,,,,,,,,,,,,,,load,,1.0,2024-08-16 00:00:00,
613699,Fang Shouchang,方壽昌,,,,0.0,7770.0,1.0,,,,,,,,,,,,,,,,,,,,,,Fang,方,Shouchang,壽昌,20.0,,CGED-Q_person_id=184340083800.,,,,,,,,,,,,,,,load,,1.0,2024-08-16 00:00:00,
613700,Fang Mengxiong,方夢熊,,,,0.0,7570.0,1.0,,,,,,,,,,,,,,,,,,,,,,Fang,方,Mengxiong,夢熊,20.0,,CGED-Q_person_id=176510931200.,,,,,,,,,,,,,,,load,,1.0,2024-08-16 00:00:00,
613701,Fang Menglan,方夢藍,,,,0.0,7603.0,1.0,,,,,,,,,,,,,,,,,,,,,,Fang,方,Menglan,夢藍,20.0,,CGED-Q_person_id=178811041300.,,,,,,,,,,,,,,,load,,1.0,2024-08-16 00:00:00,
613702,Fang Mengling,方夢齡,,,,0.0,8342.0,1.0,,,,,,,,,,,,,,,,,,,,,,Fang,方,Mengling,夢齡,20.0,,CGED-Q_person_id=188931056900.,,,,,,,,,,,,,,,load,,1.0,2024-08-16 00:00:00,
613703,Fang Dachuan,方大川,,,,0.0,7755.0,1.0,,,,,,,,,,,,,,,,,,,,,,Fang,方,Dachuan,大川,20.0,,CGED-Q_person_id=177730023700.,,,,,,,,,,,,,,,load,,1.0,2024-08-16 00:00:00,
613704,Fang Daze,方大澤,,,,0.0,7754.0,1.0,,,,,,,,,,,,,,,,,,,,,,Fang,方,Daze,大澤,20.0,,CGED-Q_person_id=182630540200.,,,,,,,,,,,,,,,load,,1.0,2024-08-16 00:00:00,
613705,Fang Dayao,方大燿,,,,0.0,7755.0,1.0,,,,,,,,,,,,,,,,,,,,,,Fang,方,Dayao,大燿,20.0,,CGED-Q_person_id=178610359200.,,,,,,,,,,,,,,,load,,1.0,2024-08-16 00:00:00,
613706,Fang Tianji,方天幾,,,,0.0,8449.0,1.0,,,,,,,,,,,,,,,,,,,,,,Fang,方,Tianji,天幾,20.0,,CGED-Q_person_id=176040673500.,,,,,,,,,,,,,,,load,,1.0,2024-08-16 00:00:00,
613707,Fang Tianzhi,方天秩,,,,0.0,9042.0,1.0,,,,,,,,,,,,,,,,,,,,,,Fang,方,Tianzhi,天秩,20.0,,CGED-Q_person_id=177731004100.,,,,,,,,,,,,,,,load,,1.0,2024-08-16 00:00:00,
613708,Fang Tianwei,方天緯,,,,0.0,7098.0,1.0,,,,,,,,,,,,,,,,,,,,,,Fang,方,Tianwei,天緯,20.0,,CGED-Q_person_id=180830489900.,,,,,,,,,,,,,,,load,,1.0,2024-08-16 00:00:00,
613709,Fang Tianbao,方天葆,,,,0.0,7681.0,1.0,,,,,,,,,,,,,,,,,,,,,,Fang,方,Tianbao,天葆,20.0,,CGED-Q_person_id=176041271100.,,,,,,,,,,,,,,,load,,1.0,2024-08-16 00:00:00,
613710,Fang Tianlin,方天霖,,,,0.0,7213.0,1.0,,,,,,,,,,,,,,,,,,,,,,Fang,方,Tianlin,天霖,20.0,,CGED-Q_person_id=179610999500.,,,,,,,,,,,,,,,load,,1.0,2024-08-16 00:00:00,
613711,Fang Kui,方奎,,,,0.0,7531.0,1.0,,,,,,,,,,,,,,,,,,,,,,Fang,方,Kui,奎,20.0,,CGED-Q_person_id=189840626100.,,,,,,,,,,,,,,,load,,1.0,2024-08-16 00:00:00,
613712,Fang Kuiyuan,方奎元,,,,0.0,7755.0,1.0,,,,,,,,,,,,,,,,,,,,,,Fang,方,Kuiyuan,奎元,20.0,,CGED-Q_person_id=187531088100.,,,,,,,,,,,,,,,load,,1.0,2024-08-16 00:00:00,
613713,Fang Kuichao,方奎焯,,,,0.0,7706.0,1.0,,,,,,,,,,,,,,,,,,,,,,Fang,方,Kuichao,奎焯,20.0,,CGED-Q_person_id=185031220800.,,,,,,,,,,,,,,,load,,1.0,2024-08-16 00:00:00,
613714,Fang Ruchuan,方如川,,,,0.0,7754.0,1.0,,,,,,,,,,,,,,,,,,,,,,Fang,方,Ruchuan,如川,20.0,,CGED-Q_person_id=183510576600.,,,,,,,,,,,,,,,load,,1.0,2024-08-16 00:00:00,
613715,Fang Zipei,方子沛,,,,0.0,8773.0,1.0,,,,,,,,,,,,,,,,,,,,,,Fang,方,Zipei,子沛,20.0,,CGED-Q_person_id=177731069400.,,,,,,,,,,,,,,,load,,1.0,2024-08-16 00:00:00,
613716,Fang Xiaojie,方孝傑,,,,0.0,7730.0,1.0,,,,,,,,,,,,,,,,,,,,,,Fang,方,Xiaojie,孝傑,20.0,,CGED-Q_person_id=188010212000.,,,,,,,,,,,,,,,load,,1.0,2024-08-16 00:00:00,
613717,Fang Xiaofa,方孝法,,,,0.0,7688.0,1.0,,,,,,,,,,,,,,,,,,,,,,Fang,方,Xiaofa,孝法,20.0,,CGED-Q_person_id=177330460700.,,,,,,,,,,,,,,,load,,1.0,2024-08-16 00:00:00,
613718,Fang Xueyin,方學尹,,,,0.0,7224.0,1.0,,,,,,,,,,,,,,,,,,,,,,Fang,方,Xueyin,學尹,20.0,,CGED-Q_person_id=186710162200.,,,,,,,,,,,,,,,load,,1.0,2024-08-16 00:00:00,
613719,Fang Yu,方宇,,,,0.0,7800.0,1.0,,,,,,,,,,,,,,,,,,,,,,Fang,方,Yu,宇,20.0,,CGED-Q_person_id=188510823800.,,,,,,,,,,,,,,,load,,1.0,2024-08-16 00:00:00,
613720,Fang Yuhe,方宇和,,,,0.0,7378.0,1.0,,,,,,,,,,,,,,,,,,,,,,Fang,方,Yuhe,宇和,20.0,,CGED-Q_person_id=184520637200.,,,,,,,,,,,,,,,load,,1.0,2024-08-16 00:00:00,
613721,Fang Hongmo,方宏模,,,,0.0,7662.0,1.0,,,,,,,,,,,,,,,,,,,,,,Fang,方,Hongmo,宏模,20.0,,CGED-Q_person_id=176540695800.,,,,,,,,,,,,,,,load,,1.0,2024-08-16 00:00:00,
613722,Fang Honglun,方宏綸,,,,0.0,7664.0,1.0,,,,,,,,,,,,,,,,,,,,,,Fang,方,Honglun,宏綸,20.0,,CGED-Q_person_id=189011473900.,,,,,,,,,,,,,,,load,,1.0,2024-08-16 00:00:00,
613723,Fang Zongmian,方宗冕,,,,0.0,7915.0,1.0,,,,,,,,,,,,,,,,,,,,,,Fang,方,Zongmian,宗冕,20.0,,CGED-Q_person_id=187031183300.,,,,,,,,,,,,,,,load,,1.0,2024-08-16 00:00:00,
613724,Fang Zongkun,方宗堃,,,,0.0,8235.0,1.0,,,,,,,,,,,,,,,,,,,,,,Fang,方,Zongkun,宗堃,20.0,,CGED-Q_person_id=187720963100.,,,,,,,,,,,,,,,load,,1.0,2024-08-16 00:00:00,
613725,Fang Zongbin,方宗彬,,,,0.0,8342.0,1.0,,,,,,,,,,,,,,,,,,,,,,Fang,方,Zongbin,宗彬,20.0,,CGED-Q_person_id=185230853700.,,,,,,,,,,,,,,,load,,1.0,2024-08-16 00:00:00,
613726,Fang Zongjing,方宗敬,,,,0.0,8343.0,1.0,,,,,,,,,,,,,,,,,,,,,,Fang,方,Zongjing,宗敬,20.0,,CGED-Q_person_id=180120253200.,,,,,,,,,,,,,,,load,,1.0,2024-08-16 00:00:00,
613727,Fang Zongbing,方宗昺,,,,0.0,8342.0,1.0,,,,,,,,,,,,,,,,,,,,,,Fang,方,Zongbing,宗昺,20.0,,CGED-Q_person_id=182631052000.,,,,,,,,,,,,,,,load,,1.0,2024-08-16 00:00:00,
613728,Fang Zongchao,方宗朝,,,,0.0,8342.0,1.0,,,,,,,,,,,,,,,,,,,,,,Fang,方,Zongchao,宗朝,20.0,,CGED-Q_person_id=184130870800.,,,,,,,,,,,,,,,load,,1.0,2024-08-16 00:00:00,
613729,Fang Zongyuan,方宗源,,,,0.0,7214.0,1.0,,,,,,,,,,,,,,,,,,,,,,Fang,方,Zongyuan,宗源,20.0,,CGED-Q_person_id=184130756800.,,,,,,,,,,,,,,,load,,1.0,2024-08-16 00:00:00,
613730,Fang Zonghan,方宗翰,,,,0.0,8342.0,1.0,,,,,,,,,,,,,,,,,,,,,,Fang,方,Zonghan,宗翰,20.0,,CGED-Q_person_id=183520832900.,,,,,,,,,,,,,,,load,,1.0,2024-08-16 00:00:00,
613731,Fang Zonghao,方宗鎬,,,,0.0,7883.0,1.0,,,,,,,,,,,,,,,,,,,,,,Fang,方,Zonghao,宗鎬,20.0,,CGED-Q_person_id=185441199800.,,,,,,,,,,,,,,,load,,1.0,2024-08-16 00:00:00,
613732,Fang Zonghao,方宗鎬,,,,0.0,7457.0,1.0,,,,,,,,,,,,,,,,,,,,,,Fang,方,Zonghao,宗鎬,20.0,,CGED-Q_person_id=185611088200.,,,,,,,,,,,,,,,load,,1.0,2024-08-16 00:00:00,
613733,Fang Dingyuan,方定垣,,,,0.0,7755.0,1.0,,,,,,,,,,,,,,,,,,,,,,Fang,方,Dingyuan,定垣,20.0,,CGED-Q_person_id=185840120700.,,,,,,,,,,,,,,,load,,1.0,2024-08-16 00:00:00,
613734,Fang Dingyuan,方定遠,,,,0.0,7945.0,1.0,,,,,,,,,,,,,,,,,,,,,,Fang,方,Dingyuan,定遠,20.0,,CGED-Q_person_id=180040628100.,,,,,,,,,,,,,,,load,,1.0,2024-08-16 00:00:00,
613735,Fang Yimin,方宜民,,,,0.0,7206.0,1.0,,,,,,,,,,,,,,,,,,,,,,Fang,方,Yimin,宜民,20.0,,CGED-Q_person_id=189121509400.,,,,,,,,,,,,,,,load,,1.0,2024-08-16 00:00:00,
613736,Fang Jiafan,方家藩,,,,0.0,7521.0,1.0,,,,,,,,,,,,,,,,,,,,,,Fang,方,Jiafan,家藩,20.0,,CGED-Q_person_id=187020707300.,,,,,,,,,,,,,,,load,,1.0,2024-08-16 00:00:00,
613737,Fang Jiajun,方家駿,,,,0.0,7539.0,1.0,,,,,,,,,,,,,,,,,,,,,,Fang,方,Jiajun,家駿,20.0,,CGED-Q_person_id=181641153700.,,,,,,,,,,,,,,,load,,1.0,2024-08-16 00:00:00,
613738,Fang Yin,方寅,,,,0.0,7227.0,1.0,,,,,,,,,,,,,,,,,,,,,,Fang,方,Yin,寅,20.0,,CGED-Q_person_id=186611055800.,,,,,,,,,,,,,,,load,,1.0,2024-08-16 00:00:00,
613739,Fang Baosan,方寶三,,,,0.0,7706.0,1.0,,,,,,,,,,,,,,,,,,,,,,Fang,方,Baosan,寶三,20.0,,CGED-Q_person_id=187630299800.,,,,,,,,,,,,,,,load,,1.0,2024-08-16 00:00:00,
613740,Fang Baochang,方寶昌,,,,0.0,7213.0,1.0,,,,,,,,,,,,,,,,,,,,,,Fang,方,Baochang,寶昌,20.0,,CGED-Q_person_id=178811073400.,,,,,,,,,,,,,,,load,,1.0,2024-08-16 00:00:00,
613741,Fang Baoqiang,方寶檣,,,,0.0,7706.0,1.0,,,,,,,,,,,,,,,,,,,,,,Fang,方,Baoqiang,寶檣,20.0,,CGED-Q_person_id=183040124000.,,,,,,,,,,,,,,,load,,1.0,2024-08-16 00:00:00,
613742,Fang Baoji,方寶稽,,,,0.0,7706.0,1.0,,,,,,,,,,,,,,,,,,,,,,Fang,方,Baoji,寶稽,20.0,,CGED-Q_person_id=183740124200.,,,,,,,,,,,,,,,load,,1.0,2024-08-16 00:00:00,
613743,Fang Baozhen,方寶鉁,,,,0.0,7706.0,1.0,,,,,,,,,,,,,,,,,,,,,,Fang,方,Baozhen,寶鉁,20.0,,CGED-Q_person_id=183620210200.,,,,,,,,,,,,,,,load,,1.0,2024-08-16 00:00:00,
613744,Fang Baoshan,方寶山,,,,0.0,7706.0,1.0,,,,,,,,,,,,,,,,,,,,,,Fang,方,Baoshan,寶山,20.0,,CGED-Q_person_id=187810285400.,,,,,,,,,,,,,,,load,,1.0,2024-08-16 00:00:00,
613745,Fang Baoyi,方寶彝,,,,0.0,7706.0,1.0,,,,,,,,,,,,,,,,,,,,,,Fang,方,Baoyi,寶彝,20.0,,CGED-Q_person_id=188030308000.,,,,,,,,,,,,,,,load,,1.0,2024-08-16 00:00:00,
613746,Fang Baoshen,方寶慎,,,,0.0,7654.0,1.0,,,,,,,,,,,,,,,,,,,,,,Fang,方,Baoshen,寶慎,20.0,,CGED-Q_person_id=189120250400.,,,,,,,,,,,,,,,load,,1.0,2024-08-16 00:00:00,
613747,Fang Baoquan,方寶銓,,,,0.0,7754.0,1.0,,,,,,,,,,,,,,,,,,,,,,Fang,方,Baoquan,寶銓,20.0,,CGED-Q_person_id=189340567700.,,,,,,,,,,,,,,,load,,1.0,2024-08-16 00:00:00,
613748,Fang Jiangsheng,方將陞,,,,0.0,8287.0,1.0,,,,,,,,,,,,,,,,,,,,,,Fang,方,Jiangsheng,將陞,20.0,,CGED-Q_person_id=189732607200.,,,,,,,,,,,,,,,load,,1.0,2024-08-16 00:00:00,
613749,Fang Duiyang,方對揚,,,,0.0,8181.0,1.0,,,,,,,,,,,,,,,,,,,,,,Fang,方,Duiyang,對揚,20.0,,CGED-Q_person_id=184130660100.,,,,,,,,,,,,,,,load,,1.0,2024-08-16 00:00:00,
613750,Fang Zhanpeng,方展鵬,,,,0.0,8389.0,1.0,,,,,,,,,,,,,,,,,,,,,,Fang,方,Zhanpeng,展鵬,20.0,,CGED-Q_person_id=181640377600.,,,,,,,,,,,,,,,load,,1.0,2024-08-16 00:00:00,
613751,Fang Dai,方岱,,,,0.0,7782.0,1.0,,,,,,,,,,,,,,,,,,,,,,Fang,方,Dai,岱,20.0,,CGED-Q_person_id=183040765100.,,,,,,,,,,,,,,,load,,1.0,2024-08-16 00:00:00,
613752,Fang Daiji,方岱濟,,,,0.0,7656.0,1.0,,,,,,,,,,,,,,,,,,,,,,Fang,方,Daiji,岱濟,20.0,,CGED-Q_person_id=176040675500.,,,,,,,,,,,,,,,load,,1.0,2024-08-16 00:00:00,
613753,Fang Yue,方岳,,,,0.0,7684.0,1.0,,,,,,,,,,,,,,,,,,,,,,Fang,方,Yue,岳,20.0,,CGED-Q_person_id=184240747000.,,,,,,,,,,,,,,,load,,1.0,2024-08-16 00:00:00,
613754,Fang Yue,方岳,,,,0.0,7895.0,1.0,,,,,,,,,,,,,,,,,,,,,,Fang,方,Yue,岳,20.0,,CGED-Q_person_id=176510590600.,,,,,,,,,,,,,,,load,,1.0,2024-08-16 00:00:00,
613755,Fang Jun,方峻,,,,0.0,7706.0,1.0,,,,,,,,,,,,,,,,,,,,,,Fang,方,Jun,峻,20.0,,CGED-Q_person_id=190631520000.,,,,,,,,,,,,,,,load,,1.0,2024-08-16 00:00:00,
613756,Fang Jun,方峻,,,,0.0,8235.0,1.0,,,,,,,,,,,,,,,,,,,,,,Fang,方,Jun,峻,20.0,,CGED-Q_person_id=184020829000.,,,,,,,,,,,,,,,load,,1.0,2024-08-16 00:00:00,
613757,Fang Junde,方峻德,,,,0.0,7530.0,1.0,,,,,,,,,,,,,,,,,,,,,,Fang,方,Junde,峻德,20.0,,CGED-Q_person_id=179611309900.,,,,,,,,,,,,,,,load,,1.0,2024-08-16 00:00:00,
613758,Fang Chongwen,方崇文,,,,0.0,7690.0,1.0,,,,,,,,,,,,,,,,,,,,,,Fang,方,Chongwen,崇文,20.0,,CGED-Q_person_id=176831052600.,,,,,,,,,,,,,,,load,,1.0,2024-08-16 00:00:00,
613759,Fang Chongli,方崇禮,,,,0.0,7663.0,1.0,,,,,,,,,,,,,,,,,,,,,,Fang,方,Chongli,崇禮,20.0,,CGED-Q_person_id=178610610400.,,,,,,,,,,,,,,,load,,1.0,2024-08-16 00:00:00,
613760,Fang Chongding,方崇鼎,,,,0.0,7700.0,1.0,,,,,,,,,,,,,,,,,,,,,,Fang,方,Chongding,崇鼎,20.0,,CGED-Q_person_id=180410594600.,,,,,,,,,,,,,,,load,,1.0,2024-08-16 00:00:00,
613761,Fang Yi,方嶷,,,,0.0,7706.0,1.0,,,,,,,,,,,,,,,,,,,,,,Fang,方,Yi,嶷,20.0,,CGED-Q_person_id=182820852100.,,,,,,,,,,,,,,,load,,1.0,2024-08-16 00:00:00,
613762,Fang Yuefan,方嶽燔,,,,0.0,8385.0,1.0,,,,,,,,,,,,,,,,,,,,,,Fang,方,Yuefan,嶽燔,20.0,,CGED-Q_person_id=181641227000.,,,,,,,,,,,,,,,load,,1.0,2024-08-16 00:00:00,
613763,Fang Juzhou,方巨舟,,,,0.0,8179.0,1.0,,,,,,,,,,,,,,,,,,,,,,Fang,方,Juzhou,巨舟,20.0,,CGED-Q_person_id=179610844900.,,,,,,,,,,,,,,,load,,1.0,2024-08-16 00:00:00,
613764,Fang Xihe,方希和,,,,0.0,7706.0,1.0,,,,,,,,,,,,,,,,,,,,,,Fang,方,Xihe,希和,20.0,,CGED-Q_person_id=185941119000.,,,,,,,,,,,,,,,load,,1.0,2024-08-16 00:00:00,
613765,Fang Xilin,方希林,,,,0.0,7706.0,1.0,,,,,,,,,,,,,,,,,,,,,,Fang,方,Xilin,希林,20.0,,CGED-Q_person_id=188420797500.,,,,,,,,,,,,,,,load,,1.0,2024-08-16 00:00:00,
613766,Fang Xizu,方希祖,,,,0.0,7706.0,1.0,,,,,,,,,,,,,,,,,,,,,,Fang,方,Xizu,希祖,20.0,,CGED-Q_person_id=185641106800.,,,,,,,,,,,,,,,load,,1.0,2024-08-16 00:00:00,
613767,Fang Ganxuan,方幹宣,,,,0.0,8673.0,1.0,,,,,,,,,,,,,,,,,,,,,,Fang,方,Ganxuan,幹宣,20.0,,CGED-Q_person_id=176511120300.,,,,,,,,,,,,,,,load,,1.0,2024-08-16 00:00:00,
613768,Fang Yanxi,方延熙,,,,0.0,7706.0,1.0,,,,,,,,,,,,,,,,,,,,,,Fang,方,Yanxi,延熙,20.0,,CGED-Q_person_id=186911120500.,,,,,,,,,,,,,,,load,,1.0,2024-08-16 00:00:00,
613769,Fang Yanxi,方延禧,,,,0.0,7706.0,1.0,,,,,,,,,,,,,,,,,,,,,,Fang,方,Yanxi,延禧,20.0,,CGED-Q_person_id=185941072700.,,,,,,,,,,,,,,,load,,1.0,2024-08-16 00:00:00,
613770,Fang Yanling,方延齡,,,,0.0,8975.0,1.0,,,,,,,,,,,,,,,,,,,,,,Fang,方,Yanling,延齡,20.0,,CGED-Q_person_id=187820827300.,,,,,,,,,,,,,,,load,,1.0,2024-08-16 00:00:00,
613771,Fang Tingjun,方廷俊,,,,0.0,8693.0,1.0,,,,,,,,,,,,,,,,,,,,,,Fang,方,Tingjun,廷俊,20.0,,CGED-Q_person_id=182311165200.,,,,,,,,,,,,,,,load,,1.0,2024-08-16 00:00:00,
613772,Fang Tingyuan,方廷元,,,,0.0,8876.0,1.0,,,,,,,,,,,,,,,,,,,,,,Fang,方,Tingyuan,廷元,20.0,,CGED-Q_person_id=184132356000.,,,,,,,,,,,,,,,load,,1.0,2024-08-16 00:00:00,
613773,Fang Tingmian,方廷冕,,,,0.0,7706.0,1.0,,,,,,,,,,,,,,,,,,,,,,Fang,方,Tingmian,廷冕,20.0,,CGED-Q_person_id=190140688800.,,,,,,,,,,,,,,,load,,1.0,2024-08-16 00:00:00,
613774,Fang Tingbai,方廷栢,,,,0.0,7755.0,1.0,,,,,,,,,,,,,,,,,,,,,,Fang,方,Tingbai,廷栢,20.0,,CGED-Q_person_id=176510659000.,,,,,,,,,,,,,,,load,,1.0,2024-08-16 00:00:00,
613775,Fang Tinggui,方廷桂,,,,0.0,7874.0,1.0,,,,,,,,,,,,,,,,,,,,,,Fang,方,Tinggui,廷桂,20.0,,CGED-Q_person_id=190641136600.,,,,,,,,,,,,,,,load,,1.0,2024-08-16 00:00:00,
613776,Fang Tingxi,方廷熹,,,,0.0,7665.0,1.0,,,,,,,,,,,,,,,,,,,,,,Fang,方,Tingxi,廷熹,20.0,,CGED-Q_person_id=176041000100.,,,,,,,,,,,,,,,load,,1.0,2024-08-16 00:00:00,
613777,Fang Tingzhu,方廷珠,,,,0.0,7646.0,1.0,,,,,,,,,,,,,,,,,,,,,,Fang,方,Tingzhu,廷珠,20.0,,CGED-Q_person_id=183820739800.,,,,,,,,,,,,,,,load,,1.0,2024-08-16 00:00:00,
613778,Fang Tinggui,方廷珪,,,,0.0,7874.0,1.0,,,,,,,,,,,,,,,,,,,,,,Fang,方,Tinggui,廷珪,20.0,,CGED-Q_person_id=189931316200.,,,,,,,,,,,,,,,load,,1.0,2024-08-16 00:00:00,
613779,Fang Tinghong,方廷鴻,,,,0.0,7755.0,1.0,,,,,,,,,,,,,,,,,,,,,,Fang,方,Tinghong,廷鴻,20.0,,CGED-Q_person_id=187430632600.,,,,,,,,,,,,,,,load,,1.0,2024-08-16 00:00:00,
613780,Fang Jian,方建,,,,0.0,8384.0,1.0,,,,,,,,,,,,,,,,,,,,,,Fang,方,Jian,建,20.0,,CGED-Q_person_id=186942384500.,,,,,,,,,,,,,,,load,,1.0,2024-08-16 00:00:00,
613781,Fang Yanxun,方彥恂,,,,0.0,7693.0,1.0,,,,,,,,,,,,,,,,,,,,,,Fang,方,Yanxun,彥恂,20.0,,CGED-Q_person_id=191140212800.,,,,,,,,,,,,,,,load,,1.0,2024-08-16 00:00:00,
613782,Fang Pengling,方彭齡,,,,0.0,7213.0,1.0,,,,,,,,,,,,,,,,,,,,,,Fang,方,Pengling,彭齡,20.0,,CGED-Q_person_id=183040354800.,,,,,,,,,,,,,,,load,,1.0,2024-08-16 00:00:00,
613783,Fang Pengling,方彭齡,,,,0.0,7213.0,1.0,,,,,,,,,,,,,,,,,,,,,,Fang,方,Pengling,彭齡,20.0,,CGED-Q_person_id=186010356700.,,,,,,,,,,,,,,,load,,1.0,2024-08-16 00:00:00,
613784,Fang Desheng,方得勝,,,,0.0,8287.0,1.0,,,,,,,,,,,,,,,,,,,,,,Fang,方,Desheng,得勝,20.0,,CGED-Q_person_id=189522804200.,,,,,,,,,,,,,,,load,,1.0,2024-08-16 00:00:00,
613785,Fang Desheng,方得陞,,,,0.0,8287.0,1.0,,,,,,,,,,,,,,,,,,,,,,Fang,方,Desheng,得陞,20.0,,CGED-Q_person_id=190422747800.,,,,,,,,,,,,,,,load,,1.0,2024-08-16 00:00:00,
613786,Fang Degao,方得高,,,,0.0,7599.0,1.0,,,,,,,,,,,,,,,,,,,,,,Fang,方,Degao,得高,20.0,,CGED-Q_person_id=186942525400.,,,,,,,,,,,,,,,load,,1.0,2024-08-16 00:00:00,
613787,Fang Degao,方得高,,,,0.0,7557.0,1.0,,,,,,,,,,,,,,,,,,,,,,Fang,方,Degao,得高,20.0,,CGED-Q_person_id=190622479800.,,,,,,,,,,,,,,,load,,1.0,2024-08-16 00:00:00,
613788,Fang Zhengtai,方徵泰,,,,0.0,7214.0,1.0,,,,,,,,,,,,,,,,,,,,,,Fang,方,Zhengtai,徵泰,20.0,,CGED-Q_person_id=184240531900.,,,,,,,,,,,,,,,load,,1.0,2024-08-16 00:00:00,
613789,Fang De,方德,,,,0.0,7700.0,1.0,,,,,,,,,,,,,,,,,,,,,,Fang,方,De,德,20.0,,CGED-Q_person_id=181230511800.,,,,,,,,,,,,,,,load,,1.0,2024-08-16 00:00:00,
613790,Fang Dekun,方德堃,,,,0.0,7755.0,1.0,,,,,,,,,,,,,,,,,,,,,,Fang,方,Dekun,德堃,20.0,,CGED-Q_person_id=186221341400.,,,,,,,,,,,,,,,load,,1.0,2024-08-16 00:00:00,
613791,Fang Dezhu,方德注,,,,0.0,7724.0,1.0,,,,,,,,,,,,,,,,,,,,,,Fang,方,Dezhu,德注,20.0,,CGED-Q_person_id=185410643500.,,,,,,,,,,,,,,,load,,1.0,2024-08-16 00:00:00,
613792,Fang Deyu,方德裕,,,,0.0,7214.0,1.0,,,,,,,,,,,,,,,,,,,,,,Fang,方,Deyu,德裕,20.0,,CGED-Q_person_id=180040297000.,,,,,,,,,,,,,,,load,,1.0,2024-08-16 00:00:00,
613793,Fang Deyu,方德裕,,,,0.0,7750.0,1.0,,,,,,,,,,,,,,,,,,,,,,Fang,方,Deyu,德裕,20.0,,CGED-Q_person_id=184440631500.,,,,,,,,,,,,,,,load,,1.0,2024-08-16 00:00:00,
613794,Fang Xinjian,方心簡,,,,0.0,7706.0,1.0,,,,,,,,,,,,,,,,,,,,,,Fang,方,Xinjian,心簡,20.0,,CGED-Q_person_id=183630509200.,,,,,,,,,,,,,,,load,,1.0,2024-08-16 00:00:00,
613795,Fang Xinjian,方心鑑,,,,0.0,7706.0,1.0,,,,,,,,,,,,,,,,,,,,,,Fang,方,Xinjian,心鑑,20.0,,CGED-Q_person_id=190820985000.,,,,,,,,,,,,,,,load,,1.0,2024-08-16 00:00:00,
613796,Fang Zhi,方志,,,,0.0,7852.0,1.0,,,,,,,,,,,,,,,,,,,,,,Fang,方,Zhi,志,20.0,,CGED-Q_person_id=184921153200.,,,,,,,,,,,,,,,load,,1.0,2024-08-16 00:00:00,
613797,Fang Zhixiu,方志修,,,,0.0,7755.0,1.0,,,,,,,,,,,,,,,,,,,,,,Fang,方,Zhixiu,志修,20.0,,CGED-Q_person_id=187130382100.,,,,,,,,,,,,,,,load,,1.0,2024-08-16 00:00:00,
613798,Fang Zhizan,方志讚,,,,0.0,7946.0,1.0,,,,,,,,,,,,,,,,,,,,,,Fang,方,Zhizan,志讚,20.0,,CGED-Q_person_id=179810384800.,,,,,,,,,,,,,,,load,,1.0,2024-08-16 00:00:00,
613799,Fang Zhongli,方忠厲,,,,0.0,8293.0,1.0,,,,,,,,,,,,,,,,,,,,,,Fang,方,Zhongli,忠厲,20.0,,CGED-Q_person_id=182710631200.,,,,,,,,,,,,,,,load,,1.0,2024-08-16 00:00:00,
613800,Fang Zhongshu,方忠屬,,,,0.0,8293.0,1.0,,,,,,,,,,,,,,,,,,,,,,Fang,方,Zhongshu,忠屬,20.0,,CGED-Q_person_id=181230633000.,,,,,,,,,,,,,,,load,,1.0,2024-08-16 00:00:00,
613801,Fang Siluo,方思洛,,,,0.0,6909.0,1.0,,,,,,,,,,,,,,,,,,,,,,Fang,方,Siluo,思洛,20.0,,CGED-Q_person_id=179611296400.,,,,,,,,,,,,,,,load,,1.0,2024-08-16 00:00:00,
613802,Fang Siyuan,方思源,,,,0.0,7213.0,1.0,,,,,,,,,,,,,,,,,,,,,,Fang,方,Siyuan,思源,20.0,,CGED-Q_person_id=177330235400.,,,,,,,,,,,,,,,load,,1.0,2024-08-16 00:00:00,
613803,Fang Sixun,方思訓,,,,0.0,7899.0,1.0,,,,,,,,,,,,,,,,,,,,,,Fang,方,Sixun,思訓,20.0,,CGED-Q_person_id=184441269200.,,,,,,,,,,,,,,,load,,1.0,2024-08-16 00:00:00,
613804,Fang Xingjin,方性晉,,,,0.0,7706.0,1.0,,,,,,,,,,,,,,,,,,,,,,Fang,方,Xingjin,性晉,20.0,,CGED-Q_person_id=179610621400.,,,,,,,,,,,,,,,load,,1.0,2024-08-16 00:00:00,
613805,Fang Xinggan,方性淦,,,,0.0,7706.0,1.0,,,,,,,,,,,,,,,,,,,,,,Fang,方,Xinggan,性淦,20.0,,CGED-Q_person_id=186711092900.,,,,,,,,,,,,,,,load,,1.0,2024-08-16 00:00:00,
613806,Fang Hengde,方恆德,,,,0.0,7762.0,1.0,,,,,,,,,,,,,,,,,,,,,,Fang,方,Hengde,恆德,20.0,,CGED-Q_person_id=176041196800.,,,,,,,,,,,,,,,load,,1.0,2024-08-16 00:00:00,
613807,Fang Hengtai,方恆泰,,,,0.0,8385.0,1.0,,,,,,,,,,,,,,,,,,,,,,Fang,方,Hengtai,恆泰,20.0,,CGED-Q_person_id=183621257500.,,,,,,,,,,,,,,,load,,1.0,2024-08-16 00:00:00,
613808,Fang Enshou,方恩壽,,,,0.0,7706.0,1.0,,,,,,,,,,,,,,,,,,,,,,Fang,方,Enshou,恩壽,20.0,,CGED-Q_person_id=186720934500.,,,,,,,,,,,,,,,load,,1.0,2024-08-16 00:00:00,
613809,Fang Enrong,方恩榮,,,,0.0,7755.0,1.0,,,,,,,,,,,,,,,,,,,,,,Fang,方,Enrong,恩榮,20.0,,CGED-Q_person_id=186931172200.,,,,,,,,,,,,,,,load,,1.0,2024-08-16 00:00:00,
613810,Fang Enpu,方恩溥,,,,0.0,8178.0,1.0,,,,,,,,,,,,,,,,,,,,,,Fang,方,Enpu,恩溥,20.0,,CGED-Q_person_id=185510906800.,,,,,,,,,,,,,,,load,,1.0,2024-08-16 00:00:00,
613811,Fang Enzhao,方恩照,,,,0.0,7754.0,1.0,,,,,,,,,,,,,,,,,,,,,,Fang,方,Enzhao,恩照,20.0,,CGED-Q_person_id=185940618800.,,,,,,,,,,,,,,,load,,1.0,2024-08-16 00:00:00,
613812,Fang Enzhao,方恩照,,,,0.0,7754.0,1.0,,,,,,,,,,,,,,,,,,,,,,Fang,方,Enzhao,恩照,20.0,,CGED-Q_person_id=190320600100.,,,,,,,,,,,,,,,load,,1.0,2024-08-16 00:00:00,
613813,Fang Kexun,方恪勳,,,,0.0,7706.0,1.0,,,,,,,,,,,,,,,,,,,,,,Fang,方,Kexun,恪勳,20.0,,CGED-Q_person_id=189820273200.,,,,,,,,,,,,,,,load,,1.0,2024-08-16 00:00:00,
613814,Fang Tian,方恬,,,,0.0,701910.0,1.0,,,,,,,,,,,,,,,,,,,,,,Fang,方,Tian,恬,20.0,,CGED-Q_person_id=178610383900.,,,,,,,,,,,,,,,load,,1.0,2024-08-16 00:00:00,
613815,Fang Tian,方恬,,,,0.0,701910.0,1.0,,,,,,,,,,,,,,,,,,,,,,Fang,方,Tian,恬,20.0,,CGED-Q_person_id=176040773800.,,,,,,,,,,,,,,,load,,1.0,2024-08-16 00:00:00,
613816,Fang Hui,方惠,,,,0.0,7706.0,1.0,,,,,,,,,,,,,,,,,,,,,,Fang,方,Hui,惠,20.0,,CGED-Q_person_id=186610955000.,,,,,,,,,,,,,,,load,,1.0,2024-08-16 00:00:00,
613817,Fang Aitang,方愛堂,,,,0.0,7769.0,1.0,,,,,,,,,,,,,,,,,,,,,,Fang,方,Aitang,愛堂,20.0,,CGED-Q_person_id=187030678900.,,,,,,,,,,,,,,,load,,1.0,2024-08-16 00:00:00,
613818,Fang Kai,方愷,,,,0.0,8344.0,1.0,,,,,,,,,,,,,,,,,,,,,,Fang,方,Kai,愷,20.0,,CGED-Q_person_id=183740921900.,,,,,,,,,,,,,,,load,,1.0,2024-08-16 00:00:00,
613819,Fang Kai,方愷,,,,0.0,8175.0,1.0,,,,,,,,,,,,,,,,,,,,,,Fang,方,Kai,愷,20.0,,CGED-Q_person_id=189310119600.,,,,,,,,,,,,,,,load,,1.0,2024-08-16 00:00:00,
613820,Fang Qingzhong,方慶中,,,,0.0,7874.0,1.0,,,,,,,,,,,,,,,,,,,,,,Fang,方,Qingzhong,慶中,20.0,,CGED-Q_person_id=187442207000.,,,,,,,,,,,,,,,load,,1.0,2024-08-16 00:00:00,
613821,Fang Qingzhong,方慶中,,,,0.0,9043.0,1.0,,,,,,,,,,,,,,,,,,,,,,Fang,方,Qingzhong,慶中,20.0,,CGED-Q_person_id=187832206400.,,,,,,,,,,,,,,,load,,1.0,2024-08-16 00:00:00,
613822,Fang Yingliang,方應亮,,,,0.0,8342.0,1.0,,,,,,,,,,,,,,,,,,,,,,Fang,方,Yingliang,應亮,20.0,,CGED-Q_person_id=181340875400.,,,,,,,,,,,,,,,load,,1.0,2024-08-16 00:00:00,
613823,Fang Yingyuan,方應元,,,,0.0,8343.0,1.0,,,,,,,,,,,,,,,,,,,,,,Fang,方,Yingyuan,應元,20.0,,CGED-Q_person_id=176040601900.,,,,,,,,,,,,,,,load,,1.0,2024-08-16 00:00:00,
613824,Fang Yingkuan,方應寬,,,,0.0,8342.0,1.0,,,,,,,,,,,,,,,,,,,,,,Fang,方,Yingkuan,應寬,20.0,,CGED-Q_person_id=183040854400.,,,,,,,,,,,,,,,load,,1.0,2024-08-16 00:00:00,
613825,Fang Yingshi,方應時,,,,0.0,8343.0,1.0,,,,,,,,,,,,,,,,,,,,,,Fang,方,Yingshi,應時,20.0,,CGED-Q_person_id=178810891500.,,,,,,,,,,,,,,,load,,1.0,2024-08-16 00:00:00,
613826,Fang Yingqing,方應清,,,,0.0,8343.0,1.0,,,,,,,,,,,,,,,,,,,,,,Fang,方,Yingqing,應清,20.0,,CGED-Q_person_id=176541069900.,,,,,,,,,,,,,,,load,,1.0,2024-08-16 00:00:00,
613827,Fang Yinggang,方應綱,,,,0.0,7770.0,1.0,,,,,,,,,,,,,,,,,,,,,,Fang,方,Yinggang,應綱,20.0,,CGED-Q_person_id=184441000300.,,,,,,,,,,,,,,,load,,1.0,2024-08-16 00:00:00,
613828,Fang Yingding,方應鼎,,,,0.0,8342.0,1.0,,,,,,,,,,,,,,,,,,,,,,Fang,方,Yingding,應鼎,20.0,,CGED-Q_person_id=182310854200.,,,,,,,,,,,,,,,load,,1.0,2024-08-16 00:00:00,
613829,Fang Maosi,方懋嗣,,,,0.0,7601.0,1.0,,,,,,,,,,,,,,,,,,,,,,Fang,方,Maosi,懋嗣,20.0,,CGED-Q_person_id=185640716100.,,,,,,,,,,,,,,,load,,1.0,2024-08-16 00:00:00,
613830,Fang Maode,方懋德,,,,0.0,8388.0,1.0,,,,,,,,,,,,,,,,,,,,,,Fang,方,Maode,懋德,20.0,,CGED-Q_person_id=189121044100.,,,,,,,,,,,,,,,load,,1.0,2024-08-16 00:00:00,
613831,Fang Yi,方懌,,,,0.0,7724.0,1.0,,,,,,,,,,,,,,,,,,,,,,Fang,方,Yi,懌,20.0,,CGED-Q_person_id=179610565000.,,,,,,,,,,,,,,,load,,1.0,2024-08-16 00:00:00,
613832,Fang Huaijin,方懷瑾,,,,0.0,8078.0,1.0,,,,,,,,,,,,,,,,,,,,,,Fang,方,Huaijin,懷瑾,20.0,,CGED-Q_person_id=189931174000.,,,,,,,,,,,,,,,load,,1.0,2024-08-16 00:00:00,
613833,Fang Cheng,方成,,,,0.0,7852.0,1.0,,,,,,,,,,,,,,,,,,,,,,Fang,方,Cheng,成,20.0,,CGED-Q_person_id=185440818900.,,,,,,,,,,,,,,,load,,1.0,2024-08-16 00:00:00,
613834,Fang Chengfa,方成法,,,,0.0,8178.0,1.0,,,,,,,,,,,,,,,,,,,,,,Fang,方,Chengfa,成法,20.0,,CGED-Q_person_id=184820681700.,,,,,,,,,,,,,,,load,,1.0,2024-08-16 00:00:00,
613835,Fang Chengmeng,方承孟,,,,0.0,7701.0,1.0,,,,,,,,,,,,,,,,,,,,,,Fang,方,Chengmeng,承孟,20.0,,CGED-Q_person_id=180041270000.,,,,,,,,,,,,,,,load,,1.0,2024-08-16 00:00:00,
613836,Fang Chengkai,方承楷,,,,0.0,8208.0,1.0,,,,,,,,,,,,,,,,,,,,,,Fang,方,Chengkai,承楷,20.0,,CGED-Q_person_id=186910873700.,,,,,,,,,,,,,,,load,,1.0,2024-08-16 00:00:00,
613837,Fang Chengshou,方承綬,,,,0.0,7213.0,1.0,,,,,,,,,,,,,,,,,,,,,,Fang,方,Chengshou,承綬,20.0,,CGED-Q_person_id=183320837700.,,,,,,,,,,,,,,,load,,1.0,2024-08-16 00:00:00,
613838,Fang Zhende,方振德,,,,0.0,7224.0,1.0,,,,,,,,,,,,,,,,,,,,,,Fang,方,Zhende,振德,20.0,,CGED-Q_person_id=182310489900.,,,,,,,,,,,,,,,load,,1.0,2024-08-16 00:00:00,
613839,Fang Zhenye,方振業,,,,0.0,7706.0,1.0,,,,,,,,,,,,,,,,,,,,,,Fang,方,Zhenye,振業,20.0,,CGED-Q_person_id=185920999400.,,,,,,,,,,,,,,,load,,1.0,2024-08-16 00:00:00,
613840,Fang Zhenxu,方振湑,,,,0.0,7126.0,1.0,,,,,,,,,,,,,,,,,,,,,,Fang,方,Zhenxu,振湑,20.0,,CGED-Q_person_id=183511360400.,,,,,,,,,,,,,,,load,,1.0,2024-08-16 00:00:00,
613841,Fang Zhengtong,方政通,,,,0.0,8187.0,1.0,,,,,,,,,,,,,,,,,,,,,,Fang,方,Zhengtong,政通,20.0,,CGED-Q_person_id=176510828200.,,,,,,,,,,,,,,,load,,1.0,2024-08-16 00:00:00,
613842,Fang Min,方敏,,,,0.0,7745.0,1.0,,,,,,,,,,,,,,,,,,,,,,Fang,方,Min,敏,20.0,,CGED-Q_person_id=187930921900.,,,,,,,,,,,,,,,load,,1.0,2024-08-16 00:00:00,
613843,Fang Yu,方敔,,,,0.0,7706.0,1.0,,,,,,,,,,,,,,,,,,,,,,Fang,方,Yu,敔,20.0,,CGED-Q_person_id=191111047600.,,,,,,,,,,,,,,,load,,1.0,2024-08-16 00:00:00,
613844,Fang Dunsong,方敦淞,,,,0.0,7755.0,1.0,,,,,,,,,,,,,,,,,,,,,,Fang,方,Dunsong,敦淞,20.0,,CGED-Q_person_id=176830656200.,,,,,,,,,,,,,,,load,,1.0,2024-08-16 00:00:00,
613845,Fang Wenjian,方文堅,,,,0.0,7623.0,1.0,,,,,,,,,,,,,,,,,,,,,,Fang,方,Wenjian,文堅,20.0,,CGED-Q_person_id=185611180500.,,,,,,,,,,,,,,,load,,1.0,2024-08-16 00:00:00,
613846,Fang Wenzheng,方文政,,,,0.0,7143.0,1.0,,,,,,,,,,,,,,,,,,,,,,Fang,方,Wenzheng,文政,20.0,,CGED-Q_person_id=183320658700.,,,,,,,,,,,,,,,load,,1.0,2024-08-16 00:00:00,
613847,Fang Wenhan,方文瀚,,,,0.0,7706.0,1.0,,,,,,,,,,,,,,,,,,,,,,Fang,方,Wenhan,文瀚,20.0,,CGED-Q_person_id=188941037800.,,,,,,,,,,,,,,,load,,1.0,2024-08-16 00:00:00,
613848,Fang Wencan,方文燦,,,,0.0,8449.0,1.0,,,,,,,,,,,,,,,,,,,,,,Fang,方,Wencan,文燦,20.0,,CGED-Q_person_id=176541162400.,,,,,,,,,,,,,,,load,,1.0,2024-08-16 00:00:00,
613849,Fang Wenxing,方文興,,,,0.0,7143.0,1.0,,,,,,,,,,,,,,,,,,,,,,Fang,方,Wenxing,文興,20.0,,CGED-Q_person_id=182631251100.,,,,,,,,,,,,,,,load,,1.0,2024-08-16 00:00:00,
613850,Fang Wenyun,方文運,,,,0.0,8825.0,1.0,,,,,,,,,,,,,,,,,,,,,,Fang,方,Wenyun,文運,20.0,,CGED-Q_person_id=176041085400.,,,,,,,,,,,,,,,load,,1.0,2024-08-16 00:00:00,
613851,Fang Bin,方斌,,,,0.0,700010.0,1.0,,,,,,,,,,,,,,,,,,,,,,Fang,方,Bin,斌,20.0,,CGED-Q_person_id=180040676700.,,,,,,,,,,,,,,,load,,1.0,2024-08-16 00:00:00,
613852,Fang Bin,方斌,,,,0.0,7213.0,1.0,,,,,,,,,,,,,,,,,,,,,,Fang,方,Bin,斌,20.0,,CGED-Q_person_id=176040520300.,,,,,,,,,,,,,,,load,,1.0,2024-08-16 00:00:00,
613853,Fang Silun,方斯綸,,,,0.0,7881.0,1.0,,,,,,,,,,,,,,,,,,,,,,Fang,方,Silun,斯綸,20.0,,CGED-Q_person_id=182630971500.,,,,,,,,,,,,,,,load,,1.0,2024-08-16 00:00:00,
613854,Fang Xinlian,方新連,,,,0.0,8216.0,1.0,,,,,,,,,,,,,,,,,,,,,,Fang,方,Xinlian,新連,20.0,,CGED-Q_person_id=185410817000.,,,,,,,,,,,,,,,load,,1.0,2024-08-16 00:00:00,
613855,Fang Yuxun,方於訓,,,,0.0,7706.0,1.0,,,,,,,,,,,,,,,,,,,,,,Fang,方,Yuxun,於訓,20.0,,CGED-Q_person_id=176510686800.,,,,,,,,,,,,,,,load,,1.0,2024-08-16 00:00:00,
613856,Fang Jiping,方既平,,,,0.0,7638.0,1.0,,,,,,,,,,,,,,,,,,,,,,Fang,方,Jiping,既平,20.0,,CGED-Q_person_id=183640710900.,,,,,,,,,,,,,,,load,,1.0,2024-08-16 00:00:00,
613857,Fang Xu,方旭,,,,0.0,7706.0,1.0,,,,,,,,,,,,,,,,,,,,,,Fang,方,Xu,旭,20.0,,CGED-Q_person_id=189341109700.,,,,,,,,,,,,,,,load,,1.0,2024-08-16 00:00:00,
613858,Fang Xu,方旭,,,,0.0,7602.0,1.0,,,,,,,,,,,,,,,,,,,,,,Fang,方,Xu,旭,20.0,,CGED-Q_person_id=181741269800.,,,,,,,,,,,,,,,load,,1.0,2024-08-16 00:00:00,
613859,Fang Changhao,方昌鎬,,,,0.0,7755.0,1.0,,,,,,,,,,,,,,,,,,,,,,Fang,方,Changhao,昌鎬,20.0,,CGED-Q_person_id=177730203700.,,,,,,,,,,,,,,,load,,1.0,2024-08-16 00:00:00,
613860,Fang Mingmo,方明謨,,,,0.0,8440.0,1.0,,,,,,,,,,,,,,,,,,,,,,Fang,方,Mingmo,明謨,20.0,,CGED-Q_person_id=185411029500.,,,,,,,,,,,,,,,load,,1.0,2024-08-16 00:00:00,
613861,Fang Yinggeng,方映庚,,,,0.0,7262.0,1.0,,,,,,,,,,,,,,,,,,,,,,Fang,方,Yinggeng,映庚,20.0,,CGED-Q_person_id=184340499300.,,,,,,,,,,,,,,,load,,1.0,2024-08-16 00:00:00,
613862,Fang Chunhai,方春海,,,,0.0,7769.0,1.0,,,,,,,,,,,,,,,,,,,,,,Fang,方,Chunhai,春海,20.0,,CGED-Q_person_id=181230791600.,,,,,,,,,,,,,,,load,,1.0,2024-08-16 00:00:00,
613863,Fang Chunbao,方春葆,,,,0.0,8084.0,1.0,,,,,,,,,,,,,,,,,,,,,,Fang,方,Chunbao,春葆,20.0,,CGED-Q_person_id=188420759300.,,,,,,,,,,,,,,,load,,1.0,2024-08-16 00:00:00,
613864,Fang Zuoxun,方昨勲,,,,0.0,7557.0,1.0,,,,,,,,,,,,,,,,,,,,,,Fang,方,Zuoxun,昨勲,20.0,,CGED-Q_person_id=187731058700.,,,,,,,,,,,,,,,load,,1.0,2024-08-16 00:00:00,
613865,Fang Shijing,方時敬,,,,0.0,7663.0,1.0,,,,,,,,,,,,,,,,,,,,,,Fang,方,Shijing,時敬,20.0,,CGED-Q_person_id=176130687200.,,,,,,,,,,,,,,,load,,1.0,2024-08-16 00:00:00,
613866,Fang Shiji,方時濟,,,,0.0,700010.0,1.0,,,,,,,,,,,,,,,,,,,,,,Fang,方,Shiji,時濟,20.0,,CGED-Q_person_id=180040529200.,,,,,,,,,,,,,,,load,,1.0,2024-08-16 00:00:00,
613867,Fang Jinqing,方晉卿,,,,0.0,7706.0,1.0,,,,,,,,,,,,,,,,,,,,,,Fang,方,Jinqing,晉卿,20.0,,CGED-Q_person_id=184440451300.,,,,,,,,,,,,,,,load,,1.0,2024-08-16 00:00:00,
613868,Fang Jinde,方晉德,,,,0.0,7706.0,1.0,,,,,,,,,,,,,,,,,,,,,,Fang,方,Jinde,晉德,20.0,,CGED-Q_person_id=184130764500.,,,,,,,,,,,,,,,load,,1.0,2024-08-16 00:00:00,
613869,Fang Jinyuan,方晉源,,,,0.0,8216.0,1.0,,,,,,,,,,,,,,,,,,,,,,Fang,方,Jinyuan,晉源,20.0,,CGED-Q_person_id=181640830600.,,,,,,,,,,,,,,,load,,1.0,2024-08-16 00:00:00,
613870,Fang Jun,方晙,,,,0.0,8235.0,1.0,,,,,,,,,,,,,,,,,,,,,,Fang,方,Jun,晙,20.0,,CGED-Q_person_id=184031014900.,,,,,,,,,,,,,,,load,,1.0,2024-08-16 00:00:00,
613871,Fang Jingzhou,方景周,,,,0.0,8449.0,1.0,,,,,,,,,,,,,,,,,,,,,,Fang,方,Jingzhou,景周,20.0,,CGED-Q_person_id=190830914100.,,,,,,,,,,,,,,,load,,1.0,2024-08-16 00:00:00,
613872,Fang Jingqing,方景慶,,,,0.0,7701.0,1.0,,,,,,,,,,,,,,,,,,,,,,Fang,方,Jingqing,景慶,20.0,,CGED-Q_person_id=187621301900.,,,,,,,,,,,,,,,load,,1.0,2024-08-16 00:00:00,
613873,Fang Zhiren,方智仁,,,,0.0,7640.0,1.0,,,,,,,,,,,,,,,,,,,,,,Fang,方,Zhiren,智仁,20.0,,CGED-Q_person_id=190722511400.,,,,,,,,,,,,,,,load,,1.0,2024-08-16 00:00:00,
613874,Fang Ji,方暨,,,,0.0,7663.0,1.0,,,,,,,,,,,,,,,,,,,,,,Fang,方,Ji,暨,20.0,,CGED-Q_person_id=179610646300.,,,,,,,,,,,,,,,load,,1.0,2024-08-16 00:00:00,
613875,Fang Shu,方書,,,,0.0,7223.0,1.0,,,,,,,,,,,,,,,,,,,,,,Fang,方,Shu,書,20.0,,CGED-Q_person_id=177731205500.,,,,,,,,,,,,,,,load,,1.0,2024-08-16 00:00:00,
613876,Fang Chaomao,方朝懋,,,,0.0,8343.0,1.0,,,,,,,,,,,,,,,,,,,,,,Fang,方,Chaomao,朝懋,20.0,,CGED-Q_person_id=187830976700.,,,,,,,,,,,,,,,load,,1.0,2024-08-16 00:00:00,
613877,Fang Chaoju,方朝榘,,,,0.0,8343.0,1.0,,,,,,,,,,,,,,,,,,,,,,Fang,方,Chaoju,朝榘,20.0,,CGED-Q_person_id=188010103000.,,,,,,,,,,,,,,,load,,1.0,2024-08-16 00:00:00,
613878,Fang Chaopu,方朝樸,,,,0.0,8343.0,1.0,,,,,,,,,,,,,,,,,,,,,,Fang,方,Chaopu,朝樸,20.0,,CGED-Q_person_id=190520844200.,,,,,,,,,,,,,,,load,,1.0,2024-08-16 00:00:00,
613879,Fang Chaoqu,方朝渠,,,,0.0,8287.0,1.0,,,,,,,,,,,,,,,,,,,,,,Fang,方,Chaoqu,朝渠,20.0,,CGED-Q_person_id=188620101400.,,,,,,,,,,,,,,,load,,1.0,2024-08-16 00:00:00,
613880,Fang Chaojian,方朝鍵,,,,0.0,8343.0,1.0,,,,,,,,,,,,,,,,,,,,,,Fang,方,Chaojian,朝鍵,20.0,,CGED-Q_person_id=187830981200.,,,,,,,,,,,,,,,load,,1.0,2024-08-16 00:00:00,
613881,Fang Bensheng,方本生,,,,0.0,7704.0,1.0,,,,,,,,,,,,,,,,,,,,,,Fang,方,Bensheng,本生,20.0,,CGED-Q_person_id=182630203500.,,,,,,,,,,,,,,,load,,1.0,2024-08-16 00:00:00,
613882,Fang Du,方杜,,,,0.0,7252.0,1.0,,,,,,,,,,,,,,,,,,,,,,Fang,方,Du,杜,20.0,,CGED-Q_person_id=179610667700.,,,,,,,,,,,,,,,load,,1.0,2024-08-16 00:00:00,
613883,Fang Dongying,方東瀛,,,,0.0,7213.0,1.0,,,,,,,,,,,,,,,,,,,,,,Fang,方,Dongying,東瀛,20.0,,CGED-Q_person_id=190140735400.,,,,,,,,,,,,,,,load,,1.0,2024-08-16 00:00:00,
613884,Fang Zhisheng,方枝升,,,,0.0,7621.0,1.0,,,,,,,,,,,,,,,,,,,,,,Fang,方,Zhisheng,枝升,20.0,,CGED-Q_person_id=176510680100.,,,,,,,,,,,,,,,load,,1.0,2024-08-16 00:00:00,
613885,Fang Zhiying,方枝映,,,,0.0,7521.0,1.0,,,,,,,,,,,,,,,,,,,,,,Fang,方,Zhiying,枝映,20.0,,CGED-Q_person_id=177730414700.,,,,,,,,,,,,,,,load,,1.0,2024-08-16 00:00:00,
613886,Fang Shuren,方樹仁,,,,0.0,7706.0,1.0,,,,,,,,,,,,,,,,,,,,,,Fang,方,Shuren,樹仁,20.0,,CGED-Q_person_id=176040536800.,,,,,,,,,,,,,,,load,,1.0,2024-08-16 00:00:00,
613887,Fang Shi,方栻,,,,0.0,7213.0,1.0,,,,,,,,,,,,,,,,,,,,,,Fang,方,Shi,栻,20.0,,CGED-Q_person_id=182630685100.,,,,,,,,,,,,,,,load,,1.0,2024-08-16 00:00:00,
613888,Fang Guiyi,方桂一,,,,0.0,8225.0,1.0,,,,,,,,,,,,,,,,,,,,,,Fang,方,Guiyi,桂一,20.0,,CGED-Q_person_id=189740995100.,,,,,,,,,,,,,,,load,,1.0,2024-08-16 00:00:00,
613889,Fang Guidong,方桂東,,,,0.0,8448.0,1.0,,,,,,,,,,,,,,,,,,,,,,Fang,方,Guidong,桂東,20.0,,CGED-Q_person_id=189422479600.,,,,,,,,,,,,,,,load,,1.0,2024-08-16 00:00:00,
613890,Fang Liangcai,方梁材,,,,0.0,8225.0,1.0,,,,,,,,,,,,,,,,,,,,,,Fang,方,Liangcai,梁材,20.0,,CGED-Q_person_id=183730810700.,,,,,,,,,,,,,,,load,,1.0,2024-08-16 00:00:00,
613891,Fang Yu,方棫,,,,0.0,8669.0,1.0,,,,,,,,,,,,,,,,,,,,,,Fang,方,Yu,棫,20.0,,CGED-Q_person_id=189241136600.,,,,,,,,,,,,,,,load,,1.0,2024-08-16 00:00:00,
613892,Fang Senyan,方森嚴,,,,0.0,9043.0,1.0,,,,,,,,,,,,,,,,,,,,,,Fang,方,Senyan,森嚴,20.0,,CGED-Q_person_id=189942437400.,,,,,,,,,,,,,,,load,,1.0,2024-08-16 00:00:00,
613893,Fang Fen,方棻,,,,0.0,8398.0,1.0,,,,,,,,,,,,,,,,,,,,,,Fang,方,Fen,棻,20.0,,CGED-Q_person_id=176511194400.,,,,,,,,,,,,,,,load,,1.0,2024-08-16 00:00:00,
613894,Fang Gucheng,方穀成,,,,0.0,7694.0,1.0,,,,,,,,,,,,,,,,,,,,,,Fang,方,Gucheng,穀成,20.0,,CGED-Q_person_id=181640504100.,,,,,,,,,,,,,,,load,,1.0,2024-08-16 00:00:00,
613895,Fang Ronghui,方榮會,,,,0.0,7558.0,1.0,,,,,,,,,,,,,,,,,,,,,,Fang,方,Ronghui,榮會,20.0,,CGED-Q_person_id=176540683200.,,,,,,,,,,,,,,,load,,1.0,2024-08-16 00:00:00,
613896,Fang Rongbing,方榮秉,,,,0.0,8343.0,1.0,,,,,,,,,,,,,,,,,,,,,,Fang,方,Rongbing,榮秉,20.0,,CGED-Q_person_id=189840021500.,,,,,,,,,,,,,,,load,,1.0,2024-08-16 00:00:00,
613897,Fang Rongyang,方榮陽,,,,0.0,7539.0,1.0,,,,,,,,,,,,,,,,,,,,,,Fang,方,Rongyang,榮陽,20.0,,CGED-Q_person_id=189731274600.,,,,,,,,,,,,,,,load,,1.0,2024-08-16 00:00:00,
613898,Fang Ronglu,方榮騄,,,,0.0,8343.0,1.0,,,,,,,,,,,,,,,,,,,,,,Fang,方,Ronglu,榮騄,20.0,,CGED-Q_person_id=189641248400.,,,,,,,,,,,,,,,load,,1.0,2024-08-16 00:00:00,
613899,Fang Rongding,方榮鼎,,,,0.0,7213.0,1.0,,,,,,,,,,,,,,,,,,,,,,Fang,方,Rongding,榮鼎,20.0,,CGED-Q_person_id=184340308400.,,,,,,,,,,,,,,,load,,1.0,2024-08-16 00:00:00,
613900,Fang Huai,方槐,,,,0.0,7755.0,1.0,,,,,,,,,,,,,,,,,,,,,,Fang,方,Huai,槐,20.0,,CGED-Q_person_id=178610838000.,,,,,,,,,,,,,,,load,,1.0,2024-08-16 00:00:00,
613901,Fang Gaiqiong,方概瓊,,,,0.0,8517.0,1.0,,,,,,,,,,,,,,,,,,,,,,Fang,方,Gaiqiong,概瓊,20.0,,CGED-Q_person_id=178610846200.,,,,,,,,,,,,,,,load,,1.0,2024-08-16 00:00:00,
613902,Fang Shu,方樹,,,,0.0,7213.0,1.0,,,,,,,,,,,,,,,,,,,,,,Fang,方,Shu,樹,20.0,,CGED-Q_person_id=179610815700.,,,,,,,,,,,,,,,load,,1.0,2024-08-16 00:00:00,
613903,Fang Shumo,方樹模,,,,0.0,7774.0,1.0,,,,,,,,,,,,,,,,,,,,,,Fang,方,Shumo,樹模,20.0,,CGED-Q_person_id=177730525200.,,,,,,,,,,,,,,,load,,1.0,2024-08-16 00:00:00,
613904,Fang Shuming,方樹銘,,,,0.0,8287.0,1.0,,,,,,,,,,,,,,,,,,,,,,Fang,方,Shuming,樹銘,20.0,,CGED-Q_person_id=190540935100.,,,,,,,,,,,,,,,load,,1.0,2024-08-16 00:00:00,
613905,Fang Jian,方檢,,,,0.0,7206.0,1.0,,,,,,,,,,,,,,,,,,,,,,Fang,方,Jian,檢,20.0,,CGED-Q_person_id=187631413900.,,,,,,,,,,,,,,,load,,1.0,2024-08-16 00:00:00,
613906,Fang Ciwen,方次文,,,,0.0,700010.0,1.0,,,,,,,,,,,,,,,,,,,,,,Fang,方,Ciwen,次文,20.0,,CGED-Q_person_id=177731047600.,,,,,,,,,,,,,,,load,,1.0,2024-08-16 00:00:00,
613907,Fang Zhenglun,方正倫,,,,0.0,8802.0,1.0,,,,,,,,,,,,,,,,,,,,,,Fang,方,Zhenglun,正倫,20.0,,CGED-Q_person_id=177730982400.,,,,,,,,,,,,,,,load,,1.0,2024-08-16 00:00:00,
613908,Fang Zhengfa,方正發,,,,0.0,7128.0,1.0,,,,,,,,,,,,,,,,,,,,,,Fang,方,Zhengfa,正發,20.0,,CGED-Q_person_id=186120732100.,,,,,,,,,,,,,,,load,,1.0,2024-08-16 00:00:00,
613909,Fang Dianchen,方殿臣,,,,0.0,20207.0,1.0,,,,,,,,,,,,,,,,,,,,,,Fang,方,Dianchen,殿臣,20.0,,CGED-Q_person_id=188312567900.,,,,,,,,,,,,,,,load,,1.0,2024-08-16 00:00:00,
613910,Fang Diankui,方殿魁,,,,0.0,7599.0,1.0,,,,,,,,,,,,,,,,,,,,,,Fang,方,Diankui,殿魁,20.0,,CGED-Q_person_id=186722548600.,,,,,,,,,,,,,,,load,,1.0,2024-08-16 00:00:00,
613911,Fang Diankui,方殿魁,,,,0.0,8991.0,1.0,,,,,,,,,,,,,,,,,,,,,,Fang,方,Diankui,殿魁,20.0,,CGED-Q_person_id=186310288000.,,,,,,,,,,,,,,,load,,1.0,2024-08-16 00:00:00,
613912,Fang Diankui,方殿魁,,,,0.0,7599.0,1.0,,,,,,,,,,,,,,,,,,,,,,Fang,方,Diankui,殿魁,20.0,,CGED-Q_person_id=190312561500.,,,,,,,,,,,,,,,load,,1.0,2024-08-16 00:00:00,
613913,Fang Shuisheng,方水生,,,,0.0,7704.0,1.0,,,,,,,,,,,,,,,,,,,,,,Fang,方,Shuisheng,水生,20.0,,CGED-Q_person_id=184130188600.,,,,,,,,,,,,,,,load,,1.0,2024-08-16 00:00:00,
613914,Fang Yongkuan,方永寬,,,,0.0,7599.0,1.0,,,,,,,,,,,,,,,,,,,,,,Fang,方,Yongkuan,永寬,20.0,,CGED-Q_person_id=186942526300.,,,,,,,,,,,,,,,load,,1.0,2024-08-16 00:00:00,
613915,Fang Yongbing,方永昺,,,,0.0,8344.0,1.0,,,,,,,,,,,,,,,,,,,,,,Fang,方,Yongbing,永昺,20.0,,CGED-Q_person_id=189620543000.,,,,,,,,,,,,,,,load,,1.0,2024-08-16 00:00:00,
613916,Fang Yongqing,方永清,,,,0.0,7852.0,1.0,,,,,,,,,,,,,,,,,,,,,,Fang,方,Yongqing,永清,20.0,,CGED-Q_person_id=183520645700.,,,,,,,,,,,,,,,load,,1.0,2024-08-16 00:00:00,
613917,Fang Yongdao,方永燾,,,,0.0,7873.0,1.0,,,,,,,,,,,,,,,,,,,,,,Fang,方,Yongdao,永燾,20.0,,CGED-Q_person_id=187220745300.,,,,,,,,,,,,,,,load,,1.0,2024-08-16 00:00:00,
613918,Fang Qiujin,方求晉,,,,0.0,7700.0,1.0,,,,,,,,,,,,,,,,,,,,,,Fang,方,Qiujin,求晉,20.0,,CGED-Q_person_id=180830632800.,,,,,,,,,,,,,,,load,,1.0,2024-08-16 00:00:00,
613919,Fang Rujia,方汝嘉,,,,0.0,7730.0,1.0,,,,,,,,,,,,,,,,,,,,,,Fang,方,Rujia,汝嘉,20.0,,CGED-Q_person_id=186830425600.,,,,,,,,,,,,,,,load,,1.0,2024-08-16 00:00:00,
613920,Fang Ruji,方汝楫,,,,0.0,7558.0,1.0,,,,,,,,,,,,,,,,,,,,,,Fang,方,Ruji,汝楫,20.0,,CGED-Q_person_id=185620701900.,,,,,,,,,,,,,,,load,,1.0,2024-08-16 00:00:00,
613921,Fang Rulin,方汝麟,,,,0.0,7693.0,1.0,,,,,,,,,,,,,,,,,,,,,,Fang,方,Rulin,汝麟,20.0,,CGED-Q_person_id=189941123000.,,,,,,,,,,,,,,,load,,1.0,2024-08-16 00:00:00,
613922,Fang Fenyu,方汾玉,,,,0.0,7770.0,1.0,,,,,,,,,,,,,,,,,,,,,,Fang,方,Fenyu,汾玉,20.0,,CGED-Q_person_id=191030559100.,,,,,,,,,,,,,,,load,,1.0,2024-08-16 00:00:00,
613923,Fang Luo,方洛,,,,0.0,7591.0,1.0,,,,,,,,,,,,,,,,,,,,,,Fang,方,Luo,洛,20.0,,CGED-Q_person_id=177731193900.,,,,,,,,,,,,,,,load,,1.0,2024-08-16 00:00:00,
613924,Fang Hongliang,方洪亮,,,,0.0,7755.0,1.0,,,,,,,,,,,,,,,,,,,,,,Fang,方,Hongliang,洪亮,20.0,,CGED-Q_person_id=189340941100.,,,,,,,,,,,,,,,load,,1.0,2024-08-16 00:00:00,
613925,Fang Pu,方浦,,,,0.0,7659.0,1.0,,,,,,,,,,,,,,,,,,,,,,Fang,方,Pu,浦,20.0,,CGED-Q_person_id=181710737100.,,,,,,,,,,,,,,,load,,1.0,2024-08-16 00:00:00,
613926,Fang Haoyin,方浩殷,,,,0.0,7761.0,1.0,,,,,,,,,,,,,,,,,,,,,,Fang,方,Haoyin,浩殷,20.0,,CGED-Q_person_id=180830528500.,,,,,,,,,,,,,,,load,,1.0,2024-08-16 00:00:00,
613927,Fang Haoran,方浩然,,,,0.0,8078.0,1.0,,,,,,,,,,,,,,,,,,,,,,Fang,方,Haoran,浩然,20.0,,CGED-Q_person_id=186721120000.,,,,,,,,,,,,,,,load,,1.0,2024-08-16 00:00:00,
613928,Fang Haofa,方浩發,,,,0.0,7761.0,1.0,,,,,,,,,,,,,,,,,,,,,,Fang,方,Haofa,浩發,20.0,,CGED-Q_person_id=180410517000.,,,,,,,,,,,,,,,load,,1.0,2024-08-16 00:00:00,
613929,Fang Qingzheng,方清徵,,,,0.0,7706.0,1.0,,,,,,,,,,,,,,,,,,,,,,Fang,方,Qingzheng,清徵,20.0,,CGED-Q_person_id=186610733500.,,,,,,,,,,,,,,,load,,1.0,2024-08-16 00:00:00,
613930,Fang Qinglian,方清漣,,,,0.0,7700.0,1.0,,,,,,,,,,,,,,,,,,,,,,Fang,方,Qinglian,清漣,20.0,,CGED-Q_person_id=185840632600.,,,,,,,,,,,,,,,load,,1.0,2024-08-16 00:00:00,
613931,Fang Nan,方湳,,,,0.0,7659.0,1.0,,,,,,,,,,,,,,,,,,,,,,Fang,方,Nan,湳,20.0,,CGED-Q_person_id=181340743500.,,,,,,,,,,,,,,,load,,1.0,2024-08-16 00:00:00,
613932,Fang Rong,方溶,,,,0.0,7620.0,1.0,,,,,,,,,,,,,,,,,,,,,,Fang,方,Rong,溶,20.0,,CGED-Q_person_id=185230710000.,,,,,,,,,,,,,,,load,,1.0,2024-08-16 00:00:00,
613933,Fang Hui,方匯,,,,0.0,7708.0,1.0,,,,,,,,,,,,,,,,,,,,,,Fang,方,Hui,匯,20.0,,CGED-Q_person_id=185440613800.,,,,,,,,,,,,,,,load,,1.0,2024-08-16 00:00:00,
613934,Fang Chao,方潮,,,,0.0,7627.0,1.0,,,,,,,,,,,,,,,,,,,,,,Fang,方,Chao,潮,20.0,,CGED-Q_person_id=182640686200.,,,,,,,,,,,,,,,load,,1.0,2024-08-16 00:00:00,
613935,Fang Chaozhi,方潮植,,,,0.0,8444.0,1.0,,,,,,,,,,,,,,,,,,,,,,Fang,方,Chaozhi,潮植,20.0,,CGED-Q_person_id=179831077800.,,,,,,,,,,,,,,,load,,1.0,2024-08-16 00:00:00,
613936,Fang Cheng,方澄,,,,0.0,7224.0,1.0,,,,,,,,,,,,,,,,,,,,,,Fang,方,Cheng,澄,20.0,,CGED-Q_person_id=177730362600.,,,,,,,,,,,,,,,load,,1.0,2024-08-16 00:00:00,
613937,Fang Chengqing,方澄清,,,,0.0,8991.0,1.0,,,,,,,,,,,,,,,,,,,,,,Fang,方,Chengqing,澄清,20.0,,CGED-Q_person_id=184820731100.,,,,,,,,,,,,,,,load,,1.0,2024-08-16 00:00:00,
613938,Fang Shukuan,方澍寬,,,,0.0,7599.0,1.0,,,,,,,,,,,,,,,,,,,,,,Fang,方,Shukuan,澍寬,20.0,,CGED-Q_person_id=189540187400.,,,,,,,,,,,,,,,load,,1.0,2024-08-16 00:00:00,
613939,Fang Yun,方澐,,,,0.0,7745.0,1.0,,,,,,,,,,,,,,,,,,,,,,Fang,方,Yun,澐,20.0,,CGED-Q_person_id=187121293900.,,,,,,,,,,,,,,,load,,1.0,2024-08-16 00:00:00,
613940,Fang Zefeng,方澤豐,,,,0.0,8603.0,1.0,,,,,,,,,,,,,,,,,,,,,,Fang,方,Zefeng,澤豐,20.0,,CGED-Q_person_id=189531461000.,,,,,,,,,,,,,,,load,,1.0,2024-08-16 00:00:00,
613941,Fang Jikuan,方濟寬,,,,0.0,7603.0,1.0,,,,,,,,,,,,,,,,,,,,,,Fang,方,Jikuan,濟寬,20.0,,CGED-Q_person_id=189420318300.,,,,,,,,,,,,,,,load,,1.0,2024-08-16 00:00:00,
613942,Fang Jichang,方濟昌,,,,0.0,7206.0,1.0,,,,,,,,,,,,,,,,,,,,,,Fang,方,Jichang,濟昌,20.0,,CGED-Q_person_id=190321330900.,,,,,,,,,,,,,,,load,,1.0,2024-08-16 00:00:00,
613943,Fang Jiceng,方濟曾,,,,0.0,7603.0,1.0,,,,,,,,,,,,,,,,,,,,,,Fang,方,Jiceng,濟曾,20.0,,CGED-Q_person_id=190440320200.,,,,,,,,,,,,,,,load,,1.0,2024-08-16 00:00:00,
613944,Fang Junlv,方濬履,,,,0.0,7724.0,1.0,,,,,,,,,,,,,,,,,,,,,,Fang,方,Junlv,濬履,20.0,,CGED-Q_person_id=185640599600.,,,,,,,,,,,,,,,load,,1.0,2024-08-16 00:00:00,
613945,Fang Han,方瀚,,,,0.0,7463.0,1.0,,,,,,,,,,,,,,,,,,,,,,Fang,方,Han,瀚,20.0,,CGED-Q_person_id=176040555000.,,,,,,,,,,,,,,,load,,1.0,2024-08-16 00:00:00,
613946,Fang Han,方瀚,,,,0.0,7861.0,1.0,,,,,,,,,,,,,,,,,,,,,,Fang,方,Han,瀚,20.0,,CGED-Q_person_id=182420973300.,,,,,,,,,,,,,,,load,,1.0,2024-08-16 00:00:00,
613947,Fang Hao,方灝,,,,0.0,7388.0,1.0,,,,,,,,,,,,,,,,,,,,,,Fang,方,Hao,灝,20.0,,CGED-Q_person_id=180040985400.,,,,,,,,,,,,,,,load,,1.0,2024-08-16 00:00:00,
613948,Fang Yan,方炎,,,,0.0,7659.0,1.0,,,,,,,,,,,,,,,,,,,,,,Fang,方,Yan,炎,20.0,,CGED-Q_person_id=181640725900.,,,,,,,,,,,,,,,load,,1.0,2024-08-16 00:00:00,
613949,Fang Yan,方炎,,,,0.0,7686.0,1.0,,,,,,,,,,,,,,,,,,,,,,Fang,方,Yan,炎,20.0,,CGED-Q_person_id=190830961800.,,,,,,,,,,,,,,,load,,1.0,2024-08-16 00:00:00,
613950,Fang Bingkun,方炳堃,,,,0.0,7547.0,1.0,,,,,,,,,,,,,,,,,,,,,,Fang,方,Bingkun,炳堃,20.0,,CGED-Q_person_id=190520736700.,,,,,,,,,,,,,,,load,,1.0,2024-08-16 00:00:00,
613951,Fang Weilin,方為霖,,,,0.0,7706.0,1.0,,,,,,,,,,,,,,,,,,,,,,Fang,方,Weilin,為霖,20.0,,CGED-Q_person_id=181640856200.,,,,,,,,,,,,,,,load,,1.0,2024-08-16 00:00:00,
613952,Fang Kun,方焜,,,,0.0,700422.0,1.0,,,,,,,,,,,,,,,,,,,,,,Fang,方,Kun,焜,20.0,,CGED-Q_person_id=185920458300.,,,,,,,,,,,,,,,load,,1.0,2024-08-16 00:00:00,
613953,Fang Tuan,方煓,,,,0.0,7098.0,1.0,,,,,,,,,,,,,,,,,,,,,,Fang,方,Tuan,煓,20.0,,CGED-Q_person_id=183340447800.,,,,,,,,,,,,,,,load,,1.0,2024-08-16 00:00:00,
613954,Fang Xiju,方熹舉,,,,0.0,8335.0,1.0,,,,,,,,,,,,,,,,,,,,,,Fang,方,Xiju,熹舉,20.0,,CGED-Q_person_id=178810528100.,,,,,,,,,,,,,,,load,,1.0,2024-08-16 00:00:00,
613955,Fang Yangeng,方燕庚,,,,0.0,7730.0,1.0,,,,,,,,,,,,,,,,,,,,,,Fang,方,Yangeng,燕庚,20.0,,CGED-Q_person_id=190440107400.,,,,,,,,,,,,,,,load,,1.0,2024-08-16 00:00:00,
613956,Fang Dao,方燾,,,,0.0,7706.0,1.0,,,,,,,,,,,,,,,,,,,,,,Fang,方,Dao,燾,20.0,,CGED-Q_person_id=189820198900.,,,,,,,,,,,,,,,load,,1.0,2024-08-16 00:00:00,
613957,Fang Yu,方玉,,,,0.0,7700.0,1.0,,,,,,,,,,,,,,,,,,,,,,Fang,方,Yu,玉,20.0,,CGED-Q_person_id=184840636100.,,,,,,,,,,,,,,,load,,1.0,2024-08-16 00:00:00,
613958,Fang Yupo,方玉坡,,,,0.0,7730.0,1.0,,,,,,,,,,,,,,,,,,,,,,Fang,方,Yupo,玉坡,20.0,,CGED-Q_person_id=182710518900.,,,,,,,,,,,,,,,load,,1.0,2024-08-16 00:00:00,
613959,Fang Yuyuan,方玉垣,,,,0.0,7162.0,1.0,,,,,,,,,,,,,,,,,,,,,,Fang,方,Yuyuan,玉垣,20.0,,CGED-Q_person_id=179610466000.,,,,,,,,,,,,,,,load,,1.0,2024-08-16 00:00:00,
613960,Fang Yufeng,方玉峯,,,,0.0,8178.0,1.0,,,,,,,,,,,,,,,,,,,,,,Fang,方,Yufeng,玉峯,20.0,,CGED-Q_person_id=181340889800.,,,,,,,,,,,,,,,load,,1.0,2024-08-16 00:00:00,
613961,Fang Yuzun,方玉樽,,,,0.0,7983.0,1.0,,,,,,,,,,,,,,,,,,,,,,Fang,方,Yuzun,玉樽,20.0,,CGED-Q_person_id=182310530800.,,,,,,,,,,,,,,,load,,1.0,2024-08-16 00:00:00,
613962,Fang Yutian,方玉田,,,,0.0,8287.0,1.0,,,,,,,,,,,,,,,,,,,,,,Fang,方,Yutian,玉田,20.0,,CGED-Q_person_id=190631025000.,,,,,,,,,,,,,,,load,,1.0,2024-08-16 00:00:00,
613963,Fang Bin,方玢,,,,0.0,7686.0,1.0,,,,,,,,,,,,,,,,,,,,,,Fang,方,Bin,玢,20.0,,CGED-Q_person_id=181641313200.,,,,,,,,,,,,,,,load,,1.0,2024-08-16 00:00:00,
613964,Fang Zhenxi,方珍錫,,,,0.0,7724.0,1.0,,,,,,,,,,,,,,,,,,,,,,Fang,方,Zhenxi,珍錫,20.0,,CGED-Q_person_id=187410696800.,,,,,,,,,,,,,,,load,,1.0,2024-08-16 00:00:00,
613965,Fang Lang,方琅,,,,0.0,7749.0,1.0,,,,,,,,,,,,,,,,,,,,,,Fang,方,Lang,琅,20.0,,CGED-Q_person_id=187630972600.,,,,,,,,,,,,,,,load,,1.0,2024-08-16 00:00:00,
613966,Fang Qi,方琪,,,,0.0,7693.0,1.0,,,,,,,,,,,,,,,,,,,,,,Fang,方,Qi,琪,20.0,,CGED-Q_person_id=180620187200.,,,,,,,,,,,,,,,load,,1.0,2024-08-16 00:00:00,
613967,Fang Cong,方琮,,,,0.0,7214.0,1.0,,,,,,,,,,,,,,,,,,,,,,Fang,方,Cong,琮,20.0,,CGED-Q_person_id=178610776500.,,,,,,,,,,,,,,,load,,1.0,2024-08-16 00:00:00,
613968,Fang Quan,方瑔,,,,0.0,7706.0,1.0,,,,,,,,,,,,,,,,,,,,,,Fang,方,Quan,瑔,20.0,,CGED-Q_person_id=183321312400.,,,,,,,,,,,,,,,load,,1.0,2024-08-16 00:00:00,
613969,Fang Hu,方瑚,,,,0.0,8313.0,1.0,,,,,,,,,,,,,,,,,,,,,,Fang,方,Hu,瑚,20.0,,CGED-Q_person_id=181640863500.,,,,,,,,,,,,,,,load,,1.0,2024-08-16 00:00:00,
613970,Fang Ruizhao,方瑞照,,,,0.0,7755.0,1.0,,,,,,,,,,,,,,,,,,,,,,Fang,方,Ruizhao,瑞照,20.0,,CGED-Q_person_id=177330670100.,,,,,,,,,,,,,,,load,,1.0,2024-08-16 00:00:00,
613971,Fang Jin,方瑾,,,,0.0,7211.0,1.0,,,,,,,,,,,,,,,,,,,,,,Fang,方,Jin,瑾,20.0,,CGED-Q_person_id=190220681200.,,,,,,,,,,,,,,,load,,1.0,2024-08-16 00:00:00,
613972,Fang Jin,方瑾,,,,0.0,7551.0,1.0,,,,,,,,,,,,,,,,,,,,,,Fang,方,Jin,瑾,20.0,,CGED-Q_person_id=176511226500.,,,,,,,,,,,,,,,load,,1.0,2024-08-16 00:00:00,
613973,Fang Zanze,方瓉澤,,,,0.0,8325.0,1.0,,,,,,,,,,,,,,,,,,,,,,Fang,方,Zanze,瓉澤,20.0,,CGED-Q_person_id=176830675900.,,,,,,,,,,,,,,,load,,1.0,2024-08-16 00:00:00,
613974,Fang Yonglu,方用魯,,,,0.0,7852.0,1.0,,,,,,,,,,,,,,,,,,,,,,Fang,方,Yonglu,用魯,20.0,,CGED-Q_person_id=183921246800.,,,,,,,,,,,,,,,load,,1.0,2024-08-16 00:00:00,
613975,Fang Dianxi,方甸西,,,,0.0,8448.0,1.0,,,,,,,,,,,,,,,,,,,,,,Fang,方,Dianxi,甸西,20.0,,CGED-Q_person_id=177330385100.,,,,,,,,,,,,,,,load,,1.0,2024-08-16 00:00:00,
613976,Fang Lve,方畧,,,,0.0,8991.0,1.0,,,,,,,,,,,,,,,,,,,,,,Fang,方,Lve,畧,20.0,,CGED-Q_person_id=177730989300.,,,,,,,,,,,,,,,load,,1.0,2024-08-16 00:00:00,
613977,Fang Dengjun,方登俊,,,,0.0,7601.0,1.0,,,,,,,,,,,,,,,,,,,,,,Fang,方,Dengjun,登俊,20.0,,CGED-Q_person_id=186610729500.,,,,,,,,,,,,,,,load,,1.0,2024-08-16 00:00:00,
613978,Fang Dengxian,方登賢,,,,0.0,7610.0,1.0,,,,,,,,,,,,,,,,,,,,,,Fang,方,Dengxian,登賢,20.0,,CGED-Q_person_id=183041125700.,,,,,,,,,,,,,,,load,,1.0,2024-08-16 00:00:00,
613979,Fang Hao,方皜,,,,0.0,7307.0,1.0,,,,,,,,,,,,,,,,,,,,,,Fang,方,Hao,皜,20.0,,CGED-Q_person_id=180220458400.,,,,,,,,,,,,,,,load,,1.0,2024-08-16 00:00:00,
613980,Fang Jianguan,方監觀,,,,0.0,8210.0,1.0,,,,,,,,,,,,,,,,,,,,,,Fang,方,Jianguan,監觀,20.0,,CGED-Q_person_id=184020658100.,,,,,,,,,,,,,,,load,,1.0,2024-08-16 00:00:00,
613981,Fang Zhi,方直,,,,0.0,8444.0,1.0,,,,,,,,,,,,,,,,,,,,,,Fang,方,Zhi,直,20.0,,CGED-Q_person_id=179611192600.,,,,,,,,,,,,,,,load,,1.0,2024-08-16 00:00:00,
613982,Fang Shengsan,方省三,,,,0.0,7307.0,1.0,,,,,,,,,,,,,,,,,,,,,,Fang,方,Shengsan,省三,20.0,,CGED-Q_person_id=183640448800.,,,,,,,,,,,,,,,load,,1.0,2024-08-16 00:00:00,
613983,Fang Panan,方磐安,,,,0.0,8078.0,1.0,,,,,,,,,,,,,,,,,,,,,,Fang,方,Panan,磐安,20.0,,CGED-Q_person_id=187410699700.,,,,,,,,,,,,,,,load,,1.0,2024-08-16 00:00:00,
613984,Fang Zupei,方祖培,,,,0.0,7262.0,1.0,,,,,,,,,,,,,,,,,,,,,,Fang,方,Zupei,祖培,20.0,,CGED-Q_person_id=181740736900.,,,,,,,,,,,,,,,load,,1.0,2024-08-16 00:00:00,
613985,Fang Xiangqing,方祥慶,,,,0.0,7624.0,1.0,,,,,,,,,,,,,,,,,,,,,,Fang,方,Xiangqing,祥慶,20.0,,CGED-Q_person_id=184340061900.,,,,,,,,,,,,,,,load,,1.0,2024-08-16 00:00:00,
613986,Fang Fubao,方福葆,,,,0.0,8084.0,1.0,,,,,,,,,,,,,,,,,,,,,,Fang,方,Fubao,福葆,20.0,,CGED-Q_person_id=187840741900.,,,,,,,,,,,,,,,load,,1.0,2024-08-16 00:00:00,
613987,Fang Binggong,方秉恭,,,,0.0,8440.0,1.0,,,,,,,,,,,,,,,,,,,,,,Fang,方,Binggong,秉恭,20.0,,CGED-Q_person_id=180831254400.,,,,,,,,,,,,,,,load,,1.0,2024-08-16 00:00:00,
613988,Fang Bingjun,方秉鈞,,,,0.0,20322.0,1.0,,,,,,,,,,,,,,,,,,,,,,Fang,方,Bingjun,秉鈞,20.0,,CGED-Q_person_id=183940734400.,,,,,,,,,,,,,,,load,,1.0,2024-08-16 00:00:00,
613989,Fang Bingjun,方秉鈞,,,,0.0,7608.0,1.0,,,,,,,,,,,,,,,,,,,,,,Fang,方,Bingjun,秉鈞,20.0,,CGED-Q_person_id=182311336800.,,,,,,,,,,,,,,,load,,1.0,2024-08-16 00:00:00,
613990,Fang Chengpeng,方程鵬,,,,0.0,8448.0,1.0,,,,,,,,,,,,,,,,,,,,,,Fang,方,Chengpeng,程鵬,20.0,,CGED-Q_person_id=189940582900.,,,,,,,,,,,,,,,load,,1.0,2024-08-16 00:00:00,
613991,Fang Lu,方稑,,,,0.0,7557.0,1.0,,,,,,,,,,,,,,,,,,,,,,Fang,方,Lu,稑,20.0,,CGED-Q_person_id=184610172200.,,,,,,,,,,,,,,,load,,1.0,2024-08-16 00:00:00,
613992,Fang Jilin,方積琳,,,,0.0,7635.0,1.0,,,,,,,,,,,,,,,,,,,,,,Fang,方,Jilin,積琳,20.0,,CGED-Q_person_id=190230300900.,,,,,,,,,,,,,,,load,,1.0,2024-08-16 00:00:00,
613993,Fang Jirui,方積瑞,,,,0.0,7635.0,1.0,,,,,,,,,,,,,,,,,,,,,,Fang,方,Jirui,積瑞,20.0,,CGED-Q_person_id=191140681500.,,,,,,,,,,,,,,,load,,1.0,2024-08-16 00:00:00,
613994,Fang Linian,方立年,,,,0.0,7706.0,1.0,,,,,,,,,,,,,,,,,,,,,,Fang,方,Linian,立年,20.0,,CGED-Q_person_id=189021271500.,,,,,,,,,,,,,,,load,,1.0,2024-08-16 00:00:00,
613995,Fang Lide,方立德,,,,0.0,7762.0,1.0,,,,,,,,,,,,,,,,,,,,,,Fang,方,Lide,立德,20.0,,CGED-Q_person_id=180610681400.,,,,,,,,,,,,,,,load,,1.0,2024-08-16 00:00:00,
613996,Fang Lisheng,方立盛,,,,0.0,7646.0,1.0,,,,,,,,,,,,,,,,,,,,,,Fang,方,Lisheng,立盛,20.0,,CGED-Q_person_id=187722559400.,,,,,,,,,,,,,,,load,,1.0,2024-08-16 00:00:00,
613997,Fang Lijing,方立經,,,,0.0,8226.0,1.0,,,,,,,,,,,,,,,,,,,,,,Fang,方,Lijing,立經,20.0,,CGED-Q_person_id=176040386800.,,,,,,,,,,,,,,,load,,1.0,2024-08-16 00:00:00,
613998,Fang Hu,方笏,,,,0.0,8778.0,1.0,,,,,,,,,,,,,,,,,,,,,,Fang,方,Hu,笏,20.0,,CGED-Q_person_id=177731036900.,,,,,,,,,,,,,,,load,,1.0,2024-08-16 00:00:00,
613999,Fang Jichun,方紀春,,,,0.0,8449.0,1.0,,,,,,,,,,,,,,,,,,,,,,Fang,方,Jichun,紀春,20.0,,CGED-Q_person_id=187442398900.,,,,,,,,,,,,,,,load,,1.0,2024-08-16 00:00:00,
614000,Fang Jixing,方紀興,,,,0.0,8384.0,1.0,,,,,,,,,,,,,,,,,,,,,,Fang,方,Jixing,紀興,20.0,,CGED-Q_person_id=189212394900.,,,,,,,,,,,,,,,load,,1.0,2024-08-16 00:00:00,
614001,Fang Shaozhi,方紹治,,,,0.0,7686.0,1.0,,,,,,,,,,,,,,,,,,,,,,Fang,方,Shaozhi,紹治,20.0,,CGED-Q_person_id=176041211500.,,,,,,,,,,,,,,,load,,1.0,2024-08-16 00:00:00,
614002,Fang Shaolian,方紹濂,,,,0.0,7748.0,1.0,,,,,,,,,,,,,,,,,,,,,,Fang,方,Shaolian,紹濂,20.0,,CGED-Q_person_id=190211238800.,,,,,,,,,,,,,,,load,,1.0,2024-08-16 00:00:00,
614003,Fang Shaodong,方紹董,,,,0.0,7725.0,1.0,,,,,,,,,,,,,,,,,,,,,,Fang,方,Shaodong,紹董,20.0,,CGED-Q_person_id=178810561000.,,,,,,,,,,,,,,,load,,1.0,2024-08-16 00:00:00,
614004,Fang Shaobiao,方紹鑣,,,,0.0,7713.0,1.0,,,,,,,,,,,,,,,,,,,,,,Fang,方,Shaobiao,紹鑣,20.0,,CGED-Q_person_id=176040821600.,,,,,,,,,,,,,,,load,,1.0,2024-08-16 00:00:00,
614005,Fang Shaozhen,方紹震,,,,0.0,7635.0,1.0,,,,,,,,,,,,,,,,,,,,,,Fang,方,Shaozhen,紹震,20.0,,CGED-Q_person_id=189910989200.,,,,,,,,,,,,,,,load,,1.0,2024-08-16 00:00:00,
614006,Fang Sui,方綏,,,,0.0,7213.0,1.0,,,,,,,,,,,,,,,,,,,,,,Fang,方,Sui,綏,20.0,,CGED-Q_person_id=176510941000.,,,,,,,,,,,,,,,load,,1.0,2024-08-16 00:00:00,
614007,Fang Weixun,方維勲,,,,0.0,9019.0,1.0,,,,,,,,,,,,,,,,,,,,,,Fang,方,Weixun,維勲,20.0,,CGED-Q_person_id=182420765400.,,,,,,,,,,,,,,,load,,1.0,2024-08-16 00:00:00,
614008,Fang Weigan,方維幹,,,,0.0,7730.0,1.0,,,,,,,,,,,,,,,,,,,,,,Fang,方,Weigan,維幹,20.0,,CGED-Q_person_id=188241340600.,,,,,,,,,,,,,,,load,,1.0,2024-08-16 00:00:00,
614009,Fang Weide,方維德,,,,0.0,7706.0,1.0,,,,,,,,,,,,,,,,,,,,,,Fang,方,Weide,維德,20.0,,CGED-Q_person_id=183340927400.,,,,,,,,,,,,,,,load,,1.0,2024-08-16 00:00:00,
614010,Fang Weiqi,方維祺,,,,0.0,7213.0,1.0,,,,,,,,,,,,,,,,,,,,,,Fang,方,Weiqi,維祺,20.0,,CGED-Q_person_id=180610745900.,,,,,,,,,,,,,,,load,,1.0,2024-08-16 00:00:00,
614011,Fang Weiqi,方維祺,,,,0.0,7213.0,1.0,,,,,,,,,,,,,,,,,,,,,,Fang,方,Weiqi,維祺,20.0,,CGED-Q_person_id=178610397000.,,,,,,,,,,,,,,,load,,1.0,2024-08-16 00:00:00,
614012,Fang Weiquan,方維銓,,,,0.0,7755.0,1.0,,,,,,,,,,,,,,,,,,,,,,Fang,方,Weiquan,維銓,20.0,,CGED-Q_person_id=190830337500.,,,,,,,,,,,,,,,load,,1.0,2024-08-16 00:00:00,
614013,Fang Xu,方緒,,,,0.0,7211.0,1.0,,,,,,,,,,,,,,,,,,,,,,Fang,方,Xu,緒,20.0,,CGED-Q_person_id=178610272300.,,,,,,,,,,,,,,,load,,1.0,2024-08-16 00:00:00,
614014,Fang Jixi,方緝熙,,,,0.0,8669.0,1.0,,,,,,,,,,,,,,,,,,,,,,Fang,方,Jixi,緝熙,20.0,,CGED-Q_person_id=186220834900.,,,,,,,,,,,,,,,load,,1.0,2024-08-16 00:00:00,
614015,Fang Xuen,方續恩,,,,0.0,8287.0,1.0,,,,,,,,,,,,,,,,,,,,,,Fang,方,Xuen,續恩,20.0,,CGED-Q_person_id=186942744100.,,,,,,,,,,,,,,,load,,1.0,2024-08-16 00:00:00,
614016,Fang Yi,方義,,,,0.0,7213.0,1.0,,,,,,,,,,,,,,,,,,,,,,Fang,方,Yi,義,20.0,,CGED-Q_person_id=179611004500.,,,,,,,,,,,,,,,load,,1.0,2024-08-16 00:00:00,
614017,Fang Yifang,方義方,,,,0.0,7576.0,1.0,,,,,,,,,,,,,,,,,,,,,,Fang,方,Yifang,義方,20.0,,CGED-Q_person_id=178810529500.,,,,,,,,,,,,,,,load,,1.0,2024-08-16 00:00:00,
614018,Fang Yiqing,方翊清,,,,0.0,8240.0,1.0,,,,,,,,,,,,,,,,,,,,,,Fang,方,Yiqing,翊清,20.0,,CGED-Q_person_id=186121172700.,,,,,,,,,,,,,,,load,,1.0,2024-08-16 00:00:00,
614019,Fang Hanbin,方翰賓,,,,0.0,7762.0,1.0,,,,,,,,,,,,,,,,,,,,,,Fang,方,Hanbin,翰賓,20.0,,CGED-Q_person_id=180041022800.,,,,,,,,,,,,,,,load,,1.0,2024-08-16 00:00:00,
614020,Fang Lianru,方聯儒,,,,0.0,7602.0,1.0,,,,,,,,,,,,,,,,,,,,,,Fang,方,Lianru,聯儒,20.0,,CGED-Q_person_id=176040673400.,,,,,,,,,,,,,,,load,,1.0,2024-08-16 00:00:00,
614021,Fang Lianfu,方聯孚,,,,0.0,8343.0,1.0,,,,,,,,,,,,,,,,,,,,,,Fang,方,Lianfu,聯孚,20.0,,CGED-Q_person_id=183140695400.,,,,,,,,,,,,,,,load,,1.0,2024-08-16 00:00:00,
614022,Fang Zhaogui,方肇桂,,,,0.0,7730.0,1.0,,,,,,,,,,,,,,,,,,,,,,Fang,方,Zhaogui,肇桂,20.0,,CGED-Q_person_id=190910682200.,,,,,,,,,,,,,,,load,,1.0,2024-08-16 00:00:00,
614023,Fang Zuo,方胙,,,,0.0,7557.0,1.0,,,,,,,,,,,,,,,,,,,,,,Fang,方,Zuo,胙,20.0,,CGED-Q_person_id=188210992800.,,,,,,,,,,,,,,,load,,1.0,2024-08-16 00:00:00,
614024,Fang Zuoxun,方胙勲,,,,0.0,7557.0,1.0,,,,,,,,,,,,,,,,,,,,,,Fang,方,Zuoxun,胙勲,20.0,,CGED-Q_person_id=187740723600.,,,,,,,,,,,,,,,load,,1.0,2024-08-16 00:00:00,
614025,Fang Nengji,方能極,,,,0.0,7706.0,1.0,,,,,,,,,,,,,,,,,,,,,,Fang,方,Nengji,能極,20.0,,CGED-Q_person_id=183340451800.,,,,,,,,,,,,,,,load,,1.0,2024-08-16 00:00:00,
614026,Fang Nengxiang,方能祥,,,,0.0,7603.0,1.0,,,,,,,,,,,,,,,,,,,,,,Fang,方,Nengxiang,能祥,20.0,,CGED-Q_person_id=185410063400.,,,,,,,,,,,,,,,load,,1.0,2024-08-16 00:00:00,
614027,Fang Yingtu,方膺圖,,,,0.0,7706.0,1.0,,,,,,,,,,,,,,,,,,,,,,Fang,方,Yingtu,膺圖,20.0,,CGED-Q_person_id=178840670500.,,,,,,,,,,,,,,,load,,1.0,2024-08-16 00:00:00,
614028,Fang Yinglan,方膺蘭,,,,0.0,7706.0,1.0,,,,,,,,,,,,,,,,,,,,,,Fang,方,Yinglan,膺蘭,20.0,,CGED-Q_person_id=179610672300.,,,,,,,,,,,,,,,load,,1.0,2024-08-16 00:00:00,
614029,Fang Zhiyuan,方至員,,,,0.0,9043.0,1.0,,,,,,,,,,,,,,,,,,,,,,Fang,方,Zhiyuan,至員,20.0,,CGED-Q_person_id=188312190800.,,,,,,,,,,,,,,,load,,1.0,2024-08-16 00:00:00,
614030,Fang Tai,方臺,,,,0.0,7874.0,1.0,,,,,,,,,,,,,,,,,,,,,,Fang,方,Tai,臺,20.0,,CGED-Q_person_id=183630169200.,,,,,,,,,,,,,,,load,,1.0,2024-08-16 00:00:00,
614031,Fang Zhenqian,方臻騫,,,,0.0,7724.0,1.0,,,,,,,,,,,,,,,,,,,,,,Fang,方,Zhenqian,臻騫,20.0,,CGED-Q_person_id=188910735700.,,,,,,,,,,,,,,,load,,1.0,2024-08-16 00:00:00,
614032,Fang Zhenxian,方臻鶱,,,,0.0,7724.0,1.0,,,,,,,,,,,,,,,,,,,,,,Fang,方,Zhenxian,臻鶱,20.0,,CGED-Q_person_id=189310763700.,,,,,,,,,,,,,,,load,,1.0,2024-08-16 00:00:00,
614033,Fang Xingzhu,方興柱,,,,0.0,7266.0,1.0,,,,,,,,,,,,,,,,,,,,,,Fang,方,Xingzhu,興柱,20.0,,CGED-Q_person_id=177730598400.,,,,,,,,,,,,,,,load,,1.0,2024-08-16 00:00:00,
614034,Fang Liangfu,方良輔,,,,0.0,7706.0,1.0,,,,,,,,,,,,,,,,,,,,,,Fang,方,Liangfu,良輔,20.0,,CGED-Q_person_id=187231189000.,,,,,,,,,,,,,,,load,,1.0,2024-08-16 00:00:00,
614035,Fang Ruolin,方若麟,,,,0.0,7730.0,1.0,,,,,,,,,,,,,,,,,,,,,,Fang,方,Ruolin,若麟,20.0,,CGED-Q_person_id=182631277600.,,,,,,,,,,,,,,,load,,1.0,2024-08-16 00:00:00,
614036,Fang Ying,方英,,,,0.0,7724.0,1.0,,,,,,,,,,,,,,,,,,,,,,Fang,方,Ying,英,20.0,,CGED-Q_person_id=177730394500.,,,,,,,,,,,,,,,load,,1.0,2024-08-16 00:00:00,
614037,Fang Yingyong,方英鏞,,,,0.0,7772.0,1.0,,,,,,,,,,,,,,,,,,,,,,Fang,方,Yingyong,英鏞,20.0,,CGED-Q_person_id=186520081700.,,,,,,,,,,,,,,,load,,1.0,2024-08-16 00:00:00,
614038,Fang Maochang,方茂昌,,,,0.0,8084.0,1.0,,,,,,,,,,,,,,,,,,,,,,Fang,方,Maochang,茂昌,20.0,,CGED-Q_person_id=186911089200.,,,,,,,,,,,,,,,load,,1.0,2024-08-16 00:00:00,
614039,Fang Maolin,方茂林,,,,0.0,7696.0,1.0,,,,,,,,,,,,,,,,,,,,,,Fang,方,Maolin,茂林,20.0,,CGED-Q_person_id=189930718800.,,,,,,,,,,,,,,,load,,1.0,2024-08-16 00:00:00,
614040,Fang Xing,方荇,,,,0.0,8695.0,1.0,,,,,,,,,,,,,,,,,,,,,,Fang,方,Xing,荇,20.0,,CGED-Q_person_id=177731046100.,,,,,,,,,,,,,,,load,,1.0,2024-08-16 00:00:00,
614041,Fang Jing,方菁,,,,0.0,8448.0,1.0,,,,,,,,,,,,,,,,,,,,,,Fang,方,Jing,菁,20.0,,CGED-Q_person_id=178610818200.,,,,,,,,,,,,,,,load,,1.0,2024-08-16 00:00:00,
614042,Fang Jinge,方菁莪,,,,0.0,8385.0,1.0,,,,,,,,,,,,,,,,,,,,,,Fang,方,Jinge,菁莪,20.0,,CGED-Q_person_id=189841203400.,,,,,,,,,,,,,,,load,,1.0,2024-08-16 00:00:00,
614043,Fang Hualin,方華林,,,,0.0,7730.0,1.0,,,,,,,,,,,,,,,,,,,,,,Fang,方,Hualin,華林,20.0,,CGED-Q_person_id=188710427200.,,,,,,,,,,,,,,,load,,1.0,2024-08-16 00:00:00,
614044,Fang Wannian,方萬年,,,,0.0,8210.0,1.0,,,,,,,,,,,,,,,,,,,,,,Fang,方,Wannian,萬年,20.0,,CGED-Q_person_id=176511044900.,,,,,,,,,,,,,,,load,,1.0,2024-08-16 00:00:00,
614045,Fang Wanqing,方萬清,,,,0.0,7852.0,1.0,,,,,,,,,,,,,,,,,,,,,,Fang,方,Wanqing,萬清,20.0,,CGED-Q_person_id=184820860600.,,,,,,,,,,,,,,,load,,1.0,2024-08-16 00:00:00,
614046,Fang Rongjing,方蓉鏡,,,,0.0,7685.0,1.0,,,,,,,,,,,,,,,,,,,,,,Fang,方,Rongjing,蓉鏡,20.0,,CGED-Q_person_id=185640784600.,,,,,,,,,,,,,,,load,,1.0,2024-08-16 00:00:00,
614047,Fang Yintang,方蔭唐,,,,0.0,7706.0,1.0,,,,,,,,,,,,,,,,,,,,,,Fang,方,Yintang,蔭唐,20.0,,CGED-Q_person_id=189020925600.,,,,,,,,,,,,,,,load,,1.0,2024-08-16 00:00:00,
614048,Fang Xianglin,方薌林,,,,0.0,7730.0,1.0,,,,,,,,,,,,,,,,,,,,,,Fang,方,Xianglin,薌林,20.0,,CGED-Q_person_id=187410966900.,,,,,,,,,,,,,,,load,,1.0,2024-08-16 00:00:00,
614049,Fang Ni,方薿,,,,0.0,7706.0,1.0,,,,,,,,,,,,,,,,,,,,,,Fang,方,Ni,薿,20.0,,CGED-Q_person_id=182310997600.,,,,,,,,,,,,,,,load,,1.0,2024-08-16 00:00:00,
614050,Fang Chan,方蟾,,,,0.0,7252.0,1.0,,,,,,,,,,,,,,,,,,,,,,Fang,方,Chan,蟾,20.0,,CGED-Q_person_id=180040285700.,,,,,,,,,,,,,,,load,,1.0,2024-08-16 00:00:00,
614051,Fang Chongwen,方衝文,,,,0.0,7690.0,1.0,,,,,,,,,,,,,,,,,,,,,,Fang,方,Chongwen,衝文,20.0,,CGED-Q_person_id=177730978400.,,,,,,,,,,,,,,,load,,1.0,2024-08-16 00:00:00,
614052,Fang Yuqing,方裕慶,,,,0.0,7569.0,1.0,,,,,,,,,,,,,,,,,,,,,,Fang,方,Yuqing,裕慶,20.0,,CGED-Q_person_id=190940709100.,,,,,,,,,,,,,,,load,,1.0,2024-08-16 00:00:00,
614053,Fang Yushi,方裕詩,,,,0.0,8084.0,1.0,,,,,,,,,,,,,,,,,,,,,,Fang,方,Yushi,裕詩,20.0,,CGED-Q_person_id=190210020000.,,,,,,,,,,,,,,,load,,1.0,2024-08-16 00:00:00,
614054,Fang Jinchen,方覲宸,,,,0.0,7755.0,1.0,,,,,,,,,,,,,,,,,,,,,,Fang,方,Jinchen,覲宸,20.0,,CGED-Q_person_id=187140108000.,,,,,,,,,,,,,,,load,,1.0,2024-08-16 00:00:00,
614055,Fang Guanluo,方觀洛,,,,0.0,7577.0,1.0,,,,,,,,,,,,,,,,,,,,,,Fang,方,Guanluo,觀洛,20.0,,CGED-Q_person_id=190730282300.,,,,,,,,,,,,,,,load,,1.0,2024-08-16 00:00:00,
614056,Fang Guanhai,方觀海,,,,0.0,7686.0,1.0,,,,,,,,,,,,,,,,,,,,,,Fang,方,Guanhai,觀海,20.0,,CGED-Q_person_id=187011099500.,,,,,,,,,,,,,,,load,,1.0,2024-08-16 00:00:00,
614057,Fang Guanhai,方觀海,,,,0.0,7576.0,1.0,,,,,,,,,,,,,,,,,,,,,,Fang,方,Guanhai,觀海,20.0,,CGED-Q_person_id=186430373600.,,,,,,,,,,,,,,,load,,1.0,2024-08-16 00:00:00,
614058,Fang Guanhai,方觀海,,,,0.0,7706.0,1.0,,,,,,,,,,,,,,,,,,,,,,Fang,方,Guanhai,觀海,20.0,,CGED-Q_person_id=180310694200.,,,,,,,,,,,,,,,load,,1.0,2024-08-16 00:00:00,
614059,Fang Guantao,方觀濤,,,,0.0,7213.0,1.0,,,,,,,,,,,,,,,,,,,,,,Fang,方,Guantao,觀濤,20.0,,CGED-Q_person_id=181341255600.,,,,,,,,,,,,,,,load,,1.0,2024-08-16 00:00:00,
614060,Fang Guanli,方觀鯉,,,,0.0,7706.0,1.0,,,,,,,,,,,,,,,,,,,,,,Fang,方,Guanli,觀鯉,20.0,,CGED-Q_person_id=179810512100.,,,,,,,,,,,,,,,load,,1.0,2024-08-16 00:00:00,
614061,Fang Yongchang,方詠昌,,,,0.0,8225.0,1.0,,,,,,,,,,,,,,,,,,,,,,Fang,方,Yongchang,詠昌,20.0,,CGED-Q_person_id=190131371400.,,,,,,,,,,,,,,,load,,1.0,2024-08-16 00:00:00,
614062,Fang Cheng,方誠,,,,0.0,7706.0,1.0,,,,,,,,,,,,,,,,,,,,,,Fang,方,Cheng,誠,20.0,,CGED-Q_person_id=186911262700.,,,,,,,,,,,,,,,load,,1.0,2024-08-16 00:00:00,
614063,Fang Qianshan,方謙山,,,,0.0,8074.0,1.0,,,,,,,,,,,,,,,,,,,,,,Fang,方,Qianshan,謙山,20.0,,CGED-Q_person_id=190131093900.,,,,,,,,,,,,,,,load,,1.0,2024-08-16 00:00:00,
614064,Fang Xiangkun,方象琨,,,,0.0,7653.0,1.0,,,,,,,,,,,,,,,,,,,,,,Fang,方,Xiangkun,象琨,20.0,,CGED-Q_person_id=176040688400.,,,,,,,,,,,,,,,load,,1.0,2024-08-16 00:00:00,
614065,Fang Yu,方豫,,,,0.0,7686.0,1.0,,,,,,,,,,,,,,,,,,,,,,Fang,方,Yu,豫,20.0,,CGED-Q_person_id=190420924100.,,,,,,,,,,,,,,,load,,1.0,2024-08-16 00:00:00,
614066,Fang Yugong,方豫功,,,,0.0,20207.0,1.0,,,,,,,,,,,,,,,,,,,,,,Fang,方,Yugong,豫功,20.0,,CGED-Q_person_id=185742618400.,,,,,,,,,,,,,,,load,,1.0,2024-08-16 00:00:00,
614067,Fang Yide,方貽德,,,,0.0,7762.0,1.0,,,,,,,,,,,,,,,,,,,,,,Fang,方,Yide,貽德,20.0,,CGED-Q_person_id=177730591700.,,,,,,,,,,,,,,,load,,1.0,2024-08-16 00:00:00,
614068,Fang Zanqing,方贊清,,,,0.0,8879.0,1.0,,,,,,,,,,,,,,,,,,,,,,Fang,方,Zanqing,贊清,20.0,,CGED-Q_person_id=184130460900.,,,,,,,,,,,,,,,load,,1.0,2024-08-16 00:00:00,
614069,Fang Xian,方賢,,,,0.0,7749.0,1.0,,,,,,,,,,,,,,,,,,,,,,Fang,方,Xian,賢,20.0,,CGED-Q_person_id=176510433600.,,,,,,,,,,,,,,,load,,1.0,2024-08-16 00:00:00,
614070,Fang Qiyong,方起庸,,,,0.0,8669.0,1.0,,,,,,,,,,,,,,,,,,,,,,Fang,方,Qiyong,起庸,20.0,,CGED-Q_person_id=189231124500.,,,,,,,,,,,,,,,load,,1.0,2024-08-16 00:00:00,
614071,Fang Qiqun,方起羣,,,,0.0,7213.0,1.0,,,,,,,,,,,,,,,,,,,,,,Fang,方,Qiqun,起羣,20.0,,CGED-Q_person_id=181340914600.,,,,,,,,,,,,,,,load,,1.0,2024-08-16 00:00:00,
614072,Fang Qishen,方起莘,,,,0.0,7213.0,1.0,,,,,,,,,,,,,,,,,,,,,,Fang,方,Qishen,起莘,20.0,,CGED-Q_person_id=178610275100.,,,,,,,,,,,,,,,load,,1.0,2024-08-16 00:00:00,
614073,Fang Qifeng,方起鳳,,,,0.0,7601.0,1.0,,,,,,,,,,,,,,,,,,,,,,Fang,方,Qifeng,起鳳,20.0,,CGED-Q_person_id=178810649600.,,,,,,,,,,,,,,,load,,1.0,2024-08-16 00:00:00,
614074,Fang Chao,方超,,,,0.0,7706.0,1.0,,,,,,,,,,,,,,,,,,,,,,Fang,方,Chao,超,20.0,,CGED-Q_person_id=176040575800.,,,,,,,,,,,,,,,load,,1.0,2024-08-16 00:00:00,
614075,Fang Zaixiang,方載像,,,,0.0,8075.0,1.0,,,,,,,,,,,,,,,,,,,,,,Fang,方,Zaixiang,載像,20.0,,CGED-Q_person_id=180831082400.,,,,,,,,,,,,,,,load,,1.0,2024-08-16 00:00:00,
614076,Fang Zaijing,方載旌,,,,0.0,7724.0,1.0,,,,,,,,,,,,,,,,,,,,,,Fang,方,Zaijing,載旌,20.0,,CGED-Q_person_id=187510713600.,,,,,,,,,,,,,,,load,,1.0,2024-08-16 00:00:00,
614077,Fang Fuwu,方輔吾,,,,0.0,7706.0,1.0,,,,,,,,,,,,,,,,,,,,,,Fang,方,Fuwu,輔吾,20.0,,CGED-Q_person_id=176540616800.,,,,,,,,,,,,,,,load,,1.0,2024-08-16 00:00:00,
614078,Fang Fuwu,方輔悟,,,,0.0,7706.0,1.0,,,,,,,,,,,,,,,,,,,,,,Fang,方,Fuwu,輔悟,20.0,,CGED-Q_person_id=176040701100.,,,,,,,,,,,,,,,load,,1.0,2024-08-16 00:00:00,
614079,Fang Fuzhang,方輔章,,,,0.0,7706.0,1.0,,,,,,,,,,,,,,,,,,,,,,Fang,方,Fuzhang,輔章,20.0,,CGED-Q_person_id=176041111100.,,,,,,,,,,,,,,,load,,1.0,2024-08-16 00:00:00,
614080,Fang Di,方迪,,,,0.0,7749.0,1.0,,,,,,,,,,,,,,,,,,,,,,Fang,方,Di,迪,20.0,,CGED-Q_person_id=176130665000.,,,,,,,,,,,,,,,load,,1.0,2024-08-16 00:00:00,
614081,Fang Fengtai,方逢泰,,,,0.0,7881.0,1.0,,,,,,,,,,,,,,,,,,,,,,Fang,方,Fengtai,逢泰,20.0,,CGED-Q_person_id=185920685900.,,,,,,,,,,,,,,,load,,1.0,2024-08-16 00:00:00,
614082,Fang Fengsheng,方逢聖,,,,0.0,7808.0,1.0,,,,,,,,,,,,,,,,,,,,,,Fang,方,Fengsheng,逢聖,20.0,,CGED-Q_person_id=183320770000.,,,,,,,,,,,,,,,load,,1.0,2024-08-16 00:00:00,
614083,Fang Lianyi,方連洢,,,,0.0,8175.0,1.0,,,,,,,,,,,,,,,,,,,,,,Fang,方,Lianyi,連洢,20.0,,CGED-Q_person_id=189020897600.,,,,,,,,,,,,,,,load,,1.0,2024-08-16 00:00:00,
614084,Fang Liansheng,方連陞,,,,0.0,7599.0,1.0,,,,,,,,,,,,,,,,,,,,,,Fang,方,Liansheng,連陞,20.0,,CGED-Q_person_id=187222583600.,,,,,,,,,,,,,,,load,,1.0,2024-08-16 00:00:00,
614085,Fang Lianding,方連鼎,,,,0.0,8175.0,1.0,,,,,,,,,,,,,,,,,,,,,,Fang,方,Lianding,連鼎,20.0,,CGED-Q_person_id=189110478900.,,,,,,,,,,,,,,,load,,1.0,2024-08-16 00:00:00,
614086,Fang Jinlu,方進祿,,,,0.0,9043.0,1.0,,,,,,,,,,,,,,,,,,,,,,Fang,方,Jinlu,進祿,20.0,,CGED-Q_person_id=187932185900.,,,,,,,,,,,,,,,load,,1.0,2024-08-16 00:00:00,
614087,Fang Yugui,方遇貴,,,,0.0,7754.0,1.0,,,,,,,,,,,,,,,,,,,,,,Fang,方,Yugui,遇貴,20.0,,CGED-Q_person_id=189310768000.,,,,,,,,,,,,,,,load,,1.0,2024-08-16 00:00:00,
614088,Fang Yubin,方遇賓,,,,0.0,7754.0,1.0,,,,,,,,,,,,,,,,,,,,,,Fang,方,Yubin,遇賓,20.0,,CGED-Q_person_id=188020537600.,,,,,,,,,,,,,,,load,,1.0,2024-08-16 00:00:00,
614089,Fang Yunjing,方運景,,,,0.0,7977.0,1.0,,,,,,,,,,,,,,,,,,,,,,Fang,方,Yunjing,運景,20.0,,CGED-Q_person_id=181340989900.,,,,,,,,,,,,,,,load,,1.0,2024-08-16 00:00:00,
614090,Fang Yunchou,方運籌,,,,0.0,8344.0,1.0,,,,,,,,,,,,,,,,,,,,,,Fang,方,Yunchou,運籌,20.0,,CGED-Q_person_id=184340261900.,,,,,,,,,,,,,,,load,,1.0,2024-08-16 00:00:00,
614091,Fang Daonan,方道南,,,,0.0,8175.0,1.0,,,,,,,,,,,,,,,,,,,,,,Fang,方,Daonan,道南,20.0,,CGED-Q_person_id=188031205600.,,,,,,,,,,,,,,,load,,1.0,2024-08-16 00:00:00,
614092,Fang Daoji,方道濟,,,,0.0,7730.0,1.0,,,,,,,,,,,,,,,,,,,,,,Fang,方,Daoji,道濟,20.0,,CGED-Q_person_id=189230535200.,,,,,,,,,,,,,,,load,,1.0,2024-08-16 00:00:00,
614093,Fang Zunzhe,方遵㯙,,,,0.0,7214.0,1.0,,,,,,,,,,,,,,,,,,,,,,Fang,方,Zunzhe,遵㯙,20.0,,CGED-Q_person_id=180830807600.,,,,,,,,,,,,,,,load,,1.0,2024-08-16 00:00:00,
614094,Fang Zunzhe,方遵轍,,,,0.0,7706.0,1.0,,,,,,,,,,,,,,,,,,,,,,Fang,方,Zunzhe,遵轍,20.0,,CGED-Q_person_id=181340808200.,,,,,,,,,,,,,,,load,,1.0,2024-08-16 00:00:00,
614095,Fang Bangqi,方邦琦,,,,0.0,7557.0,1.0,,,,,,,,,,,,,,,,,,,,,,Fang,方,Bangqi,邦琦,20.0,,CGED-Q_person_id=177730960000.,,,,,,,,,,,,,,,load,,1.0,2024-08-16 00:00:00,
614096,Fang Jinyuan,方金元,,,,0.0,7755.0,1.0,,,,,,,,,,,,,,,,,,,,,,Fang,方,Jinyuan,金元,20.0,,CGED-Q_person_id=187711263000.,,,,,,,,,,,,,,,load,,1.0,2024-08-16 00:00:00,
614097,Fang Zhao,方釗,,,,0.0,8342.0,1.0,,,,,,,,,,,,,,,,,,,,,,Fang,方,Zhao,釗,20.0,,CGED-Q_person_id=183730889900.,,,,,,,,,,,,,,,load,,1.0,2024-08-16 00:00:00,
614098,Fang Jun,方鈞,,,,0.0,7533.0,1.0,,,,,,,,,,,,,,,,,,,,,,Fang,方,Jun,鈞,20.0,,CGED-Q_person_id=178810691400.,,,,,,,,,,,,,,,load,,1.0,2024-08-16 00:00:00,
614099,Fang Yue,方鉞,,,,0.0,7214.0,1.0,,,,,,,,,,,,,,,,,,,,,,Fang,方,Yue,鉞,20.0,,CGED-Q_person_id=187530922600.,,,,,,,,,,,,,,,load,,1.0,2024-08-16 00:00:00,
614100,Fang Mingyi,方銘彝,,,,0.0,7730.0,1.0,,,,,,,,,,,,,,,,,,,,,,Fang,方,Mingyi,銘彝,20.0,,CGED-Q_person_id=182310027100.,,,,,,,,,,,,,,,load,,1.0,2024-08-16 00:00:00,
614101,Fang Mingyi,方銘彝,,,,0.0,7710.0,1.0,,,,,,,,,,,,,,,,,,,,,,Fang,方,Mingyi,銘彝,20.0,,CGED-Q_person_id=184440183400.,,,,,,,,,,,,,,,load,,1.0,2024-08-16 00:00:00,
614102,Fang Mingzheng,方銘正,,,,0.0,7213.0,1.0,,,,,,,,,,,,,,,,,,,,,,Fang,方,Mingzheng,銘正,20.0,,CGED-Q_person_id=183040703200.,,,,,,,,,,,,,,,load,,1.0,2024-08-16 00:00:00,
614103,Fang Mingfu,方銘福,,,,0.0,7706.0,1.0,,,,,,,,,,,,,,,,,,,,,,Fang,方,Mingfu,銘福,20.0,,CGED-Q_person_id=191010935400.,,,,,,,,,,,,,,,load,,1.0,2024-08-16 00:00:00,
614104,Fang Jianguan,方鋻觀,,,,0.0,8210.0,1.0,,,,,,,,,,,,,,,,,,,,,,Fang,方,Jianguan,鋻觀,20.0,,CGED-Q_person_id=183040682400.,,,,,,,,,,,,,,,load,,1.0,2024-08-16 00:00:00,
614105,Fang Guan,方錧,,,,0.0,7724.0,1.0,,,,,,,,,,,,,,,,,,,,,,Fang,方,Guan,錧,20.0,,CGED-Q_person_id=185530622800.,,,,,,,,,,,,,,,load,,1.0,2024-08-16 00:00:00,
614106,Fang Xirong,方錫榮,,,,0.0,7852.0,1.0,,,,,,,,,,,,,,,,,,,,,,Fang,方,Xirong,錫榮,20.0,,CGED-Q_person_id=185510689300.,,,,,,,,,,,,,,,load,,1.0,2024-08-16 00:00:00,
614107,Fang Xigao,方錫誥,,,,0.0,7706.0,1.0,,,,,,,,,,,,,,,,,,,,,,Fang,方,Xigao,錫誥,20.0,,CGED-Q_person_id=183321264400.,,,,,,,,,,,,,,,load,,1.0,2024-08-16 00:00:00,
614108,Fang Xigeng,方錫賡,,,,0.0,7852.0,1.0,,,,,,,,,,,,,,,,,,,,,,Fang,方,Xigeng,錫賡,20.0,,CGED-Q_person_id=185640671800.,,,,,,,,,,,,,,,load,,1.0,2024-08-16 00:00:00,
614109,Fang Lu,方錄,,,,0.0,7654.0,1.0,,,,,,,,,,,,,,,,,,,,,,Fang,方,Lu,錄,20.0,,CGED-Q_person_id=185930259100.,,,,,,,,,,,,,,,load,,1.0,2024-08-16 00:00:00,
614110,Fang Zhongqi,方鍾琪,,,,0.0,7706.0,1.0,,,,,,,,,,,,,,,,,,,,,,Fang,方,Zhongqi,鍾琪,20.0,,CGED-Q_person_id=184210820000.,,,,,,,,,,,,,,,load,,1.0,2024-08-16 00:00:00,
614111,Fang Zhongji,方鍾驥,,,,0.0,7659.0,1.0,,,,,,,,,,,,,,,,,,,,,,Fang,方,Zhongji,鍾驥,20.0,,CGED-Q_person_id=180220693600.,,,,,,,,,,,,,,,load,,1.0,2024-08-16 00:00:00,
614112,Fang Zhongming,方鍾鳴,,,,0.0,7770.0,1.0,,,,,,,,,,,,,,,,,,,,,,Fang,方,Zhongming,鍾鳴,20.0,,CGED-Q_person_id=190741155700.,,,,,,,,,,,,,,,load,,1.0,2024-08-16 00:00:00,
614113,Fang Dinglu,方鐤錄,,,,0.0,7576.0,1.0,,,,,,,,,,,,,,,,,,,,,,Fang,方,Dinglu,鐤錄,20.0,,CGED-Q_person_id=185730019900.,,,,,,,,,,,,,,,load,,1.0,2024-08-16 00:00:00,
614114,Fang Jian,方鑑,,,,0.0,7213.0,1.0,,,,,,,,,,,,,,,,,,,,,,Fang,方,Jian,鑑,20.0,,CGED-Q_person_id=183921135300.,,,,,,,,,,,,,,,load,,1.0,2024-08-16 00:00:00,
614115,Fang Jianyuan,方鑑源,,,,0.0,7213.0,1.0,,,,,,,,,,,,,,,,,,,,,,Fang,方,Jianyuan,鑑源,20.0,,CGED-Q_person_id=183731220900.,,,,,,,,,,,,,,,load,,1.0,2024-08-16 00:00:00,
614116,Fang Jianyuan,方鑑源,,,,0.0,7213.0,1.0,,,,,,,,,,,,,,,,,,,,,,Fang,方,Jianyuan,鑑源,20.0,,CGED-Q_person_id=185731167500.,,,,,,,,,,,,,,,load,,1.0,2024-08-16 00:00:00,
614117,Fang Yao,方鑰,,,,0.0,7772.0,1.0,,,,,,,,,,,,,,,,,,,,,,Fang,方,Yao,鑰,20.0,,CGED-Q_person_id=186730081700.,,,,,,,,,,,,,,,load,,1.0,2024-08-16 00:00:00,
614118,Fang Zhangan,方長安,,,,0.0,7557.0,1.0,,,,,,,,,,,,,,,,,,,,,,Fang,方,Zhangan,長安,20.0,,CGED-Q_person_id=187920895300.,,,,,,,,,,,,,,,load,,1.0,2024-08-16 00:00:00,
614119,Fang Zhangqing,方長慶,,,,0.0,7706.0,1.0,,,,,,,,,,,,,,,,,,,,,,Fang,方,Zhangqing,長慶,20.0,,CGED-Q_person_id=183040825500.,,,,,,,,,,,,,,,load,,1.0,2024-08-16 00:00:00,
614120,Fang Zhangchun,方長春,,,,0.0,7706.0,1.0,,,,,,,,,,,,,,,,,,,,,,Fang,方,Zhangchun,長春,20.0,,CGED-Q_person_id=183040983300.,,,,,,,,,,,,,,,load,,1.0,2024-08-16 00:00:00,
614121,Fang Zhangzhi,方長治,,,,0.0,7558.0,1.0,,,,,,,,,,,,,,,,,,,,,,Fang,方,Zhangzhi,長治,20.0,,CGED-Q_person_id=184520822500.,,,,,,,,,,,,,,,load,,1.0,2024-08-16 00:00:00,
614122,Fang Zhangze,方長澤,,,,0.0,7706.0,1.0,,,,,,,,,,,,,,,,,,,,,,Fang,方,Zhangze,長澤,20.0,,CGED-Q_person_id=184920665400.,,,,,,,,,,,,,,,load,,1.0,2024-08-16 00:00:00,
614123,Fang Zhangyu,方長豫,,,,0.0,7706.0,1.0,,,,,,,,,,,,,,,,,,,,,,Fang,方,Zhangyu,長豫,20.0,,CGED-Q_person_id=183041155700.,,,,,,,,,,,,,,,load,,1.0,2024-08-16 00:00:00,
614124,Fang Zhangqing,方長青,,,,0.0,8990.0,1.0,,,,,,,,,,,,,,,,,,,,,,Fang,方,Zhangqing,長青,20.0,,CGED-Q_person_id=184731078600.,,,,,,,,,,,,,,,load,,1.0,2024-08-16 00:00:00,
614125,Fang Kaitai,方開泰,,,,0.0,7855.0,1.0,,,,,,,,,,,,,,,,,,,,,,Fang,方,Kaitai,開泰,20.0,,CGED-Q_person_id=186420719200.,,,,,,,,,,,,,,,load,,1.0,2024-08-16 00:00:00,
614126,Fang Kaijia,方開甲,,,,0.0,7852.0,1.0,,,,,,,,,,,,,,,,,,,,,,Fang,方,Kaijia,開甲,20.0,,CGED-Q_person_id=186610677100.,,,,,,,,,,,,,,,load,,1.0,2024-08-16 00:00:00,
614127,Fang Kaijia,方開甲,,,,0.0,7380.0,1.0,,,,,,,,,,,,,,,,,,,,,,Fang,方,Kaijia,開甲,20.0,,CGED-Q_person_id=184220380200.,,,,,,,,,,,,,,,load,,1.0,2024-08-16 00:00:00,
614128,Fang Jigang,方際剛,,,,0.0,8467.0,1.0,,,,,,,,,,,,,,,,,,,,,,Fang,方,Jigang,際剛,20.0,,CGED-Q_person_id=176041178300.,,,,,,,,,,,,,,,load,,1.0,2024-08-16 00:00:00,
614129,Fang Jishang,方際商,,,,0.0,7755.0,1.0,,,,,,,,,,,,,,,,,,,,,,Fang,方,Jishang,際商,20.0,,CGED-Q_person_id=187820302600.,,,,,,,,,,,,,,,load,,1.0,2024-08-16 00:00:00,
614130,Fang Jichang,方際昌,,,,0.0,7769.0,1.0,,,,,,,,,,,,,,,,,,,,,,Fang,方,Jichang,際昌,20.0,,CGED-Q_person_id=188230878500.,,,,,,,,,,,,,,,load,,1.0,2024-08-16 00:00:00,
614131,Fang Yunting,方雲廷,,,,0.0,8444.0,1.0,,,,,,,,,,,,,,,,,,,,,,Fang,方,Yunting,雲廷,20.0,,CGED-Q_person_id=181341260900.,,,,,,,,,,,,,,,load,,1.0,2024-08-16 00:00:00,
614132,Fang Yunqu,方雲衢,,,,0.0,7730.0,1.0,,,,,,,,,,,,,,,,,,,,,,Fang,方,Yunqu,雲衢,20.0,,CGED-Q_person_id=187620586600.,,,,,,,,,,,,,,,load,,1.0,2024-08-16 00:00:00,
614133,Fang Zhenchu,方震初,,,,0.0,7706.0,1.0,,,,,,,,,,,,,,,,,,,,,,Fang,方,Zhenchu,震初,20.0,,CGED-Q_person_id=180220991300.,,,,,,,,,,,,,,,load,,1.0,2024-08-16 00:00:00,
614134,Fang Peisen,方霈森,,,,0.0,7569.0,1.0,,,,,,,,,,,,,,,,,,,,,,Fang,方,Peisen,霈森,20.0,,CGED-Q_person_id=190440674700.,,,,,,,,,,,,,,,load,,1.0,2024-08-16 00:00:00,
614135,Fang Lin,方霖,,,,0.0,7084.0,1.0,,,,,,,,,,,,,,,,,,,,,,Fang,方,Lin,霖,20.0,,CGED-Q_person_id=178841287300.,,,,,,,,,,,,,,,load,,1.0,2024-08-16 00:00:00,
614136,Fang Xiachu,方霞初,,,,0.0,7706.0,1.0,,,,,,,,,,,,,,,,,,,,,,Fang,方,Xiachu,霞初,20.0,,CGED-Q_person_id=179610952000.,,,,,,,,,,,,,,,load,,1.0,2024-08-16 00:00:00,
614137,Fang Ji,方霽,,,,0.0,7659.0,1.0,,,,,,,,,,,,,,,,,,,,,,Fang,方,Ji,霽,20.0,,CGED-Q_person_id=183740715300.,,,,,,,,,,,,,,,load,,1.0,2024-08-16 00:00:00,
614138,Fang Qingqian,方青錢,,,,0.0,8444.0,1.0,,,,,,,,,,,,,,,,,,,,,,Fang,方,Qingqian,青錢,20.0,,CGED-Q_person_id=183041221400.,,,,,,,,,,,,,,,load,,1.0,2024-08-16 00:00:00,
614139,Fang Shun,方順,,,,0.0,7701.0,1.0,,,,,,,,,,,,,,,,,,,,,,Fang,方,Shun,順,20.0,,CGED-Q_person_id=186722648900.,,,,,,,,,,,,,,,load,,1.0,2024-08-16 00:00:00,
614140,Fang Songling,方頌齡,,,,0.0,8384.0,1.0,,,,,,,,,,,,,,,,,,,,,,Fang,方,Songling,頌齡,20.0,,CGED-Q_person_id=187932367300.,,,,,,,,,,,,,,,load,,1.0,2024-08-16 00:00:00,
614141,Fang Xianyun,方顯允,,,,0.0,7700.0,1.0,,,,,,,,,,,,,,,,,,,,,,Fang,方,Xianyun,顯允,20.0,,CGED-Q_person_id=189940885400.,,,,,,,,,,,,,,,load,,1.0,2024-08-16 00:00:00,
614142,Fang Xiande,方顯德,,,,0.0,8293.0,1.0,,,,,,,,,,,,,,,,,,,,,,Fang,方,Xiande,顯德,20.0,,CGED-Q_person_id=177730980800.,,,,,,,,,,,,,,,load,,1.0,2024-08-16 00:00:00,
614143,Fang Yang,方颺,,,,0.0,7714.0,1.0,,,,,,,,,,,,,,,,,,,,,,Fang,方,Yang,颺,20.0,,CGED-Q_person_id=182630469100.,,,,,,,,,,,,,,,load,,1.0,2024-08-16 00:00:00,
614144,Fang Guan,方館,,,,0.0,7724.0,1.0,,,,,,,,,,,,,,,,,,,,,,Fang,方,Guan,館,20.0,,CGED-Q_person_id=185610513500.,,,,,,,,,,,,,,,load,,1.0,2024-08-16 00:00:00,
614145,Fang Fu,方馥,,,,0.0,7706.0,1.0,,,,,,,,,,,,,,,,,,,,,,Fang,方,Fu,馥,20.0,,CGED-Q_person_id=180220764100.,,,,,,,,,,,,,,,load,,1.0,2024-08-16 00:00:00,
614146,Fang Titai,方體泰,,,,0.0,7098.0,1.0,,,,,,,,,,,,,,,,,,,,,,Fang,方,Titai,體泰,20.0,,CGED-Q_person_id=176040992800.,,,,,,,,,,,,,,,load,,1.0,2024-08-16 00:00:00,
614147,Fang Tizu,方體祖,,,,0.0,7098.0,1.0,,,,,,,,,,,,,,,,,,,,,,Fang,方,Tizu,體祖,20.0,,CGED-Q_person_id=176510175900.,,,,,,,,,,,,,,,load,,1.0,2024-08-16 00:00:00,
614148,Fang Ao,方鼇,,,,0.0,7558.0,1.0,,,,,,,,,,,,,,,,,,,,,,Fang,方,Ao,鼇,20.0,,CGED-Q_person_id=183520451000.,,,,,,,,,,,,,,,load,,1.0,2024-08-16 00:00:00,
614149,Fang Fengwu,方鳳嗚,,,,0.0,20021.0,1.0,,,,,,,,,,,,,,,,,,,,,,Fang,方,Fengwu,鳳嗚,20.0,,CGED-Q_person_id=189241221000.,,,,,,,,,,,,,,,load,,1.0,2024-08-16 00:00:00,
614150,Fang Fengqi,方鳳岐,,,,0.0,7679.0,1.0,,,,,,,,,,,,,,,,,,,,,,Fang,方,Fengqi,鳳岐,20.0,,CGED-Q_person_id=187932522300.,,,,,,,,,,,,,,,load,,1.0,2024-08-16 00:00:00,
614151,Fang Fengbao,方鳳苞,,,,0.0,7689.0,1.0,,,,,,,,,,,,,,,,,,,,,,Fang,方,Fengbao,鳳苞,20.0,,CGED-Q_person_id=189520457800.,,,,,,,,,,,,,,,load,,1.0,2024-08-16 00:00:00,
614152,Fang Mingluan,方鳴鸞,,,,0.0,9065.0,1.0,,,,,,,,,,,,,,,,,,,,,,Fang,方,Mingluan,鳴鸞,20.0,,CGED-Q_person_id=185621323400.,,,,,,,,,,,,,,,load,,1.0,2024-08-16 00:00:00,
614153,Fang Hongxun,方鴻勲,,,,0.0,7759.0,1.0,,,,,,,,,,,,,,,,,,,,,,Fang,方,Hongxun,鴻勲,20.0,,CGED-Q_person_id=181640853900.,,,,,,,,,,,,,,,load,,1.0,2024-08-16 00:00:00,
614154,Fang Lu,方鵦,,,,0.0,7654.0,1.0,,,,,,,,,,,,,,,,,,,,,,Fang,方,Lu,鵦,20.0,,CGED-Q_person_id=185410262300.,,,,,,,,,,,,,,,load,,1.0,2024-08-16 00:00:00,
614155,Fang Hegao,方鶴皋,,,,0.0,7755.0,1.0,,,,,,,,,,,,,,,,,,,,,,Fang,方,Hegao,鶴皋,20.0,,CGED-Q_person_id=176510383700.,,,,,,,,,,,,,,,load,,1.0,2024-08-16 00:00:00,
614156,Fang Ding,方鼎,,,,0.0,8435.0,1.0,,,,,,,,,,,,,,,,,,,,,,Fang,方,Ding,鼎,20.0,,CGED-Q_person_id=176130697300.,,,,,,,,,,,,,,,load,,1.0,2024-08-16 00:00:00,
614157,Fang Ding,方鼎,,,,0.0,8435.0,1.0,,,,,,,,,,,,,,,,,,,,,,Fang,方,Ding,鼎,20.0,,CGED-Q_person_id=176510699500.,,,,,,,,,,,,,,,load,,1.0,2024-08-16 00:00:00,
614158,Fang Ding,方鼎,,,,0.0,7686.0,1.0,,,,,,,,,,,,,,,,,,,,,,Fang,方,Ding,鼎,20.0,,CGED-Q_person_id=180040429400.,,,,,,,,,,,,,,,load,,1.0,2024-08-16 00:00:00,
614159,Fang Dingxian,方鼎先,,,,0.0,7576.0,1.0,,,,,,,,,,,,,,,,,,,,,,Fang,方,Dingxian,鼎先,20.0,,CGED-Q_person_id=186611264200.,,,,,,,,,,,,,,,load,,1.0,2024-08-16 00:00:00,
614160,Fang Dingxun,方鼎勲,,,,0.0,7755.0,1.0,,,,,,,,,,,,,,,,,,,,,,Fang,方,Dingxun,鼎勲,20.0,,CGED-Q_person_id=189441254100.,,,,,,,,,,,,,,,load,,1.0,2024-08-16 00:00:00,
614161,Fang Dingxian,方鼎銑,,,,0.0,7576.0,1.0,,,,,,,,,,,,,,,,,,,,,,Fang,方,Dingxian,鼎銑,20.0,,CGED-Q_person_id=186521266200.,,,,,,,,,,,,,,,load,,1.0,2024-08-16 00:00:00,
614162,Fang Qishou,方齊壽,,,,0.0,8242.0,1.0,,,,,,,,,,,,,,,,,,,,,,Fang,方,Qishou,齊壽,20.0,,CGED-Q_person_id=186731377500.,,,,,,,,,,,,,,,load,,1.0,2024-08-16 00:00:00,
614163,Fang Longguang,方龍光,,,,0.0,7706.0,1.0,,,,,,,,,,,,,,,,,,,,,,Fang,方,Longguang,龍光,20.0,,CGED-Q_person_id=186821083900.,,,,,,,,,,,,,,,load,,1.0,2024-08-16 00:00:00,
683260,Fang Tonglai,方統來,,,,0.0,7755.0,1.0,,,,,,,,,,,,,-1.0,,,,,,,,,Fang,方,Tonglai,統來,20.0,,,0.0,0.0,,,,,,,,, ,,, ,Ning Hao,Ning Hao,,2024-08-20 00:00:00,2024-08-20 00:00:00
683261,Fang Minggao,方明高,,,,0.0,7755.0,1.0,,,,,,,,,,,,,-1.0,,,,,,,,,Fang,方,Minggao,明高,20.0,,,0.0,0.0,,,,,,,,, ,,, ,Ning Hao,Ning Hao,,2024-08-20 00:00:00,2024-08-20 00:00:00
683264,Fang Quan,方佺,,,,0.0,7755.0,1.0,,,,,,,,,,,,,-1.0,,,,,,,,,Fang,方,Quan,佺,20.0,,,0.0,0.0,,,,,,,,, ,,, ,Ning Hao,Ning Hao,,2024-08-20 00:00:00,2024-08-20 00:00:00
683361,Fang Shaohong,方紹鴻,,,,0.0,7755.0,1.0,,,,,,,,,,,,,-1.0,,,,,,,,,Fang,方,Shaohong,紹鴻,20.0,,,0.0,0.0,,,,,,,,, ,,, ,Ning Hao,Ning Hao,,2024-08-27 00:00:00,2024-08-27 00:00:00
683366,Fang Liao,方炓,,,,0.0,7755.0,1.0,,,,,,,,,,,,,-1.0,,,,,,,,,Fang,方,Liao,炓,20.0,,,0.0,0.0,,,,,,,,, ,,, ,Ning Hao,Ning Hao,,2024-08-27 00:00:00,2024-08-27 00:00:00
683416,Fang Shi(Wife of Lv Jihou),方氏(呂積厚妻),1749.0,4.0,683415.0,1.0,,,,,,,,,,,,,,,-1.0,,,,,,,,,Fang,方,Shi(Wife of Lv Jihou),氏(呂積厚妻),20.0,,,0.0,0.0,,,,,,,,, ,,, ,Hongsu Wang,Hongsu Wang,,2024-08-31 00:00:00,2024-08-31 00:00:00
683486,Fang Wenzhuan,方文撰,,,,0.0,,,,,,,,,,,,,,,-1.0,,,,,,,,,Fang,方,Wenzhuan,文撰,19.0,,,0.0,0.0,,,,,,,,, ,,, ,Ling Zhao,Ling Zhao,,2024-09-14 00:00:00,2024-09-14 00:00:00
683556,Fang Wen,方文,,,,0.0,,,,,,,,,,,,,,,-1.0,,,,,,,,,Fang,方,Wen,文,19.0,,,0.0,0.0,,,,,,,,, ,,, ,Ling Zhao,Ling Zhao,,2024-09-20 00:00:00,2024-09-20 00:00:00
683595,Fang Weijin,方謂津,,,,0.0,,,,,,,,,,,,,,,-1.0,,,,,,,,,Fang,方,Weijin,謂津,19.0,,,0.0,0.0,,,,,,,,, ,,, ,Ling Zhao,Ling Zhao,,2024-09-28 00:00:00,2024-09-28 00:00:00
683627,Fang Qixuan,方祈宣,,,,0.0,7755.0,1.0,,,,,,,,,,,,,-1.0,,,,,,,,,Fang,方,Qixuan,祈宣,20.0,,,0.0,0.0,,,,,,,,, ,,, ,Ning Hao,Ning Hao,,2024-10-01 00:00:00,2024-10-01 00:00:00
683702,Fang Xushan,方緒善,,,,0.0,7755.0,1.0,,,,,,,,,,,,,-1.0,,,,,,,,,Fang,方,Xushan,緒善,20.0,,,0.0,0.0,,,,,,,,, ,,, ,Ning Hao,Ning Hao,,2024-10-09 00:00:00,2024-10-09 00:00:00
683755,Fang Xin,方信,,,,0.0,4688.0,1.0,,,,,,,,,,,,,-1.0,,,,,,,,,Fang,方,Xin,信,19.0,,,0.0,0.0,,,,,,,,, ,,, ,Ning Hao,Ning Hao,,2024-10-13 00:00:00,2024-10-13 00:00:00
683768,Fang Dazhi,方大治,,,,0.0,4688.0,1.0,,,,,,,,,,,,,-1.0,,,,,,,,,Fang,方,Dazhi,大治,19.0,,,0.0,0.0,,,,,,,,, ,,, ,Ning Hao,Ning Hao,,2024-10-14 00:00:00,2024-10-14 00:00:00
683786,Fang Yimeng,方以蒙,,,,0.0,4688.0,1.0,,,,,,,,,,,,,-1.0,,,,,,,,,Fang,方,Yimeng,以蒙,19.0,,,0.0,0.0,,,,,,,,, ,,, ,Ning Hao,Ning Hao,,2024-10-15 00:00:00,2024-10-15 00:00:00
683789,Fang Ruqi,方如騏,,,,0.0,4688.0,1.0,,,,,,,,,,,,,-1.0,,,,,,,,,Fang,方,Ruqi,如騏,19.0,,,0.0,0.0,,,,,,,,, ,,, ,Ning Hao,Ning Hao,,2024-10-15 00:00:00,2024-10-15 00:00:00
683790,Fang Ruxiang,方如驤,,,,0.0,4688.0,1.0,,,,,,,,,,,,,-1.0,,,,,,,,,Fang,方,Ruxiang,如驤,19.0,,,0.0,0.0,,,,,,,,, ,,, ,Ning Hao,Ning Hao,,2024-10-15 00:00:00,2024-10-15 00:00:00
683825,Fang Bizun,方必遵,,,,0.0,7755.0,1.0,,,,,,,,,,,,,-1.0,,,,,,,,,Fang,方,Bizun,必遵,20.0,,,0.0,0.0,,,,,,,,, ,,, ,Ning Hao,Ning Hao,,2024-10-19 00:00:00,2024-10-19 00:00:00
683826,Fang Yihuang,方一煌,,,,0.0,7755.0,1.0,,,,,,,,,,,,,-1.0,,,,,,,,,Fang,方,Yihuang,一煌,20.0,,,0.0,0.0,,,,,,,,, ,,, ,Ning Hao,Ning Hao,,2024-10-19 00:00:00,2024-10-19 00:00:00
683874,Fang Yuanwei,方元煒,,,,0.0,7755.0,1.0,,,,,,,,,,,,,-1.0,,,,,,,,,Fang,方,Yuanwei,元煒,20.0,,,0.0,0.0,,,,,,,,, ,,, ,Ning Hao,Ning Hao,,2024-10-25 00:00:00,2024-10-25 00:00:00
683995,Fang Qiqian,方起謙,,,,0.0,7755.0,1.0,,,,,,,,,,,,,-1.0,,,,,,,,,Fang,方,Qiqian,起謙,20.0,,,0.0,0.0,,,,,,,,, ,,, ,Ning Hao,Ning Hao,,2024-11-07 00:00:00,2024-11-07 00:00:00
684054,Fang Ni,方霓,,,,0.0,4688.0,1.0,,,,,,,,,,,,,-1.0,,,,,,,,,Fang,方,Ni,霓,19.0,,,0.0,0.0,,,,,,,,, ,,, ,Ning Hao,Ning Hao,,2024-11-26 00:00:00,2024-11-26 00:00:00
684059,Fang Dawen,方大汶,,,,0.0,4688.0,1.0,,,,,,,,,,,,,-1.0,,,,,,,,,Fang,方,Dawen,大汶,19.0,,,0.0,0.0,,,,,,,,, ,,, ,Ning Hao,Ning Hao,,2024-11-26 00:00:00,2024-11-26 00:00:00
684102,Fang Shiguan,方士琯,,,,0.0,7755.0,1.0,,,,,,,,,,,,,-1.0,,,,,,,,,Fang,方,Shiguan,士琯,20.0,,,0.0,0.0,,,,,,,,, ,,, ,Ning Hao,Ning Hao,,2024-12-10 00:00:00,2024-12-10 00:00:00
684112,Fang Hong,方鴻,,,,0.0,7755.0,1.0,,,,,,,,,,,,,-1.0,,,,,,,,,Fang,方,Hong,鴻,20.0,,,0.0,0.0,,,,,,,,, ,,, ,Ning Hao,Ning Hao,,2024-12-11 00:00:00,2024-12-11 00:00:00
684162,Fang Zhengrong,方正溶,1741.0,21.0,,0.0,7755.0,1.0,,,,,,,,,,,,,-1.0,,,,,,,,,Fang,方,Zhengrong,正溶,20.0,,,0.0,0.0,,,,,,,,, ,,, ,Ning Hao,Ning Hao,,2024-12-18 00:00:00,2024-12-18 00:00:00
684251,Fang Bian,方卞,,,,0.0,7755.0,1.0,,,,,,,,,,,,,-1.0,,,,,,,,,Fang,方,Bian,卞,20.0,,,0.0,0.0,,,,,,,,, ,,, ,Ning Hao,Ning Hao,,2024-12-29 00:00:00,2024-12-29 00:00:00
684259,Fang Chengyuan,方成垣,,,,0.0,7755.0,1.0,,,,,,,,,,,,,-1.0,,,,,,,,,Fang,方,Chengyuan,成垣,20.0,,,0.0,0.0,,,,,,,,, ,,, ,Ning Hao,Ning Hao,,2024-12-29 00:00:00,2024-12-29 00:00:00
684349,Fang Ruchuan,方如川,,,,0.0,7755.0,1.0,,,,,,,,,,,,,-1.0,,,,,,,,,Fang,方,Ruchuan,如川,20.0,,,0.0,0.0,,,,,,,,, ,,, ,Ning Hao,Ning Hao,,2025-01-02 00:00:00,2025-01-02 00:00:00
684369,Fang Yunhuan,方允煥,,,,0.0,4688.0,1.0,,,,,,,,,,,,,-1.0,,,,,,,,,Fang,方,Yunhuan,允煥,19.0,,,0.0,0.0,,,,,,,,, ,,, ,Ning Hao,Ning Hao,,2025-01-05 00:00:00,2025-01-05 00:00:00
684401,Fang Zhaozeng,方兆曾,,,,0.0,4688.0,1.0,,,,,,,,,,,,,-1.0,,,,,,,,,Fang,方,Zhaozeng,兆曾,19.0,,,0.0,0.0,,,,,,,,, ,,, ,Ning Hao,Ning Hao,,2025-01-17 00:00:00,2025-01-17 00:00:00
684440,Fang Kequan,方可權,1561.0,7.0,,0.0,4693.0,1.0,,,,,,,,,,,,,-1.0,,,,,,,,,Fang,方,Kequan,可權,19.0,,,0.0,0.0,,,,,,,,, ,,, ,陶恒,陶恒,,2025-01-20 00:00:00,2025-01-20 00:00:00
684454,Fang Youzhi,方有執,,,,0.0,4688.0,1.0,,,,,,,,,,,,,-1.0,,,,,,,,,Fang,方,Youzhi,有執,19.0,,,0.0,0.0,,,,,,,,, ,,, ,Ning Hao,Ning Hao,,2025-01-21 00:00:00,2025-01-21 00:00:00
684478,Fang Yin,方音,,,,0.0,4688.0,1.0,,,,,,,,,,,,,-1.0,,,,,,,,,Fang,方,Yin,音,19.0,,,0.0,0.0,,,,,,,,, ,,, ,Ning Hao,Ning Hao,,2025-01-21 00:00:00,2025-01-21 00:00:00
684479,Fang Yicheng,方一誠,,,,0.0,4688.0,1.0,,,,,,,,,,,,,-1.0,,,,,,,,,Fang,方,Yicheng,一誠,19.0,,,0.0,0.0,,,,,,,,, ,,, ,Ning Hao,Ning Hao,,2025-01-21 00:00:00,2025-01-21 00:00:00
684489,Fang Ding,方鼎,,,,0.0,7755.0,1.0,,,,,,,,,,,,,-1.0,,,,,,,,,Fang,方,Ding,鼎,20.0,,,0.0,0.0,,,,,,,,, ,,, ,Ning Hao,Ning Hao,,2025-01-22 00:00:00,2025-01-22 00:00:00
684562,Fang Fu,方輔,,,,0.0,7755.0,1.0,,,,,,,,,,,,,-1.0,,,,,,,,,Fang,方,Fu,輔,20.0,,,0.0,0.0,,,,,,,,, ,,, ,Ning Hao,Ning Hao,,2025-02-07 00:00:00,2025-02-07 00:00:00
684658,Fang De,方德,,,,0.0,7755.0,1.0,,,,,,,,,,,,,-1.0,,,,,,,,,Fang,方,De,德,20.0,,,0.0,0.0,,,,,,,,, ,,, ,Ning Hao,Ning Hao,,2025-03-09 00:00:00,2025-03-09 00:00:00
684659,Fang Wenjuan,方文雋,,,,0.0,7755.0,1.0,,,,,,,,,,,,,-1.0,,,,,,,,,Fang,方,Wenjuan,文雋,20.0,,,0.0,0.0,,,,,,,,, ,,, ,Ning Hao,Ning Hao,,2025-03-09 00:00:00,2025-03-09 00:00:00
684872,Fang Wei,方維,,,,0.0,4688.0,1.0,,,,,,,,,,,,,-1.0,,,,,,,,,Fang,方,Wei,維,19.0,,,0.0,0.0,,,,,,,,, ,,, ,Ning Hao,Ning Hao,,2025-03-17 00:00:00,2025-03-17 00:00:00
684874,Fang Kangzong,方亢宗,,,,0.0,4688.0,1.0,,,,,,,,,,,,,-1.0,,,,,,,,,Fang,方,Kangzong,亢宗,19.0,,,0.0,0.0,,,,,,,,, ,,, ,Ning Hao,Ning Hao,,2025-03-17 00:00:00,2025-03-17 00:00:00
684880,Fang Shan,方善,,,,0.0,4688.0,1.0,,,,,,,,,,,,,-1.0,,,,,,,,,Fang,方,Shan,善,19.0,,,0.0,0.0,,,,,,,,, ,,, ,Ning Hao,Ning Hao,,2025-03-17 00:00:00,2025-03-17 00:00:00
684893,Fang Zhizhen,方志貞,,,,,7539.0,1.0,,,,,,,,,,,,,,,,,,,,,,Fang,方,Zhizhen,志貞,,,,,,,,,,,,,,,,,,付超,,,2025-03-17 00:00:00,
684927,Fang Jinshi,方矜式,,,,0.0,4688.0,1.0,,,,,,,,,,,,,-1.0,,,,,,,,,Fang,方,Jinshi,矜式,19.0,,,0.0,0.0,,,,,,,,, ,,, ,Ning Hao,Ning Hao,,2025-03-18 00:00:00,2025-03-18 00:00:00
684939,Fang Shizhen,方世振,,,,0.0,4688.0,1.0,,,,,,,,,,,,,-1.0,,,,,,,,,Fang,方,Shizhen,世振,19.0,,,0.0,0.0,,,,,,,,, ,,, ,Ning Hao,Ning Hao,,2025-03-18 00:00:00,2025-03-18 00:00:00
684960,Fang Guangsi,方光泗,,,,0.0,4688.0,1.0,,,,,,,,,,,,,-1.0,,,,,,,,,Fang,方,Guangsi,光泗,19.0,,,0.0,0.0,,,,,,,,, ,,, ,Ning Hao,Ning Hao,,2025-03-19 00:00:00,2025-03-19 00:00:00
685033,Fang Qian,方乾,,,,0.0,7755.0,1.0,,,,,,,,,,,,,-1.0,,,,,,,,,Fang,方,Qian,乾,20.0,,,0.0,0.0,,,,,,,,, ,,, ,Ning Hao,Ning Hao,,2025-03-20 00:00:00,2025-03-20 00:00:00
685296,Fang Shuzhen,方叔震,1067.0,5.0,,0.0,13947.0,1.0,,,,,,,,,,,,,,,,,,,,,,Fang,方,Shuzhen,叔震,15.0,,,,,,,,,,,,,,,,,,load,1.0,,2025-03-25 00:00:00
685304,Fang Ding,方鼎,1061.0,5.0,,0.0,101088.0,1.0,,,,,,,,,,,,,,,,,,,,,,Fang,方,Ding,鼎,15.0,,,,,,,,,,,,,,,,,,load,1.0,,2025-03-25 00:00:00
685332,Fang Yi,方逸,1070.0,5.0,,0.0,12730.0,1.0,,,,,,,,,,,,,,,,,,,,,,Fang,方,Yi,逸,15.0,,,,,,,,,,,,,,,,,,load,1.0,,2025-03-25 00:00:00
685348,Fang Cigao,方次皋,,,,0.0,13949.0,1.0,,,,,,,,,,,,,,,,,,,,,,Fang,方,Cigao,次皋,15.0,,,,,,,,,,,,,,,,,,load,1.0,,2025-03-25 00:00:00
685786,Fang Fu,方俌,1178.0,5.0,,0.0,12736.0,1.0,,,,,,,,,,,,,,,,,,,,,,Fang,方,Fu,俌,15.0,,,,,,,,,,,,,,,,,,load,1.0,,2025-03-25 00:00:00
685835,Fang Jian,方監,1190.0,5.0,,0.0,13949.0,1.0,,,,,,,,,,,,,,,,,,,,,,Fang,方,Jian,監,15.0,,,,,,,,,,,,,,,,,,load,1.0,,2025-03-25 00:00:00
685855,Fang Wenyi,方聞一,,,,0.0,100531.0,1.0,,,,,,,,,,,,,,,,,,,,,,Fang,方,Wenyi,聞一,15.0,,,,,,,,,,,,,,,,,,load,1.0,,2025-03-25 00:00:00
685957,Fang Yingxiang,方應祥,1244.0,5.0,,0.0,13870.0,1.0,,,,,,,,,,,,,,,,,,,,,,Fang,方,Yingxiang,應祥,15.0,,,,,,,,,,,,,,,,,,load,1.0,,2025-03-25 00:00:00
686526,Fang Jue,方桷,1196.0,5.0,,0.0,13868.0,1.0,,,,,,,,,,,,,,,,,,,,,,Fang,方,Jue,桷,15.0,,,,,,,,,,,,,,,,,,load,1.0,,2025-03-25 00:00:00
686707,Fang Rui,方叡,1073.0,5.0,,0.0,100531.0,1.0,,,,,,,,,,,,,,,,,,,,,,Fang,方,Rui,叡,15.0,,,,,,,,,,,,,,,,,,load,1.0,,2025-03-25 00:00:00
686965,Fang Zhuo,方灼,1169.0,5.0,,0.0,100531.0,1.0,,,,,,,,,,,,,,,,,,,,,,Fang,方,Zhuo,灼,15.0,,,,,,,,,,,,,,,,,,load,1.0,,2025-03-25 00:00:00
686974,Fang Chun,方椿,1012.0,5.0,,0.0,12855.0,1.0,,,,,,,,,,,,,,,,,,,,,,Fang,方,Chun,椿,15.0,,,,,,,,,,,,,,,,,,load,1.0,,2025-03-25 00:00:00
687172,Fang Xian,方暹,,,,0.0,26123.0,1.0,,,,,,,,,,,,,,,,,,,,,,Fang,方,Xian,暹,15.0,,,,,,,,,,,,,,,,,,load,1.0,,2025-03-25 00:00:00
687229,Fang Ji,方濟,,,,0.0,100531.0,1.0,,,,,,,,,,,,,,,,,,,,,,Fang,方,Ji,濟,15.0,,,,,,,,,,,,,,,,,,load,1.0,,2025-03-25 00:00:00
687230,Fang Tingshi,方庭實,1085.0,5.0,,0.0,100531.0,1.0,,,,,,,,,,,,,,,,,,,,,,Fang,方,Tingshi,庭實,15.0,,,,,,,,,,,,,,,,,,load,1.0,,2025-03-25 00:00:00
687609,Fang Shouceng,方壽曾,1154.0,5.0,,0.0,13870.0,1.0,,,,,,,,,,,,,,,,,,,,,,Fang,方,Shouceng,壽曾,15.0,,,,,,,,,,,,,,,,,,load,1.0,,2025-03-25 00:00:00
687610,Fang Qi,方祈,1154.0,5.0,,0.0,100531.0,1.0,,,,,,,,,,,,,,,,,,,,,,Fang,方,Qi,祈,15.0,,,,,,,,,,,,,,,,,,load,1.0,,2025-03-25 00:00:00
687635,Fang Yanqi,方巖起,1157.0,5.0,,0.0,13870.0,1.0,,,,,,,,,,,,,,,,,,,,,,Fang,方,Yanqi,巖起,15.0,,,,,,,,,,,,,,,,,,load,1.0,,2025-03-25 00:00:00
687655,Fang Yi,方沂,1157.0,5.0,,0.0,13871.0,1.0,,,,,,,,,,,,,,,,,,,,,,Fang,方,Yi,沂,15.0,,,,,,,,,,,,,,,,,,load,1.0,,2025-03-25 00:00:00
687762,Fang Duan,方端,1211.0,5.0,,0.0,100584.0,1.0,,,,,,,,,,,,,,,,,,,,,,Fang,方,Duan,端,15.0,,,,,,,,,,,,,,,,,,load,1.0,,2025-03-25 00:00:00
687788,Fang Shuyuan,方叔元,,,,0.0,12736.0,1.0,,,,,,,,,,,,,,,,,,,,,,Fang,方,Shuyuan,叔元,15.0,,,,,,,,,,,,,,,,,,load,1.0,,2025-03-25 00:00:00
687840,Fang Mengkai,方夢開,1220.0,5.0,,0.0,13869.0,1.0,,,,,,,,,,,,,,,,,,,,,,Fang,方,Mengkai,夢開,15.0,,,,,,,,,,,,,,,,,,load,1.0,,2025-03-25 00:00:00
688312,Fang Gang,方綱,,,,0.0,100531.0,1.0,,,,,,,,,,,,,,,,,,,,,,Fang,方,Gang,綱,15.0,,,,,,,,,,,,,,,,,,load,1.0,,2025-03-25 00:00:00
688409,Fang Lin,方霖,1163.0,5.0,,0.0,100531.0,1.0,,,,,,,,,,,,,,,,,,,,,,Fang,方,Lin,霖,15.0,,,,,,,,,,,,,,,,,,load,1.0,,2025-03-25 00:00:00
688441,Fang Duo,方鐸,1064.0,5.0,,0.0,12800.0,1.0,,,,,,,,,,,,,,,,,,,,,,Fang,方,Duo,鐸,15.0,,,,,,,,,,,,,,,,,,load,1.0,,2025-03-25 00:00:00
688616,Fang Wenyi,方聞一,1127.0,5.0,,0.0,14362.0,1.0,,,,,,,,,,,,,,,,,,,,,,Fang,方,Wenyi,聞一,15.0,,,,,,,,,,,,,,,,,,load,1.0,,2025-03-25 00:00:00
688862,Fang Li,方立,,,,0.0,13949.0,1.0,,,,,,,,,,,,,,,,,,,,,,Fang,方,Li,立,15.0,,,,,,,,,,,,,,,,,,load,1.0,,2025-03-25 00:00:00
689164,Fang Jie,方玠,1133.0,5.0,,0.0,12740.0,1.0,,,,,,,,,,,,,,,,,,,,,,Fang,方,Jie,玠,15.0,,,,,,,,,,,,,,,,,,load,1.0,,2025-03-25 00:00:00
689191,Fang Yuanlu,方元鹿,,,,0.0,7755.0,1.0,,,,,,,,,,,,,-1.0,,,,,,,,,Fang,方,Yuanlu,元鹿,20.0,,,0.0,0.0,,,,,,,,, ,,, ,Ning Hao,Ning Hao,,2025-03-21 00:00:00,2025-03-21 00:00:00
689192,Fang Huaisun,方懷蓀,,,,0.0,7755.0,1.0,,,,,,,,,,,,,-1.0,,,,,,,,,Fang,方,Huaisun,懷蓀,20.0,,,0.0,0.0,,,,,,,,, ,,, ,Ning Hao,Ning Hao,,2025-03-21 00:00:00,2025-03-21 00:00:00
689294,Fang Song,方嵩,,,,0.0,7755.0,1.0,,,,,,,,,,,,,-1.0,,,,,,,,,Fang,方,Song,嵩,20.0,,,0.0,0.0,,,,,,,,, ,,, ,Ning Hao,Ning Hao,,2025-03-29 00:00:00,2025-03-29 00:00:00
689432,Fang Tianwei,方天煒,,,,0.0,7755.0,1.0,,,,,,,,,,,,,-1.0,,,,,,,,,Fang,方,Tianwei,天煒,20.0,,,0.0,0.0,,,,,,,,, ,,, ,Ning Hao,Ning Hao,,2025-03-31 00:00:00,2025-03-31 00:00:00
689485,Fang Yi,方翼,,,,0.0,7755.0,1.0,,,,,,,,,,,,,-1.0,,,,,,,,,Fang,方,Yi,翼,20.0,,,0.0,0.0,,,,,,,,, ,,, ,Ning Hao,Ning Hao,,2025-04-01 00:00:00,2025-04-01 00:00:00
689700,Fang Wei,方維,,,,,,,,,,,,,,,,,,,,,,,,,,,,Fang,方,Wei,維,20.0,,,,,,,,,,,,,,,,,load,,1.0,2025-04-03 00:00:00,
689797,Fang Qian,方乾,,,,,7755.0,1.0,,,,,,,,,,,,,,,,,,,,,,Fang,方,Qian,乾,20.0,,,,,,,,,,,,,,,,,load,,1.0,2025-04-03 00:00:00,
689838,Fang Guoqi,方國圻,,,,,,,,,,,,,,,,,,,,,,,,,,,,Fang,方,Guoqi,國圻,20.0,,,,,,,,,,,,,,,,,load,,1.0,2025-04-03 00:00:00,
689842,Fang Jun,方鈞,,,,,7521.0,1.0,,,,,,,,,,,,,,,,,,,,,,Fang,方,Jun,鈞,20.0,,,,,,,,,,,,,,,,,load,,1.0,2025-04-03 00:00:00,
690209,Fang Yice,方以策,,,,0.0,4688.0,1.0,,,,,,,,,,,,,-1.0,,,,,,,,,Fang,方,Yice,以策,19.0,,,0.0,0.0,,,,,,,,, ,,, ,Ning Hao,Ning Hao,,2025-04-17 00:00:00,2025-04-17 00:00:00
690215,Fang Jie,方絜,,,,0.0,7755.0,1.0,,,,,,,,,,,,,-1.0,,,,,,,,,Fang,方,Jie,絜,20.0,,,0.0,0.0,,,,,,,,, ,,, ,Ning Hao,Ning Hao,,2025-04-17 00:00:00,2025-04-17 00:00:00
690280,Fang Yuanbai,方元白,,,,0.0,7755.0,1.0,,,,,,,,,,,,,-1.0,,,,,,,,,Fang,方,Yuanbai,元白,20.0,,,0.0,0.0,,,,,,,,, ,,, ,Ning Hao,Ning Hao,,2025-04-20 00:00:00,2025-04-20 00:00:00
690364,Fang Jin,方進,1216.0,1.0,,0.0,12852.0,1.0,,,,1216.0,,,,1281.0,,,,66.0,,,,,,,,,,Fang,方,Jin,進,18.0,,,,,,10.0,,25.0,,,,,,,,,,load,1.0,,2024-04-22 00:00:00
690366,Fang Lu,方琭,1184.0,1.0,,0.0,,,,,,1184.0,,,,1244.0,,,,61.0,,,,,,,,,,Fang,方,Lu,琭,15.0,,,,,8.0,11.0,8.0,,,,,,,,,,,load,1.0,,2024-04-22 00:00:00
690367,Fang Chong,方崈,1218.0,1.0,,0.0,,,,,,1218.0,,,,1273.0,,,,56.0,,,,,,,,,,Fang,方,Chong,崈,15.0,,,,,,4.0,,1.0,,,,,,,,,,load,1.0,,2024-04-22 00:00:00
690531,Fang Rouze,方柔則,1238.0,1.0,,1.0,12881.0,1.0,,,,1238.0,,,,1300.0,,,,63.0,,,,,,,,,,Fang,方,Rouze,柔則,18.0,,,,,,5.0,,,,,,,,,,,,load,1.0,,2024-04-22 00:00:00
691152,Fang Lunzi,方輪子,,,,0.0,7567.0,1.0,,,,,,,,,,,,,,,,,,,,,,Fang,方,Lunzi,輪子,20.0,,,,,,,,,,,,,,,,,,load,1.0,,2025-05-08 00:00:00
691241,Fang Ruhao,方汝浩,,,,0.0,5372.0,1.0,,,,,,,,,,,,,,,,,,,,,,Fang,方,Ruhao,汝浩,19.0,,,,,,,,,,,,,,,,,,load,1.0,,2025-05-08 00:00:00
691336,Fang Wu,方悟,,,,0.0,5332.0,1.0,,,,,,,,,,,,,,,,,,,,,,Fang,方,Wu,悟,19.0,,,,,,,,,,,,,,,,,,load,1.0,,2025-05-08 00:00:00
691819,Fang Zhensheng,方振聲,,,,0.0,0.0,,,,,,,,,,,,,102.0,-1.0,,,,,,,,,Fang,方,Zhensheng,振聲,20.0,,,0.0,0.0,,,,,,,,, ,,, ,Ning Hao,Ning Hao,,2025-06-05 00:00:00,2025-06-05 00:00:00
691830,Fang Xuan,方瑄,,,,0.0,0.0,,,,,,,,,,,,,,-1.0,,,,,,,,,Fang,方,Xuan,瑄,19.0,,,0.0,0.0,,,,,,,,, ,,, ,劉慧楠,劉慧楠,,2025-06-05 00:00:00,2025-06-05 00:00:00
692038,Fang Kanzhi,方戡之,,,,0.0,0.0,,,,,,,,,,,,,85.0,-1.0,,,,,,,,,Fang,方,Kanzhi,戡之,19.0,,,0.0,0.0,,,,,,,,, ,,, ,劉慧楠,劉慧楠,,2025-06-20 00:00:00,2025-06-20 00:00:00
692429,Fang Guoguang,方國光,,,,0.0,0.0,,,,,,,,,,,,,,-1.0,,,,,,,,,Fang,方,Guoguang,國光,20.0,,,0.0,0.0,,,,,,,,, ,,, ,劉慧楠,劉慧楠,,2025-07-10 00:00:00,2025-07-10 00:00:00
692475,Fang Shi(Wife of He Dexin),方氏(何德馨妻),,,,1.0,0.0,,,,,,,,,,,,,,-1.0,,,,,,,,,Fang,方,Shi(Wife of He Dexin),氏(何德馨妻),19.0,,,0.0,0.0,,,,,,,,, ,,, ,Ning Hao,Ning Hao,,2025-07-12 00:00:00,2025-07-12 00:00:00
692862,Fang Zhiqi,方志齊,,,,0.0,0.0,,,,,,,,,,,,,,-1.0,,,,,,,,,Fang,方,Zhiqi,志齊,19.0,,,0.0,0.0,,,,,,,,, ,,, ,Gaomx,Gaomx,,2025-07-28 00:00:00,2025-07-28 00:00:00
692868,Fang Shigao,方士高,,,,0.0,0.0,,,,,,,,,,,,,,-1.0,,,,,,,,,Fang,方,Shigao,士高,20.0,,,0.0,0.0,,,,,,,,, ,,, ,劉慧楠,劉慧楠,,2025-07-28 00:00:00,2025-07-28 00:00:00
693060,Fang Xuan,方暄,,,,0.0,0.0,,,,,,,,,,,,,,-1.0,,,,,,,,,Fang,方,Xuan,暄,20.0,,,0.0,0.0,,,,,,,,, ,,, ,Gaomx,Gaomx,,2025-08-05 00:00:00,2025-08-05 00:00:00
693082,Fang Fu,方輔,,,,0.0,0.0,,,,,,,,,,,,,,-1.0,,,,,,,,,Fang,方,Fu,輔,20.0,,,0.0,0.0,,,,,,,,, ,,, ,付超,付超,,2025-08-06 00:00:00,2025-08-06 00:00:00
693094,Fang Duan,方端,,,,0.0,0.0,,,,,,,,,,,,,,-1.0,,,,,,,,,Fang,方,Duan,端,19.0,,,0.0,0.0,,,,,,,,, ,,, ,Gaomx,Gaomx,,2025-08-06 00:00:00,2025-08-06 00:00:00
693095,Fang Zhang,方璋,,,,0.0,0.0,,,,,,,,,,,,,,-1.0,,,,,,,,,Fang,方,Zhang,璋,20.0,,,0.0,0.0,,,,,,,,, ,,, ,Gaomx,Gaomx,,2025-08-06 00:00:00,2025-08-06 00:00:00
693440,Fang shi（Wife of Xiao Tianrui）,方氏（蕭天瑞妻）,,,,1.0,0.0,,0.0,,,,,,,,,,,,-1.0,,,,,,,,,Fang,方,shi（Wife of Xiao Tianrui）,氏（蕭天瑞妻）,20.0,,,0.0,0.0,,,,,,,,, ,,, ,Li Wanying,Li Wanying,,2025-08-12 00:00:00,2025-08-18 00:00:00
693874,Fang Yisheng,方翼生,,,,0.0,0.0,,,,,,,,,,,,,78.0,-1.0,,,,,,,,,Fang,方,Yisheng,翼生,20.0,,,0.0,0.0,,,,,,,,, ,,, ,劉慧楠,劉慧楠,,2025-08-22 00:00:00,2025-08-22 00:00:00
693951,Fang Fengtu,方鳳圖,,,,0.0,0.0,,,,,,,,,,,,,,-1.0,,,,,,,,,Fang,方,Fengtu,鳳圖,20.0,,,0.0,0.0,,,,,,,,, ,,, ,陶恒,陶恒,,2025-08-23 00:00:00,2025-08-23 00:00:00
693982,Fang Yunshou,方允夀,,,,0.0,0.0,,,,,,,,,,,,,,-1.0,,,,,,,,,Fang,方,Yunshou,允夀,20.0,,,0.0,0.0,,,,,,,,, ,,, ,Li Wanying,Li Wanying,,2025-08-24 00:00:00,2025-08-24 00:00:00
694506,Fang Hongtai,方宏泰,,,,0.0,0.0,,,,,,,,,,,,,,-1.0,,,,,,,,,Fang,方,Hongtai,宏泰,20.0,,,0.0,0.0,,,,,,,,, ,,, ,劉慧楠,劉慧楠,,2025-09-05 00:00:00,2025-09-05 00:00:00
694684,Fang Shien,方士恩,,,,0.0,0.0,,,,,,,,,1894.0,667.0,20.0,0.0,,-1.0,,,,,,,,,Fang,方,Shien,士恩,20.0,,,0.0,0.0,,,,,,,,, ,,, ,Ning Hao,Ning Hao,,2025-09-11 00:00:00,2025-09-11 00:00:00
694951,Fang Ding,方鼎,,,,0.0,0.0,,,,,,,,,,,,,,-1.0,,,,,,,,,Fang,方,Ding,鼎,20.0,,,0.0,0.0,,,,,,,,, ,,, ,劉慧楠,劉慧楠,,2025-09-17 00:00:00,2025-09-17 00:00:00
694952,Fang Jiazhen,方家振,,,,0.0,0.0,,,,,,,,,,,,,,-1.0,,,,,,,,,Fang,方,Jiazhen,家振,20.0,,,0.0,0.0,,,,,,,,, ,,, ,劉慧楠,劉慧楠,,2025-09-17 00:00:00,2025-09-17 00:00:00
695462,Fang Yao,方耀,,,,0.0,0.0,,,,,,,,,,,,,,-1.0,,,,,,,,,Fang,方,Yao,耀,20.0,,,0.0,0.0,,,,,,,,, ,,, ,劉慧楠,劉慧楠,,2025-10-05 00:00:00,2025-10-05 00:00:00
695857,Fang Shi（Wife of Han Rong）,方氏（韓溶妻）,,,,1.0,0.0,,,,,,,,,,,,,,-1.0,,,,,,,,,Fang,方,Shi（Wife of Han Rong）,氏（韓溶妻）,20.0,,,0.0,0.0,,,,,,,,, ,,, ,劉慧楠,劉慧楠,,2025-10-21 00:00:00,2025-10-21 00:00:00
695920,Fang Shi（Wife of Zhu Lie）,方氏（朱烈妻）,,,,1.0,0.0,,,,,,,,,,,,,,-1.0,,,,,,,,,Fang,方,Shi（Wife of Zhu Lie）,氏（朱烈妻）,20.0,,,0.0,0.0,,,,,,,,, ,,, ,劉慧楠,劉慧楠,,2025-10-24 00:00:00,2025-10-25 00:00:00
696052,Fang Xiaolian,方斆亷,,,,0.0,0.0,,,,,,,,,,,,,,-1.0,,,,,,,,,Fang,方,Xiaolian,斆亷,20.0,,,0.0,0.0,,,,,,,,, ,,, ,劉慧楠,劉慧楠,,2025-11-01 00:00:00,2025-11-01 00:00:00
696055,Fang Tingheng,方廷衡,,,,0.0,0.0,,,,,,,,,,,,,,-1.0,,,,,,,,,Fang,方,Tingheng,廷衡,20.0,,,0.0,0.0,,,,,,,,, ,,, ,劉慧楠,劉慧楠,,2025-11-01 00:00:00,2025-11-01 00:00:00
696316,Fang Yunqing,方允淸,,,,0.0,0.0,,,,,,,,,,,,,89.0,-1.0,,,,,,,,,Fang,方,Yunqing,允淸,20.0,,,0.0,0.0,,,,,,,,, ,,, ,Li Wanying,Li Wanying,,2025-11-14 00:00:00,2025-11-14 00:00:00
696672,Fang Kou,方口,,,,0.0,0.0,,,,,,,,,,,,,,-1.0,,,,,,,,,Fang,方,Kou,口,19.0,,,0.0,0.0,,,,,,,,, ,,, ,劉慧楠,劉慧楠,,2025-11-25 00:00:00,2025-11-25 00:00:00
696963,Fang Jin,方錦,,,,0.0,0.0,,,,,,,,,,,,,,-1.0,,,,,,,,,Fang,方,Jin,錦,19.0,,,0.0,0.0,,,,,,,,,,,,,陶恒,陶恒,,2025-12-12 00:00:00,2025-12-12 00:00:00
696964,Fang Jingying,方景瑛,,,,0.0,0.0,,,,,,,,,,,,,,-1.0,,,,,,,,,Fang,方,Jingying,景瑛,19.0,,,0.0,0.0,,,,,,,,,,,,,陶恒,陶恒,,2025-12-12 00:00:00,2025-12-12 00:00:00
696966,Fang Riyu,方日昱,,,,0.0,0.0,,,,,,,,,,,,,,-1.0,,,,,,,,,Fang,方,Riyu,日昱,19.0,,,0.0,0.0,,,,,,,,,,,,,陶恒,陶恒,,2025-12-12 00:00:00,2025-12-12 00:00:00
696967,Fang Zhishan,方志珊,,,,0.0,0.0,,,,,,,,,,,,,,-1.0,,,,,,,,,Fang,方,Zhishan,志珊,19.0,,,0.0,0.0,,,,,,,,,,,,,陶恒,陶恒,,2025-12-12 00:00:00,2025-12-12 00:00:00
696968,Fang Biyuan,方必元,,,,0.0,0.0,,,,,,,,,,,,,,-1.0,,,,,,,,,Fang,方,Biyuan,必元,19.0,,,0.0,0.0,,,,,,,,,,,,,陶恒,陶恒,,2025-12-12 00:00:00,2025-12-12 00:00:00
697175,Fang Chengsun,方澄孫,,,,0.0,,,,,,,,,,,,,,,,,,,,,,,,Fang,方,Chengsun,澄孫,15.0,,,,,,,,,,,,,,,,,Yitian Li,,0.0,2026-12-16 00:00:00,
697521,Fang Qian,方櫏,,,,0.0,0.0,,,,,,,,,,,,,,-1.0,,,,,,,,,Fang,方,Qian,櫏,19.0,,,0.0,0.0,,,,,,,,,,,,,陶恒,陶恒,,2025-12-19 10:32:29,2025-12-19 10:33:05
697715,Fang Minghe,方鳴鶴,,,,0.0,0.0,,,,,,,,,,,,,,-1.0,,,,,,,,,Fang,方,Minghe,鳴鶴,19.0,,,0.0,0.0,,,,,,,,,,,,,陶恒,陶恒,,2025-12-24 11:19:21,2025-12-24 11:19:28
697716,Fang Bao,方寶,,,,0.0,0.0,,,,,,,,,,,,,,-1.0,,,,,,,,,Fang,方,Bao,寶,19.0,,,0.0,0.0,,,,,,,,,,,,,陶恒,陶恒,,2025-12-24 11:20:57,2025-12-24 11:21:02
697717,Fang Daoen,方道恩,,,,0.0,0.0,,,,,,,,,,,,,,-1.0,,,,,,,,,Fang,方,Daoen,道恩,19.0,,,0.0,0.0,,,,,,,,,,,,,陶恒,陶恒,,2025-12-24 11:23:01,2025-12-24 11:23:07
697815,Fang Wenye,方文葉,,,,0.0,0.0,,,,,,,,,,,,,,-1.0,,,,,,,,,Fang,方,Wenye,文葉,20.0,,,0.0,0.0,,,,,,,,,,,,,陶恒,陶恒,,2025-12-30 09:56:43,2025-12-30 09:56:53
697859,Fang Mao,方懋,,,,0.0,0.0,,,,,,,,,,,,,,-1.0,,,,,,,,,Fang,方,Mao,懋,20.0,,,0.0,0.0,,,,,,,,,,,,,陶恒,陶恒,,2026-01-01 10:16:53,2026-01-01 10:16:59
697860,Fang Guocheng,方國檉,,,,0.0,0.0,,,,,,,,,,,,,,-1.0,,,,,,,,,Fang,方,Guocheng,國檉,20.0,,,0.0,0.0,,,,,,,,,,,,,陶恒,陶恒,,2026-01-01 10:23:59,2026-01-01 10:24:07
697931,Fang 鹏,<待删除>,,,,,0.0,,,,,,,,,,,,,,,,,,,,,,,Fang,方,鹏,鹏,,,,,,,,,,,,,,,,,,陶恒,,,2026-01-06 21:00:23,
697932,Fang Peng,方鵬,,,,0.0,0.0,,,,,,,,,,,,,,-1.0,,,,,,,,,Fang,方,Peng,鵬,20.0,,,0.0,0.0,,,,,,,,,,,,,陶恒,陶恒,,2026-01-06 21:00:43,2026-01-06 21:00:51
697946,Fang Guochun,方國椿,,,,0.0,0.0,,,,,,,,,,,,,,-1.0,,,,,,,,,Fang,方,Guochun,國椿,20.0,,,0.0,0.0,,,,,,,,,,,,,陶恒,陶恒,,2026-01-07 08:45:30,2026-01-07 08:45:36
698113,Fang Shihuang,方士璜,,,,0.0,0.0,,,,,,,,,,,,,,-1.0,,,,,,,,,Fang,方,Shihuang,士璜,20.0,,,0.0,0.0,,,,,,,,,,,,,陶恒,陶恒,,2026-01-13 19:21:38,2026-01-13 19:21:43
698187,Fang Fu,方輔,,,,0.0,0.0,,,,,,,,,,,,,,-1.0,,,,,,,,,Fang,方,Fu,輔,20.0,,,0.0,0.0,,,,,,,,,,,,,陶恒,陶恒,,2026-01-16 11:57:14,2026-01-16 11:58:47
