ItemNo,GroupNo,ShelfNo
P0879,1,19
P1655,1,228
P1922,1,223
P1280,1,31
P0071,1,172
P1079,1,67
P1056,1,9
P1203,1,6
P0596,1,180
P0022,1,130
P1763,1,164
P1097,1,57
P1112,1,62
P0165,1,89
P1700,1,32
P1090,1,77
P0170,1,165
P1682,1,220
P0193,1,169
P1403,1,193
P1911,1,212
P0434,1,25
P0002,1,183
P1344,1,98
P0569,1,149
P1445,1,83
P1091,1,104
P1924,1,195
P1715,1,221
P1873,1,179
P1699,1,38
P0871,1,150
P0531,1,100
P1900,1,224
P0817,1,85
P0660,1,189
P0410,1,138
P0065,1,8
P1558,1,182
P1795,1,184
P1098,1,61
P1115,1,109
P1282,1,43
P0459,1,137
P0629,1,187
P1157,1,18
P0303,1,113
P1858,1,199
P1253,1,79
P0079,1,192
P0673,1,134
P1794,1,163
P0332,1,178
P1352,1,60
P1187,1,49
P0012,1,196
P0856,1,124
P0844,1,147
P0200,1,101
P0364,1,35
P0695,1,148
P1286,1,28
P0849,1,45
P0194,1,74
P0713,1,33
P0911,1,107
P1267,1,10
P0981,1,86
P1250,1,174
P1401,1,227
P1764,1,135
P1772,1,146
P1105,1,115
P1130,1,222
P1124,1,66
P1402,1,203
P1921,1,235
P1720,1,226
P0312,1,128
P0632,1,145
P0456,1,166
P0936,1,82
P0853,1,121
P0450,1,168
P1681,1,233
P0209,1,34
P1317,1,90
P0011,1,198
P0503,1,219
P0631,1,167
P1011,1,81
P1895,1,197
P0404,1,13
P1189,1,23
P1346,1,99
P0333,1,225
P1584,1,217
P1044,1,97
P1460,1,191
P0728,1,54
P1361,1,206
P1017,1,42
P1761,1,218
P1176,1,48
P1374,1,108
P0910,1,88
P1235,1,152
P1917,1,201
P1915,1,208
P0455,1,177
P1045,1,80
P1554,1,159
P0791,1,50
P1453,1,200
P0201,1,75
P0842,1,39
P0888,1,16
P0640,1,52
P0412,1,4
P1628,1,114
P1312,1,11
P0117,1,139
P0191,1,119
P0076,1,209
P0401,1,162
P1713,1,161
P0941,1,29
P1163,1,234
P1224,1,47
P1356,1,185
P0447,1,140
P0452,1,153
P0805,1,156
P0444,1,186
P0786,1,181
P0115,1,173
P1248,1,64
P1111,1,69
P0852,1,27
P1271,1,40
P0846,1,136
P1708,1,5
P0710,1,14
P0922,1,103
P1144,1,204
P1586,1,216
P0078,1,2
P1897,1,211
P0167,1,125
P1351,1,120
P0141,1,58
P0146,1,92
P0920,1,126
P1698,1,231
P0790,1,21
P1223,1,15
P0557,1,210
P0195,1,151
P1288,1,46
P1934,1,194
P1413,1,202
P1881,1,205
P0449,1,118
P0316,1,175
P1266,1,24
P1591,1,76
P0737,1,158
P1020,1,36
P0015,1,142
P1046,1,70
P0693,1,141
P0881,1,1
P1354,1,78
P1362,1,96
P1257,1,30
P1096,1,93
P1316,1,106
P0252,1,12
P1750,1,144
P1252,1,84
P0154,1,132
P0773,1,157
P0909,1,116
P0451,1,143
P0843,1,160
P0628,1,131
P0457,1,127
P1099,1,94
P1588,1,63
P1254,1,91
P0785,1,55
P1308,1,17
P0379,1,44
P1596,1,102
P0311,1,3
P0938,1,111
P1343,1,68
P0854,1,171
P1314,1,117
P0307,1,41
P1714,1,188
P1404,1,207
P1199,1,123
P0074,1,232
P0240,1,129
P1757,1,53
P1233,1,7
P0306,1,65
P0047,1,71
P0818,1,59
P0045,1,112
P0046,1,95
P0305,1,110
P0302,1,72
P0163,1,133
P0368,1,229
P1302,1,20
P0704,1,155
P0013,1,154
P1409,1,190
P1711,1,37
P1488,1,87
P0707,1,122
P0399,1,73
P1912,1,230
P1725,1,214
P0044,1,105
P1264,1,51
P0558,1,170
P0415,1,56
P0882,1,215
P0798,1,22
P1936,1,213
P0627,1,176
P1834,1,26
P1879,2,230
P0879,2,59
P1655,2,165
P1922,2,203
P1280,2,15
P0071,2,100
P1079,2,27
P1454,2,168
P0550,2,16
P0080,2,156
P1203,2,12
P0106,2,67
P0596,2,238
P1930,2,222
P0022,2,232
P1097,2,74
P1090,2,61
P1142,2,231
P1928,2,201
P1913,2,125
P0982,2,151
P1682,2,93
P1403,2,223
P0193,2,244
P0170,2,95
P1911,2,218
P0009,2,184
P0002,2,109
P0083,2,128
P1888,2,228
P0569,2,85
P1445,2,25
P0483,2,185
P1924,2,158
P1694,2,202
P1938,2,170
P0082,2,116
P0871,2,88
P0817,2,34
P0660,2,240
P0410,2,103
P1313,2,17
P1098,2,6
P1795,2,113
P1281,2,72
P1558,2,77
P1884,2,213
P0459,2,247
P0303,2,40
P1157,2,50
P1933,2,188
P1363,2,126
P1858,2,148
P1055,2,64
P0075,2,219
P0079,2,159
P0673,2,98
P1898,2,139
P0332,2,252
P1794,2,96
P1187,2,1
P0012,2,189
P1253,2,18
P0856,2,76
P0844,2,124
P1880,2,150
P0855,2,155
P0200,2,45
P1920,2,174
P0880,2,53
P0695,2,242
P0713,2,146
P1932,2,182
P1277,2,80
P1916,2,178
P1250,2,250
P1401,2,180
P1764,2,89
P1772,2,83
P1105,2,68
P1720,2,194
P1402,2,166
P1921,2,229
P1130,2,215
P1923,2,193
P0632,2,92
P0312,2,84
P0290,2,175
P1155,2,57
P0456,2,120
P0936,2,47
P0853,2,73
P0945,2,54
P0450,2,236
P1697,2,145
P1883,2,164
P1681,2,163
P0209,2,48
P1939,2,138
P0048,2,220
P0011,2,190
P0503,2,87
P1905,2,234
P0733,2,209
P0484,2,118
P1011,2,9
P1895,2,149
P1414,2,191
P1937,2,157
P1189,2,58
P0333,2,160
P0878,2,41
P1516,2,195
P1044,2,65
P1460,2,129
P1361,2,81
P0684,2,19
P0997,2,134
P1761,2,86
P1311,2,248
P0949,2,31
P1929,2,183
P1374,2,14
P1455,2,181
P1235,2,69
P1915,2,214
P0455,2,123
P1887,2,224
P1554,2,112
P1453,2,119
P1917,2,142
P0842,2,3
P0734,2,171
P1306,2,221
P1685,2,26
P1628,2,28
P1312,2,51
P0076,2,121
P0191,2,110
P0117,2,106
P0401,2,97
P1163,2,161
P1356,2,235
P0447,2,243
P0805,2,94
P0452,2,137
P0947,2,42
P0444,2,108
P0786,2,245
P0115,2,107
P1248,2,11
P0852,2,29
P1141,2,239
P1271,2,10
P1708,2,2
P1144,2,101
P1586,2,254
P1897,2,226
P0078,2,75
P0167,2,253
P1914,2,198
P0920,2,79
P1131,2,216
P1698,2,154
P0790,2,63
P1223,2,33
P0557,2,211
P0195,2,115
P1925,2,227
P1894,2,192
P1881,2,162
P1413,2,217
P1934,2,225
P0449,2,255
P0316,2,91
P1266,2,13
P0737,2,114
P0757,2,37
P1899,2,141
P1357,2,199
P1645,2,44
P0693,2,90
P1354,2,43
P1362,2,66
P1257,2,38
P1931,2,117
P1316,2,20
P1750,2,249
P1201,2,21
P0154,2,102
P0773,2,104
P0454,2,140
P0451,2,105
P0073,2,205
P0843,2,99
P0628,2,246
P1882,2,130
P1000,2,147
P0457,2,132
P0634,2,200
P1886,2,177
P0470,2,135
P1588,2,36
P0714,2,30
P1904,2,144
P0081,2,196
P1308,2,46
P0379,2,49
P1596,2,55
P1802,2,233
P0097,2,56
P1902,2,172
P1314,2,111
P1896,2,206
P1404,2,210
P1714,2,82
P0854,2,71
P0307,2,4
P1459,2,127
P1199,2,122
P0074,2,153
P0217,2,179
P0374,2,5
P1919,2,173
P1143,2,131
P0047,2,39
P0045,2,52
P0046,2,60
P0818,2,24
P1935,2,136
P0368,2,197
P1302,2,23
P0704,2,251
P1927,2,167
P1571,2,7
P1409,2,207
P0013,2,78
P1711,2,62
P1231,2,35
P1918,2,143
P1339,2,204
P1771,2,133
P0289,2,187
P0707,2,70
P1926,2,152
P1912,2,212
P0787,2,22
P1725,2,169
P1200,2,176
P1263,2,8
P0415,2,32
P0882,2,241
P1900,2,208
P1936,2,186
P0627,2,237
P0692,3,10
P0943,3,47
P0380,3,163
P0741,3,118
P0550,3,120
P0407,3,122
P0993,3,141
P1056,3,139
P0984,3,77
P0431,3,40
P1016,3,200
P1763,3,167
P1815,3,57
P1686,3,54
P0193,3,64
P0516,3,128
P1162,3,117
P1177,3,108
P1790,3,191
P0411,3,156
P1661,3,92
P0179,3,135
P0570,3,76
P1836,3,51
P1755,3,147
P1158,3,157
P0007,3,12
P1282,3,121
P0970,3,22
P1668,3,102
P0555,3,155
P1741,3,72
P0168,3,100
P1055,3,4
P0282,3,78
P0491,3,112
P1030,3,43
P0265,3,7
P1839,3,188
P0686,3,101
P1054,3,69
P0518,3,111
P0174,3,82
P1092,3,17
P0178,3,28
P1077,3,130
P0958,3,152
P1611,3,18
P0981,3,197
P0732,3,132
P0701,3,171
P1124,3,44
P0430,3,52
P0270,3,5
P0429,3,136
P0263,3,1
P0768,3,193
P0169,3,115
P0945,3,46
P0506,3,20
P1736,3,42
P0733,3,177
P0180,3,107
P0859,3,8
P1346,3,30
P0878,3,96
P1073,3,2
P1032,3,103
P0087,3,109
P0731,3,9
P0703,3,71
P1826,3,13
P0997,3,61
P0951,3,106
P0352,3,126
P0435,3,19
P0425,3,36
P1870,3,3
P0826,3,56
P0114,3,174
P0865,3,27
P0064,3,86
P1103,3,104
P1045,3,150
P0181,3,49
P0696,3,138
P0734,3,87
P1687,3,65
P0008,3,39
P1685,3,48
P0640,3,32
P0800,3,26
P0340,3,145
P0172,3,84
P0514,3,133
P0968,3,33
P0339,3,175
P1276,3,129
P0191,3,55
P1820,3,105
P0502,3,90
P1609,3,179
P1669,3,153
P0919,3,93
P1013,3,190
P1356,3,131
P0708,3,198
P0947,3,162
P0492,3,70
P0088,3,83
P0283,3,116
P1803,3,16
P1674,3,185
P0922,3,192
P1208,3,41
P0954,3,119
P0358,3,134
P0141,3,125
P1940,3,194
P0702,3,75
P1225,3,137
P1869,3,50
P0920,3,187
P0242,3,66
P0271,3,146
P1065,3,169
P1001,3,158
P1188,3,113
P1610,3,38
P0501,3,142
P0971,3,53
P1665,3,114
P0264,3,97
P0489,3,161
P1662,3,89
P1020,3,196
P0176,3,81
P1071,3,159
P0693,3,164
P1014,3,199
P0881,3,151
P0296,3,144
P0515,3,15
P0735,3,37
P0979,3,178
P1316,3,184
P0637,3,170
P0405,3,123
P0944,3,21
P0858,3,23
P0868,3,182
P1009,3,58
P1000,3,29
P0969,3,148
P0646,3,149
P0343,3,166
P0685,3,181
P0812,3,173
P1659,3,67
P1088,3,34
P1865,3,95
P1006,3,79
P1601,3,176
P0551,3,6
P1015,3,189
P1657,3,143
P0097,3,110
P0307,3,172
P1822,3,62
P1738,3,154
P1181,3,180
P0807,3,85
P0956,3,25
P1757,3,63
P0918,3,80
P0004,3,94
P0580,3,68
P1019,3,127
P1094,3,24
P1692,3,91
P0192,3,31
P0636,3,11
P1302,3,168
P1777,3,183
P1735,3,99
P0860,3,59
P1093,3,74
P1612,3,35
P0275,3,186
P1689,3,160
P1818,3,165
P0085,3,195
P0415,3,88
P1821,3,124
P1074,3,60
P1864,3,140
P0281,3,14
P1660,3,98
P0171,3,45
P1834,3,73
P1202,4,116
P0749,4,11
P0879,4,90
P1500,4,189
P0898,4,133
P0803,4,31
P0892,4,92
P0877,4,68
P1097,4,135
P1206,4,121
P0049,4,37
P0864,4,46
P1142,4,149
P1431,4,132
P0084,4,123
P1023,4,105
P0239,4,30
P0750,4,45
P1426,4,197
P0776,4,9
P0569,4,65
P0059,4,81
P0727,4,38
P0781,4,39
P0531,4,36
P0297,4,5
P1836,4,101
P1448,4,129
P0058,4,69
P0683,4,108
P0065,4,55
P0007,4,35
P0715,4,23
P0970,4,176
P1204,4,118
P1140,4,200
P1741,4,137
P0848,4,32
P0915,4,138
P0126,4,72
P1253,4,128
P0282,4,60
P0673,4,131
P0840,4,44
P0893,4,87
P0491,4,134
P1050,4,61
P0880,4,142
P0896,4,78
P1440,4,173
P0265,4,157
P1109,4,24
P0911,4,178
P1092,4,106
P1717,4,1
P0981,4,158
P0876,4,70
P1105,4,114
P1124,4,180
P1436,4,146
P0430,4,28
P1594,4,33
P0416,4,25
P1392,4,122
P0429,4,18
P0853,4,147
P0887,4,126
P1697,4,83
P1502,4,179
P1427,4,185
P0585,4,16
P1516,4,141
P1429,4,162
P0894,4,86
P0895,4,99
P1792,4,52
P0891,4,154
P1119,4,187
P0703,4,198
P1361,4,160
P1439,4,127
P0684,4,75
P0951,4,103
P0417,4,47
P0985,4,93
P0064,4,82
P0910,4,183
P1608,4,58
P0842,4,42
P0351,4,17
P0804,4,20
P1474,4,100
P1687,4,140
P0800,4,19
P0968,4,143
P0339,4,168
P0568,4,77
P0191,4,57
P0189,4,125
P0967,4,188
P1110,4,22
P0088,4,102
P0342,4,174
P1057,4,167
P0601,4,95
P0283,4,107
P0784,4,49
P0474,4,181
P1589,4,51
P0063,4,54
P0922,4,89
P0899,4,120
P1144,4,175
P0602,4,109
P0884,4,119
P0923,4,156
P0167,4,98
P1656,4,191
P0141,4,104
P0358,4,76
P0870,4,96
P1658,4,161
P0889,4,97
P0716,4,6
P0920,4,124
P0375,4,84
P0906,4,50
P0775,4,7
P0427,4,2
P0449,4,144
P0971,4,151
P0264,4,62
P0737,4,53
P1067,4,63
P1046,4,79
P1354,4,163
P1362,4,139
P0881,4,74
P1096,4,56
P1316,4,195
P1393,4,164
P1252,4,145
P1201,4,148
P0061,4,67
P1503,4,112
P1506,4,165
P0909,4,196
P0868,4,66
P1009,4,91
P0464,4,170
P0280,4,34
P0905,4,159
P1064,4,177
P0714,4,12
P1595,4,21
P1254,4,136
P1607,4,130
P0814,4,29
P0812,4,80
P0863,4,27
P1601,4,150
P0972,4,155
P1657,4,166
P0548,4,193
P1191,4,199
P1314,4,192
P1714,4,15
P0900,4,152
P1199,4,194
P0890,4,71
P0841,4,8
P1654,4,186
P0782,4,41
P1428,4,190
P1143,4,182
P0897,4,110
P0927,4,113
P0918,4,169
P1068,4,153
P0815,4,48
P0279,4,40
P1094,4,111
P0586,4,3
P0057,4,115
P0778,4,14
P0808,4,43
P0540,4,10
P1040,4,94
P1432,4,184
P1093,4,88
P0344,4,171
P0707,4,59
P1005,4,64
P0777,4,4
P0304,4,13
P1074,4,85
P0341,4,172
P0062,4,73
P0751,4,26
P1834,4,117
P0285,5,172
P0943,5,158
P0550,5,105
P1056,5,80
P0993,5,171
P0461,5,154
P0049,5,72
P1643,5,102
P1704,5,13
P0697,5,86
P1142,5,106
P0982,5,117
P1649,5,100
P1751,5,75
P0963,5,83
P1086,5,52
P0516,5,50
P1407,5,88
P1563,5,38
P0411,5,40
P0262,5,128
P1758,5,17
P1091,5,49
P1085,5,19
P0460,5,175
P0297,5,151
P0817,5,33
P0058,5,95
P1605,5,74
P0869,5,120
P1022,5,34
P0688,5,98
P0799,5,11
P0816,5,4
P0834,5,149
P0957,5,90
P0126,5,198
P0673,5,189
P0284,5,69
P1742,5,166
P1706,5,25
P0517,5,43
P0849,5,167
P0911,5,125
P0479,5,129
P0498,5,65
P0093,5,181
P0112,5,23
P1087,5,8
P0603,5,180
P0136,5,45
P1441,5,71
P1124,5,184
P0998,5,27
P0490,5,31
P1392,5,115
P0429,5,58
P1630,5,111
P0616,5,143
P0945,5,62
P1697,5,116
P1752,5,99
P0774,5,136
P1060,5,162
P1736,5,134
P0220,5,127
P0631,5,39
P0180,5,57
P0962,5,87
P0565,5,139
P0690,5,108
P0617,5,114
P1874,5,70
P1017,5,54
P0964,5,93
P0689,5,103
P1082,5,67
P0951,5,2
P1618,5,177
P0826,5,51
P0726,5,133
P1122,5,200
P1052,5,10
P0865,5,173
P1374,5,107
P0910,5,84
P1650,5,53
P1685,5,188
P0800,5,183
P0172,5,63
P0514,5,145
P0992,5,131
P0292,5,179
P0488,5,132
P1034,5,28
P0189,5,78
P0921,5,109
P0941,5,81
P1669,5,15
P0148,5,118
P0250,5,182
P0805,5,160
P0947,5,47
P1753,5,146
P0492,5,148
P0495,5,168
P1705,5,59
P0274,5,97
P1021,5,24
P0601,5,144
P0852,5,68
P0283,5,152
P1803,5,92
P0976,5,82
P0746,5,89
P0740,5,138
P0100,5,32
P0923,5,110
P0954,5,77
P0641,5,191
P0150,5,119
P0626,5,30
P1734,5,155
P0053,5,153
P0448,5,174
P0386,5,16
P0556,5,7
P0427,5,5
P0912,5,1
P1670,5,96
P0219,5,101
P0173,5,64
P1020,5,56
P1749,5,94
P0480,5,142
P0113,5,37
P0043,5,36
P1046,5,157
P0414,5,163
P0809,5,60
P1096,5,76
P1504,5,135
P1695,5,140
P0515,5,14
P0700,5,122
P0521,5,6
P1213,5,170
P0691,5,123
P1084,5,26
P0252,5,186
P1201,5,137
P1062,5,195
P1847,5,199
P1684,5,29
P0909,5,91
P0944,5,42
P1607,5,112
P1088,5,21
P0537,5,156
P0266,5,164
P0972,5,176
P1657,5,113
P0548,5,73
P0379,5,147
P1018,5,3
P0621,5,193
P0615,5,150
P0319,5,190
P1121,5,141
P1132,5,130
P0807,5,169
P0942,5,104
P1702,5,124
P0102,5,20
P0166,5,79
P1759,5,55
P1028,5,196
P0745,5,121
P0918,5,194
P1701,5,185
P0597,5,61
P0913,5,12
P1019,5,46
P0831,5,9
P1094,5,165
P1059,5,161
P1809,5,66
P0267,5,178
P0543,5,35
P0413,5,159
P0707,5,22
P1010,5,41
P1053,5,18
P1081,5,48
P0946,5,44
P0281,5,192
P0798,5,187
P0739,5,126
P0221,5,197
P0050,5,85
P0098,6,182
P1449,6,186
P0996,6,140
P1123,6,73
P1819,6,132
P1113,6,92
P0477,6,196
P1746,6,192
P0406,6,29
P0481,6,2
P1049,6,53
P0049,6,95
P1643,6,99
P0022,6,107
P0277,6,131
P0467,6,45
P0825,6,159
P0208,6,135
P0982,6,171
P1256,6,65
P0963,6,200
P0238,6,38
P1389,6,160
P1177,6,82
P1680,6,148
P0262,6,83
P1369,6,96
P0570,6,130
P0326,6,54
P1387,6,85
P0365,6,174
P1877,6,169
P0819,6,123
P1603,6,197
P1605,6,194
P0402,6,18
P1115,6,30
P1158,6,27
P0007,6,175
P0303,6,84
P0555,6,7
P0618,6,76
P0816,6,78
P1769,6,183
P1253,6,12
P1352,6,10
P0491,6,134
P0200,6,59
P1338,6,25
P0855,6,51
P1050,6,94
P1236,6,58
P0713,6,6
P0608,6,28
P0911,6,49
P1092,6,44
P0019,6,190
P1326,6,106
P1153,6,41
P0137,6,142
P0756,6,111
P1105,6,46
P0738,6,35
P1130,6,26
P1237,6,9
P0632,6,152
P0290,6,101
P1641,6,141
P1775,6,19
P1626,6,98
P0241,6,158
P1069,6,125
P1681,6,156
P0642,6,128
P0588,6,127
P0961,6,153
P0034,6,11
P0631,6,198
P1193,6,4
P1584,6,129
P0572,6,167
P1032,6,144
P0565,6,90
P1017,6,3
P1439,6,122
P1135,6,21
P1176,6,32
P1122,6,199
P0917,6,13
P1632,6,120
P0910,6,69
P1640,6,181
P1608,6,191
P1103,6,154
P1328,6,166
P1175,6,145
P0201,6,14
P0350,6,75
P0821,6,138
P0804,6,168
P1687,6,105
P0268,6,104
P0645,6,86
P1623,6,56
P0598,6,77
P1353,6,20
P0820,6,165
P0805,6,170
P1355,6,31
P1866,6,157
P0607,6,121
P1248,6,88
P1244,6,185
P0595,6,163
P1111,6,40
P1803,6,102
P0976,6,48
P0566,6,89
P1782,6,87
P1274,6,103
P0138,6,176
P0711,6,97
P1144,6,5
P1586,6,177
P1368,6,91
P1351,6,33
P0806,6,62
P1656,6,151
P1131,6,63
P0906,6,164
P1031,6,195
P1001,6,24
P1754,6,143
P0449,6,93
P1390,6,139
P1688,6,37
P0757,6,184
P0737,6,173
P0574,6,114
P1388,6,149
P1255,6,68
P1354,6,16
P1362,6,61
P1257,6,70
P0606,6,109
P1570,6,1
P1252,6,57
P1750,6,42
P1245,6,108
P0256,6,15
P0909,6,67
P1002,6,8
P0405,6,71
P1066,6,155
P0437,6,136
P1872,6,172
P0280,6,81
P0622,6,147
P0005,6,126
P0905,6,161
P1251,6,60
P1114,6,50
P1254,6,43
P0908,6,146
P0266,6,188
P0972,6,187
P1657,6,22
P1633,6,137
P0548,6,116
P1802,6,110
P0621,6,115
P0854,6,23
P1132,6,64
P1876,6,178
P0261,6,117
P0099,6,72
P1068,6,113
P1642,6,100
P0546,6,133
P0305,6,179
P1019,6,17
P0302,6,162
P0327,6,34
P1259,6,193
P1094,6,80
P1692,6,189
P0709,6,36
P1093,6,55
P1818,6,150
P0243,6,112
P1770,6,39
P0707,6,47
P0589,6,79
P0289,6,74
P1156,6,52
P0836,6,119
P0558,6,66
P0573,6,180
P1365,6,118
P0436,6,124
P0692,7,90
P0873,7,72
P1449,7,87
P0578,7,66
P1791,7,84
P0903,7,76
P0158,7,117
P1679,7,124
P1123,7,126
P1454,7,44
P0424,7,145
P1203,7,7
P1405,7,33
P0406,7,95
P0022,7,129
P1112,7,94
P1230,7,10
P0982,7,5
P0159,7,122
P0288,7,186
P1256,7,22
P1431,7,61
P0239,7,25
P1407,7,47
P1246,7,112
P0763,7,38
P0570,7,37
P0882,7,21
P1694,7,191
P1715,7,109
P0531,7,39
P0188,7,167
P1386,7,17
P1795,7,170
P1909,7,97
P0459,7,114
P1668,7,40
P1542,7,110
P0816,7,30
P0259,7,41
P1118,7,180
P0535,7,31
P1253,7,27
P0883,7,178
P0673,7,137
P0840,7,195
P0332,7,198
P1590,7,3
P1576,7,116
P0187,7,164
P0824,7,96
P0608,7,32
P0911,7,24
P0719,7,106
P1627,7,160
P1277,7,54
P0160,7,168
P1330,7,73
P1145,7,4
P1105,7,182
P1772,7,190
P0847,7,53
P0290,7,184
P1907,7,119
P0205,7,102
P0241,7,194
P0183,7,172
P0718,7,78
P1007,7,69
P0236,7,125
P0588,7,99
P0520,7,9
P0156,7,111
P0423,7,123
P1644,7,147
P0579,7,162
P1429,7,92
P1891,7,199
P0617,7,88
P1826,7,49
P0577,7,75
P1122,7,158
P0736,7,13
P0721,7,177
P0917,7,139
P0910,7,23
P1806,7,128
P0458,7,81
P0300,7,192
P1910,7,157
P1312,7,131
P1848,7,58
P0191,7,152
P0117,7,59
P0331,7,146
P0447,7,140
P1862,7,107
P1673,7,8
P0397,7,48
P0287,7,169
P0822,7,91
P0222,7,174
P0590,7,156
P0784,7,136
P0474,7,144
P1803,7,18
P1111,7,15
P0291,7,135
P0720,7,127
P0740,7,77
P0203,7,166
P0711,7,133
P1219,7,52
P1691,7,143
P1908,7,183
P1656,7,11
P0592,7,86
P1003,7,62
P1001,7,153
P1288,7,42
P1220,7,64
P0251,7,98
P0757,7,56
P1749,7,57
P0371,7,6
P0466,7,101
P1046,7,173
P0015,7,115
P1255,7,16
P0296,7,197
P1257,7,71
P0515,7,34
P1903,7,171
P0593,7,74
P1316,7,20
P1252,7,85
P0131,7,130
P0252,7,80
P1201,7,1
P0909,7,14
P0405,7,68
P1906,7,104
P1827,7,28
P0843,7,165
P1291,7,46
P0210,7,189
P1009,7,60
P1872,7,100
P0017,7,141
P0130,7,148
P0464,7,108
P1000,7,132
P0118,7,65
P0457,7,161
P1890,7,118
P1892,7,82
P1398,7,120
P1254,7,89
P0224,7,176
P1289,7,36
P0532,7,70
P0204,7,121
P1889,7,105
P1802,7,55
P1902,7,154
P0658,7,149
P1430,7,29
P1714,7,163
P1314,7,2
P0960,7,50
P1716,7,150
P1446,7,35
P0166,7,51
P0743,7,103
P0301,7,187
P0664,7,113
P0704,7,196
P1777,7,67
P0133,7,181
P0723,7,138
P0243,7,193
P0013,7,188
P0223,7,134
P0335,7,185
P0132,7,159
P0211,7,26
P0589,7,175
P0289,7,151
P0707,7,19
P1573,7,83
P0836,7,93
P0914,7,79
P1089,7,43
P0576,7,142
P0341,7,12
P1365,7,45
P0460,7,179
P0465,7,200
P1090,7,63
P1834,7,155
P0285,8,41
P0149,8,131
P0928,8,34
P1450,8,195
P1416,8,171
P0380,8,85
P1405,8,109
P1101,8,177
P0431,8,77
P1097,8,99
P1112,8,194
P1120,8,54
P0697,8,65
P1230,8,121
P1444,8,178
P0982,8,66
P0712,8,6
P0516,8,37
P1162,8,67
P1407,8,82
P1322,8,11
P1445,8,167
P0570,8,133
P1694,8,143
P0253,8,102
P0067,8,141
P0531,8,106
P0297,8,22
P0660,8,176
P0837,8,108
P1133,8,25
P1729,8,96
P1795,8,155
P1755,8,51
P0688,8,73
P0799,8,70
P0599,8,149
P0926,8,40
P1183,8,163
P1140,8,116
P0834,8,47
P0535,8,53
P1363,8,2
P0840,8,56
P1253,8,8
P1794,8,12
P0226,8,95
P1442,8,44
P0838,8,189
P0856,8,150
P0227,8,111
P1286,8,30
P0174,8,83
P0498,8,196
P1277,8,81
P1139,8,137
P1250,8,10
P1452,8,168
P1441,8,136
P0847,8,129
P0456,8,179
P1379,8,156
P0853,8,7
P0450,8,193
P1681,8,147
P1317,8,23
P1528,8,182
P1491,8,80
P0907,8,186
P1462,8,187
P1521,8,125
P0659,8,107
P0423,8,71
P1365,8,128
P0116,8,100
P1478,8,199
P1360,8,97
P1728,8,124
P0690,8,79
P1229,8,191
P0966,8,138
P1135,8,76
P1198,8,46
P0353,8,58
P0736,8,72
P0739,8,112
P1374,8,33
P0064,8,14
P1328,8,170
P1269,8,31
P0181,8,78
P0842,8,55
P0983,8,90
P1683,8,87
P0821,8,126
P0753,8,119
P1463,8,145
P1147,8,104
P0800,8,75
P0321,8,139
P1190,8,123
P0412,8,86
P0514,8,181
P0925,8,159
P1292,8,197
P0191,8,36
P1609,8,120
P0086,8,142
P0820,8,185
P1669,8,1
P0447,8,32
P1290,8,146
P1824,8,49
P0822,8,164
P1021,8,140
P1111,8,38
P0746,8,61
P0924,8,45
P1667,8,59
P0668,8,127
P1406,8,172
P0711,8,103
P0255,8,93
P0167,8,42
P0141,8,173
P0755,8,135
P1223,8,180
P1188,8,188
P1288,8,3
P1610,8,57
P0427,8,132
P0449,8,4
P0561,8,174
P1749,8,98
P1357,8,92
P1560,8,175
P1362,8,18
P1096,8,19
P0515,8,29
P1695,8,160
P0823,8,144
P0094,8,101
P1316,8,35
P1252,8,15
P1295,8,183
P1737,8,52
P1009,8,13
P0905,8,20
P1099,8,24
P1254,8,9
P0685,8,28
P1823,8,50
P1607,8,39
P1179,8,130
P0862,8,94
P0863,8,60
P1471,8,134
P0532,8,88
P1308,8,26
P0123,8,161
P0972,8,158
P0379,8,48
P1272,8,21
P1378,8,113
P1756,8,117
P0097,8,17
P0510,8,74
P0854,8,27
P1102,8,151
P1451,8,166
P1121,8,114
P1262,8,62
P0807,8,64
P1222,8,84
P0533,8,118
P1757,8,115
P1804,8,190
P0927,8,105
P0745,8,89
P0818,8,169
P1019,8,192
P1585,8,68
P0656,8,162
P0709,8,5
P0747,8,91
P1777,8,154
P1868,8,165
P1703,8,43
P0275,8,157
P1231,8,200
P1488,8,152
P0286,8,69
P1294,8,148
P0836,8,184
P1264,8,110
P1381,8,16
P0338,8,63
P0301,8,153
P1480,8,122
P0534,8,198
P0749,9,22
P0928,9,109
P0158,9,185
P1113,9,43
P1209,9,53
P1056,9,76
P1405,9,162
P0431,9,8
P1101,9,195
P1349,9,1
P1097,9,188
P1112,9,136
P1120,9,66
P0982,9,96
P1686,9,105
P1527,9,197
P1023,9,128
P0750,9,41
P0564,9,192
P0411,9,57
P1369,9,186
P0569,9,81
P1091,9,189
P0179,9,169
P0294,9,78
P0570,9,61
P1435,9,102
P0531,9,98
P1467,9,126
P1098,9,141
P1795,9,83
P0970,9,38
P0674,9,25
P1165,9,123
P0926,9,90
P1438,9,166
P0834,9,77
P0259,9,121
P1489,9,14
P1253,9,152
P0673,9,175
P1359,9,87
P1794,9,106
P0856,9,156
P1050,9,84
P0880,9,148
P1514,9,13
P0608,9,89
P0875,9,149
P0174,9,146
P0298,9,164
P0498,9,183
P0933,9,178
P1267,9,118
P1329,9,144
P1652,9,157
P1139,9,36
P1124,9,147
P1210,9,37
P0847,9,72
P0430,9,127
P1512,9,9
P0456,9,60
P0936,9,181
P0853,9,154
P0742,9,45
P1060,9,40
P1502,9,23
P1391,9,191
P0119,9,125
P0404,9,49
P0408,9,17
P0156,9,151
P1515,9,124
P1584,9,97
P0463,9,75
P0505,9,29
P1360,9,107
P1396,9,198
P1229,9,26
P0324,9,4
P1270,9,187
P0425,9,174
P1052,9,150
P1234,9,180
P0455,9,110
P0181,9,111
P1195,9,196
P0320,9,15
P1371,9,120
P1687,9,64
P0800,9,85
P0968,9,30
P1848,9,47
P0191,9,117
P1239,9,172
P1412,9,62
P1342,9,184
P1609,9,104
P0086,9,3
P0331,9,65
P0175,9,171
P1083,9,200
P0177,9,54
P1669,9,161
P0447,9,113
P1207,9,44
P0967,9,2
P1244,9,179
P1117,9,71
P0852,9,5
P0257,9,173
P1803,9,122
P1411,9,133
P0566,9,116
P1762,9,159
P1208,9,24
P1855,9,170
P0141,9,103
P1656,9,93
P0702,9,101
P0317,9,48
P0851,9,32
P0522,9,80
P1288,9,70
P0427,9,58
P0560,9,16
P1220,9,132
P1749,9,95
P0935,9,55
P0512,9,34
P1362,9,177
P1257,9,165
P1096,9,153
P0515,9,140
P0979,9,139
P0678,9,20
P1316,9,94
P1245,9,168
P1750,9,158
P1252,9,163
P1393,9,194
P1526,9,145
P0909,9,143
P1487,9,11
P1009,9,160
P0464,9,73
P0969,9,39
P1099,9,114
P1114,9,42
P1607,9,182
P1823,9,92
P0685,9,138
P0812,9,35
P0254,9,91
P0532,9,56
P0379,9,46
P0548,9,134
P1596,9,79
P1802,9,82
P0938,9,33
P0097,9,108
P0854,9,176
P1102,9,31
P1475,9,7
P0527,9,100
P1232,9,130
P0807,9,59
P1341,9,131
P1370,9,190
P0374,9,142
P1268,9,155
P1143,9,12
P1469,9,51
P0927,9,129
P0306,9,21
P0918,9,67
P1490,9,27
P0745,9,99
P0305,9,10
P0302,9,19
P0325,9,18
P1787,9,50
P0192,9,137
P1059,9,6
P0747,9,69
P0704,9,115
P0549,9,63
P1063,9,28
P0978,9,86
P0707,9,68
P1849,9,119
P1061,9,52
P1053,9,167
P1264,9,74
P1089,9,199
P1373,9,193
P0338,9,112
P1172,9,135
P1090,9,88
P1202,10,40
P1791,10,182
P1500,10,105
P0380,10,167
P1421,10,97
P0550,10,25
P1454,10,53
P1203,10,14
P1400,10,86
P0759,10,28
P0877,10,198
P1349,10,18
P1763,10,109
P1097,10,137
P1120,10,124
P0370,10,67
P1686,10,147
P1256,10,63
P0564,10,8
P0411,10,148
P0570,10,163
P1435,10,57
P1085,10,114
P1565,10,13
P1836,10,178
P0683,10,190
P1133,10,150
P0801,10,199
P1755,10,103
P0761,10,187
P0007,10,186
P0629,10,81
P1438,10,21
P1363,10,80
P1741,10,122
P0535,10,193
P1253,10,79
P1489,10,117
P1352,10,43
P0844,10,2
P1050,10,115
P1437,10,146
P0880,10,157
P0849,10,181
P1839,10,96
P0713,10,90
P0911,10,78
P1529,10,108
P0630,10,39
P0666,10,70
P0603,10,164
P0802,10,54
P1401,10,37
P1105,10,173
P1816,10,11
P1260,10,7
P0998,10,177
P0768,10,154
P0936,10,9
P1480,10,196
P0853,10,72
P0945,10,152
P0362,10,56
P1468,10,125
P1391,10,46
P1528,10,143
P1011,10,101
P0404,10,127
P0032,10,17
P0859,10,165
P1247,10,77
P1396,10,1
P0810,10,104
P0989,10,29
P1134,10,99
P1335,10,110
P0647,10,68
P1439,10,126
P1270,10,83
P1376,10,91
P0736,10,155
P1511,10,134
P0865,10,22
P1348,10,95
P0910,10,42
P1455,10,30
P1320,10,49
P1608,10,133
P1103,10,151
P1269,10,73
P1319,10,44
P0842,10,135
P1408,10,192
P0772,10,16
P0760,10,27
P1106,10,171
P1683,10,111
P1687,10,130
P1147,10,131
P1685,10,166
P1474,10,153
P1465,10,168
P1190,10,195
P0925,10,144
P1397,10,85
P0916,10,132
P0191,10,4
P0813,10,23
P0292,10,170
P0563,10,189
P0189,10,66
P0175,10,113
P1353,10,74
P1013,10,160
P0708,10,98
P0947,10,169
P1425,10,20
P1110,10,158
P0495,10,82
P1336,10,69
P0852,10,24
P1146,10,140
P1589,10,48
P0846,10,123
P0566,10,71
P0493,10,106
P1674,10,118
P0711,10,45
P0920,10,200
P1443,10,88
P1664,10,112
P1220,10,75
P1136,10,58
P1662,10,121
P1020,10,87
P0604,10,162
P0371,10,35
P1107,10,138
P1255,10,94
P1354,10,47
P1362,10,100
P1014,10,191
P0296,10,184
P1213,10,6
P1108,10,142
P1096,10,176
P1316,10,31
P1245,10,33
P1252,10,51
P1420,10,61
P0061,10,26
P0909,10,59
P1522,10,55
P0451,10,175
P1486,10,119
P0858,10,149
P1321,10,38
P1827,10,139
P1318,10,65
P0464,10,188
P0850,10,161
P1530,10,116
P1251,10,10
P1254,10,64
P1347,10,41
P1823,10,32
P0814,10,50
P1607,10,159
P1614,10,136
P1471,10,141
P0379,10,145
P0548,10,102
P1378,10,93
P0938,10,60
P1191,10,76
P0854,10,92
P0097,10,52
P1404,10,129
P1121,10,179
P1012,10,62
P1419,10,12
P0807,10,156
P1510,10,107
P0743,10,197
P1383,10,15
P0818,10,174
P1019,10,128
P1501,10,172
P0709,10,84
P1302,10,19
P1777,10,180
P1409,10,120
P1080,10,36
P1447,10,3
P1488,10,194
P0707,10,34
P1381,10,89
P0415,10,185
P0465,10,183
P1350,10,5
P1678,11,83
P1552,11,174
P0879,11,36
P1655,11,28
P1774,11,89
P0943,11,23
P0380,11,104
P1553,11,173
P1056,11,1
P0006,11,81
P0106,11,35
P0049,11,131
P1206,11,100
P1763,11,88
P0054,11,132
P1256,11,54
P1160,11,168
P0717,11,29
P1162,11,68
P1563,11,166
P0162,11,101
P0009,11,67
P0411,11,108
P1344,11,12
P0151,11,53
P1661,11,95
P0179,11,30
P0570,11,34
P0067,11,46
P0531,11,119
P1282,11,142
P0394,11,185
P0555,11,78
P0799,11,98
P0848,11,57
P1741,11,42
P0792,11,8
P0536,11,15
P0957,11,10
P0883,11,135
P0840,11,17
P1456,11,196
P1055,11,2
P0052,11,103
P0388,11,164
P1253,11,22
P1590,11,62
P0849,11,77
P1839,11,147
P0608,11,158
P0911,11,61
P1054,11,5
P0987,11,58
P0933,11,141
P0112,11,31
P1267,11,153
P1027,11,24
P0387,11,171
P0446,11,143
P1564,11,163
P0738,11,128
P1436,11,91
P0430,11,134
P0473,11,156
P1641,11,151
P0384,11,189
P0362,11,180
P1228,11,56
P0588,11,149
P0484,11,175
P0591,11,188
P0389,11,170
P0703,11,3
P1874,11,122
P0633,11,190
P1826,11,52
P0324,11,140
P0966,11,178
P1559,11,169
P0951,11,21
P0553,11,111
P1640,11,199
P0910,11,73
P0197,11,116
P0458,11,139
P0472,11,191
P0821,11,179
P0393,11,159
P1687,11,26
P1417,11,145
P0300,11,55
P0412,11,133
P0438,11,112
P0476,11,148
P1276,11,13
P1671,11,195
P0921,11,14
P1356,11,75
P0148,11,144
P0708,11,71
P1866,11,160
P0607,11,198
P0794,11,93
P1824,11,63
P0822,11,176
P0613,11,146
P0590,11,167
P0852,11,94
P1589,11,79
P0545,11,162
P1345,11,32
P0710,11,69
P0711,11,66
P1095,11,113
P0923,11,27
P0884,11,80
P1372,11,97
P1940,11,138
P0592,11,157
P1658,11,121
P0716,11,11
P0789,11,90
P0920,11,120
P1116,11,49
P0906,11,16
P0755,11,44
P0556,11,84
P0974,11,92
P0427,11,129
P0449,11,19
P1192,11,7
P0385,11,165
P0737,11,82
P0757,11,45
P0113,11,25
P0693,11,123
P1362,11,136
P1257,11,65
P1096,11,39
P0593,11,197
P0606,11,155
P0823,11,154
P0198,11,110
P1173,11,105
P1252,11,37
P0909,11,72
P0643,11,124
P0905,11,6
P0634,11,152
P0795,11,96
P0714,11,70
P1793,11,18
P1607,11,33
P1823,11,50
P0785,11,20
P1088,11,115
P0123,11,181
P0620,11,192
P0379,11,74
P1657,11,40
P1596,11,38
P0068,11,51
P1802,11,86
P0621,11,172
P1756,11,43
P1343,11,9
P0624,11,85
P1314,11,4
P1199,11,177
P0354,11,87
P1540,11,125
P0199,11,99
P0374,11,114
P0744,11,200
P0743,11,137
P1182,11,184
P1496,11,106
P0383,11,193
P1642,11,194
P0758,11,102
P0305,11,59
P0163,11,76
P0656,11,161
P0797,11,107
P1273,11,117
P0709,11,48
P0439,11,109
P1703,11,64
P0243,11,186
P0589,11,183
P0554,11,118
P0707,11,41
P0286,11,150
P0399,11,126
P0304,11,127
P1561,11,187
P1712,11,47
P1381,11,130
P0234,11,182
P1867,11,60
P0109,12,49
P1678,12,73
P1719,12,156
P1791,12,90
P1629,12,13
P1454,12,50
P0803,12,96
P0461,12,51
P0984,12,168
P0006,12,165
P1776,12,14
P0877,12,97
P1763,12,15
P1315,12,106
P0049,12,166
P0982,12,200
P0170,12,130
P1751,12,110
P1592,12,167
P1686,12,91
P0963,12,89
P0516,12,45
P1790,12,59
P0060,12,53
P0513,12,9
P0570,12,116
P1435,12,16
P1801,12,190
P0297,12,171
P1565,12,41
P0660,12,172
P1104,12,74
P1281,12,103
P1282,12,113
P0016,12,81
P0303,12,191
P0799,12,29
P0469,12,42
P0674,12,163
P0231,12,78
P1741,12,25
P0536,12,32
P0126,12,164
P0957,12,69
P1051,12,92
P1794,12,146
P0673,12,160
P1118,12,64
P0227,12,75
P0539,12,44
P0849,12,43
P0517,12,144
P1839,12,127
P1732,12,178
P0608,12,112
P0875,12,114
P0911,12,128
P0174,12,154
P0298,12,158
P0112,12,30
P0987,12,177
P1267,12,115
P1077,12,102
P0029,12,173
P0630,12,82
P0958,12,52
P0981,12,189
P0446,12,150
P0014,12,88
P0701,12,188
P1124,12,11
P0031,12,155
P0853,12,186
P1780,12,4
P0362,12,141
P0209,12,176
P0774,12,95
P0952,12,56
P0027,12,175
P0665,12,62
P0962,12,83
P1073,12,104
P1792,12,185
P0463,12,76
P0299,12,187
P1119,12,55
P0703,12,174
P0617,12,139
P0611,12,35
P0948,12,10
P0662,12,54
P0865,12,36
P0995,12,31
P1374,12,118
P1052,12,192
P1380,12,34
P0917,12,93
P1453,12,39
P0181,12,151
P0661,12,94
P0804,12,100
P1417,12,143
P0001,12,157
P0939,12,72
P0916,12,77
P0191,12,129
P0488,12,159
P1609,12,70
P0820,12,12
P0250,12,40
P0447,12,1
P0708,12,101
P0947,12,2
P1534,12,111
P1533,12,136
P1673,12,58
P1072,12,105
P1616,12,194
P0613,12,126
P1394,12,125
P0283,12,38
P1117,12,63
P0474,12,57
P0545,12,3
P1796,12,142
P0063,12,71
P0293,12,60
P1325,12,37
P1351,12,121
P0235,12,99
P0317,12,196
P0920,12,145
P1116,12,86
P0755,12,48
P0072,12,33
P0557,12,65
P1288,12,147
P1205,12,122
P1591,12,197
P0986,12,153
P1613,12,193
P1575,12,198
P1357,12,17
P0466,12,84
P0940,12,66
P0809,12,26
P0296,12,79
P1362,12,120
P0980,12,183
P0515,12,148
P0021,12,87
P1337,12,28
P1316,12,19
P0028,12,182
P0252,12,8
P1245,12,119
P1252,12,133
P0909,12,138
P0210,12,181
P1197,12,140
P0280,12,20
P0464,12,27
P1878,12,98
P1064,12,134
P0676,12,162
P1287,12,107
P1398,12,7
P1607,12,184
P0532,12,24
P0610,12,46
P1596,12,180
P0026,12,169
P0097,12,149
P0854,12,179
P0307,12,161
P1102,12,124
P0706,12,61
P0102,12,68
P0918,12,6
P0306,12,152
P0279,12,137
P0546,12,85
P1019,12,117
P0302,12,195
P1302,12,21
P0704,12,22
P0295,12,80
P1488,12,135
P0581,12,67
P0707,12,170
P0399,12,123
P1053,12,23
P1373,12,131
P0281,12,5
P1381,12,132
P1532,12,108
P0062,12,199
P0415,12,18
P0739,12,109
P1090,12,47
P1779,13,103
P0246,13,186
P1449,13,190
P1552,13,176
P0943,13,104
P1840,13,162
P0526,13,68
P0771,13,70
P1293,13,56
P0803,13,112
P1553,13,164
P0006,13,16
P1097,13,67
P1763,13,146
P1142,13,47
P1086,13,65
P1682,13,185
P1403,13,166
P0193,13,69
P1256,13,122
P1431,13,171
P1517,13,145
P1160,13,34
P0239,13,66
P1551,13,187
P0462,13,100
P0513,13,188
P0179,13,147
P0570,13,120
P1507,13,106
P0297,13,53
P1565,13,41
P1603,13,3
P1133,13,110
P1605,13,44
P1558,13,174
P0007,13,165
P0970,13,21
P1542,13,195
P0469,13,116
P1183,13,111
P0816,13,33
P1140,13,32
P1253,13,138
P0883,13,75
P1508,13,105
P1543,13,163
P1546,13,158
P1377,13,76
P1286,13,153
P1839,13,152
P0835,13,12
P0608,13,99
P1054,13,148
P0298,13,2
P0498,13,121
P1464,13,22
P0218,13,48
P1250,13,45
P1124,13,97
P1816,13,83
P0853,13,31
P1547,13,200
P0497,13,52
P0588,13,79
P0907,13,128
P0220,13,6
P1482,13,38
P1217,13,123
P0214,13,157
P1472,13,15
P1193,13,169
P0436,13,167
P0859,13,77
P1429,13,181
P1478,13,28
P0565,13,87
P1826,13,63
P0611,13,126
P0475,13,109
P1134,13,135
P1439,13,156
P0212,13,197
P1492,13,27
P1161,13,125
P1374,13,7
P1380,13,8
P1453,13,168
P0215,13,196
P1841,13,170
P1650,13,58
P0772,13,124
P0804,13,144
P0213,13,160
P1306,13,78
P1147,13,5
P1545,13,159
P0172,13,4
P1276,13,93
P1239,13,94
P1412,13,54
P0488,13,29
P0502,13,40
P1013,13,88
P1356,13,61
P1534,13,139
P0185,13,25
P0105,13,127
P1425,13,191
P0967,13,46
P0115,13,175
P0607,13,89
P1411,13,82
P1589,13,55
P1803,13,14
P0566,13,95
P0063,13,199
P0740,13,13
P0711,13,71
P1219,13,161
P0255,13,81
P1368,13,64
P0716,13,149
P0366,13,26
P1443,13,39
P0195,13,62
P1303,13,132
P0583,13,192
P0219,13,23
P0737,13,50
P0757,13,60
P1020,13,98
P1625,13,172
P0372,13,1
P1257,13,101
P1096,13,74
P0606,13,57
P0904,13,49
P1316,13,107
P1337,13,189
P1252,13,140
P1241,13,92
P0154,13,198
P1002,13,84
P0858,13,59
P0437,13,177
P0343,13,17
P1254,13,115
P1607,13,155
P1823,13,143
P0812,13,35
P1289,13,37
P0908,13,119
P1367,13,73
P0610,13,142
P0620,13,91
P0379,13,129
P0311,13,182
P0975,13,18
P1756,13,117
P0854,13,24
P0624,13,151
P1196,13,36
P0612,13,130
P0991,13,178
P0374,13,137
P0744,13,114
P0166,13,80
P0533,13,118
P0743,13,134
P1428,13,184
P1490,13,113
P0758,13,19
P1019,13,85
P0004,13,183
P0163,13,154
P0368,13,90
P0184,13,10
P1809,13,194
P1777,13,108
P1513,13,133
P0243,13,72
P0978,13,20
P1080,13,141
P0589,13,86
P0707,13,51
P1005,13,180
P1483,13,102
P0304,13,42
P1544,13,173
P1053,13,150
P0836,13,11
P0544,13,179
P1200,13,30
P1530,13,131
P1778,13,136
P1365,13,43
P1867,13,193
P0694,13,96
P0050,13,9
P0699,14,106
P0285,14,154
P0109,14,10
P1779,14,149
P1840,14,63
P0158,14,165
P1885,14,34
P1123,14,21
P1079,14,190
P0803,14,187
P0759,14,192
P1494,14,174
P0698,14,99
P1097,14,69
P0165,14,70
P0110,14,37
P0697,14,80
P1285,14,16
P0623,14,118
P1682,14,61
P1023,14,188
P1551,14,50
P0516,14,197
P0564,14,89
P0060,14,49
P1152,14,14
P1344,14,138
P0886,14,98
P0041,14,44
P1661,14,67
P0179,14,107
P0570,14,120
P0625,14,137
P0531,14,193
P0297,14,164
P1603,14,185
P0065,14,105
P1558,14,55
P1766,14,25
P0555,14,123
P1165,14,7
P0648,14,200
P0259,14,79
P1118,14,172
P0126,14,85
P0840,14,186
P1794,14,152
P0258,14,75
P1399,14,166
P1901,14,40
P1050,14,91
P0880,14,74
P1286,14,28
P1839,14,48
P0719,14,20
P0019,14,140
P1326,14,124
P0666,14,45
P0958,14,139
P1401,14,173
P0446,14,175
P0014,14,36
P0651,14,15
P1237,14,155
P0430,14,33
P0429,14,31
P0456,14,108
P1171,14,13
P0853,14,143
P0945,14,5
P0450,14,156
P1675,14,58
P0952,14,144
P1164,14,38
P0950,14,112
P0156,14,160
P1240,14,19
P1792,14,179
P1364,14,142
P0565,14,97
P0810,14,129
P0440,14,90
P0611,14,81
P0989,14,4
P1439,14,56
P0948,14,96
P0724,14,35
P0722,14,182
P1122,14,32
P1052,14,189
P0949,14,121
P1455,14,177
P1608,14,88
P0455,14,191
P1045,14,169
P1328,14,117
P1175,14,141
P1408,14,163
P1683,14,183
P0885,14,128
P0213,14,60
P1147,14,150
P0800,14,102
P1545,14,57
P0514,14,199
P0652,14,29
P1258,14,2
P0191,14,159
P0189,14,176
P1609,14,184
P0359,14,110
P1356,14,158
P1355,14,147
P1168,14,41
P1290,14,114
P0115,14,54
P1244,14,8
P0613,14,24
P1111,14,111
P1589,14,178
P1214,14,126
P1384,14,146
P0566,14,66
P1154,14,130
P0155,14,198
P0063,14,64
P1674,14,86
P0884,14,82
P1170,14,17
P0141,14,167
P1169,14,42
P1301,14,122
P1698,14,180
P0195,14,73
P1001,14,18
P0427,14,157
P0449,14,195
P1591,14,93
P0309,14,46
P0314,14,171
P0453,14,153
P1662,14,83
P0538,14,115
P1357,14,3
P0023,14,39
P1096,14,109
P1213,14,125
P1300,14,133
P1337,14,62
P0061,14,84
P0154,14,51
P0428,14,151
P1486,14,162
P0451,14,104
P1487,14,168
P0944,14,9
P0017,14,196
P0850,14,135
P0343,14,136
P0039,14,12
P1588,14,95
P0685,14,92
P1215,14,116
P1767,14,6
P1289,14,76
P0532,14,113
P0610,14,72
P0266,14,23
P0125,14,71
P0548,14,145
P0111,14,170
P1343,14,119
P1314,14,127
P1415,14,161
P0357,14,68
P1520,14,194
P0956,14,148
P0942,14,94
P0991,14,59
P0135,14,27
P1331,14,78
P0279,14,43
P1259,14,47
P0004,14,53
P0163,14,65
P1787,14,134
P0441,14,87
P0808,14,1
P1809,14,52
P0133,14,11
P0549,14,77
P1231,14,131
P1918,14,26
P0946,14,22
P0062,14,100
P1660,14,103
P1694,14,181
P1172,14,30
P0436,14,101
P0739,14,132
P0879,15,187
P0903,15,131
P1805,15,47
P1774,15,52
P1863,15,76
P0006,15,70
P1405,15,84
P0877,15,192
P0360,15,120
P0049,15,15
P1128,15,45
P1049,15,129
P1285,15,177
P0186,15,171
P1646,15,98
P0239,15,111
P1177,15,94
P0060,15,158
P1149,15,167
P0151,15,21
P0059,15,150
P1694,15,157
P0531,15,63
P0297,15,161
P0871,15,68
P0683,15,198
P1603,15,134
P0065,15,180
P0007,15,28
P0672,15,170
P1282,15,57
P0091,15,6
P1078,15,106
P1048,15,173
P0469,15,101
P0282,15,112
P1051,15,174
P1359,15,49
P1352,15,148
P1461,15,40
P1180,15,42
P0880,15,184
P1286,15,191
P0347,15,113
P1839,15,9
P0824,15,67
P0498,15,159
P0033,15,16
P1267,15,54
P1326,15,116
P1329,15,168
P0056,15,138
P1087,15,74
P0981,15,182
P0876,15,155
P1764,15,25
P1126,15,66
P1564,15,35
P0018,15,100
P0701,15,137
P1816,15,22
P0031,15,69
P1693,15,55
P0616,15,11
P0362,15,92
P0196,15,99
P0209,15,87
P0497,15,145
P0774,15,119
P0907,15,93
P1620,15,4
P0665,15,127
P1843,15,95
P1773,15,38
P0116,15,10
P1478,15,117
P0463,15,71
P1676,15,82
P0440,15,165
P1597,15,48
P0684,15,169
P0435,15,136
P0409,15,108
P0553,15,86
P1830,15,23
P0902,15,135
P0064,15,181
P1374,15,72
P1380,15,193
P1608,15,65
P1328,15,14
P1175,15,88
P0983,15,110
P0821,15,30
P0213,15,5
P1035,15,78
P0008,15,64
P1581,15,33
P1545,15,51
P1549,15,46
P1477,15,31
P1216,15,139
P1358,15,172
P1283,15,196
P1239,15,195
P1623,15,19
P0401,15,80
P0502,15,102
P1353,15,146
P1356,15,132
P1859,15,56
P1150,15,179
P1355,15,147
P1425,15,96
P0397,15,107
P1493,15,115
P1394,15,144
P0063,15,188
P1674,15,77
P0922,15,186
P0680,15,89
P0055,15,156
P1406,15,176
P0923,15,125
P1351,15,152
P1656,15,34
P0870,15,189
P0141,15,124
P1842,15,7
P0920,15,151
P0346,15,59
P0906,15,90
P0755,15,91
P1288,15,109
P0501,15,118
P1664,15,17
P1020,15,163
P1580,15,75
P0737,15,105
P1046,15,141
P1579,15,103
P1567,15,2
P0296,15,121
P0881,15,190
P0823,15,85
P1316,15,164
P1422,15,197
P0637,15,83
P1201,15,53
P0061,15,166
P1522,15,199
P0437,15,62
P0905,15,154
P0714,15,12
P1619,15,73
P1398,15,79
P0685,15,194
P1823,15,18
P1179,15,24
P0026,15,37
P1860,15,50
P0097,15,81
P1314,15,153
P1333,15,178
P1181,15,20
P1211,15,149
P0199,15,60
P0374,15,13
P1024,15,200
P0743,15,26
P0166,15,142
P1182,15,133
P1804,15,36
P1068,15,175
P1696,15,143
P1490,15,122
P1587,15,8
P1433,15,61
P1019,15,130
P1548,15,32
P1125,15,97
P0057,15,128
P1850,15,3
P1562,15,27
P0225,15,43
P1760,15,58
P1040,15,140
P1777,15,39
P1566,15,41
P0707,15,123
P1838,15,44
P1395,15,126
P0140,15,162
P1381,15,183
P0092,15,1
P0062,15,185
P1043,15,160
P1365,15,114
P0436,15,104
P0635,15,29
P0873,16,113
P0928,16,89
P1280,16,131
P1113,16,138
P1101,16,107
P0766,16,34
P1097,16,125
P1763,16,70
P1304,16,46
P0277,16,139
P1112,16,161
P1120,16,52
P1815,16,33
P1256,16,90
P0528,16,14
P0717,16,3
P1322,16,54
P1661,16,78
P0570,16,132
P0531,16,72
P0297,16,93
P0683,16,24
P1603,16,44
P0837,16,180
P0761,16,51
P0402,16,124
P1281,16,105
P1282,16,128
P1795,16,23
P1022,16,71
P1078,16,69
P0715,16,15
P1158,16,165
P0674,16,4
P0926,16,64
P1363,16,146
P1741,16,74
P0618,16,182
P0848,16,155
P1253,16,77
P0530,16,36
P1794,16,95
P0040,16,22
P0856,16,60
P1050,16,59
P1030,16,179
P0042,16,1
P1839,16,45
P0713,16,86
P0608,16,143
P0911,16,83
P1732,16,21
P0174,16,27
P0875,16,181
P0298,16,177
P1153,16,186
P1250,16,53
P1130,16,185
P1124,16,92
P1816,16,156
P0430,16,16
P0429,16,73
P1677,16,196
P0853,16,39
P0529,16,32
P0362,16,5
P0209,16,9
P0404,16,157
P1346,16,48
P0579,16,2
P0116,16,37
P1792,16,97
P1247,16,142
P0463,16,63
P1032,16,162
P0703,16,41
P0330,16,20
P1361,16,66
P1861,16,26
P1870,16,190
P1122,16,169
P0736,16,154
P0910,16,140
P1235,16,111
P1234,16,108
P1608,16,144
P1103,16,171
P0181,16,28
P0201,16,6
P0821,16,189
P0772,16,55
P1687,16,100
P1147,16,158
P1258,16,198
P0191,16,106
P0563,16,85
P1342,16,120
P0644,16,199
P1609,16,35
P1356,16,68
P1013,16,47
P0177,16,137
P0708,16,81
P1284,16,102
P1100,16,150
P1866,16,153
P1871,16,192
P1244,16,119
P0595,16,174
P1021,16,152
P1814,16,38
P0613,16,141
P1111,16,87
P1589,16,112
P0474,16,17
P1214,16,168
P0493,16,167
P1274,16,164
P0924,16,118
P0711,16,96
P0293,16,58
P0255,16,19
P0141,16,61
P1225,16,91
P0920,16,76
P1131,16,191
P0906,16,136
P0874,16,195
P1031,16,197
P1249,16,134
P1288,16,147
P1033,16,172
P1303,16,163
P0427,16,200
P0449,16,109
P1020,16,94
P0757,16,13
P1556,16,193
P1255,16,98
P1567,16,127
P1362,16,84
P1257,16,121
P1213,16,160
P1245,16,88
P1252,16,126
P0773,16,8
P0909,16,80
P1789,16,104
P0017,16,25
P0464,16,65
P0280,16,10
P0050,16,187
P0714,16,115
P1287,16,101
P0676,16,18
P1614,16,110
P1607,16,103
P1254,16,129
P1226,16,99
P0537,16,183
P1865,16,175
P0929,16,117
P0379,16,62
P0548,16,67
P0311,16,11
P1343,16,50
P0854,16,40
P1314,16,49
P1756,16,178
P1102,16,114
P0426,16,75
P1132,16,173
P0872,16,170
P0807,16,159
P0744,16,123
P1268,16,133
P0743,16,149
P1243,16,56
P0927,16,116
P0279,16,130
P1259,16,184
P1019,16,82
P1094,16,166
P0192,16,151
P0709,16,148
P1273,16,194
P0704,16,42
P1703,16,30
P1093,16,57
P1571,16,135
P0211,16,43
P1602,16,31
P0707,16,79
P1029,16,176
P1156,16,188
P0576,16,29
P0062,16,7
P1090,16,122
P0171,16,145
P1834,16,12
P1779,17,125
P0285,17,159
P1791,17,116
P0380,17,155
P0071,17,43
P1113,17,32
P0682,17,42
P0424,17,54
P0006,17,15
P1097,17,74
P1763,17,88
P1112,17,12
P1120,17,104
P1230,17,1
P0982,17,86
P1403,17,137
P0963,17,68
P1485,17,186
P0564,17,36
P0101,17,170
P0513,17,165
P1091,17,163
P1661,17,107
P0179,17,75
P1184,17,160
P0067,17,70
P0531,17,82
P1565,17,185
P1138,17,128
P0761,17,110
P1115,17,83
P0007,17,31
P1022,17,10
P1668,17,149
P1183,17,161
P1778,17,144
P1363,17,2
P1741,17,89
P0259,17,61
P0915,17,92
P1799,17,139
P0535,17,154
P1456,17,176
P0681,17,73
P0856,17,84
P0491,17,27
P0284,17,171
P1050,17,85
P0880,17,93
P1514,17,195
P1839,17,156
P0174,17,28
P0933,17,200
P1277,17,112
P0025,17,62
P1139,17,94
P0981,17,111
P1250,17,106
P0802,17,3
P1145,17,119
P1816,17,138
P1260,17,69
P0847,17,63
P1594,17,127
P0429,17,157
P1641,17,188
P0936,17,197
P0945,17,199
P0616,17,47
P0567,17,72
P0362,17,196
P0209,17,142
P1528,17,181
P1582,17,38
P0313,17,49
P0404,17,101
P1414,17,168
P0463,17,109
P0810,17,77
P0565,17,21
P0617,17,55
P1361,17,100
P0989,17,5
P1017,17,34
P1229,17,8
P0352,17,99
P0736,17,117
P1569,17,46
P1374,17,166
P1103,17,4
P1651,17,56
P1473,17,187
P0181,17,98
P0983,17,40
P1474,17,191
P1147,17,115
P0830,17,175
P1417,17,162
P0800,17,182
P0888,17,29
P0008,17,20
P0412,17,97
P0925,17,96
P0514,17,169
P1648,17,41
P1258,17,37
P0340,17,140
P0339,17,122
P0076,17,190
P1798,17,141
P1820,17,30
P0190,17,6
P1034,17,9
P0675,17,64
P1261,17,51
P1083,17,135
P1356,17,118
P0805,17,52
P0947,17,192
P1021,17,25
P0342,17,124
P1797,17,153
P0852,17,65
P1141,17,150
P1589,17,143
P1041,17,67
P1653,17,50
P0566,17,26
P0493,17,14
P1274,17,13
P0740,17,151
P1481,17,173
P0100,17,180
P1095,17,194
P1144,17,132
P0255,17,71
P0806,17,90
P1658,17,108
P0920,17,81
P1020,17,79
P0737,17,133
P0043,17,189
P1357,17,24
P1645,17,48
P1479,17,193
P1096,17,91
P0515,17,114
P0980,17,23
P0944,17,179
P1827,17,174
P0073,17,183
P1009,17,126
P1789,17,95
P0464,17,102
P1721,17,59
P0343,17,147
P1251,17,146
P1800,17,152
P1823,17,45
P0862,17,53
P1006,17,16
P0863,17,39
P0532,17,18
P0379,17,80
P1018,17,33
P1174,17,19
P0938,17,177
P0854,17,105
P1314,17,113
P1476,17,198
P1102,17,44
P0307,17,35
P1404,17,129
P1181,17,136
P0496,17,7
P0807,17,87
P0744,17,120
P0533,17,158
P1182,17,184
P0767,17,58
P0743,17,148
P1143,17,131
P0758,17,121
P1019,17,78
P0192,17,17
P1777,17,134
P1689,17,11
P1080,17,172
P0211,17,130
P0344,17,145
P0707,17,76
P0276,17,57
P1264,17,66
P1373,17,167
P0341,17,123
P1200,17,178
P1263,17,22
P1043,17,60
P1365,17,164
P0798,17,103
P0285,18,93
P0873,18,127
P0879,18,58
P1151,18,186
P1791,18,49
P0158,18,4
P1113,18,198
P0771,18,111
P0431,18,112
P1097,18,42
P1206,18,132
P1304,18,200
P1555,18,1
P0096,18,88
P0982,18,51
P1686,18,100
P1256,18,173
P1431,18,187
P1485,18,131
P0239,18,7
P0516,18,167
P1407,18,122
P1091,18,72
P0179,18,56
P0570,18,43
P1184,18,168
P1715,18,73
P0531,18,151
P0297,18,144
P1148,18,190
P0584,18,84
P0402,18,109
P1281,18,196
P1129,18,8
P1022,18,52
P1668,18,120
P0926,18,143
P0618,18,30
P0848,18,128
P0282,18,65
P1253,18,166
P1794,18,34
P0258,18,133
P1461,18,63
P1744,18,3
P1050,18,125
P1030,18,5
P0880,18,53
P0517,18,86
P0398,18,25
P1839,18,153
P0713,18,102
P0911,18,160
P0298,18,130
P0987,18,98
P0719,18,2
P1277,18,156
P1638,18,85
P0638,18,95
P1611,18,82
P1139,18,197
P1105,18,169
P1816,18,137
P0391,18,66
P0847,18,145
P1594,18,15
P0768,18,13
P0718,18,14
P0853,18,147
P0432,18,26
P0961,18,35
P0585,18,64
P0404,18,152
P0104,18,189
P1639,18,81
P1478,18,185
P1618,18,165
P1439,18,150
P1082,18,193
P0352,18,117
P1270,18,172
P0417,18,105
P0861,18,77
P1830,18,74
P1470,18,135
P0721,18,9
P0910,18,163
P1103,18,22
P0772,18,118
P1650,18,174
P1417,18,141
P1465,18,154
P0800,18,106
P0925,18,124
P0514,18,123
P0340,18,115
P0412,18,46
P1848,18,157
P0191,18,38
P1239,18,194
P0502,18,45
P1669,18,89
P0148,18,136
P0708,18,48
P0492,18,188
P0595,18,10
P0283,18,94
P0257,18,146
P1589,18,71
P1111,18,97
P1803,18,23
P0155,18,24
P0922,18,60
P0711,18,44
P0884,18,32
P1036,18,75
P0141,18,41
P0146,18,36
P1656,18,17
P1734,18,11
P1658,18,113
P0143,18,37
P0906,18,12
P0762,18,99
P1303,18,6
P0427,18,140
P0449,18,55
P0994,18,175
P0737,18,67
P0538,18,59
P0466,18,184
P0414,18,54
P1645,18,104
P1255,18,195
P1257,18,162
P0582,18,69
P0515,18,121
P1213,18,182
P1096,18,114
P1316,18,181
P1252,18,170
P0773,18,47
P0909,18,161
P1009,18,158
P0464,18,179
P1619,18,183
P1254,18,171
P1607,18,96
P0812,18,108
P0532,18,159
P0972,18,79
P0379,18,40
P0548,18,107
P0111,18,62
P1333,18,180
P0854,18,142
P1756,18,61
P0866,18,70
P1714,18,76
P0615,18,19
P1199,18,177
P1039,18,92
P1876,18,90
P1716,18,87
P0807,18,148
P0337,18,57
P1654,18,116
P1446,18,155
P0240,18,27
P0533,18,176
P1182,18,164
P0867,18,68
P1028,18,18
P0927,18,119
P1094,18,29
P0192,18,83
P0368,18,91
P1227,18,178
P0540,18,78
P0723,18,21
P0752,18,101
P1689,18,16
P0275,18,103
P1080,18,191
P0707,18,126
P1029,18,33
P1483,18,192
P0399,18,39
P1081,18,139
P0140,18,28
P1156,18,199
P1074,18,31
P0544,18,134
P0558,18,129
P0754,18,110
P1200,18,149
P0281,18,50
P1530,18,138
P1090,18,80
P1127,18,20
P1280,19,137
P0771,19,106
P0006,19,174
P0106,19,173
P0759,19,151
P0049,19,149
P1206,19,164
P1120,19,138
P0982,19,111
P1403,19,20
P1256,19,102
P1431,19,8
P0717,19,188
P1023,19,76
P0009,19,168
P1152,19,34
P0411,19,113
P0569,19,90
P0151,19,82
P1758,19,89
P1091,19,1
P0570,19,71
P1085,19,15
P1565,19,30
P1605,19,96
P1212,19,134
P1795,19,81
P0007,19,152
P1281,19,187
P1282,19,186
P1129,19,123
P0715,19,197
P1183,19,144
P0469,19,198
P0259,19,54
P0536,19,150
P0834,19,83
P0840,19,180
P0883,19,130
P0673,19,177
P1359,19,7
P1794,19,115
P0329,19,189
P0856,19,13
P0844,19,171
P1180,19,136
P1050,19,108
P0849,19,61
P0824,19,63
P0911,19,70
P0298,19,72
P0498,19,5
P0562,19,29
P1730,19,178
P1277,19,104
P1329,19,31
P0953,19,53
P1087,19,6
P1817,19,33
P0981,19,47
P1250,19,110
P1816,19,14
P0845,19,153
P0429,19,32
P1641,19,25
P1317,19,2
P0236,19,79
P1178,19,185
P1189,19,170
P1584,19,112
P1429,19,23
P1364,19,39
P0463,19,179
P1360,19,84
P0299,19,121
P0617,19,127
P0611,19,160
P1361,19,148
P1335,19,199
P1826,19,92
P0639,19,85
P0147,19,97
P1311,19,192
P1103,19,126
P1042,19,196
P0983,19,50
P1195,19,11
P1683,19,62
P0760,19,169
P1650,19,183
P0008,19,133
P0800,19,44
P1190,19,105
P0412,19,49
P0568,19,78
P1276,19,107
P1312,19,194
P0191,19,88
P1083,19,26
P0148,19,52
P1279,19,181
P1518,19,38
P1534,19,55
P1207,19,166
P0447,19,87
P0805,19,86
P1290,19,27
P0822,19,28
P1336,19,35
P0852,19,73
P0257,19,56
P1803,19,159
P0471,19,165
P0164,19,175
P0710,19,77
P0003,19,145
P0141,19,80
P1734,19,146
P1940,19,16
P0806,19,116
P1658,19,135
P0716,19,195
P0146,19,119
P0143,19,125
P1116,19,191
P0906,19,129
P0443,19,190
P1288,19,51
P1610,19,158
P1303,19,124
P1192,19,182
P1220,19,109
P0930,19,24
P0043,19,4
P1357,19,172
P1046,19,143
P0809,19,60
P1255,19,103
P0881,19,46
P1257,19,139
P0980,19,94
P1096,19,118
P1300,19,114
P0823,19,17
P1299,19,40
P1434,19,41
P1316,19,100
P1245,19,200
P1295,19,21
P1252,19,176
P1201,19,91
P0909,19,59
P1827,19,75
P0705,19,154
P1878,19,69
P0464,19,140
P1251,19,142
P1619,19,22
P1823,19,101
P0552,19,64
P1179,19,155
P1366,19,19
P0812,19,68
P0254,19,95
P1606,19,128
P0610,19,156
P0551,19,93
P1657,19,42
P0379,19,65
P1278,19,141
P1802,19,161
P0097,19,98
P0307,19,131
P1199,19,147
P1211,19,132
P0807,19,43
P1654,19,157
P1446,19,45
P1182,19,37
P0422,19,67
P0745,19,57
P0392,19,18
P1194,19,10
P0918,19,184
P0302,19,122
P0363,19,163
P0747,19,66
P1302,19,167
P0704,19,117
P1703,19,48
P1432,19,9
P1612,19,162
P1770,19,74
P0707,19,99
P1029,19,120
P1483,19,3
P1395,19,12
P1373,19,36
P0946,19,193
P1530,19,58
P0089,20,73
P0550,20,2
P0803,20,115
P0424,20,67
P0461,20,168
P1056,20,134
P1101,20,181
P1776,20,40
P0481,20,29
P1097,20,129
P1568,20,25
P0381,20,75
P0982,20,122
P1686,20,77
P0825,20,38
P0193,20,182
P0230,20,200
P0516,20,128
P0060,20,190
P1246,20,177
P0101,20,83
P0727,20,189
P0513,20,54
P0570,20,91
P0253,20,152
P0278,20,80
P1484,20,60
P1605,20,15
P0761,20,170
P1098,20,137
P1115,20,81
P1165,20,197
P0259,20,160
P0883,20,33
P0122,20,105
P1829,20,178
P0258,20,74
P1070,20,141
P0832,20,108
P0856,20,99
P1180,20,56
P1050,20,79
P0539,20,164
P1286,20,167
P1839,20,37
P0835,20,116
P0824,20,64
P1054,20,66
P0174,20,95
P0298,20,102
P1329,20,109
P1893,20,43
P1087,20,179
P0958,20,7
P1250,20,161
P1764,20,171
P1105,20,130
P0373,20,8
P1124,20,180
P0429,20,34
P0853,20,97
P0616,20,57
P0229,20,159
P0362,20,26
P1060,20,125
P0323,20,13
P0642,20,35
P0432,20,192
P1164,20,184
P0520,20,11
P0665,20,194
P0962,20,71
P1843,20,78
P1478,20,86
P0728,20,156
P0299,20,28
P1360,20,121
P1666,20,44
P1846,20,186
P1861,20,188
P0617,20,169
P0989,20,1
P0964,20,126
P0948,20,138
P0352,20,52
P0478,20,6
P0553,20,61
P0949,20,143
P0064,20,51
P0181,20,96
P0842,20,183
P0201,20,14
P0821,20,101
P1683,20,111
P1807,20,63
P1035,20,187
P0008,20,98
P0800,20,117
P0321,20,5
P0412,20,106
P0172,20,112
P1276,20,59
P0488,20,30
P1327,20,65
P0805,20,103
P0088,20,199
P0822,20,72
P0852,20,92
P0257,20,70
P1589,20,195
P0283,20,144
P1481,20,68
P0003,20,158
P0255,20,142
P1325,20,53
P0641,20,50
P1298,20,198
P0806,20,104
P1940,20,131
P0889,20,110
P0959,20,12
P0920,20,32
P0755,20,62
P1610,20,127
P0145,20,185
P1539,20,58
P0971,20,154
P1020,20,196
P0757,20,4
P1575,20,174
P1218,20,88
P0414,20,45
P0833,20,100
P0980,20,42
P1096,20,139
P1570,20,17
P0823,20,89
P0904,20,20
P1434,20,114
P1337,20,49
P1062,20,150
P1201,20,87
P0061,20,175
P0210,20,48
P1827,20,9
P0868,20,27
P0705,20,136
P0905,20,10
P0343,20,148
P1457,20,173
P1099,20,147
P1607,20,31
P0812,20,120
P1606,20,18
P1308,20,176
P0532,20,118
P0901,20,113
P0610,20,84
P0548,20,39
P0097,20,90
P0854,20,94
P1333,20,76
P0307,20,23
P0319,20,135
P1102,20,153
P1012,20,82
P1199,20,172
P0527,20,124
P0807,20,41
P1654,20,140
P0396,20,24
P0374,20,162
P0743,20,36
P0166,20,119
P1233,20,69
P0927,20,165
P0279,20,85
P0305,20,21
P0302,20,16
P0057,20,166
P1059,20,157
P1302,20,107
P0704,20,191
P0549,20,163
P1689,20,22
P1063,20,149
P1612,20,145
P0211,20,47
P0400,20,3
P1770,20,93
P0344,20,155
P0707,20,132
P0286,20,123
P1061,20,133
P1381,20,55
P0062,20,46
P0338,20,151
P0882,20,19
P1058,20,146
P1249,20,193
P1202,21,127
P0285,21,145
P0873,21,42
P0928,21,39
P0153,21,34
P0158,21,115
P1113,21,92
P0771,21,24
P0993,21,21
P1203,21,90
P0106,21,35
P1101,21,28
P0594,21,97
P0481,21,89
P1097,21,126
P1206,21,124
P1112,21,100
P1555,21,135
P1120,21,129
P0381,21,69
P1686,21,2
P0982,21,47
P0239,21,3
P0151,21,1
P0059,21,190
P1445,21,104
P0179,21,52
P0278,21,91
P1603,21,64
P1851,21,138
P0761,21,139
P1755,21,189
P1115,21,93
P1668,21,67
P0206,21,31
P0796,21,191
P1363,21,112
P0915,21,41
P0207,21,32
P1794,21,111
P0226,21,192
P1359,21,122
P1647,21,98
P0491,21,29
P1050,21,130
P0849,21,170
P1839,21,160
P0911,21,101
P0498,21,154
P1277,21,158
P0603,21,23
P0981,21,118
P1105,21,183
P1723,21,180
P1124,21,106
P1816,21,159
P0430,21,144
P0847,21,53
P1594,21,4
P1808,21,25
P1831,21,174
P0429,21,153
P0853,21,125
P0038,21,22
P1785,21,82
P1599,21,26
P1843,21,83
P0677,21,108
P1478,21,151
P1247,21,164
P0087,21,14
P0810,21,128
P1229,21,150
P0617,21,119
P1622,21,176
P1550,21,198
P1870,21,46
P1122,21,63
P0736,21,57
P1830,21,186
P1052,21,120
P0910,21,55
P1234,21,48
P1103,21,54
P0524,21,6
P0525,21,36
P0547,21,175
P0791,21,172
P1554,21,134
P1617,21,200
P1687,21,8
P1685,21,16
P0605,21,7
P0340,21,107
P0968,21,81
P0514,21,155
P0339,21,87
P1216,21,143
P1258,21,56
P1628,21,156
P0412,21,68
P1159,21,152
P0117,21,114
P0157,21,121
P1609,21,185
P1854,21,184
P1356,21,85
P1859,21,86
P0177,21,58
P0250,21,141
P1355,21,103
P1100,21,5
P0967,21,84
P1824,21,15
P1021,21,45
P0852,21,33
P1271,21,99
P1782,21,88
P0924,21,165
P1368,21,157
P1656,21,173
P1940,21,199
P0920,21,168
P0134,21,9
P1131,21,123
P0906,21,37
P1288,21,72
P1303,21,43
P0251,21,178
P1662,21,179
P1020,21,131
P0604,21,12
P0127,21,132
P1218,21,167
P0650,21,177
P1357,21,70
P0538,21,116
P0414,21,163
P1645,21,195
P1362,21,117
P1257,21,65
P1096,21,76
P1393,21,102
P1245,21,49
P0252,21,187
P1201,21,77
P0428,21,105
P0843,21,110
P1621,21,188
P1789,21,51
P0216,21,196
P0130,21,11
P0037,21,27
P0343,21,78
P1595,21,18
P0969,21,79
P1287,21,75
P1832,21,136
P1226,21,50
P1606,21,182
P0929,21,171
P0972,21,73
P0379,21,30
P1272,21,162
P1600,21,13
P1860,21,71
P1333,21,147
P0854,21,166
P1314,21,161
P1102,21,20
P1121,21,169
P0426,21,59
P1012,21,74
P1262,21,113
P0960,21,181
P1446,21,149
P0743,21,60
P1804,21,19
P0927,21,38
P0279,21,96
P1259,21,40
P1019,21,148
P0247,21,194
P0192,21,94
P1273,21,66
P0523,21,17
P1850,21,80
P0363,21,140
P0249,21,193
P0540,21,137
P0657,21,10
P1093,21,61
P0543,21,146
P0344,21,95
P0707,21,133
P1722,21,197
P1081,21,62
P1089,21,142
P0739,21,109
P1249,21,44
P1779,22,178
P1202,22,127
P1449,22,105
P1791,22,38
P0158,22,156
P1280,22,134
P1629,22,177
P0682,22,85
P1016,22,172
P1097,22,166
P1763,22,65
P1206,22,101
P0277,22,86
P0370,22,88
P1686,22,141
P1256,22,98
P0009,22,8
P1323,22,159
P0781,22,57
P1445,22,122
P0179,22,115
P0570,22,93
P0531,22,58
P0297,22,82
P1795,22,167
P1281,22,90
P1282,22,83
P0629,22,192
P0555,22,140
P1363,22,164
P0259,22,16
P0840,22,40
P1253,22,111
P1794,22,138
P1359,22,139
P0069,22,37
P1352,22,133
P0687,22,29
P0681,22,91
P1050,22,92
P1437,22,30
P0748,22,69
P0539,22,191
P0880,22,104
P1286,22,81
P1324,22,160
P0686,22,2
P1839,22,73
P0911,22,128
P0174,22,106
P0498,22,116
P0562,22,36
P0248,22,196
P0933,22,112
P1277,22,123
P0178,22,99
P0504,22,1
P0630,22,173
P0981,22,142
P1817,22,114
P1624,22,52
P1423,22,168
P1130,22,97
P1436,22,31
P1124,22,89
P0845,22,7
P0828,22,158
P0616,22,3
P1697,22,10
P0497,22,54
P0588,22,187
P1572,22,27
P1011,22,186
P0962,22,185
P0156,22,143
P0677,22,9
P0617,22,12
P0440,22,63
P1618,22,43
P1439,22,11
P1134,22,125
P1361,22,75
P1270,22,118
P0614,22,78
P1311,22,117
P1052,22,18
P0910,22,95
P1380,22,154
P1320,22,174
P1608,22,77
P0181,22,64
P0842,22,42
P0753,22,175
P0760,22,200
P0340,22,153
P1258,22,102
P0783,22,48
P0191,22,130
P0992,22,41
P0117,22,17
P0292,22,55
P1034,22,194
P0157,22,152
P0921,22,32
P1353,22,151
P1609,22,23
P1279,22,150
P0403,22,70
P0708,22,195
P1355,22,131
P0115,22,28
P1871,22,183
P0257,22,13
P1803,22,6
P0063,22,76
P0155,22,157
P0710,22,14
P0746,22,51
P0922,22,176
P0361,22,5
P0711,22,15
P0924,22,184
P0203,22,53
P1351,22,129
P0141,22,45
P1656,22,47
P1734,22,56
P0920,22,124
P0375,22,59
P1131,22,113
P1288,22,84
P0775,22,39
P0427,22,107
P0449,22,148
P1665,22,62
P0372,22,181
P0538,22,144
P0881,22,149
P1354,22,135
P1362,22,132
P1257,22,120
P0124,22,189
P1096,22,197
P1695,22,94
P0678,22,21
P1316,22,96
P1252,22,136
P0428,22,103
P0909,22,163
P1002,22,71
P0843,22,19
P0643,22,61
P1789,22,161
P0118,22,35
P0676,22,33
P0714,22,190
P1287,22,80
P1254,22,110
P1607,22,74
P0532,22,182
P0125,22,193
P1015,22,188
P1278,22,146
P1272,22,170
P0779,22,44
P1802,22,20
P1191,22,109
P1314,22,79
P0307,22,68
P1102,22,87
P0426,22,121
P1262,22,108
P0244,22,171
P1039,22,66
P0612,22,199
P1654,22,49
P0442,22,25
P0166,22,179
P0815,22,180
P0046,22,50
P0192,22,162
P1787,22,26
P0709,22,198
P0441,22,72
P1302,22,119
P0704,22,147
P0540,22,145
P0024,22,60
P0211,22,22
P0707,22,137
P0777,22,67
P1410,22,126
P0202,22,46
P1053,22,100
P0341,22,155
P1365,22,169
P1172,22,24
P0739,22,4
P0050,22,165
P1834,22,34
P0873,23,48
P0928,23,2
P0903,23,181
P1280,23,13
P1203,23,94
P0006,23,4
P1101,23,169
P1049,23,59
P1763,23,97
P1304,23,130
P0370,23,100
P0381,23,147
P0982,23,60
P0575,23,188
P1813,23,21
P0516,23,122
P0770,23,149
P1091,23,186
P0570,23,187
P1565,23,54
P0817,23,133
P0058,23,146
P0819,23,121
P0188,23,67
P0761,23,45
P0065,23,128
P0007,23,160
P1281,23,125
P0402,23,28
P0541,23,196
P0394,23,14
P0618,23,46
P1363,23,192
P1799,23,87
P1741,23,32
P0535,23,115
P1747,23,166
P0840,23,8
P1794,23,65
P0069,23,86
P0856,23,82
P0494,23,182
P0880,23,109
P0042,23,143
P0835,23,90
P1852,23,163
P0875,23,64
P0298,23,126
P0498,23,189
P1277,23,111
P1638,23,3
P0701,23,148
P1124,23,177
P1816,23,185
P0430,23,53
P0998,23,5
P1392,23,139
P0936,23,104
P0937,23,175
P0853,23,30
P0450,23,150
P1675,23,200
P1317,23,197
P0497,23,145
P0355,23,77
P1427,23,15
P0432,23,39
P0232,23,156
P0733,23,176
P0180,23,83
P0559,23,52
P1011,23,84
P0962,23,132
P0859,23,168
P1073,23,47
P1792,23,113
P0505,23,74
P1718,23,1
P0565,23,114
P0617,23,11
P1361,23,44
P0964,23,124
P0352,23,31
P0639,23,159
P1376,23,96
P1052,23,172
P1269,23,123
P1375,23,75
P0472,23,16
P0760,23,91
P1687,23,165
P1147,23,34
P1417,23,7
P0800,23,138
P1190,23,29
P0412,23,63
P0925,23,158
P1358,23,78
P0191,23,105
P0813,23,101
P0563,23,25
P0502,23,26
P0811,23,24
P1353,23,191
P0820,23,85
P1854,23,162
P1013,23,137
P0447,23,116
P1726,23,127
P0397,23,157
P1284,23,23
P1748,23,161
P1853,23,164
P1589,23,103
P1271,23,41
P1418,23,81
P0155,23,155
P0710,23,33
P0711,23,61
P0055,23,76
P1095,23,43
P1519,23,12
P0923,23,190
P0141,23,42
P1734,23,144
P1940,23,199
P0653,23,6
P1275,23,110
P1658,23,10
P0448,23,38
P1116,23,142
P0851,23,71
P1745,23,152
P1305,23,17
P0349,23,50
P0449,23,183
P0780,23,49
P0737,23,22
P0466,23,35
P1357,23,131
P0833,23,58
P1354,23,184
P1362,23,107
P1255,23,72
P0881,23,129
P1096,23,66
P1316,23,195
P1420,23,112
P1066,23,55
P1002,23,40
P0454,23,141
P0437,23,167
P1878,23,180
P0280,23,102
P0850,23,120
P0905,23,93
P0646,23,170
P0670,23,51
P1251,23,95
P1099,23,118
P1287,23,136
P1823,23,9
P0814,23,134
P0812,23,106
P0929,23,151
P1308,23,56
P0901,23,119
P0610,23,18
P0548,23,27
P1278,23,98
P0395,23,19
P1756,23,36
P1121,23,198
P0527,23,173
P0807,23,79
P0337,23,62
P0612,23,57
P1654,23,73
P0237,23,20
P1268,23,174
P0927,23,37
P0279,23,179
P0004,23,88
P0725,23,193
P0302,23,89
P0192,23,171
P0310,23,194
P0057,23,154
P0704,23,178
P0978,23,99
P0275,23,70
P1080,23,68
P0211,23,153
P0707,23,108
P0276,23,69
P1725,23,92
P0281,23,80
P0062,23,140
P0415,23,135
P1350,23,117
P0285,24,163
P0798,24,16
P0928,24,1
P1791,24,129
P1280,24,30
P1615,24,189
P1776,24,58
P0839,24,180
P1763,24,77
P1112,24,27
P1230,24,102
P1340,24,190
P0926,24,99
P0434,24,36
P1426,24,42
P1322,24,2
P1091,24,57
P0179,24,89
P0570,24,97
P1184,24,141
P0531,24,164
P0297,24,21
P1637,24,179
P1603,24,15
P0837,24,7
P0683,24,135
P0931,24,114
P1795,24,117
P1115,24,24
P1282,24,11
P0402,24,73
P0990,24,100
P1078,24,19
P0715,24,167
P0394,24,82
P1281,24,76
P0555,24,84
P1183,24,154
P0618,24,28
P1363,24,22
P0507,24,132
P0834,24,130
P1741,24,55
P0303,24,98
P0840,24,168
P0530,24,155
P0040,24,156
P1456,24,68
P0258,24,29
P0832,24,47
P0856,24,191
P1437,24,172
P0849,24,56
P0713,24,14
P0911,24,121
P0933,24,146
P1627,24,119
P1277,24,113
P0178,24,107
P1326,24,69
P1638,24,192
P0056,24,116
P1145,24,148
P1105,24,166
P0701,24,64
P1816,24,133
P1237,24,85
P0430,24,127
P0847,24,10
P1124,24,185
P1594,24,169
P0429,24,136
P1641,24,150
P1677,24,20
P1626,24,54
P0853,24,139
P0355,24,188
P0432,24,178
P0585,24,152
P1193,24,103
P0032,24,175
P0579,24,159
P1364,24,92
P1360,24,120
P1718,24,128
P0810,24,25
P0703,24,3
P1439,24,160
P0948,24,81
P1022,24,108
P0435,24,45
P0425,24,96
P1311,24,101
P1122,24,26
P0861,24,149
P1052,24,49
P1374,24,63
P1234,24,33
P1608,24,34
P1375,24,173
P0201,24,147
P0393,24,126
P1147,24,145
P1417,24,111
P0925,24,71
P1358,24,61
P0339,24,134
P0783,24,174
P0191,24,153
P1820,24,62
P0563,24,39
P0811,24,70
P1353,24,176
P1083,24,50
P0820,24,46
P0999,24,59
P1279,24,112
P1284,24,122
P1214,24,8
P1589,24,138
P0291,24,37
P0493,24,4
P1782,24,183
P1674,24,75
P0711,24,86
P0641,24,184
P0167,24,193
P1656,24,91
P0519,24,38
P1940,24,48
P1658,24,35
P1275,24,80
P1225,24,94
P0920,24,88
P0994,24,83
P0737,24,90
P0043,24,161
P1560,24,40
P1255,24,170
P1014,24,187
P1257,24,125
P0515,24,13
P1299,24,52
P1635,24,41
P1252,24,23
P0017,24,162
P1878,24,200
P0343,24,137
P1595,24,110
P1619,24,106
P1800,24,144
P1614,24,66
P0532,24,31
P0610,24,74
P0123,24,53
P0972,24,151
P1657,24,194
P0548,24,32
P0068,24,65
P0395,24,79
P0111,24,140
P1756,24,131
P1314,24,109
P1476,24,165
P0307,24,93
P1121,24,195
P0496,24,44
P0807,24,5
P1370,24,186
P1716,24,143
P0337,24,51
P1446,24,17
P0744,24,157
P0533,24,158
P1182,24,142
P0240,24,123
P0166,24,182
P1804,24,177
P0927,24,124
P0815,24,118
P0305,24,105
P1019,24,104
P1094,24,6
P0709,24,18
P1868,24,196
P1093,24,12
P1432,24,72
P0654,24,60
P0344,24,95
P1339,24,181
P1005,24,198
P0399,24,171
P0304,24,197
P1156,24,199
P0062,24,115
P0065,24,43
P1172,24,78
P0436,24,67
P1249,24,9
P1834,24,87
P0873,25,98
P1791,25,169
P1280,25,170
P1788,25,190
P1113,25,113
P1203,25,4
P0106,25,140
P1524,25,187
P1097,25,130
P1206,25,159
P1112,25,112
P1120,25,148
P0096,25,36
P1256,25,111
P0193,25,151
P1431,25,75
P1485,25,64
P0528,25,60
P0516,25,138
P0564,25,25
P0513,25,131
P1091,25,51
P0570,25,20
P1715,25,33
P0297,25,172
P1565,25,137
P1281,25,85
P0672,25,155
P0671,25,146
P1183,25,49
P0926,25,186
P0535,25,42
P0840,25,88
P1051,25,83
P1253,25,122
P0530,25,70
P1456,25,72
P1508,25,143
P0079,25,188
P0880,25,92
P1514,25,46
P0398,25,183
P1732,25,40
P0824,25,173
P0911,25,120
P0174,25,87
P0498,25,194
P0719,25,23
P0933,25,69
P1153,25,102
P1638,25,39
P0638,25,193
P1611,25,34
P1105,25,184
P1816,25,185
P1237,25,97
P0430,25,100
P1594,25,105
P0429,25,63
P0853,25,52
P0497,25,139
P0432,25,86
P0962,25,197
P1531,25,189
P0859,25,24
P0579,25,3
P1073,25,160
P1728,25,177
P0565,25,115
P0703,25,54
P0440,25,82
P0330,25,76
P0611,25,142
P0724,25,94
P0861,25,37
P1941,25,196
P0865,25,117
P0910,25,110
P1608,25,154
P1320,25,175
P1473,25,55
P0201,25,95
P1650,25,107
P0772,25,135
P1147,25,31
P0830,25,62
P1687,25,114
P0800,25,106
P1783,25,166
P0925,25,178
P0514,25,71
P0339,25,1
P1216,25,174
P0939,25,13
P0783,25,99
P0191,25,29
P1798,25,59
P1820,25,8
P1609,25,14
P0447,25,93
P0947,25,48
P0805,25,15
P0708,25,126
P1244,25,157
P0342,25,43
P1057,25,104
P1141,25,73
P1782,25,149
P0740,25,198
P1144,25,56
P1325,25,128
P1368,25,141
P1036,25,74
P1656,25,16
P1940,25,168
P0959,25,10
P1076,25,152
P0851,25,195
P0072,25,136
P0427,25,79
P0912,25,199
P1020,25,145
P1784,25,158
P0538,25,103
P1357,25,144
P1255,25,118
P0296,25,101
P0356,25,192
P1257,25,108
P0124,25,153
P0667,25,165
P0582,25,66
P0515,25,179
P0904,25,150
P1316,25,119
P1245,25,123
P1252,25,125
P1241,25,7
P0454,25,17
P0909,25,109
P0073,25,38
P1827,25,53
P1009,25,176
P1789,25,84
P0216,25,26
P0280,25,167
P0464,25,132
P1318,25,180
P0905,25,164
P0670,25,162
P1595,25,91
P1047,25,89
P1254,25,124
P1607,25,161
P1606,25,147
P0551,25,22
P1272,25,90
P1596,25,80
P1278,25,81
P0779,25,96
P0311,25,77
P1657,25,171
P0095,25,2
P1314,25,163
P1333,25,61
P1476,25,41
P1714,25,32
P1199,25,11
P1181,25,44
P1520,25,181
P0496,25,5
P0960,25,6
P1716,25,47
P0612,25,116
P0374,25,200
P0744,25,67
P1143,25,57
P0867,25,68
P0261,25,12
P0927,25,182
P1525,25,191
P0192,25,30
P0368,25,78
P1302,25,134
P1227,25,58
P0704,25,127
P0860,25,19
P1818,25,21
P0243,25,133
P1080,25,50
P1075,25,156
P1602,25,65
P0344,25,28
P0707,25,121
P0140,25,9
P0576,25,35
P0062,25,45
P1694,25,18
P0694,25,129
P1834,25,27
P1655,26,180
P0071,26,130
P0380,26,111
P1629,26,13
P1788,26,114
P0006,26,93
P1016,26,78
P1812,26,74
P1097,26,3
P0049,26,95
P1763,26,109
P0370,26,133
P1004,26,37
P1686,26,163
P1256,26,170
P1023,26,124
P0509,26,55
P0162,26,104
P0101,26,151
P1322,26,77
P0151,26,1
P0570,26,173
P0067,26,41
P0297,26,97
P1637,26,84
P0065,26,199
P0007,26,90
P1281,26,67
P0926,26,30
P1363,26,16
P1741,26,118
P1769,26,44
P0816,26,190
P0834,26,174
P0840,26,186
P0259,26,125
P1794,26,132
P0069,26,126
P0856,26,83
P1050,26,86
P0880,26,56
P0517,26,121
P0849,26,103
P0539,26,188
P0398,26,187
P1172,26,185
P0713,26,25
P0911,26,50
P0298,26,80
P1627,26,198
P0348,26,72
P0630,26,10
P1638,26,69
P1611,26,27
P0981,26,57
P1250,26,189
P0756,26,168
P1423,26,7
P0738,26,98
P0651,26,99
P1237,26,61
P0965,26,141
P1594,26,63
P0853,26,53
P0362,26,143
P1228,26,102
P1681,26,46
P1468,26,43
P0355,26,64
P1414,26,110
P1639,26,194
P0299,26,158
P0617,26,172
P0989,26,128
P1335,26,26
P0611,26,156
P0948,26,150
P0571,26,138
P0977,26,137
P0639,26,197
P1376,26,191
P0736,26,164
P0865,26,40
P0949,26,157
P0910,26,71
P1608,26,171
P1103,26,32
P0181,26,144
P0753,26,15
P1650,26,39
P1035,26,38
P1687,26,120
P1147,26,177
P0008,26,85
P0800,26,8
P0412,26,195
P0925,26,184
P0508,26,112
P0339,26,160
P0783,26,60
P0191,26,135
P0645,26,92
P1353,26,66
P0359,26,33
P1013,26,142
P0148,26,159
P0397,26,24
P0967,26,148
P1871,26,31
P1248,26,21
P1117,26,91
P0468,26,105
P0932,26,178
P0710,26,23
P1674,26,183
P1481,26,192
P0055,26,18
P0711,26,9
P0100,26,147
P1368,26,29
P0641,26,100
P0167,26,59
P1940,26,123
P0920,26,75
P1810,26,87
P1698,26,88
P0906,26,45
P0851,26,196
P0322,26,22
P0556,26,68
P0427,26,113
P0994,26,179
P0309,26,162
P0737,26,52
P1560,26,193
P0414,26,152
P0833,26,169
P1257,26,76
P0515,26,127
P1316,26,79
P1750,26,28
P0909,26,70
P0073,26,106
P0643,26,108
P1009,26,54
P1878,26,73
P0280,26,65
P0343,26,161
P1595,26,62
P1614,26,81
P1823,26,49
P1179,26,19
P0532,26,175
P0610,26,167
P0433,26,181
P0125,26,140
P1633,26,6
P1015,26,96
P0379,26,107
P1272,26,51
P1278,26,35
P0395,26,182
P0097,26,134
P1314,26,82
P0486,26,166
P1415,26,48
P1102,26,136
P0307,26,149
P1199,26,36
P1039,26,153
P1654,26,20
P0744,26,2
P0166,26,131
P1804,26,101
P1490,26,42
P0279,26,139
P0305,26,146
P1019,26,58
P0302,26,122
P0163,26,94
P1037,26,47
P0709,26,4
P0636,26,154
P1868,26,116
P1334,26,11
P1711,26,14
P0211,26,155
P0344,26,165
P1770,26,89
P0707,26,119
P1781,26,200
P0399,26,129
P1395,26,5
P1838,26,34
P0304,26,117
P0070,26,145
P1867,26,115
P0436,26,176
P1480,26,17
P1249,26,12
P0109,27,117
P1791,27,108
P1655,27,123
P1280,27,67
P0380,27,161
P1113,27,8
P1615,27,158
P0803,27,141
P1400,27,51
P1405,27,32
P0877,27,87
P0839,27,75
P1016,27,90
P0431,27,156
P0277,27,165
P1349,27,35
P1776,27,190
P1097,27,59
P0982,27,55
P1403,27,101
P0963,27,63
P0193,27,94
P0239,27,120
P1407,27,7
P1246,27,68
P0411,27,155
P1322,27,22
P0727,27,110
P1091,27,178
P1661,27,21
P0179,27,116
P1565,27,127
P0819,27,175
P0837,27,3
P1022,27,74
P1733,27,93
P1165,27,191
P1741,27,16
P0259,27,82
P0536,27,170
P0507,27,185
P1051,27,146
P1794,27,2
P1352,27,44
P0107,27,113
P1050,27,79
P1437,27,54
P0880,27,62
P1286,27,64
P0849,27,126
P0517,27,60
P1839,27,125
P0911,27,85
P0498,27,119
P0587,27,160
P0112,27,139
P1277,27,200
P1027,27,129
P0756,27,164
P0446,27,107
P1124,27,69
P1816,27,100
P0430,27,159
P1237,27,176
P0121,27,31
P0768,27,73
P1775,27,96
P1379,27,39
P0450,27,104
P1681,27,97
P0355,27,154
P1482,27,174
P0032,27,168
P1346,27,24
P1247,27,109
P0565,27,142
P0964,27,83
P1439,27,34
P0948,27,195
P0352,27,52
P1348,27,43
P0910,27,29
P1234,27,14
P1608,27,17
P1103,27,13
P1320,27,192
P1375,27,45
P0181,27,15
P0821,27,189
P0772,27,128
P1687,27,89
P1417,27,182
P0412,27,25
P0568,27,98
P1276,27,134
P0487,27,92
P0783,27,151
P1848,27,1
P1239,27,136
P0563,27,4
P1342,27,26
P0502,27,115
P0811,27,184
P1353,27,38
P1083,27,194
P0999,27,183
P1013,27,81
P1356,27,28
P0447,27,70
P0708,27,102
P1577,27,49
P1425,27,53
P1100,27,5
P0967,27,80
P0607,27,140
P1248,27,103
P0649,27,114
P0257,27,99
P1589,27,61
P1041,27,144
P1782,27,166
P1674,27,172
P0711,27,27
P1519,27,188
P1586,27,153
P1325,27,122
P1368,27,135
P1351,27,50
P0519,27,196
P1940,27,57
P1131,27,11
P0920,27,58
P1305,27,177
P1031,27,9
P0072,27,130
P0145,27,149
P0971,27,76
P0173,27,78
P0737,27,167
P0757,27,42
P1575,27,111
P1560,27,180
P1014,27,65
P1255,27,48
P1257,27,37
P0182,27,181
P1422,27,41
P1252,27,10
P1245,27,118
P0252,27,131
P1241,27,143
P0909,27,86
P1789,27,105
P0280,27,147
P0714,27,23
P1047,27,197
P1398,27,46
P1347,27,40
P1793,27,138
P1823,27,36
P0814,27,106
P1254,27,171
P1606,27,137
P0929,27,20
P0972,27,66
P1015,27,71
P1657,27,91
P0379,27,157
P1174,27,163
P1596,27,95
P1600,27,112
P0433,27,193
P1756,27,124
P1121,27,77
P1132,27,19
P0807,27,30
P0337,27,88
P1370,27,47
P0612,27,121
P0279,27,145
P0704,27,132
P1818,27,199
P0275,27,148
P0654,27,198
P1005,27,72
P0142,27,152
P0707,27,173
P1424,27,33
P1781,27,179
P0276,27,162
P1156,27,6
P0544,27,18
P0281,27,150
P1381,27,56
P0558,27,12
P0062,27,186
P0798,27,169
P0694,27,133
P1090,27,84
P1834,27,187
P0285,28,35
P0873,28,63
P0879,28,114
P1079,28,106
P1113,28,101
P1788,28,8
P0550,28,182
P1056,28,6
P1101,28,197
P0766,28,46
P1097,28,103
P1206,28,139
P1112,28,99
P0381,28,192
P1815,28,48
P1686,28,102
P1285,28,137
P0370,28,83
P1256,28,71
P1023,28,105
P0564,28,187
P0434,28,96
P0101,28,52
P0411,28,60
P0882,28,167
P0297,28,125
P1148,28,49
P0058,28,121
P0683,28,185
P1484,28,151
P1603,28,128
P0065,28,124
P0990,28,177
P1281,28,181
P1668,28,32
P0555,28,1
P1183,28,70
P0926,28,169
P1741,28,16
P0259,28,173
P1747,28,180
P1253,28,84
P1456,28,31
P0445,28,120
P0832,28,146
P1604,28,122
P1050,28,112
P0880,28,170
P0539,28,159
P1286,28,186
P0517,28,41
P1514,28,51
P1026,28,95
P1839,28,18
P0911,28,67
P0498,28,191
P0112,28,77
P0178,28,80
P0609,28,160
P0981,28,140
P1593,28,157
P1145,28,36
P1105,28,15
P0738,28,13
P0419,28,64
P0429,28,174
P0937,28,188
P0853,28,55
P0450,28,92
P0229,28,158
P1675,28,81
P1317,28,196
P1060,28,21
P1856,28,89
P0232,28,82
P0520,28,72
P1217,28,144
P1672,28,168
P0962,28,155
P1193,28,190
P1189,28,22
P0600,28,150
P1663,28,76
P0810,28,59
P1618,28,25
P0425,28,69
P0736,28,91
P0985,28,85
P0865,28,65
P0910,28,149
P0418,28,73
P1608,28,141
P1045,28,94
P0201,28,165
P0821,28,163
P1147,28,164
P1687,28,148
P1417,28,26
P0925,28,179
P0514,28,43
P1276,28,2
P1798,28,42
P1636,28,145
P0502,28,100
P1609,28,195
P0921,28,131
P1356,28,138
P0177,28,66
P1013,28,7
P0447,28,88
P0105,28,143
P0805,28,90
P0397,28,194
P0342,28,47
P1814,28,40
P1748,28,193
P1141,28,29
P0474,28,50
P1111,28,111
P0482,28,104
P0976,28,10
P0679,28,93
P0063,28,119
P1154,28,134
P0922,28,118
P0711,28,75
P1095,28,34
P0923,28,171
P0255,28,87
P1940,28,57
P1116,28,175
P1765,28,147
P0556,28,154
P0560,28,113
P0501,28,98
P1192,28,132
P0427,28,79
P1218,28,161
P1020,28,183
P0757,28,33
P0480,28,109
P0372,28,78
P0466,28,44
P1357,28,136
P1255,28,61
P1362,28,176
P1257,28,56
P1096,28,123
P1213,28,45
P0904,28,129
P1062,28,11
P1252,28,74
P1201,28,135
P0773,28,37
P0909,28,68
P0944,28,152
P0437,28,200
P0705,28,9
P1009,28,116
P1789,28,53
P0969,28,54
P1619,28,23
P1793,28,130
P1614,28,12
P1607,28,17
P0499,28,153
P0812,28,97
P1006,28,5
P1606,28,24
P0972,28,133
P0486,28,156
P1596,28,4
P0068,28,166
P0095,28,178
P0854,28,58
P0097,28,19
P0624,28,3
P1102,28,199
P1121,28,110
P1012,28,162
P1631,28,86
P1199,28,117
P0807,28,108
P0374,28,62
P1268,28,189
P0758,28,107
P0310,28,198
P0441,28,172
P1227,28,30
P0500,28,142
P1777,28,39
P1818,28,184
P0211,28,27
P1602,28,126
P0707,28,115
P1264,28,14
P0576,28,38
P0062,28,127
P1365,28,28
P0739,28,20
P0109,29,118
P1280,29,116
P0071,29,91
P1382,29,46
P0424,29,89
P0759,29,114
P1405,29,57
P1776,29,52
P0277,29,161
P1304,29,196
P1643,29,4
P1112,29,71
P1538,29,45
P0982,29,90
P1686,29,33
P1751,29,10
P1256,29,84
P1517,29,195
P1023,29,174
P0002,29,191
P0411,29,99
P0513,29,28
P0179,29,112
P0570,29,163
P1603,29,122
P1484,29,61
P0065,29,121
P0761,29,126
P1281,29,152
P1710,29,113
P1282,29,185
P0402,29,77
P0555,29,101
P1363,29,107
P1741,29,148
P0259,29,98
P0840,29,109
P1794,29,182
P1359,29,78
P0069,29,180
P0445,29,110
P0856,29,85
P0844,29,186
P1050,29,198
P0880,29,92
P1286,29,153
P0849,29,190
P0911,29,176
P0174,29,68
P0298,29,76
P0019,29,183
P0953,29,16
P0981,29,167
P1816,29,81
P0845,29,181
P1260,29,86
P1594,29,158
P0429,29,53
P0853,29,39
P1535,29,67
P0362,29,54
P0774,29,17
P0952,29,29
P1856,29,21
P1835,29,103
P0027,29,64
P0180,29,187
P0729,29,15
P0859,29,102
P0463,29,142
P0505,29,192
P0690,29,7
P0703,29,105
P1229,29,26
P0810,29,73
P1361,29,143
P0989,29,166
P0617,29,79
P1618,29,37
P1376,29,199
P0724,29,117
P0425,29,36
P1870,29,136
P1122,29,149
P0985,29,14
P1052,29,8
P1632,29,62
P1375,29,147
P0842,29,119
P1683,29,56
P0821,29,1
P1417,29,63
P0008,29,165
P0800,29,172
P0412,29,155
P0514,29,139
P1557,29,189
P1258,29,74
P1536,29,41
P0783,29,169
P1820,29,95
P1342,29,51
P0644,29,141
P1261,29,80
P1609,29,60
P0921,29,24
P1013,29,55
P1859,29,23
P0148,29,138
P0447,29,146
P0805,29,111
P1356,29,127
P0177,29,32
P1866,29,133
P0115,29,179
P0822,29,20
P0274,29,13
P0595,29,137
P1021,29,100
P1589,29,168
P1041,29,170
P0746,29,22
P0922,29,38
P1406,29,40
P0255,29,30
P0641,29,160
P1351,29,173
P0519,29,5
P1940,29,200
P1131,29,128
P1307,29,123
P1537,29,49
P0851,29,70
P1031,29,131
P0522,29,18
P1288,29,150
P1670,29,19
P0930,29,87
P0173,29,156
P0737,29,47
P1613,29,25
P0538,29,125
P0296,29,104
P1362,29,197
P1096,29,134
P1213,29,129
P0051,29,193
P1316,29,194
P1295,29,97
P1486,29,2
P1487,29,11
P0858,29,124
P0464,29,135
P0969,29,35
P0676,29,120
P1047,29,115
P1287,29,184
P0714,29,130
P1614,29,72
P1619,29,83
P1226,29,132
P0254,29,6
P0532,29,75
P0152,29,27
P0972,29,151
P0379,29,177
P1596,29,108
P0125,29,159
P0779,29,162
P1860,29,9
P0548,29,96
P0307,29,82
P0730,29,12
P1631,29,65
P1341,29,58
P0807,29,34
P0240,29,69
P1383,29,42
P1469,29,66
P1501,29,59
P1690,29,48
P0325,29,43
P0192,29,140
P1273,29,145
P1302,29,178
P0500,29,31
P1093,29,144
P0275,29,88
P1409,29,50
P1339,29,164
P1770,29,94
P0707,29,106
P0142,29,175
P0399,29,157
P0276,29,171
P0558,29,3
P1373,29,93
P0415,29,188
P0798,29,154
P1480,29,44
P0109,30,87
P1202,30,69
P1791,30,59
P0879,30,64
P1774,30,136
P1280,30,61
P0380,30,133
P1629,30,1
P0682,30,106
P1553,30,176
P0103,30,31
P0006,30,119
P1776,30,23
P1097,30,158
P0165,30,200
P0054,30,127
P0982,30,56
P1086,30,27
P1403,30,199
P0963,30,163
P1160,30,132
P1517,30,19
P0564,30,187
P1344,30,16
P0067,30,135
P0683,30,89
P1133,30,8
P0065,30,186
P1795,30,72
P0541,30,102
P1542,30,188
P0926,30,101
P1741,30,2
P0834,30,164
P1747,30,104
P1055,30,15
P1456,30,134
P0069,30,90
P0258,30,33
P0681,30,94
P1724,30,55
P0494,30,103
P0849,30,165
P0539,30,22
P1377,30,6
P0824,30,54
P1054,30,28
P0178,30,93
P1326,30,172
P0958,30,181
P0981,30,42
P0446,30,76
P1564,30,128
P0701,30,112
P0651,30,185
P1436,30,122
P1237,30,173
P0430,30,175
P1828,30,74
P0853,30,190
P1681,30,159
P1509,30,166
P1856,30,70
P0497,30,7
P0432,30,83
P0588,30,144
P0315,30,86
P1521,30,47
P0962,30,53
P1193,30,155
P0950,30,32
P1531,30,36
P0139,30,156
P1429,30,174
P0677,30,49
P1728,30,46
P0565,30,146
P1846,30,84
P0703,30,26
P1618,30,111
P0951,30,9
P0425,30,75
P1498,30,71
P0614,30,98
P0553,30,139
P1311,30,65
P1052,30,60
P0910,30,107
P1608,30,3
P1103,30,153
P1328,30,189
P0197,30,121
P1841,30,192
P1375,30,154
P0772,30,78
P1786,30,48
P1035,30,160
P1687,30,21
P0800,30,167
P0925,30,100
P0514,30,34
P0476,30,123
P1327,30,52
P1534,30,118
P0708,30,140
P1355,30,191
P1425,30,51
P1284,30,68
P1244,30,30
P0822,30,126
P0088,30,77
P1394,30,125
P1589,30,99
P0566,30,25
P0063,30,184
P1154,30,183
P0710,30,143
P1674,30,115
P0922,30,157
P0711,30,20
P1219,30,45
P1095,30,120
P0923,30,97
P1734,30,62
P0035,30,50
P1940,30,81
P1275,30,108
P0716,30,10
P0920,30,152
P1116,30,137
P0382,30,73
P0851,30,58
P0906,30,13
P1288,30,129
P0583,30,197
P0272,30,171
P0453,30,194
P1662,30,179
P0737,30,91
P1825,30,39
P0023,30,178
P1354,30,96
P0296,30,67
P1096,30,193
P0515,30,35
P0124,30,168
P0823,30,38
P0198,30,138
P1570,30,170
P1316,30,43
P0061,30,198
P0210,30,40
P0437,30,116
P1321,30,169
P1291,30,145
P1009,30,37
P0464,30,14
P1287,30,141
P1398,30,4
P1254,30,11
P1607,30,12
P1606,30,18
P1660,30,195
P0125,30,196
P1015,30,85
P1278,30,151
P1802,30,124
P0097,30,114
P1102,30,130
P1199,30,80
P1331,30,41
P1383,30,57
P0927,30,82
P0306,30,117
P0918,30,17
P0279,30,88
P0305,30,92
P1037,30,147
P1094,30,79
P0709,30,148
P0057,30,63
P1809,30,180
P1777,30,29
P0133,30,182
P0860,30,105
P1334,30,150
P0024,30,110
P0413,30,66
P1005,30,177
P0777,30,109
P1722,30,149
P0707,30,5
P1483,30,24
P0140,30,95
P0234,30,142
P1530,30,162
P1138,30,44
P0988,30,161
P0739,30,131
P0050,30,113
P1791,31,107
P0879,31,134
P0903,31,192
P0158,31,44
P1280,31,46
P0934,31,185
P0759,31,144
P1776,31,80
P1812,31,170
P1097,31,79
P0049,31,104
P1206,31,118
P1555,31,49
P1568,31,91
P1086,31,187
P1256,31,54
P0963,31,28
P0564,31,29
P0411,31,146
P0569,31,113
P1091,31,65
P0179,31,160
P1565,31,180
P0817,31,190
P0819,31,193
P1605,31,128
P0761,31,168
P1795,31,166
P1098,31,131
P1129,31,112
P1755,31,133
P1541,31,8
P0715,31,124
P1733,31,10
P0535,31,140
P1253,31,72
P1794,31,58
P0687,31,38
P0226,31,19
P0491,31,7
P0880,31,148
P1286,31,161
P0398,31,121
P0194,31,20
P0824,31,191
P0835,31,186
P0875,31,15
P1730,31,81
P0911,31,70
P0933,31,32
P0562,31,43
P1025,31,13
P1326,31,198
P0666,31,152
P1087,31,175
P0603,31,34
P0981,31,35
P0056,31,12
P0446,31,51
P1105,31,136
P1130,31,39
P1124,31,63
P1831,31,48
P1594,31,74
P1808,31,31
P0768,31,98
P1775,31,158
P0718,31,94
P0233,31,179
P0853,31,85
P0362,31,89
P1856,31,154
P0355,31,27
P0236,31,84
P0907,31,188
P0315,31,155
P1011,31,172
P0962,31,18
P1189,31,96
P1584,31,126
P0463,31,88
P1846,31,167
P0703,31,116
P0617,31,102
P0565,31,71
P1622,31,40
P0964,31,26
P1361,31,64
P1335,31,56
P0639,31,95
P0425,31,157
P0147,31,173
P1311,31,73
P0910,31,53
P1042,31,115
P1328,31,176
P0201,31,92
P0760,31,130
P0008,31,86
P0412,31,149
P1628,31,137
P0568,31,123
P1276,31,87
P1216,31,181
P0563,31,68
P0820,31,195
P0708,31,6
P1726,31,9
P1248,31,108
P1505,31,159
P0852,31,109
P1803,31,125
P1589,31,93
P0566,31,50
P0155,31,99
P0493,31,21
P1674,31,163
P0922,31,143
P0055,31,16
P0711,31,24
P0255,31,22
P1325,31,194
P1368,31,197
P0519,31,182
P1372,31,156
P1940,31,150
P0035,31,164
P0143,31,103
P0920,31,78
P1065,31,162
P0762,31,147
P1610,31,120
P1303,31,122
P0449,31,77
P1220,31,106
P1662,31,33
P1020,31,142
P1218,31,178
P1046,31,82
P1739,31,23
P1354,31,47
P1362,31,55
P1257,31,60
P1096,31,30
P1316,31,75
P1393,31,69
P1252,31,59
P1295,31,153
P0909,31,52
P0868,31,90
P0464,31,97
P0850,31,145
P0280,31,1
P0343,31,135
P0905,31,132
P1727,31,2
P1099,31,141
P1254,31,61
P1179,31,110
P0901,31,184
P0610,31,101
P1015,31,169
P0379,31,76
P1278,31,83
P0615,31,119
P1191,31,42
P1102,31,66
P1199,31,171
P1211,31,111
P0237,31,5
P1654,31,129
P0396,31,114
P1024,31,11
P0533,31,174
P0818,31,183
P0913,31,3
P0831,31,199
P0192,31,37
P0057,31,165
P1302,31,105
P0704,31,117
P1689,31,127
P0978,31,14
P1410,31,45
P1029,31,100
P0707,31,67
P1707,31,17
P0286,31,177
P1053,31,41
P1725,31,4
P0836,31,196
P1089,31,57
P0281,31,25
P0754,31,138
P0544,31,189
P0234,31,200
P1660,31,139
P1090,31,62
P1249,31,151
P1834,31,36
P1202,32,82
P1449,32,95
P0873,32,108
P1791,32,189
P0943,32,172
P1280,32,167
P0380,32,166
P0071,32,137
P1293,32,43
P0550,32,129
P0461,32,37
P0106,32,76
P1101,32,78
P1776,32,179
P1016,32,188
P0277,32,62
P1120,32,34
P0381,32,93
P0982,32,128
P1256,32,120
P0516,32,75
P1323,32,24
P0411,32,161
P0513,32,16
P0059,32,15
P0570,32,134
P0297,32,39
P1133,32,49
P0402,32,119
P0799,32,164
P0469,32,1
P0926,32,126
P1741,32,51
P0259,32,135
P0915,32,69
P1837,32,184
P1253,32,74
P1359,32,171
P0687,32,89
P0069,32,147
P0856,32,118
P1030,32,61
P0880,32,132
P0849,32,26
P1286,32,47
P1324,32,92
P1839,32,106
P0608,32,111
P0911,32,36
P0298,32,168
P0875,32,140
P0070,32,139
P1277,32,72
P1153,32,79
P1124,32,100
P0847,32,59
P0768,32,8
P0362,32,133
P0209,32,142
P0588,32,32
P0827,32,181
P1011,32,180
P0665,32,2
P0156,32,87
P0859,32,46
P0139,32,178
P1792,32,73
P0463,32,125
P0565,32,85
P0617,32,136
P1361,32,121
P1622,32,192
P1618,32,4
P0571,32,144
P0352,32,10
P1122,32,60
P0865,32,18
P0902,32,160
P0910,32,27
P1380,32,42
P1608,32,70
P1103,32,81
P0197,32,3
P0181,32,71
P1650,32,50
P1106,32,9
P0772,32,123
P1417,32,190
P1685,32,99
P0800,32,165
P1358,32,156
P0191,32,105
P0117,32,90
P0563,32,127
P1768,32,191
P0644,32,68
P0157,32,98
P0175,32,169
P0921,32,102
P0148,32,63
P1356,32,12
P0177,32,115
P0805,32,22
P0105,32,77
P0947,32,162
P1866,32,80
P1248,32,196
P1824,32,88
P1244,32,114
P1336,32,183
P1021,32,117
P0852,32,155
P1803,32,103
P0545,32,48
P1271,32,21
P1589,32,124
P0155,32,94
P1274,32,116
P0924,32,64
P0361,32,11
P0293,32,53
P0668,32,5
P0255,32,38
P1368,32,44
P1351,32,101
P1940,32,174
P0920,32,143
P1076,32,31
P0851,32,158
P0906,32,97
P0322,32,194
P0762,32,19
P1303,32,65
P0367,32,200
P0427,32,148
P0449,32,96
P0251,32,91
P1020,32,29
P0604,32,84
P0372,32,197
P1255,32,56
P0881,32,6
P1257,32,186
P1213,32,66
P0515,32,153
P1096,32,175
P1695,32,14
P0904,32,41
P0252,32,28
P1201,32,25
P0944,32,157
P1827,32,130
P1621,32,195
P1009,32,152
P1789,32,177
P0260,32,20
P0714,32,109
P1254,32,104
P1607,32,159
P0499,32,7
P1606,32,45
P0532,32,23
P0620,32,40
P0379,32,150
P1596,32,154
P1015,32,193
P0125,32,141
P0548,32,138
P1343,32,35
P0854,32,182
P0097,32,145
P0426,32,52
P1262,32,83
P1268,32,113
P1446,32,110
P1757,32,199
P0279,32,58
P1037,32,198
P0709,32,187
P1273,32,173
P1302,32,149
P0500,32,17
P1571,32,57
P1080,32,163
P1075,32,30
P0211,32,146
P0415,32,170
P1265,32,13
P0707,32,107
P1029,32,122
P1395,32,176
P1081,32,151
P1156,32,54
P0558,32,55
P1089,32,86
P1530,32,33
P1365,32,185
P0798,32,67
P0171,32,112
P1834,32,131
P0928,33,16
P0578,33,8
P0903,33,91
P0153,33,154
P1280,33,147
P1113,33,180
P1056,33,179
P1203,33,28
P0106,33,35
P1206,33,189
P1538,33,193
P0381,33,56
P1285,33,175
P1086,33,31
P1256,33,66
P0193,33,71
P1340,33,4
P1177,33,26
P0564,33,146
P0009,33,164
P0002,33,111
P0411,33,99
P0485,33,170
P0297,33,176
P0817,33,103
P0188,33,60
P0065,33,174
P0761,33,149
P1281,33,74
P1755,33,23
P1165,33,81
P0926,33,22
P1363,33,76
P1799,33,135
P1253,33,61
P1359,33,77
P0107,33,80
P0856,33,133
P0491,33,102
P1050,33,90
P0855,33,126
P0849,33,41
P0686,33,148
P0298,33,142
P0933,33,153
P1277,33,168
P0019,33,32
P1817,33,155
P0981,33,83
P1087,33,29
P0701,33,15
P1808,33,59
P1392,33,143
P0233,33,38
P0853,33,121
P0742,33,122
P1681,33,96
P0774,33,196
P0209,33,89
P1228,33,7
P1835,33,190
P0313,33,92
P0520,33,178
P1011,33,140
P1189,33,67
P1792,33,127
P1247,33,63
P0565,33,114
P1846,33,169
P1361,33,117
P1335,33,166
P1439,33,163
P0989,33,14
P1376,33,51
P0724,33,188
P0577,33,19
P1311,33,100
P1052,33,191
P0865,33,20
P1380,33,158
P1608,33,192
P1045,33,198
P1269,33,55
P0821,33,187
P0772,33,79
P1417,33,199
P1648,33,68
P0412,33,62
P0568,33,82
P1583,33,21
P1628,33,105
P0191,33,72
P0813,33,131
P1798,33,123
P1342,33,195
P1261,33,185
P0921,33,186
P1609,33,162
P0175,33,108
P1356,33,48
P1013,33,141
P1279,33,160
P0447,33,139
P0452,33,88
P0105,33,106
P1726,33,33
P0786,33,98
P0115,33,54
P1803,33,152
P0566,33,134
P1418,33,73
P0055,33,2
P0255,33,42
P1325,33,36
P1734,33,13
P1940,33,75
P1131,33,165
P1307,33,181
P0851,33,30
P0195,33,120
P1497,33,97
P1413,33,1
P0427,33,173
P0314,33,24
P1575,33,87
P0127,33,159
P1357,33,45
P0466,33,12
P0414,33,94
P1255,33,46
P0881,33,70
P1257,33,52
P1096,33,137
P0515,33,107
P1316,33,78
P1393,33,116
P1252,33,58
P1420,33,145
P1201,33,177
P0944,33,27
P1321,33,64
P0216,33,161
P0130,33,157
P0118,33,25
P0969,33,138
P1251,33,47
P0037,33,171
P1287,33,115
P1793,33,182
P1254,33,57
P1800,33,119
P0343,33,3
P0814,33,101
P0812,33,128
P0144,33,49
P1006,33,197
P1606,33,151
P1471,33,18
P0204,33,11
P0901,33,40
P0379,33,104
P1278,33,112
P0938,33,93
P0097,33,84
P0854,33,172
P0307,33,132
P1598,33,85
P1262,33,167
P1419,33,118
P1631,33,184
P1199,33,65
P0807,33,124
P1341,33,144
P0960,33,156
P1654,33,34
P1243,33,50
P1143,33,9
P0818,33,37
P0004,33,125
P0305,33,130
P0302,33,129
P1690,33,200
P1221,33,86
P1059,33,5
P1302,33,110
P1227,33,10
P0500,33,183
P0275,33,113
P1409,33,194
P1571,33,17
P0707,33,136
P0286,33,39
P0276,33,69
P1725,33,44
P1156,33,6
P0754,33,109
P1365,33,95
P0798,33,43
P0739,33,150
P1350,33,53
P1779,34,141
P0285,34,33
P0873,34,176
P0798,34,103
P1791,34,78
P0903,34,19
P0153,34,126
P1280,34,74
P0526,34,55
P0934,34,52
P1203,34,5
P1776,34,175
P1097,34,88
P1049,34,190
P1315,34,182
P0165,34,147
P1004,34,150
P1686,34,79
P0528,34,30
P0434,34,171
P0009,34,121
P1563,34,200
P1407,34,35
P0059,34,123
P1091,34,86
P0570,34,187
P0067,34,149
P1565,34,49
P1836,34,172
P0817,34,102
P0819,34,64
P0188,34,98
P1541,34,100
P1795,34,134
P0007,34,2
P0761,34,186
P1282,34,58
P1022,34,1
P1605,34,142
P0459,34,199
P0555,34,158
P0206,34,61
P0618,34,163
P1363,34,132
P0259,34,15
P0536,34,164
P0207,34,56
P1794,34,167
P0673,34,152
P0069,34,90
P0681,34,160
P0832,34,53
P1399,34,63
P0855,34,106
P1026,34,159
P1839,34,31
P0875,34,25
P0248,34,137
P1277,34,7
P0178,34,127
P0056,34,101
P0638,34,185
P1401,34,71
P1145,34,34
P0446,34,81
P0701,34,12
P1130,34,125
P1124,34,77
P0845,34,109
P0430,34,179
P0473,34,67
P0429,34,32
P0936,34,70
P0853,34,93
P0937,34,57
P0945,34,43
P1599,34,87
P0497,34,20
P1528,34,27
P0907,34,112
P0827,34,173
P1011,34,97
P0962,34,153
P1193,34,143
P0579,34,26
P0677,34,117
P1364,34,3
P0617,34,130
P1134,34,83
P1618,34,194
P0352,34,177
P1270,34,180
P0639,34,196
P0425,34,4
P1311,34,124
P0861,34,44
P1234,34,6
P0547,34,114
P1554,34,115
P0791,34,84
P1650,34,41
P1358,34,92
P0339,34,24
P0191,34,166
P0117,34,89
P0563,34,116
P1768,34,144
P1034,34,156
P0189,34,21
P1353,34,113
P0447,34,162
P0115,34,99
P1244,34,198
P0822,34,69
P1336,34,148
P1186,34,65
P1748,34,9
P0474,34,36
P1271,34,189
P0746,34,13
P0922,34,136
P0680,34,154
P0055,34,62
P0293,34,188
P1095,34,50
P0100,34,28
P0255,34,104
P1368,34,54
P1351,34,120
P1656,34,82
P1940,34,174
P0920,34,95
P0448,34,168
P1288,34,94
P0349,34,181
P0427,34,91
P0449,34,135
P1020,34,11
P0371,34,151
P1357,34,111
P0466,34,191
P0245,34,195
P1354,34,48
P0833,34,68
P1257,34,73
P1096,34,75
P0515,34,17
P0020,34,51
P0769,34,140
P1213,34,38
P1185,34,145
P1827,34,45
P1621,34,131
P1321,34,108
P1009,34,46
P0216,34,47
P0130,34,118
P0905,34,107
P1832,34,119
P1800,34,72
P1607,34,22
P0812,34,96
P1366,34,66
P0532,34,161
P0610,34,138
P0972,34,157
P0379,34,193
P1278,34,76
P0938,34,60
P0111,34,29
P0866,34,37
P1102,34,192
P1714,34,178
P0426,34,128
P1476,34,39
P1199,34,105
P0496,34,14
P0960,34,23
P0807,34,110
P0612,34,155
P0244,34,146
P1268,34,10
P0046,34,184
P0758,34,40
P0669,34,139
P0363,34,165
P0704,34,85
P1777,34,42
P0860,34,16
P0978,34,59
P0211,34,80
P0344,34,18
P0707,34,169
P1722,34,133
P0511,34,183
P1053,34,122
P0202,34,8
P1172,34,197
P1090,34,129
P1834,34,170
P1791,35,38
P0943,35,157
P0934,35,113
P0526,35,124
P1382,35,54
P0984,35,46
P1203,35,75
P0877,35,35
P1101,35,139
P1763,35,126
P1643,35,66
P0381,35,89
P1815,35,22
P0963,35,93
P0193,35,114
P0239,35,189
P0230,35,128
P0516,35,37
P1790,35,45
P1407,35,16
P0060,35,95
P0434,35,147
P0727,35,141
P0059,35,180
P0151,35,196
P1435,35,125
P0531,35,41
P0990,35,81
P1022,35,72
P0796,35,190
P1363,35,155
P0957,35,40
P0840,35,49
P1051,35,43
P0673,35,29
P1456,35,9
P0832,35,152
P0491,35,109
P1604,35,55
P0880,35,137
P1286,35,84
P0398,35,127
P0824,35,106
P0835,35,47
P1839,35,68
P0911,35,156
P0174,35,186
P0987,35,36
P0562,35,191
P1025,35,107
P0638,35,17
P1401,35,44
P0446,35,133
P1723,35,178
P1124,35,177
P1816,35,88
P0391,35,21
P0430,35,6
P0847,35,165
P1808,35,119
P1512,35,153
P0936,35,26
P0853,35,122
P0529,35,8
P0450,35,142
P1599,35,181
P1509,35,146
P0355,35,110
P0232,35,64
P0588,35,164
P0520,35,59
P0027,35,56
P0827,35,163
P1189,35,116
P1663,35,52
P1365,35,14
P0139,35,170
P1792,35,121
P1364,35,83
P1478,35,23
P0505,35,112
P1119,35,39
P1229,35,60
P0703,35,1
P0440,35,98
P1618,35,25
P0964,35,28
P1550,35,195
P0425,35,91
P0861,35,18
P1830,35,5
P1455,35,34
P1320,35,166
P1045,35,48
P1269,35,120
P1319,35,132
P0983,35,175
P0753,35,167
P0412,35,145
P0514,35,11
P1258,35,168
P0939,35,30
P1276,35,82
P0487,35,144
P0813,35,104
P0563,35,176
P1261,35,53
P0502,35,50
P0921,35,194
P0947,35,111
P0786,35,143
P1824,35,187
P1248,35,138
P1814,35,15
P0257,35,197
P0852,35,101
P1111,35,97
P1141,35,4
P0063,35,67
P0710,35,185
P1674,35,160
P0711,35,161
P0100,35,7
P0055,35,150
P0255,35,103
P1368,35,151
P1036,35,158
P0519,35,62
P1372,35,140
P1940,35,92
P1275,35,171
P1225,35,80
P1131,35,188
P0906,35,169
P0427,35,51
P1192,35,58
P1665,35,71
P0251,35,198
P1662,35,184
P0127,35,183
P0466,35,33
P1739,35,115
P0833,35,154
P0028,35,31
P0904,35,69
P1245,35,135
P0428,35,32
P0909,35,86
P1827,35,20
P0216,35,90
P0130,35,192
P0017,35,24
P0343,35,117
P1823,35,174
P0812,35,94
P0125,35,99
P0379,35,105
P1278,35,123
P0548,35,130
P1860,35,65
P0111,35,13
P1314,35,87
P1404,35,136
P1598,35,134
P1419,35,118
P0730,35,57
P0496,35,73
P0807,35,63
P1341,35,61
P1716,35,10
P1654,35,96
P0374,35,129
P1510,35,149
P0166,35,173
P1143,35,2
P0305,35,78
P0302,35,159
P0247,35,182
P1787,35,199
P0441,35,74
P0368,35,19
P0709,35,162
P0249,35,179
P0540,35,200
P0860,35,79
P1513,35,148
P1080,35,100
P0024,35,76
P0211,35,77
P0344,35,3
P1707,35,102
P1395,35,108
P0140,35,70
P0062,35,27
P1200,35,42
P1845,35,131
P1138,35,12
P1694,35,85
P1172,35,193
P0050,35,172
P1678,36,35
P0873,36,183
P0879,36,110
P0943,36,69
P1805,36,200
P1280,36,123
P0741,36,188
P1079,36,138
P1293,36,76
P0066,36,156
P0803,36,194
P1056,36,45
P0103,36,165
P0006,36,144
P0759,36,16
P0877,36,33
P1203,36,180
P1101,36,85
P0049,36,2
P1097,36,81
P1643,36,116
P1112,36,136
P1142,36,11
P1592,36,28
P1686,36,15
P1285,36,118
P0963,36,129
P1256,36,155
P1023,36,12
P0564,36,48
P0434,36,109
P1323,36,187
P0179,36,137
P1565,36,14
P0660,36,34
P1603,36,1
P1484,36,115
P0761,36,176
P1104,36,17
P1755,36,197
P1022,36,53
P0970,36,8
P0555,36,168
P0618,36,88
P1140,36,41
P1741,36,68
P0816,36,167
P1118,36,23
P1055,36,82
P0259,36,166
P1051,36,37
P0856,36,95
P0880,36,50
P0539,36,193
P1054,36,47
P0911,36,83
P0174,36,20
P0298,36,40
P0608,36,70
P0178,36,111
P1077,36,128
P1153,36,189
P0609,36,159
P1611,36,186
P0802,36,149
P1250,36,7
P0701,36,27
P0419,36,124
P0845,36,199
P1069,36,57
P0853,36,84
P0450,36,112
P0404,36,122
P1574,36,174
P0156,36,31
P1663,36,119
P1242,36,90
P1073,36,92
P1792,36,43
P0463,36,18
P0299,36,38
P0810,36,105
P0989,36,3
P1361,36,89
P1134,36,66
P1161,36,71
P1311,36,103
P1455,36,36
P1380,36,63
P0201,36,150
P0821,36,117
P0760,36,143
P1687,36,135
P1685,36,175
P0605,36,192
P1783,36,160
P0412,36,59
P1628,36,162
P0916,36,10
P0939,36,24
P0813,36,172
P1412,36,77
P0488,36,130
P1636,36,153
P1261,36,127
P0502,36,32
P1609,36,30
P1356,36,9
P0805,36,198
P0105,36,64
P1425,36,157
P0397,36,100
P0607,36,191
P1309,36,161
P1072,36,94
P1244,36,91
P0088,36,93
P0566,36,46
P0155,36,42
P0746,36,108
P1782,36,67
P0922,36,54
P0924,36,185
P0711,36,139
P0293,36,26
P0203,36,182
P0668,36,58
P0255,36,132
P0923,36,75
P0954,36,102
P1656,36,146
P1940,36,133
P0716,36,72
P0317,36,4
P0920,36,56
P0851,36,80
P0195,36,73
P0762,36,141
P0453,36,21
P1020,36,195
P1067,36,60
P0538,36,142
P1784,36,62
P1257,36,145
P1096,36,131
P1695,36,196
P0823,36,152
P0021,36,19
P0593,36,190
P1316,36,86
P1337,36,65
P1245,36,134
P1252,36,98
P1066,36,51
P0909,36,178
P1002,36,52
P1827,36,5
P0858,36,113
P1789,36,173
P1878,36,25
P0670,36,44
P1614,36,114
P1823,36,61
P0499,36,184
P0863,36,29
P1308,36,99
P0610,36,79
P0619,36,101
P0152,36,170
P1272,36,154
P1657,36,78
P0026,36,22
P1038,36,97
P0097,36,126
P0854,36,106
P1415,36,39
P1631,36,125
P0527,36,177
P1578,36,169
P0337,36,181
P0612,36,147
P0743,36,140
P1243,36,104
P1496,36,163
P1068,36,55
P1642,36,151
P0815,36,171
P1019,36,49
P0955,36,96
P0831,36,164
P0656,36,158
P0184,36,13
P0704,36,74
P0500,36,107
P0344,36,179
P0707,36,87
P0304,36,6
P0558,36,120
P0062,36,121
P0882,36,148
P1779,37,195
P0699,37,105
P1449,37,66
P0873,37,8
P1791,37,120
P0943,37,189
P1840,37,137
P1805,37,7
P0380,37,148
P1079,37,1
P0698,37,100
P1206,37,22
P1004,37,184
P1142,37,85
P0697,37,97
P1340,37,21
P0516,37,33
P1177,37,2
P1152,37,65
P0060,37,110
P1323,37,13
P0886,37,63
P0570,37,99
P0531,37,134
P0297,37,46
P0761,37,167
P1104,37,116
P0065,37,112
P0007,37,143
P1281,37,5
P0629,37,185
P0674,37,81
P1165,37,140
P1769,37,162
P0259,37,139
P1837,37,175
P0079,37,27
P1794,37,26
P0069,37,117
P0258,37,146
P0832,37,160
P0880,37,197
P0347,37,15
P0539,37,6
P1839,37,49
P0911,37,168
P0174,37,45
P0498,37,34
P1326,37,51
P0630,37,154
P0666,37,61
P0958,37,71
P0981,37,50
P0638,37,37
P1250,37,103
P0014,37,73
P0651,37,59
P0456,37,96
P1171,37,55
P0937,37,133
P0853,37,114
P1675,37,62
P1681,37,128
P0952,37,53
P0209,37,118
P1217,37,183
P0827,37,170
P1011,37,127
P0950,37,31
P0139,37,159
P1478,37,80
P1247,37,67
P1728,37,28
P0565,37,192
P1846,37,119
P0440,37,109
P0989,37,76
P1622,37,180
P0684,37,121
P0611,37,147
P0810,37,11
P1618,37,12
P0948,37,101
P0425,37,24
P0949,37,111
P0917,37,91
P1608,37,60
P1319,37,173
P0181,37,35
P0885,37,52
P0213,37,58
P1786,37,36
P0800,37,155
P0001,37,84
P0925,37,42
P0514,37,29
P1258,37,149
P0487,37,126
P0488,37,90
P1636,37,9
P0502,37,88
P0175,37,20
P0941,37,83
P1297,37,124
P0161,37,10
P0708,37,130
P1425,37,43
P1871,37,171
P1244,37,40
P1111,37,74
P1214,37,57
P0474,37,89
P1589,37,131
P1674,37,182
P0924,37,48
P0711,37,176
P0055,37,186
P1406,37,187
P1219,37,152
P0293,37,23
P1036,37,165
P0167,37,188
P1656,37,194
P1940,37,157
P1734,37,16
P1658,37,123
P0366,37,75
P1116,37,82
P0906,37,200
P0557,37,87
P1634,37,4
P1288,37,102
P0145,37,122
P1497,37,125
P0272,37,164
P1591,37,79
P1220,37,107
P1662,37,56
P0737,37,158
P1613,37,94
P0453,37,136
P1357,37,144
P1014,37,196
P1213,37,150
P0769,37,190
P0678,37,41
P1316,37,25
P1385,37,39
P0154,37,142
P0061,37,104
P0428,37,98
P0210,37,95
P1486,37,77
P1827,37,163
P1621,37,169
P0377,37,17
P1009,37,30
P1789,37,135
P0017,37,86
P1318,37,47
P0118,37,3
P0676,37,38
P0685,37,68
P0499,37,19
P1366,37,178
P1308,37,115
P0204,37,14
P1272,37,156
P1015,37,172
P0379,37,199
P1633,37,198
P0097,37,132
P0854,37,70
P1314,37,44
P0318,37,161
P0706,37,92
P0612,37,191
P1654,37,177
P1495,37,129
P0991,37,141
P0942,37,108
P0135,37,138
P1428,37,64
P1757,37,166
P0815,37,179
P0273,37,181
P0302,37,78
P0163,37,174
P1787,37,145
P0184,37,93
P0441,37,113
P0808,37,54
P1918,37,72
P0211,37,18
P0707,37,153
P1395,37,193
P0544,37,151
P0062,37,69
P0436,37,106
P1249,37,32
P0109,38,85
P0285,38,37
P0873,38,104
P1791,38,3
P0903,38,118
P1280,38,159
P0071,38,137
P0934,38,150
P1113,38,54
P1293,38,92
P0550,38,168
P0803,38,45
P1056,38,86
P0461,38,41
P0984,38,27
P0006,38,4
P0759,38,8
P0049,38,23
P1763,38,174
P1304,38,125
P1230,38,47
P0193,38,83
P1256,38,63
P0575,38,96
P1023,38,24
P0060,38,17
P0411,38,56
P0513,38,73
P0781,38,167
P0179,38,82
P1694,38,166
P0531,38,43
P0297,38,93
P1565,38,123
P0058,38,179
P0188,38,116
P1605,38,36
P1104,38,32
P0016,38,22
P1281,38,97
P1022,38,64
P0970,38,35
P0303,38,194
P0231,38,9
P0648,38,15
P1799,38,134
P0259,38,109
P0957,38,20
P1118,38,39
P1794,38,117
P0226,38,151
P1590,38,199
P0491,38,65
P1050,38,133
P0880,38,70
P0849,38,124
P0748,38,105
P1026,38,200
P0824,38,132
P0835,38,149
P1839,38,81
P0911,38,178
P0987,38,44
P0498,38,108
P1277,38,48
P1153,38,198
P0025,38,57
P0630,38,5
P0802,38,53
P1105,38,153
P0701,38,111
P1816,38,114
P0228,38,182
P1641,38,66
P0768,38,185
P0233,38,144
P0450,38,69
P1780,38,89
P0952,38,2
P0497,38,28
P0232,38,186
P0907,38,154
P0432,38,181
P1482,38,1
P0027,38,10
P0559,38,183
P0962,38,26
P0859,38,84
P1792,38,16
P0505,38,120
P0299,38,6
P0565,38,71
P0703,38,30
P0440,38,195
P1361,38,158
P0617,38,191
P0948,38,91
P0352,38,192
P0147,38,128
P1311,38,115
P0417,38,55
P0902,38,141
P1455,38,29
P1380,38,18
P1453,38,75
P0760,38,157
P0661,38,42
P1147,38,40
P0925,38,161
P0340,38,58
P1258,38,196
P0992,38,139
P0813,38,140
P0175,38,147
P0921,38,72
P0820,38,95
P1854,38,101
P1356,38,87
P0447,38,127
P0805,38,61
P0967,38,19
P0115,38,148
P0822,38,60
P1748,38,171
P1589,38,102
P1041,38,59
P1418,38,131
P0155,38,136
P0746,38,107
P0203,38,103
P0293,38,11
P1325,38,80
P0519,38,155
P1940,38,176
P0375,38,173
P1116,38,38
P0851,38,122
P1443,38,13
P1288,38,113
P1192,38,78
P0780,38,184
P1020,38,46
P1784,38,74
P0940,38,31
P1739,38,143
P1255,38,156
P0414,38,68
P0515,38,129
P1695,38,98
P1316,38,94
P0454,38,110
P1066,38,180
P1002,38,189
P0643,38,160
P1009,38,138
P0216,38,164
P1878,38,172
P0905,38,142
P0670,38,88
P1099,38,121
P1607,38,163
P1366,38,52
P1606,38,79
P0620,38,76
P1657,38,49
P1596,38,34
P0125,38,112
P0026,38,21
P0779,38,177
P1343,38,90
P1756,38,77
P0307,38,188
P1199,38,106
P0527,38,169
P0960,38,165
P1654,38,130
P1446,38,51
P0166,38,190
P0767,38,67
P0261,38,170
P1068,38,193
P0279,38,187
P0310,38,100
P0704,38,99
P0500,38,7
P0581,38,14
P0707,38,33
P1707,38,135
P0276,38,146
P0304,38,25
P1725,38,152
P0140,38,175
P1156,38,197
P0836,38,126
P1264,38,62
P1263,38,50
P0070,38,162
P0798,38,119
P1350,38,145
P0050,38,12
P1202,39,44
P0873,39,97
P0879,39,16
P1655,39,120
P0578,39,167
P0106,39,46
P1097,39,77
P1206,39,86
P0049,39,185
P1112,39,23
P1763,39,191
P1686,39,7
P0170,39,192
P1256,39,6
P1023,39,116
P1340,39,111
P0239,39,160
P0516,39,67
P1563,39,186
P0162,39,187
P0569,39,136
P0179,39,125
P0570,39,96
P0067,39,22
P0297,39,112
P0819,39,128
P0660,39,100
P1605,39,45
P1755,39,171
P1212,39,37
P1281,39,155
P0007,39,166
P1282,39,148
P0555,39,108
P0469,39,149
P0618,39,41
P1363,39,17
P1051,39,127
P1458,39,162
P1359,39,15
P0673,39,140
P0329,39,28
P0856,39,89
P1744,39,36
P1180,39,43
P0849,39,91
P0539,39,54
P1026,39,117
P0911,39,129
P0298,39,104
P0498,39,25
P1730,39,156
P1153,39,94
P1329,39,71
P1250,39,53
P1126,39,175
P1105,39,79
P0738,39,99
P0430,39,109
P0845,39,154
P0473,39,1
P0429,39,72
P0520,39,139
P0559,39,133
P0962,39,81
P0404,39,13
P1414,39,131
P1189,39,31
P1364,39,11
P0728,39,55
P0299,39,48
P0703,39,29
P0617,39,24
P1361,39,115
P1826,39,30
P0964,39,82
P0212,39,119
P0989,39,151
P0352,39,107
P1874,39,190
P0722,39,173
P1122,39,110
P0949,39,70
P0865,39,174
P1103,39,18
P0201,39,40
P0821,39,62
P1106,39,164
P0008,39,69
P0412,39,134
P0514,39,49
P0968,39,85
P1276,39,14
P1312,39,42
P0191,39,176
P1083,39,8
P0148,39,92
P0447,39,152
P1533,39,180
P0967,39,59
P0794,39,189
P0613,39,183
P1394,39,200
P0283,39,58
P0852,39,78
P1674,39,102
P0003,39,80
P0361,39,163
P0668,39,124
P0711,39,132
P0055,39,165
P1368,39,61
P0141,39,35
P1734,39,34
P1940,39,93
P0146,39,150
P1658,39,9
P0716,39,27
P0789,39,188
P0920,39,198
P1116,39,137
P0906,39,33
P1001,39,103
P1610,39,57
P1303,39,32
P0427,39,101
P0449,39,10
P0971,39,60
P0309,39,74
P1020,39,26
P1218,39,52
P0757,39,199
P0538,39,2
P0466,39,123
P1046,39,142
P1645,39,5
P0414,39,73
P1255,39,12
P0881,39,4
P0833,39,135
P1096,39,75
P0515,39,19
P1300,39,141
P1434,39,56
P0198,39,161
P1316,39,68
P0420,39,177
P1201,39,143
P0909,39,172
P0944,39,158
P0705,39,83
P0464,39,98
P0969,39,51
P0343,39,178
P0795,39,168
P1607,39,20
P1823,39,21
P1179,39,146
P1367,39,122
P0901,39,65
P1308,39,121
P0551,39,138
P0972,39,63
P0379,39,95
P0548,39,50
P1657,39,184
P0779,39,130
P1802,39,195
P0097,39,145
P1756,39,182
P1430,39,118
P0307,39,47
P1199,39,157
P1540,39,179
P0807,39,64
P0337,39,113
P1341,39,170
P1654,39,88
P0240,39,144
P0744,39,181
P0743,39,66
P1058,39,90
P1194,39,3
P0279,39,87
P0305,39,147
P0302,39,39
P1612,39,38
P1339,39,105
P0010,39,159
P0378,39,169
P0707,39,196
P0286,39,194
P0399,39,197
P1156,39,106
P1712,39,193
P1089,39,84
P1381,39,76
P0415,39,114
P0882,39,153
P1090,39,126
P1449,40,8
P0928,40,57
P0879,40,110
P1791,40,107
P0903,40,127
P0158,40,144
P0741,40,68
P0089,40,173
P0771,40,4
P0526,40,140
P0803,40,80
P0461,40,100
P0759,40,101
P1776,40,191
P0049,40,66
P1097,40,159
P1112,40,166
P1555,40,7
P0381,40,192
P1142,40,26
P1086,40,70
P1790,40,90
P0564,40,1
P0434,40,136
P1563,40,154
P1177,40,78
P0411,40,121
P0101,40,194
P0513,40,28
P0059,40,71
P0179,40,151
P1435,40,108
P0058,40,143
P0660,40,58
P0278,40,170
P1755,40,17
P1098,40,176
P1281,40,61
P1115,40,178
P1282,40,155
P1733,40,126
P0016,40,104
P0970,40,89
P0303,40,145
P1363,40,13
P1794,40,152
P1070,40,185
P1399,40,55
P1590,40,150
P0856,40,195
P0284,40,125
P1180,40,196
P0880,40,48
P0398,40,119
P1054,40,189
P0112,40,27
P0029,40,88
P1329,40,33
P1817,40,9
P0802,40,83
P1250,40,117
P1401,40,131
P1105,40,164
P1124,40,157
P0845,40,6
P0430,40,138
P0768,40,59
P0429,40,179
P0853,40,168
P1697,40,16
P0209,40,116
P1228,40,30
P0313,40,106
P0432,40,118
P0315,40,128
P0027,40,102
P1011,40,114
P0665,40,79
P1574,40,53
P0087,40,22
P1360,40,169
P0299,40,87
P0731,40,73
P1846,40,10
P0703,40,56
P0617,40,12
P0989,40,86
P1622,40,11
P0964,40,163
P0948,40,174
P1498,40,122
P0722,40,35
P1311,40,135
P1122,40,47
P1052,40,60
P0917,40,97
P0064,40,180
P1743,40,113
P0910,40,49
P1045,40,98
P0791,40,3
P1683,40,103
P1807,40,190
P1106,40,54
P0605,40,23
P0340,40,165
P0514,40,158
P0568,40,120
P1583,40,50
P1216,40,193
P0191,40,5
P1636,40,43
P0157,40,2
P1609,40,62
P1327,40,167
P0941,40,91
P0148,40,175
P0447,40,142
P0947,40,67
P0805,40,77
P0607,40,29
P1244,40,115
P1394,40,64
P1589,40,112
P1271,40,133
P0291,40,36
P0155,40,105
P0680,40,74
P0361,40,42
P0055,40,65
P0924,40,161
P0641,40,199
P1351,40,19
P1940,40,69
P0889,40,183
P0755,40,181
P0557,40,93
P1634,40,51
P1288,40,186
P0762,40,24
P1413,40,40
P0971,40,160
P1539,40,172
P0219,40,96
P0986,40,92
P0453,40,94
P1020,40,44
P0650,40,14
P1067,40,148
P0328,40,63
P1695,40,31
P0823,40,171
P0904,40,95
P1316,40,52
P1635,40,34
P0944,40,72
P0377,40,81
P0260,40,38
P1318,40,130
P0969,40,184
P0795,40,39
P1793,40,45
P1367,40,147
P0863,40,84
P0532,40,76
P0972,40,197
P0548,40,124
P1278,40,111
P1596,40,41
P1600,40,123
P0486,40,177
P1191,40,20
P0307,40,162
P1102,40,200
P1121,40,198
P1012,40,32
P0960,40,18
P0337,40,141
P0442,40,15
P1243,40,134
P1383,40,137
P0306,40,25
P0279,40,156
P1167,40,153
P0327,40,75
P0192,40,187
P1302,40,132
P0704,40,146
P0978,40,139
P0581,40,99
P1265,40,37
P0010,40,46
P0707,40,182
P0378,40,82
P0281,40,149
P0062,40,188
P1845,40,109
P1365,40,85
P0739,40,21
P1249,40,129
P0109,41,111
P0928,41,102
P1791,41,55
P1151,41,43
P0903,41,153
P0071,41,22
P0089,41,128
P0526,41,90
P1079,41,93
P0663,41,170
P0803,41,193
P1056,41,181
P0461,41,143
P1203,41,101
P1101,41,76
P1016,41,115
P1049,41,81
P0049,41,161
P0370,41,177
P0982,41,62
P0239,41,176
P1407,41,34
P1246,41,150
P0101,41,29
P0485,41,130
P0727,41,114
P0059,41,171
P0570,41,152
P0531,41,23
P1565,41,26
P0058,41,63
P0819,41,60
P1795,41,94
P0007,41,167
P1733,41,121
P0459,41,86
P0303,41,57
P0206,41,56
P0926,41,104
P1140,41,117
P0259,41,20
P0536,41,113
P1253,41,41
P1051,41,50
P1794,41,98
P1456,41,31
P0069,41,92
P0107,41,122
P0681,41,8
P1647,41,183
P0491,41,144
P1286,41,118
P1026,41,146
P1839,41,134
P0911,41,87
P0298,41,190
P1730,41,97
P1638,41,37
P0666,41,133
P0876,41,106
P0446,41,116
P0701,41,173
P1816,41,4
P0430,41,198
P1594,41,74
P0768,41,69
P0936,41,2
P0450,41,21
P1317,41,11
P1856,41,95
P0497,41,7
P0432,41,127
P0484,41,129
P0962,41,125
P1414,41,54
P0156,41,78
P0299,41,195
P1846,41,132
P0330,41,39
P0703,41,45
P0611,41,182
P1861,41,148
P1439,41,38
P1082,41,112
P0989,41,172
P0425,41,155
P0722,41,160
P0614,41,14
P1311,41,53
P1052,41,46
P0910,41,124
P1320,41,141
P0181,41,32
P0842,41,6
P0821,41,191
P0772,41,85
P1650,41,24
P1195,41,73
P0008,41,159
P0605,41,178
P0340,41,186
P0172,41,192
P1628,41,196
P1276,41,185
P1258,41,75
P0191,41,88
P1159,41,187
P1636,41,164
P0175,41,103
P1353,41,16
P0148,41,184
P1013,41,136
P1355,41,1
P0786,41,142
P1248,41,154
P1505,41,119
P0822,41,156
P0088,41,61
P0649,41,139
P1244,41,147
P1072,41,79
P1186,41,82
P1748,41,9
P1875,41,80
P0155,41,19
P0003,41,194
P0203,41,15
P0924,41,99
P1095,41,42
P1368,41,72
P0954,41,51
P0141,41,5
P1734,41,168
P1940,41,131
P1658,41,163
P0851,41,58
P1065,41,140
P1634,41,169
P0556,41,188
P0762,41,120
P0449,41,100
P0466,41,64
P0833,41,180
P0296,41,145
P1096,41,13
P1695,41,3
P1166,41,68
P1316,41,91
P1635,41,174
P1245,41,108
P1252,41,47
P1201,41,158
P0909,41,123
P0451,41,126
P0073,41,25
P1878,41,17
P0343,41,33
P1251,41,30
P0670,41,65
P1457,41,110
P1800,41,28
P1793,41,105
P0814,41,137
P1367,41,83
P1308,41,107
P0266,41,138
P0379,41,135
P1596,41,149
P1278,41,70
P0854,41,66
P0866,41,40
P0319,41,179
P0307,41,59
P1012,41,199
P0527,41,162
P0612,41,71
P1243,41,67
P0422,41,166
P1496,41,109
P1383,41,49
P0927,41,89
P0128,41,151
P0279,41,12
P0192,41,197
P0057,41,18
P1059,41,189
P0704,41,10
P0978,41,52
P1711,41,175
P0211,41,96
P1265,41,165
P0707,41,157
P1483,41,36
P1156,41,77
P0576,41,44
P0062,41,35
P0338,41,200
P1778,41,27
P1365,41,48
P1090,41,84
P1202,42,77
P1449,42,133
P0928,42,117
P0578,42,78
P1655,42,98
P1280,42,101
P0526,42,148
P1113,42,8
P1079,42,122
P1788,42,185
P1203,42,167
P0594,42,3
P1524,42,187
P1206,42,52
P0982,42,65
P1485,42,59
P0516,42,192
P0009,42,29
P0770,42,157
P1184,42,109
P0297,42,70
P0660,42,130
P0990,42,165
P0007,42,123
P1281,42,24
P1129,42,28
P0715,42,39
P0926,42,188
P0259,42,18
P0069,42,155
P0681,42,161
P0832,42,7
P1724,42,180
P0880,42,108
P0347,42,89
P1377,42,198
P0398,42,195
P0824,42,175
P1839,42,156
P0875,42,100
P0030,42,193
P0498,42,176
P0933,42,134
P0112,42,121
P0719,42,26
P0298,42,61
P1153,42,125
P1330,42,137
P1893,42,12
P0638,42,182
P1611,42,118
P1105,42,190
P0738,42,102
P1816,42,62
P1594,42,95
P1677,42,55
P0853,42,66
P0362,42,32
P0355,42,181
P0432,42,38
P0588,42,90
P0962,42,69
P1414,42,145
P1843,42,17
P1639,42,151
P1247,42,51
P1666,42,5
P0810,42,93
P0703,42,67
P0617,42,154
P1361,42,159
P0212,42,138
P0352,42,128
P0478,42,43
P0577,42,112
P1122,42,49
P0736,42,9
P1052,42,147
P1374,42,183
P0910,42,169
P1234,42,46
P1608,42,45
P1328,42,152
P0197,42,85
P1319,42,186
P1195,42,103
P1106,42,114
P1685,42,88
P0008,42,10
P0321,42,40
P1190,42,63
P0514,42,19
P0292,42,111
P1327,42,1
P1669,42,96
P1356,42,97
P1425,42,99
P0607,42,81
P1248,42,191
P0822,42,141
P1875,42,142
P1589,42,76
P0090,42,72
P0471,42,35
P1154,42,120
P0063,42,160
P0924,42,194
P0668,42,126
P0293,42,68
P1325,42,4
P1368,42,15
P0806,42,2
P1940,42,131
P1658,42,104
P0920,42,168
P0346,42,84
P1745,42,158
P0851,42,144
P0762,42,86
P1610,42,16
P1033,42,54
P0912,42,200
P1220,42,41
P0538,42,82
P1357,42,27
P1046,42,23
P0809,42,184
P0356,42,178
P0328,42,119
P1096,42,135
P0521,42,139
P0515,42,153
P0593,42,92
P0198,42,113
P1166,42,106
P0678,42,199
P0980,42,25
P1385,42,132
P1316,42,73
P1201,42,74
P0909,42,50
P0705,42,20
P1321,42,197
P1009,42,53
P0260,42,83
P0118,42,91
P1789,42,57
P0216,42,171
P1137,42,177
P0343,42,13
P0969,42,21
P1595,42,94
P1878,42,172
P1254,42,47
P1607,42,64
P0254,42,33
P1367,42,150
P0532,42,75
P0551,42,71
P1272,42,11
P0379,42,56
P1860,42,14
P0938,42,189
P1430,42,136
P1102,42,22
P0527,42,164
P0345,42,80
P1341,42,129
P0960,42,163
P1039,42,174
P1654,42,162
P0308,42,116
P0533,42,146
P1143,42,149
P1383,42,140
P1167,42,107
P0279,42,58
P1019,42,60
P1037,42,105
P1850,42,6
P1302,42,34
P1227,42,127
P0704,42,42
P0978,42,179
P1612,42,31
P1689,42,37
P0024,42,115
P0010,42,79
P0378,42,124
P0707,42,110
P1483,42,196
P0777,42,170
P0202,42,173
P0140,42,30
P1081,42,44
P1156,42,48
P1561,42,143
P0946,42,36
P0576,42,87
P0070,42,166
P1202,43,176
P0873,43,144
P1791,43,167
P1280,43,33
P1788,43,50
P0526,43,153
P0550,43,69
P0461,43,16
P0759,43,60
P1776,43,127
P1812,43,8
P1315,43,155
P1049,43,152
P1538,43,162
P0370,43,43
P1686,43,46
P0513,43,114
P0151,43,73
P0570,43,68
P1836,43,142
P1098,43,90
P0402,43,182
P1282,43,34
P0761,43,164
P1022,43,191
P0541,43,40
P1668,43,180
P0303,43,35
P0555,43,165
P0469,43,15
P0816,43,166
P0536,43,20
P1352,43,37
P0681,43,192
P0491,43,163
P1050,43,83
P0880,43,104
P1286,43,6
P0539,43,135
P0849,43,128
P1839,43,61
P0824,43,132
P1054,43,139
P0911,43,159
P0174,43,186
P0498,43,62
P0719,43,57
P0112,43,45
P0933,43,148
P1277,43,58
P0298,43,121
P0638,43,178
P0981,43,24
P1401,43,141
P1764,43,13
P1105,43,115
P1816,43,147
P0845,43,74
P1594,43,146
P0998,43,175
P1641,43,185
P0429,43,63
P0853,43,138
P0616,43,107
P0450,43,3
P1681,43,22
P0362,43,59
P0497,43,26
P1582,43,197
P0642,43,125
P0236,43,77
P0232,43,154
P0520,43,56
P0315,43,11
P0484,43,160
P1178,43,76
P0962,43,161
P1663,43,44
P1584,43,70
P1247,43,98
P0463,43,75
P0728,43,94
P1364,43,31
P0810,43,85
P1861,43,2
P0617,43,190
P1361,43,38
P0964,43,118
P0553,43,109
P0736,43,84
P1569,43,196
P0985,43,48
P0064,43,126
P1320,43,14
P1103,43,81
P0181,43,65
P0201,43,82
P1375,43,47
P0760,43,80
P0008,43,86
P0800,43,97
P1190,43,169
P0412,43,189
P0172,43,108
P0340,43,116
P1628,43,133
P1283,43,21
P0783,43,28
P0191,43,78
P1159,43,99
P1820,43,39
P1034,43,143
P1327,43,120
P0148,43,200
P1013,43,5
P1518,43,198
P0786,43,4
P0967,43,113
P1072,43,137
P0822,43,156
P1336,43,181
P0291,43,168
P0063,43,32
P0155,43,27
P0164,43,79
P1674,43,170
P1782,43,134
P1481,43,119
P0255,43,123
P0954,43,151
P1734,43,23
P0143,43,88
P1225,43,36
P0920,43,12
P1537,43,52
P0851,43,171
P0755,43,100
P1305,43,177
P0556,43,93
P1288,43,172
P0449,43,30
P1220,43,66
P0780,43,140
P0309,43,112
P0737,43,89
P1575,43,1
P1357,43,194
P0935,43,18
P0980,43,71
P1096,43,183
P1316,43,64
P1062,43,53
P0061,43,7
P0909,43,195
P0210,43,110
P1827,43,29
P0705,43,54
P0850,43,188
P0037,43,19
P0343,43,106
P0670,43,149
P1619,43,42
P1287,43,122
P0812,43,157
P0929,43,130
P0901,43,92
P0610,43,124
P0433,43,174
P0548,43,136
P1596,43,49
P1860,43,131
P0097,43,105
P0854,43,102
P1314,43,96
P0307,43,95
P1756,43,158
P1631,43,51
P1199,43,55
P1495,43,10
P1039,43,101
P0612,43,145
P0396,43,67
P0166,43,91
P0743,43,103
P1143,43,150
P0128,43,9
P0305,43,87
P1019,43,193
P0279,43,111
P0636,43,129
P1432,43,173
P1063,43,117
P0275,43,184
P0707,43,199
P0836,43,179
P0946,43,72
P0062,43,41
P1043,43,187
P1694,43,25
P1249,43,17
P0421,44,8
P0873,44,118
P0879,44,183
P1774,44,57
P1280,44,101
P0380,44,42
P1819,44,164
P0682,44,125
P1203,44,97
P0106,44,187
P1763,44,45
P1097,44,35
P1304,44,32
P0381,44,114
P1086,44,194
P1256,44,30
P1160,44,49
P1517,44,108
P1340,44,16
P0564,44,90
P0434,44,150
P0002,44,23
P0411,44,65
P0513,44,157
P0179,44,199
P0570,44,144
P1811,44,175
P1435,44,181
P0531,44,63
P0297,44,188
P0369,44,15
P1541,44,87
P1710,44,81
P1282,44,39
P1281,44,104
P0829,44,75
P1165,44,140
P1183,44,179
P0469,44,200
P0259,44,178
P0535,44,78
P0957,44,186
P0840,44,195
P0883,44,196
P1456,44,59
P0069,44,115
P0388,44,56
P0844,44,93
P0539,44,69
P1286,44,185
P0398,44,151
P1839,44,77
P0298,44,37
P0112,44,70
P1277,44,145
P1326,44,50
P1153,44,1
P1087,44,168
P1611,44,9
P0056,44,27
P1105,44,83
P0701,44,119
P1436,44,54
P0845,44,82
P0768,44,2
P1641,44,173
P0853,44,137
P0742,44,85
P0229,44,165
P1228,44,58
P0355,44,33
P0907,44,26
P1247,44,89
P1364,44,122
P0463,44,167
P0565,44,171
P0793,44,19
P1376,44,105
P0425,44,133
P1311,44,116
P0353,44,149
P0865,44,158
P1374,44,142
P0910,44,128
P1608,44,197
P0458,44,46
P1269,44,34
P0842,44,132
P0821,44,138
P0760,44,100
P1147,44,161
P1687,44,182
P0800,44,38
P1783,44,191
P1216,44,110
P0939,44,120
P0813,44,135
P1820,44,155
P0488,44,176
P0502,44,152
P0820,44,99
P0161,44,4
P1356,44,64
P1534,44,60
P0447,44,192
P0105,44,88
P0115,44,25
P1244,44,18
P0822,44,166
P0852,44,102
P1589,44,53
P1418,44,107
P1154,44,20
P0746,44,131
P0710,44,52
P0255,44,68
P0884,44,44
P1368,44,103
P0519,44,92
P1734,44,14
P1940,44,61
P1656,44,172
P1275,44,143
P0920,44,180
P1350,44,112
P0762,44,28
P0427,44,22
P0449,44,134
P1665,44,126
P1020,44,7
P1218,44,177
P0538,44,169
P0466,44,146
P1357,44,184
P1739,44,36
P1255,44,41
P0881,44,86
P1213,44,162
P0515,44,117
P1695,44,130
P0823,44,170
P1316,44,98
P0420,44,13
P1062,44,5
P0252,44,67
P1422,44,153
P1635,44,147
P1252,44,160
P1009,44,40
P0216,44,124
P1197,44,51
P0280,44,62
P0343,44,94
P0905,44,84
P0646,44,123
P1287,44,96
P0795,44,12
P1614,44,6
P1254,44,141
P1099,44,29
P1471,44,76
P0929,44,17
P0204,44,71
P0433,44,154
P0620,44,190
P0486,44,73
P0548,44,127
P1756,44,139
P0854,44,106
P0307,44,111
P1404,44,74
P1012,44,72
P0496,44,113
P0237,44,136
P0807,44,95
P0337,44,156
P1024,44,21
P0744,44,198
P0533,44,80
P1182,44,55
P1642,44,174
P0913,44,91
P1059,44,3
P1227,44,79
P1703,44,47
P1818,44,159
P0243,44,48
P0335,44,66
P0024,44,121
P1711,44,163
P1080,44,24
P0344,44,129
P0415,44,189
P0707,44,148
P1156,44,11
P0281,44,31
P1530,44,193
P0798,44,109
P0739,44,43
P1058,44,10
P1678,45,91
P0879,45,46
P1655,45,47
P1280,45,112
P0089,45,64
P0526,45,55
P0103,45,171
P0877,45,185
P1016,45,115
P1315,45,125
P1097,45,150
P0277,45,164
P0370,45,23
P1592,45,197
P0982,45,76
P1256,45,40
P0963,45,166
P0193,45,56
P1485,45,8
P1023,45,106
P0411,45,109
P1322,45,15
P0570,45,39
P0531,45,178
P0297,45,21
P0819,45,134
P0660,45,182
P1603,45,4
P1133,45,45
P1605,45,190
P0065,45,147
P1104,45,69
P1281,45,148
P1710,45,142
P1022,45,128
P1078,45,7
P0799,45,44
P0206,45,122
P0469,45,79
P1741,45,81
P0848,45,11
P0536,45,33
P1858,45,149
P0792,45,52
P0122,45,24
P1829,45,73
P1352,45,117
P1590,45,123
P0856,45,127
P0880,45,126
P1839,45,189
P0875,45,92
P0911,45,84
P0987,45,200
P0933,45,101
P1267,45,90
P1077,45,160
P0348,45,110
P1027,45,53
P1087,45,74
P1105,45,169
P1816,45,138
P1237,45,26
P0430,45,22
P0473,45,119
P0429,45,36
P0768,45,75
P1856,45,68
P0432,45,78
P1164,45,77
P0588,45,54
P1217,45,156
P0962,45,137
P1346,45,14
P0600,45,144
P1639,45,136
P1247,45,13
P0973,45,157
P0703,45,118
P1846,45,67
P0684,45,170
P0435,45,27
P0722,45,198
P1498,45,70
P0353,45,32
P1470,45,20
P0390,45,72
P1743,45,63
P0472,45,98
P0201,45,161
P1147,45,158
P1687,45,141
P0300,45,97
P0001,45,192
P0916,45,199
P0191,45,193
P0644,45,2
P0502,45,111
P0148,45,100
P0250,45,49
P0805,45,31
P0447,45,108
P0708,45,60
P0947,45,172
P1871,45,3
P0613,45,19
P1111,45,16
P1589,45,113
P1271,45,135
P0566,45,131
P0740,45,191
P1481,45,30
P0668,45,133
P0711,45,120
P1325,45,50
P0141,45,179
P1656,45,173
P1940,45,168
P0146,45,176
P0143,45,167
P0920,45,140
P1116,45,186
P1305,45,29
P1065,45,62
P0556,45,155
P0427,45,6
P0501,45,181
P0912,45,175
P0314,45,188
P0737,45,80
P1218,45,146
P1784,45,48
P0538,45,152
P1357,45,42
P0935,45,66
P0940,45,183
P0414,45,132
P0296,45,162
P1362,45,94
P1257,45,121
P1213,45,159
P0515,45,18
P0823,45,87
P0021,45,194
P1173,45,95
P1299,45,34
P1316,45,82
P1245,45,17
P1422,45,116
P1337,45,58
P0252,45,57
P1252,45,43
P0909,45,12
P0858,45,145
P1318,45,41
P0905,45,59
P0714,45,93
P1287,45,88
P1047,45,38
P1347,45,105
P1607,45,187
P1254,45,139
P0499,45,154
P0863,45,195
P0610,45,25
P0123,45,37
P0619,45,124
P0972,45,130
P1657,45,35
P1278,45,71
P0111,45,196
P1756,45,28
P0854,45,180
P0624,45,86
P1430,45,129
P1102,45,165
P1404,45,153
P1314,45,65
P1520,45,184
P0199,45,102
P0337,45,61
P0374,45,177
P0744,45,99
P1268,45,1
P0743,45,85
P0166,45,151
P0927,45,163
P0279,45,5
P0305,45,103
P1019,45,83
P0302,45,143
P0192,45,10
P0709,45,96
P1302,45,51
P0142,45,114
P0707,45,174
P0286,45,89
P0276,45,107
P0544,45,9
P1381,45,104
P1202,46,77
P1678,46,135
P0873,46,172
P0903,46,24
P1805,46,82
P0071,46,154
P1079,46,117
P1629,46,43
P0006,46,137
P1101,46,4
P0049,46,123
P1206,46,75
P0165,46,53
P1230,46,12
P1731,46,33
P1686,46,140
P1142,46,74
P0982,46,100
P1340,46,177
P0060,46,110
P1323,46,61
P0297,46,108
P1565,46,134
P0369,46,159
P0660,46,86
P1603,46,116
P1098,46,180
P0990,46,11
P0016,46,129
P1104,46,112
P1541,46,181
P1755,46,149
P0761,46,168
P1281,46,166
P1795,46,85
P0555,46,157
P0231,46,115
P0469,46,171
P0816,46,133
P1363,46,20
P1118,46,114
P1458,46,73
P0673,46,142
P0226,46,196
P0069,46,158
P1352,46,8
P1399,46,89
P0855,46,191
P0880,46,50
P1286,46,6
P0849,46,156
P1839,46,141
P1852,46,22
P0911,46,60
P0933,46,81
P0248,46,39
P0019,46,184
P1329,46,76
P0630,46,132
P0981,46,126
P0218,46,99
P1401,46,122
P1126,46,165
P0014,46,113
P0701,46,2
P1124,46,55
P0430,46,160
P1808,46,195
P0031,46,104
P0853,46,27
P0742,46,200
P1697,46,62
P0209,46,124
P1317,46,10
P1509,46,41
P1228,46,169
P0962,46,128
P1193,46,42
P1574,46,64
P0156,46,109
P1044,46,150
P0463,46,147
P0565,46,30
P0703,46,1
P0617,46,17
P1618,46,175
P0571,46,5
P0352,46,155
P0662,46,130
P0722,46,101
P1311,46,25
P1122,46,84
P0861,46,36
P1052,46,87
P0910,46,16
P1103,46,32
P1045,46,125
P0181,46,91
P1683,46,107
P0340,46,68
P0514,46,103
P0339,46,83
P1216,46,189
P0916,46,136
P1276,46,19
P1583,46,173
P1013,46,185
P0185,46,106
P0105,46,190
P1673,46,143
P0397,46,15
P0269,46,47
P1336,46,34
P1616,46,102
P1853,46,21
P0474,46,92
P1271,46,176
P1345,46,63
P0566,46,192
P0291,46,151
P0746,46,3
P0922,46,199
P0203,46,48
P0055,46,28
P0668,46,148
P1406,46,49
P0293,46,170
P0167,46,56
P1940,46,127
P1658,46,14
P0920,46,187
P1698,46,93
P0322,46,31
P0367,46,45
P1413,46,79
P0427,46,118
P0449,46,182
P0314,46,145
P0737,46,9
P1613,46,97
P0466,46,163
P0881,46,65
P0980,46,111
P1695,46,57
P0028,46,138
P0904,46,95
P1241,46,23
P1750,46,29
P1185,46,37
P0428,46,98
P1002,46,7
P1466,46,40
P1878,46,94
P0343,46,78
P1614,46,161
P1823,46,164
P0499,46,152
P0812,46,131
P0144,46,188
P0863,46,58
P0901,46,179
P0532,46,67
P0125,46,26
P0379,46,162
P1596,46,54
P0026,46,120
P1802,46,72
P0111,46,144
P0615,46,35
P0097,46,66
P1415,46,90
P1102,46,18
P1199,46,194
P0807,46,186
P1341,46,178
P0337,46,153
P0533,46,71
P1143,46,70
P0261,46,13
P0306,46,88
P1068,46,174
P0818,46,193
P1490,46,46
P0758,46,119
P0725,46,167
P0302,46,96
P0500,46,146
P1571,46,59
P0295,46,121
P0344,46,80
P0707,46,105
P1483,46,38
P0399,46,52
P0304,46,139
P1081,46,197
P0202,46,51
P0836,46,183
P0281,46,198
P0341,46,69
P1249,46,44
P1202,47,187
P1779,47,136
P1449,47,184
P0873,47,104
P0526,47,194
P1382,47,112
P1079,47,92
P1629,47,94
P0759,47,160
P1776,47,99
P1097,47,125
P0277,47,103
P1206,47,142
P1112,47,102
P1120,47,151
P1285,47,157
P0193,47,122
P0516,47,121
P0509,47,66
P1152,47,21
P0151,47,73
P1661,47,18
P0179,47,78
P1435,47,134
P0531,47,93
P1836,47,191
P0058,47,183
P0065,47,101
P1795,47,148
P1282,47,197
P1558,47,2
P1281,47,107
P0761,47,77
P0303,47,199
P0555,47,83
P0469,47,137
P0926,47,79
P1183,47,67
P1741,47,100
P0840,47,175
P1253,47,139
P1543,47,12
P0832,47,185
P1724,47,110
P0849,47,59
P0824,47,195
P1839,47,62
P0030,47,114
P0174,47,50
P0875,47,186
P0933,47,192
P1277,47,23
P0019,47,7
P0178,47,173
P0953,47,109
P0025,47,24
P0638,47,56
P0666,47,11
P1105,47,90
P0651,47,6
P1816,47,181
P0419,47,58
P1260,47,34
P0430,47,15
P0456,47,20
P0718,47,138
P1171,47,14
P0853,47,170
P0362,47,116
P1528,47,57
P0236,47,150
P0232,47,95
P1011,47,70
P1193,47,1
P1414,47,198
P1531,47,61
P1584,47,154
P0677,47,176
P1429,47,29
P0973,47,74
P0989,47,5
P0611,47,149
P0639,47,87
P0417,47,27
P1320,47,41
P1103,47,81
P1328,47,16
P1453,47,4
P1375,47,177
P0842,47,96
P1195,47,55
P0821,47,162
P0181,47,200
P1147,47,3
P0008,47,145
P0925,47,53
P0514,47,84
P1312,47,133
P1353,47,13
P1859,47,180
P0805,47,126
P1207,47,155
P0447,47,88
P1425,47,22
P0708,47,120
P1248,47,108
P1072,47,188
P1244,47,43
P1336,47,36
P1111,47,39
P0482,47,64
P1589,47,63
P0545,47,128
P1384,47,113
P1041,47,33
P0679,47,171
P1782,47,135
P0740,47,51
P0711,47,127
P0255,47,174
P0884,47,158
P1368,47,97
P0141,47,179
P0146,47,144
P1940,47,143
P0906,47,163
P0851,47,166
P0322,47,82
P0522,47,76
P0556,47,71
P0427,47,9
P1192,47,141
P0583,47,17
P0449,47,119
P0737,47,115
P1357,47,26
P0043,47,25
P0809,47,42
P0833,47,189
P0356,47,54
P0823,47,47
P1316,47,48
P1245,47,118
P0909,47,38
P1486,47,169
P0858,47,98
P1321,47,45
P0868,47,147
P1009,47,44
P0705,47,152
P1318,47,49
P0464,47,129
P0905,47,132
P0670,47,190
P0676,47,182
P1047,47,172
P1823,47,31
P1366,47,178
P1006,47,106
P1606,47,161
P0908,47,131
P0532,47,60
P0619,47,196
P0620,47,130
P1756,47,124
P1314,47,69
P0624,47,164
P1415,47,75
P0357,47,10
P0730,47,89
P1631,47,168
P1181,47,153
P1520,47,117
P1211,47,165
P0244,47,65
P0318,47,85
P0374,47,91
P1331,47,40
P0743,47,159
P1428,47,8
P1383,47,193
P0927,47,105
P0392,47,37
P0302,47,156
P1501,47,167
P0747,47,28
P1302,47,140
P0500,47,86
P1703,47,32
P1689,47,35
P1571,47,46
P1334,47,68
P1005,47,19
P1483,47,123
P1395,47,80
P1264,47,30
P0415,47,146
P1365,47,111
P1523,47,52
P0050,47,72
P1202,48,32
P0109,48,195
P0879,48,179
P0380,48,46
P0089,48,10
P0461,48,197
P1203,48,121
P0106,48,84
P0431,48,53
P1101,48,14
P1812,48,8
P1097,48,21
P0381,48,95
P1285,48,76
P0982,48,7
P0575,48,133
P0239,48,42
P0230,48,186
P1407,48,114
P0101,48,112
P0781,48,131
P0179,48,161
P0531,48,41
P1565,48,175
P0819,48,164
P1448,48,24
P1603,48,187
P1281,48,139
P0672,48,155
P1733,48,4
P0459,48,174
P0541,48,135
P0555,48,172
P0469,48,182
P0648,48,196
P0792,48,145
P0957,48,152
P0259,48,78
P1508,48,146
P1794,48,169
P1359,48,88
P0069,48,69
P0856,48,177
P0844,48,89
P0284,48,192
P1050,48,83
P0880,48,22
P1377,48,154
P1286,48,82
P1026,48,75
P0824,48,167
P0298,48,51
P1025,48,90
P0019,48,91
P0638,48,119
P1145,48,104
P0446,48,1
P1764,48,74
P1594,48,176
P0228,48,165
P0768,48,18
P0456,48,70
P0616,48,47
P0567,48,57
P1681,48,2
P1599,48,188
P0432,48,189
P1835,48,183
P0180,48,98
P0962,48,86
P1792,48,92
P0565,48,64
P1861,48,72
P0617,48,11
P1361,48,85
P0611,48,153
P1618,48,180
P0989,48,61
P0793,48,27
P1270,48,166
P0440,48,184
P0639,48,159
P0722,48,37
P1374,48,108
P0910,48,122
P1380,48,151
P1743,48,19
P1328,48,168
P0842,48,200
P1687,48,123
P0008,48,43
P0340,48,49
P1283,48,73
P0487,48,13
P0292,48,129
P1798,48,102
P1820,48,141
P1239,48,107
P0190,48,54
P1353,48,23
P1356,48,142
P0447,48,125
P0947,48,28
P0452,48,199
P0492,48,109
P0120,48,16
P0649,48,68
P0822,48,178
P0088,48,190
P1797,48,103
P1394,48,26
P0283,48,106
P1141,48,117
P1111,48,50
P1589,48,81
P0566,48,156
P0922,48,99
P0668,48,31
P0293,48,38
P0255,48,45
P1368,48,163
P0141,48,173
P1734,48,44
P1940,48,25
P0035,48,191
P0143,48,170
P0920,48,15
P0448,48,77
P0382,48,3
P0762,48,93
P0449,48,124
P1665,48,126
P1575,48,17
P1645,48,62
P0296,48,193
P0515,48,137
P1635,48,34
P1252,48,160
P1393,48,87
P0773,48,113
P0451,48,71
P1827,48,138
P0377,48,35
P1009,48,110
P0260,48,29
P0017,48,105
P0280,48,149
P0118,48,33
P1721,48,65
P0037,48,12
P0676,48,116
P1595,48,134
P1254,48,147
P1607,48,127
P1588,48,20
P0812,48,55
P0862,48,63
P1006,48,56
P1367,48,143
P0929,48,39
P0532,48,158
P1308,48,171
P0266,48,185
P0620,48,67
P0379,48,94
P1596,48,194
P1278,48,80
P1600,48,198
P0095,48,132
P1314,48,130
P1598,48,5
P0527,48,40
P0496,48,58
P1039,48,118
P0237,48,101
P0166,48,157
P1182,48,52
P1243,48,97
P0758,48,6
P0725,48,136
P1019,48,140
P0163,48,150
P1094,48,79
P0368,48,144
P0057,48,120
P1302,48,48
P0500,48,36
P1703,48,60
P0549,48,9
P1080,48,100
P0024,48,128
P1602,48,111
P0707,48,162
P1483,48,148
P0276,48,59
P1373,48,66
P1138,48,115
P0798,48,96
P1058,48,30
P1834,48,181
P1202,49,91
P0873,49,12
P1296,49,55
P1552,49,130
P1655,49,62
P0903,49,46
P0158,49,4
P0380,49,167
P0526,49,44
P1056,49,185
P1101,49,11
P0049,49,145
P0370,49,59
P0054,49,139
P1751,49,196
P1023,49,166
P1340,49,171
P0564,49,8
P0009,49,109
P1426,49,94
P0509,49,165
P0411,49,172
P0513,49,160
P0151,49,127
P1811,49,108
P0531,49,156
P0819,49,57
P0660,49,168
P1603,49,79
P0065,49,69
P1282,49,9
P1363,49,199
P1741,49,180
P0259,49,111
P0536,49,89
P1253,49,188
P0122,49,64
P0069,49,141
P0052,49,132
P0388,49,129
P1399,49,66
P0491,49,103
P0880,49,194
P0517,49,90
P0539,49,117
P0398,49,33
P0911,49,123
P1627,49,54
P1077,49,116
P1326,49,131
P0348,49,173
P1638,49,93
P0958,49,49
P1087,49,40
P0981,49,75
P1250,49,26
P0876,49,86
P1126,49,146
P1816,49,51
P0768,49,162
P0429,49,63
P1641,49,137
P0937,49,50
P1675,49,195
P1228,49,147
P1427,49,101
P0232,49,192
P0313,49,82
P0315,49,87
P0827,49,7
P0665,49,78
P0962,49,143
P0950,49,19
P0032,49,163
P1531,49,25
P0600,49,112
P1663,49,182
P0677,49,22
P1639,49,6
P1360,49,56
P0810,49,37
P0703,49,161
P0617,49,76
P1082,49,39
P0948,49,58
P1311,49,70
P0114,49,24
P1830,49,5
P1052,49,20
P0390,49,38
P1632,49,191
P0418,49,186
P0949,49,118
P1320,49,31
P0821,49,110
P1786,49,21
P1417,49,30
P1147,49,77
P0605,49,155
P0514,49,29
P1258,49,10
P1536,49,190
P1583,49,157
P0476,49,124
P0813,49,97
P1820,49,104
P0563,49,106
P1636,49,98
P1297,49,41
P0820,49,67
P1356,49,148
P0148,49,126
P1013,49,164
P0452,49,85
P1425,49,28
P0397,49,3
P0967,49,175
P0120,49,88
P1505,49,84
P0088,49,73
P0822,49,181
P0613,49,136
P1394,49,158
P0257,49,52
P0545,49,120
P1384,49,32
P1041,49,176
P0063,49,193
P1782,49,170
P1674,49,83
P0680,49,153
P0711,49,198
P0055,49,152
P0668,49,154
P0255,49,197
P1298,49,72
P1372,49,95
P1940,49,92
P1734,49,159
P1275,49,60
P0143,49,36
P0146,49,16
P1658,49,102
P0920,49,17
P0851,49,61
P1765,49,115
P0762,49,119
P0349,49,14
P0449,49,1
P0757,49,144
P0737,49,179
P0935,49,42
P0809,49,80
P1096,49,74
P0515,49,169
P1635,49,142
P1245,49,23
P1295,49,71
P1201,49,184
P1002,49,2
P0909,49,177
P1487,49,187
P0643,49,138
P1047,49,53
P0814,49,122
P0254,49,200
P1367,49,13
P0972,49,178
P1657,49,34
P0548,49,81
P1272,49,114
P1278,49,113
P0068,49,100
P0938,49,48
P0624,49,189
P1102,49,96
P1404,49,107
P0527,49,150
P0354,49,128
P0872,49,99
P0166,49,18
P0815,49,121
P0818,49,68
P0046,49,15
P1019,49,140
P1221,49,45
P1703,49,43
P1818,49,65
P1432,49,105
P1488,49,135
P0707,49,149
P0304,49,125
P1156,49,151
P1561,49,134
P0281,49,174
P0234,49,133
P1138,49,35
P1365,49,47
P0739,49,183
P1249,49,27
P0699,50,194
P0873,50,61
P1552,50,184
P0879,50,1
P1791,50,121
P0380,50,55
P1382,50,88
P1788,50,77
P0803,50,36
P1056,50,38
P1553,50,197
P0103,50,142
P0594,50,49
P0106,50,8
P0277,50,166
P1112,50,45
P1538,50,86
P0982,50,110
P1023,50,84
P1426,50,108
P0513,50,98
P1811,50,30
P1085,50,64
P0531,50,60
P0297,50,145
P0065,50,180
P1795,50,103
P0007,50,28
P0672,50,3
P1281,50,34
P0555,50,101
P1363,50,69
P0536,50,16
P1253,50,17
P0883,50,2
P0079,50,140
P0491,50,111
P1377,50,160
P1514,50,131
P0042,50,125
P1839,50,156
P0030,50,120
P0174,50,91
P0498,50,113
P1329,50,68
P0638,50,130
P0981,50,153
P1250,50,147
P0014,50,187
P0651,50,193
P1816,50,146
P0945,50,181
P1675,50,171
P1528,50,151
P0355,50,173
P1835,50,109
P1164,50,105
P1217,50,33
P1521,50,148
P0404,50,95
P0950,50,182
P1429,50,63
P1478,50,44
P0572,50,19
P1639,50,107
P1718,50,104
P0677,50,119
P1666,50,48
P0810,50,114
P0617,50,70
P0611,50,188
P0475,50,13
P1270,50,132
P0425,50,164
P0553,50,42
P0736,50,128
P1052,50,80
P0995,50,6
P1374,50,137
P1320,50,143
P1453,50,199
P0215,50,196
P1319,50,124
P1269,50,177
P1683,50,78
P0821,50,40
P0181,50,144
P1786,50,161
P1687,50,35
P1417,50,150
P0008,50,57
P0800,50,67
P0925,50,94
P0339,50,37
P1216,50,92
P1276,50,53
P1261,50,71
P1327,50,47
P0921,50,82
P1083,50,126
P1013,50,89
P1859,50,83
P1518,50,58
P0447,50,7
P0805,50,96
P1168,50,185
P1290,50,59
P1244,50,152
P0822,50,170
P1336,50,66
P0257,50,52
P0482,50,87
P1111,50,183
P0291,50,102
P0740,50,165
P0922,50,85
P0924,50,122
P0100,50,51
P1519,50,99
P1406,50,172
P0923,50,15
P0884,50,200
P1219,50,159
P0235,50,176
P0146,50,158
P1940,50,149
P1275,50,100
P0143,50,163
P0920,50,31
P0755,50,4
P1303,50,14
P0912,50,169
P0994,50,129
P0309,50,41
P1662,50,192
P0737,50,97
P0538,50,21
P1357,50,9
P0414,50,65
P1560,50,106
P1257,50,56
P0582,50,138
P0515,50,115
P1316,50,112
P0678,50,141
P1245,50,90
P1295,50,93
P1252,50,133
P1385,50,162
P0909,50,72
P0210,50,117
P1487,50,27
P0705,50,81
P1009,50,174
P0280,50,11
P0464,50,12
P1318,50,178
P1137,50,155
P0343,50,134
P0676,50,123
P1793,50,74
P1254,50,24
P1588,50,20
P1823,50,54
P0499,50,26
P0081,50,154
P0532,50,191
P0620,50,10
P0486,50,23
P1860,50,43
P0097,50,75
P0854,50,198
P1314,50,189
P1520,50,167
P1341,50,76
P0374,50,116
P0744,50,73
P0166,50,32
P1383,50,175
P0927,50,157
P1525,50,168
P1019,50,46
P0831,50,25
P0656,50,22
P0368,50,135
P0636,50,39
P1809,50,195
P0704,50,5
P1227,50,127
P1777,50,18
P0752,50,62
P0344,50,136
P0707,50,29
P1264,50,79
P1373,50,139
P0946,50,190
P0338,50,50
P1660,50,186
P1523,50,118
P1249,50,179
P1202,51,22
P0285,51,138
P0109,51,88
P0873,51,7
P1151,51,182
P0380,51,102
P0526,51,90
P1113,51,108
P1382,51,8
P0461,51,92
P0006,51,24
P1101,51,85
P1016,51,64
P1763,51,161
P1097,51,12
P1538,51,15
P0370,51,34
P0982,51,162
P0193,51,59
P1813,51,21
P0717,51,142
P1246,51,67
P0411,51,60
P0727,51,82
P0151,51,44
P0570,51,168
P0531,51,160
P0297,51,75
P0058,51,11
P0683,51,144
P1603,51,76
P0931,51,28
P1795,51,123
P1281,51,38
P1710,51,97
P0715,51,139
P1165,51,69
P0926,51,95
P0796,51,120
P1140,51,165
P0259,51,81
P1794,51,116
P0107,51,191
P0856,51,96
P1050,51,164
P1514,51,137
P1732,51,151
P0911,51,109
P0174,51,98
P0562,51,129
P0112,51,10
P1267,51,43
P1638,51,31
P0981,51,72
P1139,51,156
P0802,51,107
P1105,51,110
P1436,51,128
P1237,51,33
P1816,51,192
P0430,51,184
P1828,51,89
P1626,51,23
P0529,51,136
P0038,51,126
P0450,51,199
P0362,51,41
P0774,51,1
P1228,51,48
P1164,51,61
P1217,51,99
P1011,51,62
P0585,51,140
P0404,51,4
P0859,51,17
P0116,51,179
P1478,51,186
P0810,51,6
P1861,51,84
P0440,51,39
P0633,51,40
P1618,51,183
P0966,51,55
P0639,51,29
P0425,51,159
P1311,51,91
P0353,51,37
P1052,51,53
P0910,51,131
P0201,51,135
P0821,51,13
P0772,51,111
P1035,51,195
P1147,51,134
P1474,51,176
P0800,51,146
P0412,51,87
P1358,51,30
P0568,51,196
P0339,51,172
P0487,51,86
P1239,51,145
P1671,51,47
P0563,51,106
P1609,51,103
P0820,51,32
P1013,51,190
P0805,51,19
P0708,51,155
P0786,51,189
P0115,51,127
P1824,51,42
P1244,51,58
P1505,51,187
P0274,51,9
P1111,51,70
P1589,51,49
P0376,51,200
P0493,51,101
P1674,51,77
P0711,51,52
P0100,51,181
P1095,51,150
P1406,51,5
P1656,51,112
P1940,51,170
P0035,51,83
P1275,51,25
P1658,51,50
P0920,51,157
P1307,51,2
P0851,51,14
P1065,51,188
P0762,51,154
P0449,51,122
P0994,51,26
P1020,51,152
P0757,51,171
P0574,51,105
P0538,51,115
P1107,51,193
P1560,51,36
P0809,51,166
P1014,51,194
P0881,51,119
P1255,51,185
P1096,51,73
P0582,51,178
P1316,51,65
P1252,51,56
P1245,51,63
P0061,51,93
P0073,51,149
P0118,51,114
P0280,51,167
P0343,51,180
P1595,51,113
P0676,51,177
P1614,51,20
P0254,51,16
P1006,51,18
P0863,51,198
P1308,51,66
P0532,51,175
P0379,51,132
P1272,51,71
P1015,51,68
P0548,51,158
P0621,51,51
P0097,51,74
P1314,51,163
P0624,51,45
P1404,51,104
P0426,51,124
P1012,51,78
P1199,51,57
P1039,51,143
P0807,51,169
P0337,51,80
P0374,51,197
P0533,51,148
P1332,51,100
P0927,51,153
P0279,51,46
P0656,51,54
P1703,51,173
P0211,51,118
P0707,51,174
P1722,51,125
P0399,51,94
P0341,51,121
P1200,51,141
P0062,51,35
P0415,51,27
P1138,51,147
P1172,51,117
P0739,51,3
P1090,51,130
P1249,51,79
P1834,51,133
P0109,52,151
P0699,52,198
P1552,52,192
P1202,52,50
P1791,52,143
P1280,52,40
P1629,52,176
P0526,52,152
P0550,52,48
P1056,52,173
P0106,52,63
P1101,52,130
P1776,52,139
P1763,52,87
P1097,52,108
P1206,52,46
P1112,52,2
P1120,52,93
P0370,52,84
P1285,52,149
P0982,52,111
P1256,52,37
P0230,52,146
P1563,52,142
P0060,52,183
P1344,52,195
P0886,52,187
P0179,52,141
P0570,52,81
P1811,52,15
P1507,52,175
P1565,52,26
P1605,52,41
P0761,52,122
P1158,52,107
P1282,52,28
P0672,52,171
P1281,52,61
P0459,52,114
P0799,52,32
P0555,52,75
P0618,52,64
P0834,52,180
P1055,52,121
P0840,52,76
P0207,52,123
P1794,52,88
P0126,52,185
P0329,52,51
P0681,52,112
P0107,52,147
P0856,52,120
P1050,52,148
P0880,52,92
P0849,52,178
P1286,52,158
P1839,52,177
P1054,52,165
P0875,52,127
P0174,52,12
P1277,52,62
P1153,52,80
P1087,52,14
P0666,52,153
P0802,52,16
P0738,52,118
P1816,52,95
P0429,52,94
P0853,52,43
P0937,52,140
P0450,52,193
P1599,52,159
P0236,52,49
P0907,52,168
P1217,52,179
P0180,52,27
P0559,52,137
P1178,52,8
P0032,52,90
P1189,52,60
P1240,52,196
P1364,52,200
P0463,52,20
P0810,52,144
P1846,52,157
P0565,52,182
P0611,52,181
P1134,52,166
P1618,52,116
P0684,52,154
P1439,52,191
P0478,52,55
P0425,52,110
P0865,52,174
P1103,52,42
P1375,52,25
P0201,52,86
P0821,52,18
P0772,52,109
P0760,52,68
P1617,52,79
P1147,52,99
P1648,52,22
P0925,52,96
P0412,52,132
P1312,52,59
P0191,52,133
P0813,52,11
P0334,52,7
P1034,52,131
P1857,52,19
P1353,52,186
P1577,52,77
P1425,52,13
P1100,52,105
P1867,52,190
P1871,52,106
P1244,52,161
P0822,52,138
P0852,52,44
P1345,52,169
P1418,52,38
P0566,52,164
P0471,52,54
P0493,52,1
P0710,52,45
P0668,52,119
P0255,52,3
P1325,52,35
P1368,52,31
P0641,52,74
P1351,52,85
P0141,52,126
P1372,52,160
P0884,52,184
P0954,52,134
P0143,52,72
P0959,52,56
P0920,52,129
P0448,52,113
P0851,52,155
P0195,52,30
P1001,52,89
P1288,52,194
P1220,52,58
P1020,52,150
P1784,52,170
P0574,52,4
P0466,52,135
P0809,52,162
P1257,52,39
P1096,52,104
P0515,52,124
P0980,52,69
P1300,52,188
P1316,52,66
P1201,52,65
P0858,52,9
P1789,52,103
P1878,52,91
P0037,52,156
P0670,52,136
P0039,52,199
P1614,52,102
P1823,52,70
P0901,52,23
P1308,52,145
P0619,52,117
P1272,52,10
P1278,52,53
P1343,52,189
P1314,52,125
P0615,52,52
P0307,52,128
P1419,52,24
P0807,52,29
P0872,52,98
P1024,52,34
P0533,52,172
P1332,52,6
P1804,52,83
P1490,52,17
P0279,52,197
P0913,52,33
P1019,52,167
P0192,52,101
P1273,52,100
P0363,52,57
P0704,52,71
P1777,52,163
P1689,52,47
P1711,52,5
P0142,52,82
P0707,52,67
P0511,52,115
P1395,52,36
P1381,52,78
P0415,52,73
P0798,52,21
P0050,52,97
P0285,53,105
P0873,53,127
P1678,53,112
P0928,53,139
P0071,53,90
P0424,53,151
P0759,53,134
P1405,53,44
P1101,53,82
P1776,53,170
P1763,53,118
P1304,53,122
P1112,53,54
P1592,53,56
P0963,53,152
P1256,53,165
P1160,53,64
P1023,53,8
P0770,53,80
P1091,53,161
P0570,53,131
P0253,53,15
P0297,53,49
P0761,53,182
P0990,53,84
P1282,53,65
P1104,53,193
P1668,53,123
P0555,53,133
P0674,53,32
P0507,53,141
P0834,53,168
P0536,53,188
P1253,53,126
P0079,53,33
P1794,53,124
P0673,53,63
P1829,53,196
P0856,53,172
P0227,53,100
P0880,53,130
P1286,53,91
P0539,53,186
P0398,53,194
P0849,53,140
P0498,53,94
P0029,53,111
P1277,53,22
P1326,53,173
P0756,53,6
P0981,53,156
P1250,53,107
P1105,53,37
P0701,53,113
P1816,53,76
P1260,53,162
P0430,53,146
P0228,53,78
P1828,53,192
P0853,53,53
P0616,53,149
P0450,53,96
P1317,53,155
P0432,53,71
P0313,53,184
P1164,53,166
P0315,53,200
P0129,53,195
P0962,53,26
P0404,53,119
P0950,53,25
P0336,53,142
P1242,53,67
P1247,53,120
P1360,53,13
P1728,53,34
P1718,53,179
P1846,53,187
P0703,53,121
P0617,53,70
P0352,53,79
P0662,53,99
P0425,53,83
P0736,53,35
P1569,53,157
P1052,53,52
P1045,53,58
P1319,53,171
P1375,53,42
P0888,53,160
P0008,53,154
P0925,53,137
P0412,53,191
P1628,53,5
P0916,53,59
P1844,53,198
P0191,53,93
P1159,53,7
P0563,53,178
P1261,53,43
P0941,53,60
P1854,53,89
P0148,53,14
P1859,53,36
P0177,53,45
P0708,53,68
P0805,53,163
P1673,53,57
P0447,53,46
P0967,53,2
P1290,53,150
P1244,53,20
P0088,53,77
P1589,53,101
P0291,53,138
P0063,53,106
P0493,53,153
P1154,53,50
P0740,53,104
P1674,53,143
P1406,53,29
P1368,53,16
P1351,53,88
P0141,53,114
P1298,53,177
P0035,53,21
P0653,53,181
P1658,53,128
P1940,53,183
P0920,53,86
P0851,53,185
P1305,53,144
P0522,53,47
P0762,53,189
P1610,53,9
P1670,53,40
P0453,53,103
P1613,53,97
P0127,53,10
P0466,53,135
P1357,53,159
P0414,53,197
P0515,53,81
P1299,53,147
P1316,53,28
P1245,53,19
P1201,53,41
P0428,53,110
P0210,53,17
P0909,53,18
P1321,53,27
P1137,53,30
P0343,53,98
P0670,53,69
P1287,53,12
P1614,53,180
P1607,53,55
P0685,53,176
P1823,53,164
P1006,53,148
P1308,53,66
P0152,53,48
P0379,53,132
P0548,53,23
P1657,53,175
P1860,53,11
P0975,53,109
P0938,53,31
P0111,53,108
P1314,53,117
P0307,53,1
P1102,53,145
P0872,53,169
P0337,53,158
P1341,53,51
P1243,53,116
P1383,53,38
P0927,53,74
P0046,53,75
P0758,53,61
P1019,53,136
P0302,53,62
P1525,53,24
P0128,53,190
P0709,53,129
P1227,53,167
P1818,53,92
P0978,53,102
P1063,53,3
P1409,53,39
P0024,53,85
P0777,53,95
P1781,53,174
P0511,53,72
P0202,53,87
P1081,53,125
P1264,53,115
P1381,53,4
P1845,53,199
P1834,53,73
P0109,54,86
P1202,54,100
P1296,54,128
P1791,54,171
P0879,54,82
P1655,54,28
P1280,54,35
P0006,54,114
P1776,54,108
P1304,54,43
P0370,54,64
P1403,54,189
P1256,54,18
P0239,54,2
P0434,54,23
P0060,54,188
P0411,54,47
P0727,54,164
P0059,54,198
P1091,54,176
P0570,54,115
P1435,54,190
P0297,54,111
P1836,54,20
P0819,54,98
P0660,54,109
P1605,54,72
P0761,54,4
P1795,54,112
P1281,54,50
P1282,54,49
P1668,54,177
P0555,54,102
P1165,54,26
P0816,54,60
P0796,54,12
P0834,54,81
P0536,54,89
P0535,54,38
P1456,54,183
P0832,54,58
P0856,54,59
P0491,54,83
P0844,54,69
P0880,54,90
P0849,54,97
P0686,54,37
P0911,54,57
P0498,54,181
P1627,54,147
P0178,54,8
P1326,54,131
P0638,54,120
P0056,54,21
P0666,54,187
P1250,54,170
P0876,54,185
P1087,54,46
P0373,54,75
P0701,54,31
P1124,54,85
P1816,54,178
P0430,54,110
P0845,54,79
P0998,54,134
P0429,54,124
P1775,54,161
P1626,54,180
P0853,54,74
P0038,54,11
P0616,54,7
P0450,54,154
P0209,54,91
P0355,54,41
P1427,54,103
P1835,54,27
P1164,54,22
P0520,54,76
P1482,54,173
P0484,54,118
P0665,54,192
P1414,54,133
P1247,54,165
P1360,54,142
P0810,54,168
P0440,54,153
P0989,54,73
P0684,54,194
P0948,54,139
P0352,54,104
P0435,54,33
P1376,54,29
P0639,54,127
P1498,54,195
P1270,54,10
P0353,54,123
P0949,54,144
P1052,54,126
P1374,54,130
P0902,54,36
P1320,54,169
P0455,54,150
P1042,54,78
P1319,54,167
P0472,54,129
P1147,54,135
P1358,54,149
P1216,54,39
P0191,54,143
P0563,54,87
P1083,54,175
P0820,54,99
P1279,54,30
P0947,54,45
P1284,54,155
P1100,54,3
P1248,54,159
P1824,54,9
P1803,54,14
P0710,54,65
P1674,54,116
P0055,54,42
P1519,54,136
P1368,54,44
P0519,54,56
P0653,54,55
P1940,54,132
P0035,54,162
P1658,54,92
P1499,54,186
P1298,54,117
P0920,54,51
P0134,54,13
P1288,54,141
P0145,54,158
P1497,54,191
P0427,54,15
P0449,54,52
P1662,54,16
P0737,54,148
P0757,54,66
P1560,54,179
P0833,54,95
P1096,54,145
P0182,54,182
P1299,54,122
P1316,54,101
P1422,54,105
P1295,54,121
P0061,54,193
P0909,54,53
P1321,54,138
P1789,54,163
P0118,54,5
P1318,54,166
P0969,54,48
P1251,54,172
P0676,54,1
P1457,54,197
P1595,54,137
P1614,54,113
P0685,54,140
P0814,54,94
P1606,54,71
P1660,54,40
P0610,54,146
P0551,54,80
P0433,54,25
P1657,54,32
P0379,54,119
P1278,54,34
P0548,54,68
P1404,54,199
P0426,54,6
P0496,54,54
P0237,54,96
P0337,54,156
P1495,54,196
P1654,54,67
P0655,54,62
P1496,54,184
P0815,54,93
P0818,54,63
P1094,54,77
P0247,54,17
P0704,54,84
P1227,54,174
P0654,54,61
P0413,54,88
P0707,54,19
P0142,54,157
P1781,54,107
P0399,54,70
P0836,54,125
P0062,54,151
P0415,54,106
P0436,54,152
P1249,54,160
P1834,54,24
P1202,55,171
P0285,55,193
P0246,55,185
P0928,55,58
P1791,55,5
P1449,55,194
P0578,55,35
P0380,55,147
P0071,55,179
P1788,55,141
P0803,55,178
P0006,55,34
P0165,55,186
P0110,55,200
P1815,55,162
P0982,55,1
P1686,55,45
P1403,55,150
P1256,55,70
P0528,55,157
P1340,55,135
P1426,55,121
P0531,55,46
P1565,55,88
P1795,55,170
P0007,55,134
P1668,55,69
P0829,55,181
P0555,55,122
P0926,55,62
P0259,55,75
P1858,55,65
P1794,55,47
P0069,55,138
P0258,55,192
P0856,55,81
P0284,55,96
P0880,55,111
P0517,55,140
P0849,55,143
P0398,55,7
P1839,55,168
P0030,55,8
P0609,55,39
P1638,55,158
P0638,55,86
P0666,55,166
P1087,55,33
P1250,55,10
P1593,55,41
P1105,55,4
P0430,55,84
P0847,55,60
P0768,55,108
P1626,55,126
P0529,55,151
P0853,55,195
P0616,55,188
P1681,55,112
P0362,55,149
P1856,55,77
P1228,55,177
P1528,55,93
P0355,55,11
P0952,55,196
P1164,55,129
P1193,55,198
P0579,55,159
P0677,55,31
P0116,55,160
P0463,55,48
P1861,55,107
P0703,55,164
P1335,55,38
P0684,55,97
P1830,55,94
P1941,55,12
P0114,55,21
P1052,55,22
P0736,55,56
P0910,55,82
P0949,55,36
P1320,55,27
P1238,55,115
P1319,55,68
P0201,55,130
P0772,55,106
P0393,55,114
P1417,55,29
P0925,55,51
P1216,55,32
P0813,55,113
P0334,55,78
P0563,55,100
P0675,55,15
P0502,55,133
P1609,55,131
P1353,55,142
P1356,55,163
P0708,55,55
P0947,55,156
P1284,55,105
P0967,55,139
P1290,55,191
P0649,55,102
P0088,55,99
P0822,55,20
P0342,55,85
P1111,55,71
P1589,55,132
P1384,55,26
P1345,55,174
P0291,55,124
P0493,55,61
P1674,55,125
P0055,55,176
P1219,55,25
P1406,55,165
P1036,55,154
P0141,55,28
P0519,55,120
P1940,55,64
P1810,55,137
P0346,55,167
P0851,55,9
P1305,55,128
P0912,55,16
P0449,55,52
P0994,55,119
P1591,55,184
P1218,55,72
P0737,55,116
P1625,55,187
P0466,55,91
P1825,55,3
P1255,55,59
P0356,55,2
P1096,55,117
P0823,55,23
P1299,55,123
P1316,55,63
P1422,55,145
P1295,55,101
P0061,55,183
P0210,55,30
P0909,55,18
P0944,55,155
P0643,55,136
P1487,55,67
P1321,55,6
P0858,55,44
P0280,55,83
P0464,55,54
P0850,55,43
P0343,55,189
P0714,55,49
P1619,55,74
P0795,55,173
P1595,55,42
P1607,55,197
P1823,55,127
P0863,55,103
P0081,55,24
P1308,55,98
P0532,55,182
P1596,55,175
P1278,55,80
P0938,55,153
P1314,55,19
P1102,55,76
P1121,55,146
P0357,55,199
P1012,55,40
P1181,55,161
P1520,55,17
P1341,55,169
P0240,55,118
P0166,55,73
P0815,55,104
P1642,55,66
P0128,55,110
P1525,55,14
P1302,55,180
P1227,55,152
P0704,55,53
P0500,55,37
P1703,55,92
P0275,55,144
P1231,55,190
P1602,55,95
P0211,55,172
P1081,55,57
P1373,55,87
P0544,55,50
P0062,55,90
P1200,55,89
P0415,55,148
P1043,55,79
P1365,55,109
P1523,55,13
P1678,56,37
P0873,56,153
P1791,56,85
P1774,56,47
P1280,56,141
P0380,56,66
P0071,56,191
P0771,56,190
P0993,56,92
P0803,56,110
P0984,56,72
P1400,56,48
P1405,56,58
P0877,56,146
P0759,56,181
P1097,56,126
P1206,56,88
P1230,56,192
P0982,56,68
P1256,56,198
P0963,56,80
P1813,56,21
P0509,56,149
P0411,56,120
P0569,56,171
P0151,56,174
P0179,56,132
P0570,56,34
P0531,56,116
P0297,56,61
P0931,56,4
P0065,56,139
P1795,56,22
P0007,56,60
P1281,56,140
P0801,56,104
P0394,56,7
P1183,56,127
P0796,56,97
P0848,56,123
P0536,56,20
P0840,56,145
P0122,56,8
P1794,56,172
P1399,56,2
P0491,56,51
P0227,56,79
P0517,56,41
P0539,56,27
P0398,56,9
P0849,56,122
P1839,56,73
P0174,56,130
P0562,56,101
P0933,56,96
P1267,56,35
P1638,56,24
P0603,56,89
P0218,56,76
P0802,56,107
P1816,56,13
P1237,56,144
P0430,56,49
P0847,56,114
P0473,56,44
P1594,56,159
P0998,56,11
P0768,56,62
P0828,56,90
P0567,56,197
P1599,56,99
P0323,56,178
P1528,56,105
P0432,56,180
P0962,56,77
P0591,56,38
P1414,56,10
P1178,56,135
P1584,56,176
P1639,56,16
P0463,56,103
P0703,56,143
P0440,56,166
P0989,56,82
P0964,56,67
P0684,56,136
P0352,56,155
P1311,56,86
P1830,56,100
P0865,56,134
P1640,56,46
P0949,56,106
P1608,56,18
P1651,56,195
P1238,56,165
P0821,56,1
P0393,56,6
P0800,56,128
P0508,56,64
P1258,56,186
P0191,56,177
P1820,56,29
P0563,56,17
P1636,56,23
P0190,56,185
P1261,56,193
P0811,56,30
P0941,56,78
P0999,56,3
P1356,56,75
P0805,56,160
P1284,56,161
P1824,56,94
P0822,56,12
P1057,56,53
P1111,56,196
P0852,56,121
P1589,56,158
P0090,56,179
P0932,56,15
P1519,56,5
P0146,56,169
P1940,56,50
P1275,56,142
P0789,56,40
P0851,56,125
P1001,56,59
P0556,56,42
P0762,56,129
P0145,56,157
P0427,56,119
P0501,56,69
P1220,56,74
P0219,56,81
P0757,56,156
P0538,56,138
P1645,56,91
P1014,56,52
P1255,56,63
P1362,56,33
P0296,56,131
P1257,56,65
P0020,56,112
P0515,56,152
P1213,56,111
P1096,56,118
P1635,56,28
P1827,56,117
P0858,56,133
P1487,56,108
P1009,56,148
P1789,56,102
P0850,56,115
P1595,56,163
P1047,56,167
P1614,56,151
P1607,56,184
P1823,56,194
P0814,56,26
P0812,56,187
P1088,56,43
P1006,56,200
P0863,56,71
P0532,56,162
P0123,56,32
P0379,56,182
P1596,56,164
P1278,56,170
P1174,56,56
P1272,56,124
P0395,56,14
P1191,56,98
P1102,56,137
P1121,56,147
P0337,56,54
P0612,56,109
P0240,56,168
P0166,56,150
P0745,56,188
P0815,56,19
P1019,56,199
P0302,56,55
P0363,56,93
P0523,56,84
P1302,56,173
P1227,56,113
P0500,56,70
P0657,56,95
P1868,56,154
P1818,56,31
P0211,56,83
P0707,56,25
P0399,56,45
P0276,56,57
P1561,56,36
P1373,56,189
P0415,56,183
P1867,56,39
P0739,56,87
P1127,56,175
P0109,57,196
P1202,57,195
P0873,57,9
P1280,57,106
P1123,57,44
P0089,57,190
P1553,57,48
P0461,57,150
P0759,57,81
P1776,57,83
P1763,57,129
P0277,57,114
P1112,57,95
P1538,57,60
P0697,57,40
P1142,57,153
P0370,57,63
P0381,57,4
P1256,57,73
P1517,57,162
P0239,57,24
P1323,57,171
P0513,57,45
P0059,57,185
P0151,57,170
P0179,57,93
P1435,57,28
P1448,57,38
P0660,57,165
P0402,57,61
P1281,57,85
P0672,57,30
P0007,57,53
P0671,57,23
P1140,57,156
P1741,57,22
P0507,57,54
P0259,57,14
P0126,57,108
P1055,57,140
P0226,57,179
P0539,57,76
P0849,57,166
P1286,57,27
P1377,57,143
P1839,57,111
P0398,57,64
P0042,57,3
P0911,57,101
P1852,57,8
P0498,57,105
P0933,57,180
P0029,57,169
P1326,57,66
P0056,57,68
P0218,57,151
P1624,57,7
P1764,57,198
P1124,57,118
P1237,57,163
P0845,57,172
P0936,57,113
P0853,57,168
P0450,57,41
P0362,57,126
P0774,57,99
P0209,57,119
P0497,57,121
P0952,57,32
P0432,57,193
P1217,57,127
P0336,57,71
P0859,57,21
P1718,57,77
P0690,57,96
P0703,57,104
P0617,57,72
P0611,57,25
P1361,57,123
P0440,57,57
P0571,57,13
P1161,57,138
P0425,57,158
P0724,57,33
P0353,57,67
P0985,57,88
P0949,57,59
P0114,57,79
P1374,57,69
P0910,57,58
P1320,57,199
P1045,57,82
P1453,57,154
P1683,57,161
P0821,57,94
P0804,57,147
P0393,57,65
P1417,57,90
P1035,57,187
P1685,57,175
P1258,57,49
P1276,57,98
P0992,57,120
P0117,57,182
P1820,57,62
P0488,57,146
P0921,57,107
P0805,57,100
P0105,57,20
P1100,57,184
P0482,57,103
P1853,57,11
P0545,57,144
P0063,57,52
P0710,57,174
P1674,57,39
P1481,57,70
P0203,57,125
P0711,57,141
P1219,57,37
P0746,57,1
P1170,57,42
P1940,57,84
P0716,57,34
P0920,57,176
P1307,57,102
P1116,57,155
P0195,57,133
P0762,57,186
P1303,57,26
P0449,57,181
P1192,57,145
P0994,57,75
P1665,57,5
P0737,57,135
P1613,57,47
P1575,57,188
P1784,57,134
P0372,57,149
P0414,57,194
P0809,57,136
P1255,57,109
P1362,57,16
P1257,57,110
P0667,57,29
P1300,57,46
P0904,57,167
P1316,57,115
P1252,57,177
P0909,57,78
P0210,57,164
P0451,57,51
P1321,57,56
P1789,57,189
P0216,57,122
P0280,57,117
P1318,57,74
P0037,57,178
P0670,57,131
P0905,57,31
P0343,57,43
P0646,57,15
P1254,57,89
P1607,57,112
P1287,57,10
P1619,57,12
P0812,57,116
P1289,57,159
P0863,57,152
P0929,57,124
P0610,57,36
P0266,57,191
P1278,57,173
P0307,57,2
P1121,57,18
P1341,57,86
P0807,57,192
P0374,57,87
P0135,57,50
P0533,57,130
P0166,57,35
P1383,57,92
P0279,57,80
P0758,57,157
P1019,57,148
P0305,57,6
P1302,57,142
P0415,57,132
P0707,57,160
P0142,57,197
P1483,57,55
P0558,57,97
P0062,57,91
P1530,57,137
P1172,57,128
P0694,57,19
P0739,57,183
P0050,57,17
P1834,57,139
P1791,58,25
P1280,58,154
P0380,58,4
P1079,58,59
P0006,58,101
P0877,58,87
P1101,58,199
P1097,58,31
P0277,58,86
P0110,58,45
P0049,58,47
P0697,58,35
P1815,58,144
P1403,58,121
P0516,58,173
P0009,58,107
P1407,58,28
P0411,58,8
P0513,58,116
P0059,58,195
P1091,58,133
P1661,58,14
P1184,58,141
P1715,58,128
P0297,58,175
P1138,58,122
P1603,58,142
P1484,58,81
P1755,58,189
P0007,58,48
P1022,58,46
P0674,58,149
P0926,58,106
P1741,58,63
P1858,58,160
P0535,58,127
P0207,58,192
P0079,58,171
P1794,58,190
P0258,58,23
P1352,58,191
P0880,58,32
P1377,58,163
P0517,58,147
P0398,58,167
P1514,58,140
P1732,58,125
P1839,58,60
P0608,58,7
P0824,58,155
P0030,58,156
P1277,58,157
P1326,58,13
P0638,58,150
P0666,58,34
P1611,58,139
P0981,58,54
P1593,58,110
P1087,58,82
P0738,58,11
P0391,58,118
P1641,58,53
P0853,58,33
P0828,58,198
P0229,58,83
P0362,58,148
P1228,58,98
P0952,58,41
P1856,58,109
P1528,58,153
P1672,58,103
P0950,58,162
P1193,58,37
P0591,58,5
P1574,58,113
P1531,58,179
P0677,58,185
P1478,58,137
P1639,58,135
P1044,58,56
P1247,58,27
P0810,58,176
P0703,58,22
P1826,58,10
P1335,58,79
P0948,58,44
P0571,58,68
P1270,58,120
P1559,58,2
P1830,58,134
P0736,58,18
P1941,58,174
P1640,58,55
P1320,58,164
P1269,58,180
P0181,58,62
P0201,58,69
P0821,58,19
P1650,58,88
P0008,58,104
P1465,58,21
P0925,58,168
P1216,58,78
P0783,58,61
P0191,58,64
P1671,58,102
P0563,58,17
P0675,58,159
P1857,58,76
P1609,58,138
P1353,58,67
P1355,58,42
P1425,58,117
P1168,58,43
P1244,58,170
P1021,58,24
P1057,58,99
P0613,58,36
P1111,58,40
P1411,58,73
P0474,58,129
P1274,58,29
P0740,58,151
P1095,58,132
P1406,58,152
P0255,58,57
P0641,58,71
P1351,58,194
P0235,58,165
P0146,58,178
P1940,58,115
P0920,58,100
P0906,58,187
P0427,58,97
P0693,58,3
P0881,58,196
P1354,58,200
P0296,58,93
P0606,58,16
P0678,58,183
P1316,58,177
P1252,58,1
P1385,58,182
P1827,58,146
P1009,58,161
P0216,58,193
P0464,58,85
P0280,58,94
P0343,58,124
P0634,58,6
P0714,58,12
P1398,58,95
P1254,58,123
P1347,58,96
P1588,58,52
P1457,58,75
P1619,58,72
P1823,58,181
P0125,58,65
P1272,58,90
P0548,58,172
P1600,58,188
P1802,58,15
P1314,58,114
P1476,58,136
P1520,58,169
P1039,58,111
P0337,58,89
P1510,58,77
P0533,58,126
P0743,58,30
P1143,58,143
P0166,58,51
P1804,58,91
P0927,58,112
P1496,58,80
P1642,58,58
P1490,58,84
P0305,58,105
P0302,58,108
P0831,58,74
P1787,58,39
P0978,58,166
P1488,58,9
P0211,58,130
P1918,58,38
P0344,58,131
P1722,58,184
P0399,58,66
P0276,58,92
P1053,58,186
P0544,58,26
P0558,58,20
P0576,58,145
P0341,58,197
P1043,58,50
P1365,58,119
P1867,58,49
P1523,58,158
P1090,58,70
P0928,59,105
P1774,59,199
P0153,59,8
P0071,59,147
P1788,59,117
P1113,59,81
P1101,59,14
P1763,59,52
P1206,59,17
P0370,59,118
P0054,59,188
P0825,59,173
P1403,59,34
P1751,59,190
P1485,59,101
P1023,59,86
P1563,59,160
P0411,59,61
P0179,59,100
P0570,59,124
P0067,59,66
P0531,59,71
P1115,59,106
P1281,59,187
P1282,59,131
P0394,59,198
P0799,59,74
P0555,59,196
P0469,59,125
P0848,59,104
P0883,59,138
P1829,59,22
P0069,59,116
P0856,59,55
P1050,59,28
P1724,59,181
P0398,59,153
P0608,59,167
P0298,59,90
P0562,59,6
P0587,59,119
P0933,59,185
P0504,59,12
P0756,59,91
P0603,59,3
P0666,59,26
P1250,59,176
P0958,59,129
P0446,59,157
P0738,59,62
P1124,59,31
P0845,59,9
P0847,59,41
P0384,59,193
P1228,59,48
P0962,59,175
P1178,59,128
P1073,59,135
P0463,59,141
P1229,59,82
P0565,59,33
P0617,59,60
P1134,59,4
P1335,59,11
P1826,59,134
P0966,59,70
P0352,59,83
P1311,59,78
P1052,59,154
P1319,59,178
P0201,59,114
P1650,59,49
P1106,59,152
P0393,59,68
P0760,59,130
P1276,59,36
P0476,59,166
P0487,59,27
P0191,59,132
P0563,59,16
P1034,59,39
P0502,59,108
P1327,59,171
P1356,59,97
P1013,59,25
P0708,59,73
P0447,59,58
P1577,59,110
P1425,59,51
P1824,59,5
P0088,59,21
P1057,59,115
P0613,59,189
P1394,59,195
P0852,59,75
P0257,59,103
P1214,59,98
P0545,59,69
P1384,59,179
P1589,59,109
P1041,59,50
P1345,59,142
P0090,59,133
P1674,59,121
P0711,59,63
P0100,59,79
P1406,59,168
P0293,59,145
P1586,59,54
P1351,59,161
P1656,59,1
P0235,59,177
P0141,59,174
P0146,59,180
P1940,59,53
P1734,59,146
P0920,59,76
P0346,59,144
P0874,59,99
P0906,59,95
P0556,59,162
P1205,59,165
P1610,59,84
P0974,59,192
P1303,59,123
P0449,59,40
P0971,59,111
P1218,59,89
P0757,59,77
P0127,59,87
P0538,59,137
P1357,59,122
P1825,59,182
P0414,59,18
P1255,59,43
P0356,59,172
P0980,59,44
P1096,59,96
P0515,59,184
P0593,59,64
P0198,59,139
P1931,59,200
P1316,59,13
P1393,59,2
P1201,59,88
P0210,59,170
P0643,59,59
P0377,59,151
P1197,59,164
P0118,59,10
P1878,59,56
P1721,59,37
P0634,59,155
P1595,59,47
P1457,59,30
P1614,59,136
P0862,59,35
P0081,59,183
P0929,59,148
P0532,59,107
P0610,59,92
P0972,59,120
P0379,59,156
P1657,59,32
P1015,59,57
P0779,59,112
P1860,59,80
P1802,59,186
P1756,59,72
P1314,59,102
P0097,59,127
P1404,59,20
P1199,59,19
P0527,59,85
P0496,59,140
P0374,59,29
P1024,59,149
P1446,59,94
P0743,59,158
P1182,59,42
P1028,59,126
P0305,59,194
P0656,59,197
P0797,59,169
P0057,59,23
P0523,59,7
P0540,59,15
P1703,59,163
P1063,59,93
P0243,59,159
P1689,59,38
P0413,59,24
P0589,59,67
P0378,59,143
P0707,59,150
P1395,59,45
P0304,59,113
P1712,59,191
P1373,59,65
P0415,59,46
P0873,60,27
P1791,60,66
P1280,60,168
P1819,60,24
P1382,60,80
P0066,60,25
P0424,60,154
P0103,60,97
P1203,60,197
P0594,60,102
P1016,60,42
P0481,60,149
P0049,60,167
P1206,60,98
P0381,60,151
P0982,60,106
P1686,60,145
P0963,60,48
P0101,60,144
P0569,60,169
P0570,60,35
P0067,60,18
P0531,60,26
P0683,60,188
P1484,60,152
P1104,60,90
P1282,60,195
P1129,60,165
P1281,60,40
P1795,60,139
P0394,60,179
P0799,60,122
P0555,60,6
P0926,60,125
P1363,60,118
P0834,60,85
P1747,60,200
P0673,60,161
P1794,60,166
P0258,60,100
P0832,60,55
P0856,60,128
P1647,60,146
P1724,60,73
P0880,60,142
P1377,60,83
P1839,60,51
P0713,60,116
P1852,60,191
P0835,60,108
P0498,60,86
P0112,60,7
P1139,60,32
P1250,60,37
P1105,60,88
P0429,60,137
P0362,60,74
P0642,60,157
P0588,60,156
P1217,60,58
P0665,60,1
P0962,60,28
P0104,60,96
P0579,60,135
P1639,60,22
P1478,60,148
P0731,60,2
P0810,60,3
P0617,60,95
P1826,60,172
P0324,60,175
P0611,60,103
P0639,60,198
P1376,60,81
P0553,60,107
P1374,60,67
P0910,60,185
P0197,60,182
P1473,60,133
P0181,60,69
P0201,60,143
P0821,60,60
P1147,60,52
P0008,60,162
P0340,60,134
P0412,60,112
P0339,60,186
P1628,60,62
P0992,60,190
P0813,60,23
P0191,60,36
P0488,60,126
P1636,60,19
P1623,60,89
P1327,60,68
P0175,60,4
P1356,60,8
P0148,60,155
P0403,60,196
P0105,60,93
P1425,60,75
P1533,60,174
P1866,60,34
P1309,60,45
P0822,60,76
P0852,60,158
P1214,60,29
P0545,60,57
P1384,60,78
P1345,60,10
P0493,60,39
P0710,60,176
P1481,60,104
P0203,60,11
P0711,60,47
P1406,60,65
P0255,60,46
P0884,60,181
P1656,60,87
P1734,60,184
P1940,60,84
P0146,60,163
P1658,60,14
P0716,60,159
P1116,60,189
P0851,60,79
P1765,60,15
P0906,60,33
P0974,60,177
P0449,60,199
P0912,60,64
P0561,60,59
P0994,60,131
P1218,60,54
P0757,60,61
P0371,60,123
P1014,60,41
P1257,60,170
P1096,60,44
P0980,60,113
P1300,60,160
P0823,60,56
P1337,60,150
P0678,60,70
P1635,60,13
P1252,60,173
P1316,60,138
P1385,60,82
P0773,60,140
P0210,60,71
P0377,60,12
P1009,60,127
P1789,60,38
P0343,60,130
P0676,60,136
P1099,60,110
P1287,60,109
P1607,60,192
P0814,60,16
P0908,60,63
P0929,60,147
P0152,60,92
P0551,60,164
P0972,60,132
P1015,60,115
P1657,60,72
P1278,60,43
P0068,60,17
P0486,60,153
P0938,60,99
P0097,60,5
P1415,60,124
P1012,60,111
P1578,60,94
P1181,60,129
P0345,60,9
P0318,60,121
P0960,60,193
P0744,60,91
P1268,60,31
P0743,60,114
P0166,60,117
P1383,60,77
P0815,60,20
P0305,60,105
P1019,60,180
P0656,60,53
P0310,60,187
P1302,60,101
P0704,60,30
P1818,60,21
P0024,60,194
P0554,60,178
P0707,60,171
P1381,60,183
P0281,60,49
P1365,60,119
P0988,60,120
P1090,60,141
P1834,60,50
P0873,61,105
P0578,61,58
P1280,61,63
P0071,61,165
P0682,61,14
P0431,61,155
P1097,61,169
P0277,61,179
P0165,61,86
P1112,61,160
P0239,61,83
P1563,61,122
P0781,61,6
P1091,61,1
P0882,61,70
P0067,61,17
P0531,61,96
P1565,61,127
P0819,61,132
P0660,61,35
P1755,61,87
P1795,61,144
P1158,61,178
P0007,61,84
P1710,61,71
P0394,61,55
P0555,61,107
P0816,61,25
P0259,61,15
P0915,61,177
P0536,61,21
P1858,61,93
P1458,61,78
P1794,61,134
P1590,61,124
P0856,61,188
P1050,61,174
P0748,61,2
P0539,61,32
P0517,61,189
P1026,61,129
P0824,61,112
P0911,61,193
P0298,61,113
P0562,61,116
P0933,61,51
P0108,61,23
P1077,61,199
P1326,61,54
P0609,61,29
P0025,61,147
P1638,61,168
P0638,61,42
P1611,61,99
P0802,61,100
P1139,61,180
P1087,61,62
P0387,61,47
P1260,61,156
P0847,61,92
P1594,61,88
P0228,61,121
P0998,61,33
P0429,61,117
P0232,61,123
P0962,61,67
P1414,61,131
P0600,61,89
P0572,61,192
P0973,61,90
P0617,61,163
P1622,61,141
P1439,61,171
P0948,61,43
P1618,61,94
P0324,61,50
P1559,61,56
P0614,61,13
P0736,61,186
P1569,61,149
P1052,61,85
P1328,61,126
P0458,61,53
P0181,61,3
P0472,61,49
P0821,61,46
P1650,61,172
P0753,61,140
P0888,61,150
P1687,61,176
P1685,61,69
P1783,61,68
P0412,61,128
P1258,61,153
P0568,61,195
P0813,61,30
P0334,61,19
P0190,61,120
P0563,61,18
P0488,61,198
P1609,61,190
P1327,61,28
P0148,61,48
P0708,61,181
P0947,61,64
P1577,61,170
P0397,61,143
P1290,61,148
P0822,61,45
P1186,61,130
P1394,61,75
P1111,61,111
P0257,61,72
P1653,61,157
P1384,61,145
P0566,61,119
P0740,61,26
P1481,61,41
P0924,61,109
P0361,61,76
P1351,61,8
P0167,61,77
P1734,61,11
P1940,61,57
P1658,61,16
P0959,61,7
P0920,61,200
P0851,61,38
P0755,61,135
P0556,61,66
P1020,61,108
P0372,61,142
P0538,61,79
P0043,61,110
P0574,61,197
P1014,61,138
P0020,61,125
P0182,61,37
P1299,61,114
P0823,61,44
P0420,61,74
P1422,61,173
P1245,61,184
P0909,61,161
P0944,61,59
P1827,61,133
P1009,61,182
P1789,61,136
P0118,61,104
P0714,61,187
P1595,61,91
P1607,61,152
P1823,61,80
P0814,61,22
P0499,61,95
P0123,61,36
P0433,61,40
P1657,61,73
P0548,61,154
P0379,61,98
P1174,61,159
P1018,61,118
P0395,61,34
P0068,61,20
P0972,61,24
P0486,61,60
P1404,61,27
P1012,61,191
P1199,61,10
P0496,61,101
P0337,61,81
P1182,61,115
P1243,61,183
P0927,61,194
P0815,61,31
P0305,61,4
P1019,61,162
P0656,61,52
P1273,61,137
P1059,61,103
P0747,61,151
P1227,61,102
P0500,61,97
P1334,61,139
P0275,61,196
P1711,61,65
P0211,61,5
P0344,61,82
P0707,61,158
P0142,61,164
P0286,61,61
P0399,61,106
P0202,61,9
P0140,61,12
P0281,61,175
P1530,61,185
P0070,61,166
P1867,61,167
P1480,61,146
P1834,61,39
P1202,62,129
P0421,62,195
P0943,62,4
P0158,62,57
P1280,62,89
P0006,62,87
P0106,62,31
P1776,62,50
P0049,62,170
P1097,62,60
P1090,62,99
P1686,62,159
P0982,62,19
P0825,62,140
P1431,62,175
P1023,62,56
P0239,62,92
P1426,62,63
P1811,62,130
P0570,62,161
P0067,62,127
P0531,62,34
P0819,62,13
P1133,62,102
P0065,62,148
P1558,62,184
P0007,62,146
P1795,62,61
P0715,62,27
P0671,62,104
P0555,62,180
P0799,62,105
P0834,62,32
P1858,62,169
P0536,62,65
P1253,62,165
P1051,62,35
P0883,62,116
P0329,62,25
P0107,62,131
P1744,62,22
P0856,62,71
P1050,62,147
P0880,62,5
P0347,62,190
P1839,62,174
P0608,62,111
P0911,62,46
P1730,62,196
P0298,62,80
P1077,62,167
P0958,62,157
P0014,62,149
P0373,62,30
P1436,62,110
P0430,62,16
P1641,62,166
P0853,62,79
P1675,62,137
P0209,62,128
P1427,62,70
P0588,62,118
P0962,62,123
P1531,62,143
P0156,62,59
P0104,62,158
P1044,62,197
P1247,62,155
P1718,62,72
P0810,62,41
P0989,62,86
P0948,62,126
P1559,62,109
P0425,62,191
P1941,62,142
P0114,62,144
P1830,62,62
P1380,62,96
P1320,62,141
P0455,62,69
P1453,62,132
P0215,62,153
P1175,62,181
P1841,62,176
P1319,62,67
P1269,62,134
P1650,62,55
P0772,62,12
P1687,62,42
P1417,62,66
P0321,62,53
P1276,62,29
P1848,62,49
P0191,62,119
P0292,62,192
P0488,62,76
P1034,62,18
P1327,62,160
P1353,62,183
P0359,62,1
P0148,62,112
P1279,62,26
P0447,62,51
P0805,62,68
P1207,62,75
P0708,62,52
P1100,62,44
P0115,62,179
P1824,62,107
P1072,62,15
P1244,62,152
P0822,62,108
P0613,62,145
P0852,62,106
P0155,62,81
P0710,62,3
P0740,62,139
P0922,62,21
P0924,62,43
P0711,62,33
P1219,62,173
P0141,62,28
P1940,62,122
P1169,62,178
P0959,62,94
P0920,62,6
P1116,62,88
P0906,62,101
P0762,62,186
P0427,62,45
P0583,62,151
P0780,62,11
P1020,62,187
P1218,62,164
P1784,62,97
P1556,62,38
P0414,62,17
P1255,62,91
P1362,62,47
P1257,62,84
P1213,62,162
P0667,62,103
P1300,62,78
P1570,62,85
P0606,62,114
P0904,62,54
P1245,62,20
P1385,62,135
P1201,62,93
P0154,62,156
P0909,62,189
P0858,62,163
P1197,62,58
P0464,62,23
P0280,62,95
P0905,62,90
P0714,62,9
P1793,62,199
P1254,62,168
P1823,62,113
P1289,62,154
P0266,62,150
P0068,62,125
P0938,62,136
P0615,62,74
P0854,62,182
P1314,62,37
P0307,62,77
P1756,62,98
P0357,62,8
P1132,62,48
P1211,62,82
P0496,62,194
P0872,62,73
P0612,62,7
P0374,62,138
P1182,62,115
P1332,62,124
P0927,62,133
P0815,62,2
P0004,62,177
P0725,62,200
P1094,62,40
P0656,62,172
P0709,62,10
P1689,62,83
P0275,62,171
P1488,62,117
P0211,62,120
P0707,62,121
P0511,62,14
P0140,62,24
P1156,62,198
P0281,62,36
P0576,62,193
P0062,62,185
P0415,62,64
P1778,62,100
P1058,62,188
P1249,62,39
P1779,63,142
P0928,63,85
P1791,63,143
P1079,63,131
P0771,63,75
P0424,63,195
P0106,63,41
P1016,63,165
P1349,63,159
P1097,63,114
P0049,63,104
P1763,63,32
P1206,63,198
P1686,63,181
P0170,63,16
P0717,63,47
P1790,63,184
P0564,63,65
P1162,63,24
P0513,63,42
P1091,63,72
P1811,63,126
P1435,63,13
P0570,63,190
P0531,63,93
P1448,63,63
P0660,63,82
P1795,63,8
P0394,63,38
P0629,63,166
P1542,63,94
P0799,63,40
P0926,63,119
P0816,63,182
P0507,63,84
P1055,63,44
P0840,63,90
P1253,63,124
P1794,63,58
P1456,63,20
P0069,63,154
P1543,63,55
P0856,63,120
P0491,63,87
P1026,63,4
P1839,63,163
P0713,63,149
P0608,63,48
P1732,63,179
P0178,63,71
P0348,63,157
P1027,63,46
P1326,63,36
P1464,63,180
P0630,63,176
P0756,63,151
P1250,63,64
P0014,63,60
P0847,63,95
P0473,63,22
P0768,63,11
P0384,63,27
P0853,63,164
P1785,63,189
P0450,63,6
P1008,63,96
P0362,63,173
P0355,63,103
P0313,63,1
P1835,63,5
P1472,63,185
P0484,63,83
P0591,63,37
P1365,63,91
P1639,63,88
P0973,63,117
P0703,63,136
P0389,63,19
P0989,63,162
P1335,63,67
P0611,63,61
P0948,63,123
P0865,63,153
P1052,63,69
P0910,63,110
P1320,63,7
P1608,63,59
P1328,63,56
P0197,63,30
P1375,63,109
P0181,63,21
P1841,63,53
P0661,63,177
P1147,63,139
P1628,63,118
P1258,63,102
P1844,63,12
P0117,63,74
P0292,63,133
P0438,63,14
P0502,63,107
P0175,63,132
P0820,63,51
P1013,63,169
P1534,63,17
P0708,63,15
P0105,63,121
P1577,63,108
P1425,63,62
P0115,63,66
P0120,63,2
P0613,63,29
P1589,63,9
P0566,63,68
P1154,63,135
P0740,63,187
P0680,63,101
P0361,63,134
P0711,63,145
P0055,63,92
P0255,63,174
P1656,63,122
P1372,63,10
P1940,63,116
P0789,63,31
P1001,63,111
P1610,63,197
P0974,63,18
P0309,63,192
P0173,63,155
P0314,63,183
P0737,63,147
P0371,63,141
P0538,63,106
P1357,63,191
P0542,63,97
P1014,63,170
P0296,63,113
P0881,63,73
P0833,63,86
P0980,63,186
P1695,63,129
P1570,63,167
P1337,63,45
P1316,63,77
P1422,63,152
P1252,63,25
P0909,63,70
P0210,63,200
P1291,63,98
P0464,63,43
P0343,63,194
P0714,63,146
P1047,63,112
P0634,63,33
P1595,63,81
P1823,63,144
P0814,63,80
P1179,63,99
P1366,63,100
P1088,63,23
P0532,63,89
P0610,63,49
P0123,63,34
P1015,63,171
P0379,63,39
P1596,63,115
P1657,63,52
P0068,63,26
P1278,63,79
P0097,63,196
P0854,63,175
P1314,63,193
P0319,63,199
P1012,63,137
P0807,63,158
P0337,63,161
P1654,63,188
P0374,63,3
P1024,63,138
P0744,63,127
P0743,63,140
P0305,63,105
P1019,63,168
P0163,63,148
P0797,63,28
P0808,63,54
P1571,63,128
P0707,63,172
P1424,63,156
P1053,63,76
P1156,63,130
P1712,63,35
P1381,63,160
P0415,63,50
P0882,63,125
P0798,63,150
P0739,63,57
P0050,63,178
P1834,63,78
P1779,64,41
P0285,64,11
P1791,64,48
P0943,64,146
P1629,64,68
P1079,64,30
P1382,64,141
P0803,64,17
P1203,64,29
P0106,64,157
P1524,64,138
P1097,64,145
P0165,64,26
P1731,64,120
P0963,64,147
P1431,64,78
P0509,64,53
P0179,64,200
P0570,64,160
P0531,64,36
P0297,64,43
P1467,64,111
P1795,64,180
P1710,64,33
P1022,64,194
P0469,64,28
P1183,64,158
P1363,64,65
P1769,64,60
P0834,64,91
P0536,64,156
P1837,64,85
P1253,64,14
P1140,64,169
P0069,64,47
P0832,64,148
P0856,64,75
P1399,64,182
P0539,64,94
P0849,64,93
P1839,64,152
P0911,64,82
P0248,64,49
P1277,64,96
P1330,64,181
P1638,64,123
P0630,64,144
P0036,64,61
P0981,64,77
P1423,64,151
P0430,64,31
P1512,64,110
P0429,64,2
P0936,64,188
P0567,64,71
P1008,64,153
P1468,64,101
P1856,64,174
P0497,64,155
P1528,64,109
P0355,64,133
P0827,64,90
P0962,64,54
P0404,64,3
P0677,64,135
P1639,64,15
P0463,64,34
P0973,64,37
P1861,64,10
P0565,64,40
P0989,64,118
P1335,64,80
P1618,64,19
P0617,64,150
P0703,64,162
P0639,64,195
P1376,64,134
P1122,64,124
P0736,64,8
P0417,64,73
P1608,64,193
P1453,64,164
P1319,64,39
P0983,64,79
P0753,64,63
P1417,64,104
P1687,64,121
P1465,64,107
P0008,64,131
P1190,64,72
P0514,64,136
P1216,64,38
P0568,64,172
P0783,64,129
P0191,64,112
P1239,64,161
P0563,64,16
P1768,64,52
P1034,64,69
P1636,64,27
P1609,64,20
P1425,64,177
P0967,64,57
P1117,64,132
P0257,64,167
P1589,64,143
P1384,64,149
P0746,64,199
P0922,64,70
P0203,64,25
P0711,64,115
P1144,64,7
P1368,64,116
P1351,64,126
P1940,64,66
P1275,64,191
P0920,64,119
P1131,64,45
P1810,64,127
P0851,64,178
P0322,64,67
P0556,64,51
P0145,64,83
P0367,64,50
P0449,64,196
P0994,64,5
P0737,64,114
P0371,64,87
P0574,64,23
P1645,64,74
P1255,64,165
P1479,64,9
P0124,64,59
P0515,64,6
P1257,64,102
P1096,64,122
P1750,64,58
P0061,64,170
P0773,64,186
P0454,64,192
P0909,64,4
P0944,64,18
P1827,64,89
P1466,64,97
P0643,64,128
P1321,64,154
P1009,64,117
P0646,64,190
P1595,64,21
P1251,64,175
P1254,64,1
P1823,64,139
P1366,64,179
P0908,64,22
P0863,64,32
P1606,64,159
P0929,64,197
P0532,64,56
P0610,64,98
P0125,64,88
P1633,64,62
P0779,64,176
P0938,64,184
P0615,64,84
P0095,64,198
P1314,64,189
P1343,64,166
P1404,64,173
P0357,64,46
P1520,64,142
P0318,64,42
P0807,64,76
P0612,64,64
P1654,64,95
P1510,64,103
P0744,64,13
P1757,64,55
P1143,64,24
P1496,64,168
P0927,64,140
P0815,64,171
P1490,64,106
P0955,64,183
P0302,64,81
P0363,64,185
P0589,64,163
P0707,64,125
P0777,64,113
P1722,64,99
P1483,64,108
P1395,64,86
P1838,64,92
P1156,64,35
P1373,64,12
P1530,64,105
P1138,64,137
P0798,64,130
P1480,64,100
P1249,64,44
P1834,64,187
P0421,65,121
P1678,65,174
P1552,65,138
P0879,65,35
P1840,65,153
P1885,65,74
P1123,65,94
P1113,65,42
P0771,65,51
P1553,65,60
P0984,65,179
P1400,65,31
P1097,65,41
P1206,65,4
P1555,65,192
P0982,65,191
P1682,65,161
P1403,65,85
P0963,65,128
P0516,65,44
P0060,65,59
P0411,65,49
P0179,65,95
P1801,65,177
P0067,65,72
P1565,65,20
P1637,65,29
P1605,65,185
P0065,65,84
P1795,65,126
P1281,65,188
P0761,65,107
P1766,65,71
P0555,65,86
P0816,65,183
P1363,65,97
P0259,65,26
P1741,65,30
P1794,65,150
P0673,65,110
P0069,65,108
P0052,65,113
P0388,65,148
P0832,65,8
P0856,65,22
P1901,65,127
P1050,65,37
P0880,65,19
P0849,65,133
P1839,65,162
P0824,65,70
P0174,65,54
P0498,65,57
P0719,65,159
P0587,65,25
P0178,65,93
P0019,65,158
P1277,65,32
P0953,65,67
P0630,65,181
P0958,65,184
P1250,65,79
P0446,65,91
P0014,65,173
P1594,65,196
P0429,65,16
P0456,65,66
P1171,65,82
P0038,65,101
P0450,65,152
P1060,65,40
P0362,65,142
P1681,65,96
P1672,65,7
P0665,65,165
P1178,65,189
P1193,65,139
P0156,65,172
P0139,65,83
P1429,65,77
P1364,65,63
P0463,65,140
P0299,65,180
P0565,65,163
P0389,65,143
P0617,65,17
P0989,65,73
P1622,65,123
P1335,65,125
P0212,65,88
P0703,65,168
P0553,65,131
P1122,65,105
P0417,65,81
P1569,65,52
P0865,65,115
P1311,65,199
P0917,65,171
P1374,65,170
P0197,65,134
P1375,65,122
P1807,65,34
P1417,65,144
P0008,65,137
P1783,65,1
P1648,65,69
P1190,65,198
P0001,65,175
P1857,65,5
P1353,65,64
P0250,65,98
P1100,65,111
P1616,65,178
P1336,65,114
P1057,65,27
P0257,65,43
P1384,65,106
P0566,65,58
P0291,65,116
P1219,65,160
P1368,65,124
P1170,65,65
P0167,65,149
P1351,65,38
P0141,65,167
P1940,65,164
P0143,65,190
P0906,65,103
P0443,65,195
P1288,65,53
P0145,65,104
P0449,65,187
P0453,65,176
P1020,65,47
P0538,65,68
P1645,65,23
P1255,65,33
P0296,65,3
P0980,65,194
P1213,65,61
P0823,65,50
P1337,65,156
P1316,65,99
P1185,65,129
P1201,65,145
P1486,65,182
P0643,65,39
P1621,65,112
P0377,65,151
P1878,65,169
P0464,65,197
P1595,65,102
P0795,65,147
P1398,65,21
P0714,65,89
P1823,65,109
P0552,65,36
P1366,65,87
P1660,65,78
P0901,65,28
P0204,65,146
P1272,65,2
P0486,65,56
P0379,65,90
P1802,65,132
P0621,65,135
P1102,65,62
P1404,65,120
P0807,65,15
P0318,65,118
P0337,65,18
P1428,65,155
P1331,65,76
P1332,65,6
P0745,65,14
P1642,65,130
P1194,65,48
P0305,65,10
P0302,65,11
P0163,65,157
P1059,65,46
P1227,65,13
P0540,65,92
P1818,65,9
P1334,65,119
P0024,65,141
P0415,65,45
P0707,65,100
P1483,65,55
P0276,65,80
P1712,65,117
P1373,65,136
P1074,65,193
P0062,65,166
P1530,65,24
P0882,65,12
P1867,65,154
P0436,65,75
P0050,65,186
P0879,66,162
P1885,66,172
P1280,66,163
P1123,66,117
P0106,66,67
P1776,66,73
P1016,66,45
P1097,66,57
P1206,66,152
P0165,66,18
P0049,66,197
P1004,66,138
P1686,66,109
P0002,66,59
P0151,66,66
P1184,66,46
P0297,66,58
P0819,66,8
P1603,66,100
P1605,66,77
P0065,66,169
P1212,66,25
P1795,66,16
P0761,66,47
P1281,66,90
P0799,66,51
P1542,66,114
P0926,66,27
P1363,66,133
P1741,66,151
P0507,66,94
P1769,66,112
P1837,66,76
P1140,66,196
P0555,66,68
P1359,66,188
P1050,66,126
P0849,66,150
P0539,66,33
P1839,66,116
P0713,66,115
P0911,66,124
P0498,66,189
P1077,66,156
P1087,66,15
P1611,66,62
P0014,66,195
P1423,66,106
P1130,66,182
P0430,66,78
P1594,66,184
P0031,66,194
P0936,66,39
P0742,66,89
P1008,66,83
P0362,66,10
P0952,66,166
P1856,66,84
P0588,66,147
P1217,66,121
P1011,66,99
P0404,66,120
P0104,66,74
P1584,66,3
P1429,66,171
P1247,66,140
P0810,66,177
P0565,66,149
P0440,66,40
P0617,66,127
P0973,66,4
P0964,66,193
P0639,66,75
P1376,66,61
P1122,66,97
P0861,66,54
P0949,66,88
P1052,66,190
P1640,66,157
P0418,66,164
P1608,66,95
P1320,66,123
P1103,66,32
P1328,66,173
P0525,66,183
P1319,66,141
P0181,66,143
P1195,66,107
P0885,66,180
P0393,66,159
P1035,66,65
P1147,66,176
P0804,66,191
P1685,66,29
P0800,66,70
P1648,66,13
P0568,66,5
P0563,66,79
P1034,66,34
P1261,66,128
P1609,66,198
P1327,66,80
P1279,66,181
P0805,66,161
P0708,66,19
P0105,66,14
P1425,66,174
P0397,66,105
P1871,66,132
P1248,66,142
P1824,66,185
P1384,66,110
P0680,66,41
P0922,66,131
P0711,66,63
P1406,66,119
P0255,66,165
P0954,66,48
P1036,66,53
P1656,66,144
P0146,66,26
P1940,66,52
P1275,66,122
P0143,66,42
P0789,66,154
P0851,66,168
P0755,66,64
P0556,66,111
P0583,66,179
P1192,66,12
P0272,66,146
P1020,66,44
P0574,66,20
P0372,66,145
P1255,66,136
P0020,66,49
P1096,66,167
P0124,66,93
P0769,66,2
P0606,66,153
P0593,66,160
P1635,66,98
P0428,66,175
P0909,66,1
P0437,66,178
P0705,66,31
P1321,66,135
P1009,66,81
P1789,66,130
P0017,66,192
P0850,66,50
P0050,66,23
P1099,66,22
P1800,66,36
P1179,66,91
P0152,66,7
P0379,66,87
P1015,66,38
P0125,66,28
P0548,66,6
P1272,66,103
P0097,66,104
P1415,66,108
P1102,66,11
P1012,66,72
P0354,66,158
P0244,66,148
P1039,66,86
P0240,66,17
P1243,66,60
P1642,66,9
P0273,66,134
P1490,66,35
P0305,66,24
P0004,66,30
P0669,66,92
P0302,66,21
P1037,66,56
P1221,66,125
P0163,66,118
P1019,66,155
P1273,66,113
P1334,66,101
P1513,66,96
P0295,66,199
P1711,66,71
P0581,66,200
P0589,66,137
P0707,66,37
P1010,66,69
P1395,66,102
P1156,66,43
P1264,66,129
P0544,66,55
P1089,66,186
P1660,66,170
P1043,66,82
P0882,66,85
P1249,66,139
P1834,66,187
P1791,67,185
P0879,67,70
P0380,67,94
P0106,67,10
P1524,67,2
P1016,67,137
P1763,67,54
P0049,67,63
P0381,67,146
P1686,67,52
P1256,67,89
P0717,67,50
P0516,67,74
P0009,67,127
P0411,67,21
P1091,67,72
P0179,67,93
P1138,67,182
P0761,67,108
P1733,67,178
P1668,67,193
P0555,67,104
P0674,67,91
P0926,67,118
P1799,67,179
P0259,67,172
P0536,67,31
P1858,67,90
P0282,67,199
P0069,67,40
P0681,67,75
P0856,67,110
P1050,67,174
P1286,67,62
P1172,67,25
P0398,67,111
P1839,67,5
P0824,67,80
P1054,67,22
P0911,67,115
P0298,67,175
P1277,67,180
P0178,67,51
P1027,67,7
P1817,67,14
P0756,67,27
P0802,67,16
P1250,67,141
P1105,67,44
P0738,67,64
P1130,67,101
P0391,67,196
P0936,67,26
P0937,67,28
P0742,67,173
P1675,67,79
P1856,67,152
P0232,67,41
P1672,67,171
P0827,67,24
P1011,67,128
P0962,67,60
P0404,67,153
P1574,67,169
P1478,67,200
P1364,67,150
P0810,67,83
P0703,67,170
P0352,67,99
P0639,67,30
P1376,67,86
P0425,67,163
P0417,67,17
P0865,67,61
P1052,67,77
P1374,67,87
P1320,67,184
P1269,67,191
P0181,67,42
P1319,67,192
P0983,67,58
P0772,67,32
P1650,67,109
P1786,67,84
P1687,67,116
P0008,67,73
P0800,67,57
P1685,67,149
P1465,67,158
P0605,67,160
P0925,67,187
P0340,67,134
P1358,67,177
P0339,67,117
P1628,67,142
P1276,67,53
P1216,67,3
P0488,67,131
P1034,67,125
P1353,67,39
P1356,67,176
P1425,67,6
P0269,67,106
P0397,67,23
P1248,67,188
P0342,67,194
P1117,67,37
P0566,67,45
P1274,67,76
P0922,67,164
P0924,67,138
P0055,67,155
P1219,67,190
P1406,67,159
P1325,67,13
P0235,67,81
P1940,67,95
P0035,67,78
P0920,67,120
P1131,67,151
P0906,67,8
P1001,67,59
P0556,67,56
P1249,67,189
P0427,67,71
P1020,67,145
P0757,67,198
P0372,67,135
P1357,67,96
P1825,67,85
P0833,67,139
P0124,67,148
P1096,67,102
P0769,67,119
P1434,67,114
P1245,67,11
P0909,67,129
P0944,67,67
P1827,67,69
P1621,67,156
P1321,67,183
P1197,67,34
P1318,67,181
P0130,67,133
P0969,67,98
P0714,67,154
P1287,67,144
P1823,67,55
P1366,67,33
P0532,67,65
P1308,67,123
P1015,67,105
P1272,67,130
P1633,67,157
P1174,67,19
P1802,67,43
P0615,67,107
P0097,67,132
P0624,67,49
P1314,67,186
P0426,67,113
P1012,67,121
P1199,67,126
P0345,67,161
P0496,67,92
P1654,67,100
P1446,67,124
P0166,67,122
P0927,67,147
P1490,67,167
P1167,67,29
P0305,67,166
P1525,67,4
P0302,67,103
P0441,67,47
P0363,67,36
P1059,67,136
P0747,67,20
P0500,67,165
P0752,67,18
P1432,67,97
P0549,67,143
P1571,67,88
P1703,67,195
P0275,67,35
P1689,67,46
P0211,67,168
P1339,67,68
P0707,67,48
P1373,67,197
P1381,67,38
P1263,67,15
P0338,67,112
P0415,67,12
P1778,67,9
P1365,67,82
P0988,67,66
P1523,67,1
P1058,67,162
P0050,67,140
P0879,68,149
P0943,68,142
P1280,68,85
P1382,68,19
P1788,68,8
P1113,68,69
P1079,68,200
P0550,68,138
P1056,68,93
P1203,68,92
P0106,68,82
P1315,68,35
P1097,68,192
P0165,68,199
P1112,68,154
P1700,68,148
P0434,68,136
P0411,68,105
P1344,68,193
P1091,68,187
P0067,68,3
P1699,68,156
P0531,68,169
P0365,68,24
P0817,68,190
P1313,68,118
P0065,68,76
P1281,68,80
P1282,68,100
P1157,68,159
P1363,68,66
P1055,68,162
P0840,68,36
P1253,68,131
P1794,68,32
P1187,68,102
P1352,68,141
P0856,68,137
P0364,68,150
P0880,68,106
P0849,68,40
P1286,68,147
P0194,68,186
P0713,68,55
P1054,68,81
P0875,68,38
P0911,68,185
P1277,68,10
P1267,68,116
P0981,68,197
P1833,68,53
P1105,68,166
P0701,68,34
P1124,68,126
P0312,68,160
P0765,68,68
P1155,68,26
P0764,68,74
P0936,68,181
P0853,68,27
P0945,68,71
P0362,68,1
P0209,68,83
P1317,68,168
P1011,68,172
P0962,68,7
P0404,68,47
P0950,68,124
P1189,68,99
P1346,68,171
P0878,68,72
P1242,68,77
P1044,68,189
P0728,68,29
P1728,68,18
P1361,68,12
P1017,68,48
P0684,68,65
P0948,68,110
P1176,68,153
P0949,68,56
P1374,68,178
P0910,68,173
P1235,68,123
P1310,68,96
P1045,68,177
P0791,68,79
P0842,68,75
P0888,68,155
P1685,68,95
P0640,68,119
P0412,68,158
P1276,68,16
P0788,68,97
P1312,68,22
P0076,68,60
P0191,68,165
P0675,68,14
P0189,68,15
P1327,68,5
P1609,68,2
P0941,68,111
P1224,68,144
P1356,68,103
P0708,68,132
P0947,68,87
P1100,68,134
P1248,68,167
P0852,68,86
P1111,68,146
P1214,68,125
P1384,68,21
P1271,68,143
P1708,68,78
P0063,68,62
P1154,68,145
P0710,68,45
P0740,68,9
P0922,68,184
P0078,68,43
P0077,68,73
P1351,68,89
P0167,68,194
P0141,68,198
P1940,68,11
P0053,68,64
P0920,68,195
P0790,68,163
P0874,68,117
P1223,68,94
P1288,68,107
P1266,68,50
P1591,68,188
P0251,68,109
P0757,68,112
P1020,68,57
P1046,68,180
P0414,68,84
P1645,68,49
P1255,68,174
P0881,68,51
P1354,68,44
P1362,68,91
P1257,68,152
P1213,68,31
P1096,68,164
P0769,68,98
P0678,68,13
P1316,68,120
P0252,68,101
P1201,68,114
P0944,68,4
P0457,68,42
P1251,68,52
P1099,68,196
P1254,68,25
P1588,68,170
P0785,68,59
P1006,68,30
P1308,68,63
P1657,68,17
P0548,68,20
P0379,68,61
P1018,68,128
P0311,68,46
P0938,68,191
P0097,68,139
P0854,68,151
P1343,68,176
P0307,68,129
P1102,68,70
P1740,68,41
P1314,68,179
P1709,68,161
P1199,68,108
P0374,68,135
P1331,68,6
P1757,68,39
P1233,68,67
P0305,68,23
P0302,68,28
P0709,68,54
P1302,68,33
P0857,68,157
P1571,68,113
P1409,68,127
P1711,68,140
P1231,68,104
P1488,68,175
P0211,68,90
P0707,68,133
P0399,68,58
P0787,68,122
P0044,68,182
P1264,68,88
P1263,68,115
P0415,68,121
P0798,68,37
P1090,68,183
P1834,68,130
